     #Energy           s          py          pz          px         dxy         dyz         dz2         dxz         dx2       fy3x2        fxyz        fyz2         fz3        fxz2        fzx2         fx3       tot  
   -52.29110     0.00000     0.00000     0.00000     0.00000     0.00000     0.00000     0.00000     0.00000     0.00000     0.00000     0.00000     0.00000     0.00000     0.00000     0.00000     0.00000     0.00000
   -52.24910     0.00000     0.00000     0.00000     0.00000     0.00000     0.00000     0.00000     0.00000     0.00000     0.00000     0.00000     0.00000     0.00000     0.00000     0.00000     0.00000     0.00000
   -52.20610     0.00000     0.00000     0.00000     0.00000     0.00000     0.00000     0.00000     0.00000     0.00000     0.00000     0.00000     0.00000     0.00000     0.00000     0.00000     0.00000     0.00000
   -52.16310     0.00000     0.00000     0.00000     0.00000     0.00000     0.00000     0.00000     0.00000     0.00000     0.00000     0.00000     0.00000     0.00000     0.00000     0.00000     0.00000     0.00000
   -52.12110     0.00000     0.00000     0.00000     0.00000     0.00000     0.00000     0.00000     0.00000     0.00000     0.00000     0.00000     0.00000     0.00000     0.00000     0.00000     0.00000     0.00000
   -52.07810     0.00000     0.00000     0.00000     0.00000     0.00000     0.00000     0.00000     0.00000     0.00000     0.00000     0.00000     0.00000     0.00000     0.00000     0.00000     0.00000     0.00000
   -52.03510     0.00000     0.00000     0.00000     0.00000     0.00000     0.00000     0.00000     0.00000     0.00000     0.00000     0.00000     0.00000     0.00000     0.00000     0.00000     0.00000     0.00000
   -51.99310     0.00000     0.00000     0.00000     0.00000     0.00000     0.00000     0.00000     0.00000     0.00000     0.00000     0.00000     0.00000     0.00000     0.00000     0.00000     0.00000     0.00000
   -51.95010     0.00000     0.00000     0.00000     0.00000     0.00000     0.00000     0.00000     0.00000     0.00000     0.00000     0.00000     0.00000     0.00000     0.00000     0.00000     0.00000     0.00000
   -51.90710     0.00000     0.00000     0.00000     0.00000     0.00000     0.00000     0.00000     0.00000     0.00000     0.00000     0.00000     0.00000     0.00000     0.00000     0.00000     0.00000     0.00000
   -51.86510     0.00000     0.00000     0.00000     0.00000     0.00000     0.00000     0.00000     0.00000     0.00000     0.00000     0.00000     0.00000     0.00000     0.00000     0.00000     0.00000     0.00000
   -51.82210     0.00000     0.00000     0.00000     0.00000     0.00000     0.00000     0.00000     0.00000     0.00000     0.00000     0.00000     0.00000     0.00000     0.00000     0.00000     0.00000     0.00000
   -51.77910     0.00000     0.00000     0.00000     0.00000     0.00000     0.00000     0.00000     0.00000     0.00000     0.00000     0.00000     0.00000     0.00000     0.00000     0.00000     0.00000     0.00000
   -51.73710     0.00000     0.00000     0.00000     0.00000     0.00000     0.00000     0.00000     0.00000     0.00000     0.00000     0.00000     0.00000     0.00000     0.00000     0.00000     0.00000     0.00000
   -51.69410     0.00000     0.00000     0.00000     0.00000     0.00000     0.00000     0.00000     0.00000     0.00000     0.00000     0.00000     0.00000     0.00000     0.00000     0.00000     0.00000     0.00000
   -51.65110     0.00000     0.00000     0.00000     0.00000     0.00000     0.00000     0.00000     0.00000     0.00000     0.00000     0.00000     0.00000     0.00000     0.00000     0.00000     0.00000     0.00000
   -51.60910     0.00000     0.00000     0.00000     0.00000     0.00000     0.00000     0.00000     0.00000     0.00000     0.00000     0.00000     0.00000     0.00000     0.00000     0.00000     0.00000     0.00000
   -51.56610     0.00000     0.00000     0.00000     0.00000     0.00000     0.00000     0.00000     0.00000     0.00000     0.00000     0.00000     0.00000     0.00000     0.00000     0.00000     0.00000     0.00000
   -51.52310     0.00000     0.00000     0.00000     0.00000     0.00000     0.00000     0.00000     0.00000     0.00000     0.00000     0.00000     0.00000     0.00000     0.00000     0.00000     0.00000     0.00000
   -51.48110     0.00000     0.00000     0.00000     0.00000     0.00000     0.00000     0.00000     0.00000     0.00000     0.00000     0.00000     0.00000     0.00000     0.00000     0.00000     0.00000     0.00000
   -51.43810     0.00000     0.00000     0.00000     0.00000     0.00000     0.00000     0.00000     0.00000     0.00000     0.00000     0.00000     0.00000     0.00000     0.00000     0.00000     0.00000     0.00000
   -51.39510     0.00000     0.00000     0.00000     0.00000     0.00000     0.00000     0.00000     0.00000     0.00000     0.00000     0.00000     0.00000     0.00000     0.00000     0.00000     0.00000     0.00000
   -51.35310     0.00000     0.00000     0.00000     0.00000     0.00000     0.00000     0.00000     0.00000     0.00000     0.00000     0.00000     0.00000     0.00000     0.00000     0.00000     0.00000     0.00000
   -51.31010     0.00000     0.00000     0.00000     0.00000     0.00000     0.00000     0.00000     0.00000     0.00000     0.00000     0.00000     0.00000     0.00000     0.00000     0.00000     0.00000     0.00000
   -51.26710     0.00000     0.00000     0.00000     0.00000     0.00000     0.00000     0.00000     0.00000     0.00000     0.00000     0.00000     0.00000     0.00000     0.00000     0.00000     0.00000     0.00000
   -51.22510     0.00000     0.00000     0.00000     0.00000     0.00000     0.00000     0.00000     0.00000     0.00000     0.00000     0.00000     0.00000     0.00000     0.00000     0.00000     0.00000     0.00000
   -51.18210     0.00000     0.00000     0.00000     0.00000     0.00000     0.00000     0.00000     0.00000     0.00000     0.00000     0.00000     0.00000     0.00000     0.00000     0.00000     0.00000     0.00000
   -51.13910     0.00000     0.00000     0.00000     0.00000     0.00000     0.00000     0.00000     0.00000     0.00000     0.00000     0.00000     0.00000     0.00000     0.00000     0.00000     0.00000     0.00000
   -51.09710     0.00000     0.00000     0.00000     0.00000     0.00000     0.00000     0.00000     0.00000     0.00000     0.00000     0.00000     0.00000     0.00000     0.00000     0.00000     0.00000     0.00000
   -51.05410     0.00000     0.00000     0.00000     0.00000     0.00000     0.00000     0.00000     0.00000     0.00000     0.00000     0.00000     0.00000     0.00000     0.00000     0.00000     0.00000     0.00000
   -51.01110     0.00000     0.00000     0.00000     0.00000     0.00000     0.00000     0.00000     0.00000     0.00000     0.00000     0.00000     0.00000     0.00000     0.00000     0.00000     0.00000     0.00000
   -50.96910     0.00000     0.00000     0.00000     0.00000     0.00000     0.00000     0.00000     0.00000     0.00000     0.00000     0.00000     0.00000     0.00000     0.00000     0.00000     0.00000     0.00000
   -50.92610     0.00000     0.00000     0.00000     0.00000     0.00000     0.00000     0.00000     0.00000     0.00000     0.00000     0.00000     0.00000     0.00000     0.00000     0.00000     0.00000     0.00000
   -50.88310     0.00000     0.00000     0.00000     0.00000     0.00000     0.00000     0.00000     0.00000     0.00000     0.00000     0.00000     0.00000     0.00000     0.00000     0.00000     0.00000     0.00000
   -50.84110     0.00000     0.00000     0.00000     0.00000     0.00000     0.00000     0.00000     0.00000     0.00000     0.00000     0.00000     0.00000     0.00000     0.00000     0.00000     0.00000     0.00000
   -50.79810     0.00000     0.00000     0.00000     0.00000     0.00000     0.00000     0.00000     0.00000     0.00000     0.00000     0.00000     0.00000     0.00000     0.00000     0.00000     0.00000     0.00000
   -50.75510     0.00000     0.00000     0.00000     0.00000     0.00000     0.00000     0.00000     0.00000     0.00000     0.00000     0.00000     0.00000     0.00000     0.00000     0.00000     0.00000     0.00000
   -50.71310     0.00000     0.00000     0.00000     0.00000     0.00000     0.00000     0.00000     0.00000     0.00000     0.00000     0.00000     0.00000     0.00000     0.00000     0.00000     0.00000     0.00000
   -50.67010     0.00000     0.00000     0.00000     0.00000     0.00000     0.00000     0.00000     0.00000     0.00000     0.00000     0.00000     0.00000     0.00000     0.00000     0.00000     0.00000     0.00000
   -50.62710     0.00000     0.00000     0.00000     0.00000     0.00000     0.00000     0.00000     0.00000     0.00000     0.00000     0.00000     0.00000     0.00000     0.00000     0.00000     0.00000     0.00000
   -50.58510     0.00000     0.00000     0.00000     0.00000     0.00000     0.00000     0.00000     0.00000     0.00000     0.00000     0.00000     0.00000     0.00000     0.00000     0.00000     0.00000     0.00000
   -50.54210     0.00000     0.00000     0.00000     0.00000     0.00000     0.00000     0.00000     0.00000     0.00000     0.00000     0.00000     0.00000     0.00000     0.00000     0.00000     0.00000     0.00000
   -50.49910     0.00000     0.00000     0.00000     0.00000     0.00000     0.00000     0.00000     0.00000     0.00000     0.00000     0.00000     0.00000     0.00000     0.00000     0.00000     0.00000     0.00000
   -50.45710     0.00000     0.00000     0.00000     0.00000     0.00000     0.00000     0.00000     0.00000     0.00000     0.00000     0.00000     0.00000     0.00000     0.00000     0.00000     0.00000     0.00000
   -50.41410     0.00000     0.00000     0.00000     0.00000     0.00000     0.00000     0.00000     0.00000     0.00000     0.00000     0.00000     0.00000     0.00000     0.00000     0.00000     0.00000     0.00000
   -50.37110     0.00000     0.00000     0.00000     0.00000     0.00000     0.00000     0.00000     0.00000     0.00000     0.00000     0.00000     0.00000     0.00000     0.00000     0.00000     0.00000     0.00000
   -50.32910     0.00000     0.00000     0.00000     0.00000     0.00000     0.00000     0.00000     0.00000     0.00000     0.00000     0.00000     0.00000     0.00000     0.00000     0.00000     0.00000     0.00000
   -50.28610     0.00000     0.00000     0.00000     0.00000     0.00000     0.00000     0.00000     0.00000     0.00000     0.00000     0.00000     0.00000     0.00000     0.00000     0.00000     0.00000     0.00000
   -50.24310     0.00000     0.00000     0.00000     0.00000     0.00000     0.00000     0.00000     0.00000     0.00000     0.00000     0.00000     0.00000     0.00000     0.00000     0.00000     0.00000     0.00000
   -50.20110     0.00000     0.00000     0.00000     0.00000     0.00000     0.00000     0.00000     0.00000     0.00000     0.00000     0.00000     0.00000     0.00000     0.00000     0.00000     0.00000     0.00000
   -50.15810     0.00000     0.00000     0.00000     0.00000     0.00000     0.00000     0.00000     0.00000     0.00000     0.00000     0.00000     0.00000     0.00000     0.00000     0.00000     0.00000     0.00000
   -50.11510     0.00000     0.00000     0.00000     0.00000     0.00000     0.00000     0.00000     0.00000     0.00000     0.00000     0.00000     0.00000     0.00000     0.00000     0.00000     0.00000     0.00000
   -50.07310     0.00000     0.00000     0.00000     0.00000     0.00000     0.00000     0.00000     0.00000     0.00000     0.00000     0.00000     0.00000     0.00000     0.00000     0.00000     0.00000     0.00000
   -50.03010     0.00000     0.00000     0.00000     0.00000     0.00000     0.00000     0.00000     0.00000     0.00000     0.00000     0.00000     0.00000     0.00000     0.00000     0.00000     0.00000     0.00000
   -49.98710     0.00000     0.00000     0.00000     0.00000     0.00000     0.00000     0.00000     0.00000     0.00000     0.00000     0.00000     0.00000     0.00000     0.00000     0.00000     0.00000     0.00000
   -49.94510     0.00000     0.00000     0.00000     0.00000     0.00000     0.00000     0.00000     0.00000     0.00000     0.00000     0.00000     0.00000     0.00000     0.00000     0.00000     0.00000     0.00000
   -49.90210     0.00000     0.00000     0.00000     0.00000     0.00000     0.00000     0.00000     0.00000     0.00000     0.00000     0.00000     0.00000     0.00000     0.00000     0.00000     0.00000     0.00000
   -49.85910     0.00000     0.00000     0.00000     0.00000     0.00000     0.00000     0.00000     0.00000     0.00000     0.00000     0.00000     0.00000     0.00000     0.00000     0.00000     0.00000     0.00000
   -49.81710     0.00000     0.00000     0.00000     0.00000     0.00000     0.00000     0.00000     0.00000     0.00000     0.00000     0.00000     0.00000     0.00000     0.00000     0.00000     0.00000     0.00000
   -49.77410     0.00000     0.00000     0.00000     0.00000     0.00000     0.00000     0.00000     0.00000     0.00000     0.00000     0.00000     0.00000     0.00000     0.00000     0.00000     0.00000     0.00000
   -49.73110     0.00000     0.00000     0.00000     0.00000     0.00000     0.00000     0.00000     0.00000     0.00000     0.00000     0.00000     0.00000     0.00000     0.00000     0.00000     0.00000     0.00000
   -49.68910     0.00000     0.00000     0.00000     0.00000     0.00000     0.00000     0.00000     0.00000     0.00000     0.00000     0.00000     0.00000     0.00000     0.00000     0.00000     0.00000     0.00000
   -49.64610     0.00000     0.00000     0.00000     0.00000     0.00000     0.00000     0.00000     0.00000     0.00000     0.00000     0.00000     0.00000     0.00000     0.00000     0.00000     0.00000     0.00000
   -49.60310     0.00000     0.00000     0.00000     0.00000     0.00000     0.00000     0.00000     0.00000     0.00000     0.00000     0.00000     0.00000     0.00000     0.00000     0.00000     0.00000     0.00000
   -49.56110     0.00000     0.00000     0.00000     0.00000     0.00000     0.00000     0.00000     0.00000     0.00000     0.00000     0.00000     0.00000     0.00000     0.00000     0.00000     0.00000     0.00000
   -49.51810     0.00000     0.00000     0.00000     0.00000     0.00000     0.00000     0.00000     0.00000     0.00000     0.00000     0.00000     0.00000     0.00000     0.00000     0.00000     0.00000     0.00000
   -49.47510     0.00000     0.00000     0.00000     0.00000     0.00000     0.00000     0.00000     0.00000     0.00000     0.00000     0.00000     0.00000     0.00000     0.00000     0.00000     0.00000     0.00000
   -49.43310     0.00000     0.00000     0.00000     0.00000     0.00000     0.00000     0.00000     0.00000     0.00000     0.00000     0.00000     0.00000     0.00000     0.00000     0.00000     0.00000     0.00000
   -49.39010     0.00000     0.00000     0.00000     0.00000     0.00000     0.00000     0.00000     0.00000     0.00000     0.00000     0.00000     0.00000     0.00000     0.00000     0.00000     0.00000     0.00000
   -49.34710     0.00000     0.00000     0.00000     0.00000     0.00000     0.00000     0.00000     0.00000     0.00000     0.00000     0.00000     0.00000     0.00000     0.00000     0.00000     0.00000     0.00000
   -49.30510     0.00000     0.00000     0.00000     0.00000     0.00000     0.00000     0.00000     0.00000     0.00000     0.00000     0.00000     0.00000     0.00000     0.00000     0.00000     0.00000     0.00000
   -49.26210     0.00000     0.00000     0.00000     0.00000     0.00000     0.00000     0.00000     0.00000     0.00000     0.00000     0.00000     0.00000     0.00000     0.00000     0.00000     0.00000     0.00000
   -49.21910     0.00000     0.00000     0.00000     0.00000     0.00000     0.00000     0.00000     0.00000     0.00000     0.00000     0.00000     0.00000     0.00000     0.00000     0.00000     0.00000     0.00000
   -49.17710     0.00000     0.00000     0.00000     0.00000     0.00000     0.00000     0.00000     0.00000     0.00000     0.00000     0.00000     0.00000     0.00000     0.00000     0.00000     0.00000     0.00000
   -49.13410     0.00000     0.00000     0.00000     0.00000     0.00000     0.00000     0.00000     0.00000     0.00000     0.00000     0.00000     0.00000     0.00000     0.00000     0.00000     0.00000     0.00000
   -49.09110     0.00000     0.00000     0.00000     0.00000     0.00000     0.00000     0.00000     0.00000     0.00000     0.00000     0.00000     0.00000     0.00000     0.00000     0.00000     0.00000     0.00000
   -49.04910     0.00000     0.00000     0.00000     0.00000     0.00000     0.00000     0.00000     0.00000     0.00000     0.00000     0.00000     0.00000     0.00000     0.00000     0.00000     0.00000     0.00000
   -49.00610     0.00000     0.00000     0.00000     0.00000     0.00000     0.00000     0.00000     0.00000     0.00000     0.00000     0.00000     0.00000     0.00000     0.00000     0.00000     0.00000     0.00000
   -48.96310     0.00000     0.00000     0.00000     0.00000     0.00000     0.00000     0.00000     0.00000     0.00000     0.00000     0.00000     0.00000     0.00000     0.00000     0.00000     0.00000     0.00000
   -48.92110     0.00000     0.00000     0.00000     0.00000     0.00000     0.00000     0.00000     0.00000     0.00000     0.00000     0.00000     0.00000     0.00000     0.00000     0.00000     0.00000     0.00000
   -48.87810     0.00000     0.00000     0.00000     0.00000     0.00000     0.00000     0.00000     0.00000     0.00000     0.00000     0.00000     0.00000     0.00000     0.00000     0.00000     0.00000     0.00000
   -48.83510     0.00000     0.00000     0.00000     0.00000     0.00000     0.00000     0.00000     0.00000     0.00000     0.00000     0.00000     0.00000     0.00000     0.00000     0.00000     0.00000     0.00000
   -48.79310     0.00000     0.00000     0.00000     0.00000     0.00000     0.00000     0.00000     0.00000     0.00000     0.00000     0.00000     0.00000     0.00000     0.00000     0.00000     0.00000     0.00000
   -48.75010     0.00000     0.00000     0.00000     0.00000     0.00000     0.00000     0.00000     0.00000     0.00000     0.00000     0.00000     0.00000     0.00000     0.00000     0.00000     0.00000     0.00000
   -48.70710     0.00000     0.00000     0.00000     0.00000     0.00000     0.00000     0.00000     0.00000     0.00000     0.00000     0.00000     0.00000     0.00000     0.00000     0.00000     0.00000     0.00000
   -48.66510     0.00000     0.00000     0.00000     0.00000     0.00000     0.00000     0.00000     0.00000     0.00000     0.00000     0.00000     0.00000     0.00000     0.00000     0.00000     0.00000     0.00000
   -48.62210     0.00000     0.00000     0.00000     0.00000     0.00000     0.00000     0.00000     0.00000     0.00000     0.00000     0.00000     0.00000     0.00000     0.00000     0.00000     0.00000     0.00000
   -48.57910     0.00000     0.00000     0.00000     0.00000     0.00000     0.00000     0.00000     0.00000     0.00000     0.00000     0.00000     0.00000     0.00000     0.00000     0.00000     0.00000     0.00000
   -48.53710     0.00000     0.00000     0.00000     0.00000     0.00000     0.00000     0.00000     0.00000     0.00000     0.00000     0.00000     0.00000     0.00000     0.00000     0.00000     0.00000     0.00000
   -48.49410     0.00000     0.00000     0.00000     0.00000     0.00000     0.00000     0.00000     0.00000     0.00000     0.00000     0.00000     0.00000     0.00000     0.00000     0.00000     0.00000     0.00000
   -48.45110     0.00000     0.00000     0.00000     0.00000     0.00000     0.00000     0.00000     0.00000     0.00000     0.00000     0.00000     0.00000     0.00000     0.00000     0.00000     0.00000     0.00000
   -48.40910     0.00000     0.00000     0.00000     0.00000     0.00000     0.00000     0.00000     0.00000     0.00000     0.00000     0.00000     0.00000     0.00000     0.00000     0.00000     0.00000     0.00000
   -48.36610     0.00000     0.00000     0.00000     0.00000     0.00000     0.00000     0.00000     0.00000     0.00000     0.00000     0.00000     0.00000     0.00000     0.00000     0.00000     0.00000     0.00000
   -48.32310     0.00000     0.00000     0.00000     0.00000     0.00000     0.00000     0.00000     0.00000     0.00000     0.00000     0.00000     0.00000     0.00000     0.00000     0.00000     0.00000     0.00000
   -48.28110     0.00000     0.00000     0.00000     0.00000     0.00000     0.00000     0.00000     0.00000     0.00000     0.00000     0.00000     0.00000     0.00000     0.00000     0.00000     0.00000     0.00000
   -48.23810     0.00000     0.00000     0.00000     0.00000     0.00000     0.00000     0.00000     0.00000     0.00000     0.00000     0.00000     0.00000     0.00000     0.00000     0.00000     0.00000     0.00000
   -48.19510     0.00000     0.00000     0.00000     0.00000     0.00000     0.00000     0.00000     0.00000     0.00000     0.00000     0.00000     0.00000     0.00000     0.00000     0.00000     0.00000     0.00000
   -48.15310     0.00000     0.00000     0.00000     0.00000     0.00000     0.00000     0.00000     0.00000     0.00000     0.00000     0.00000     0.00000     0.00000     0.00000     0.00000     0.00000     0.00000
   -48.11010     0.00000     0.00000     0.00000     0.00000     0.00000     0.00000     0.00000     0.00000     0.00000     0.00000     0.00000     0.00000     0.00000     0.00000     0.00000     0.00000     0.00000
   -48.06710     0.00000     0.00000     0.00000     0.00000     0.00000     0.00000     0.00000     0.00000     0.00000     0.00000     0.00000     0.00000     0.00000     0.00000     0.00000     0.00000     0.00000
   -48.02510     0.00000     0.00000     0.00000     0.00000     0.00000     0.00000     0.00000     0.00000     0.00000     0.00000     0.00000     0.00000     0.00000     0.00000     0.00000     0.00000     0.00000
   -47.98210     0.00000     0.00000     0.00000     0.00000     0.00000     0.00000     0.00000     0.00000     0.00000     0.00000     0.00000     0.00000     0.00000     0.00000     0.00000     0.00000     0.00000
   -47.93910     0.00000     0.00000     0.00000     0.00000     0.00000     0.00000     0.00000     0.00000     0.00000     0.00000     0.00000     0.00000     0.00000     0.00000     0.00000     0.00000     0.00000
   -47.89710     0.00000     0.00000     0.00000     0.00000     0.00000     0.00000     0.00000     0.00000     0.00000     0.00000     0.00000     0.00000     0.00000     0.00000     0.00000     0.00000     0.00000
   -47.85410     0.00000     0.00000     0.00000     0.00000     0.00000     0.00000     0.00000     0.00000     0.00000     0.00000     0.00000     0.00000     0.00000     0.00000     0.00000     0.00000     0.00000
   -47.81110     0.00000     0.00000     0.00000     0.00000     0.00000     0.00000     0.00000     0.00000     0.00000     0.00000     0.00000     0.00000     0.00000     0.00000     0.00000     0.00000     0.00000
   -47.76910     0.00000     0.00000     0.00000     0.00000     0.00000     0.00000     0.00000     0.00000     0.00000     0.00000     0.00000     0.00000     0.00000     0.00000     0.00000     0.00000     0.00000
   -47.72610     0.00000     0.00000     0.00000     0.00000     0.00000     0.00000     0.00000     0.00000     0.00000     0.00000     0.00000     0.00000     0.00000     0.00000     0.00000     0.00000     0.00000
   -47.68310     0.00000     0.00000     0.00000     0.00000     0.00000     0.00000     0.00000     0.00000     0.00000     0.00000     0.00000     0.00000     0.00000     0.00000     0.00000     0.00000     0.00000
   -47.64110     0.00000     0.00000     0.00000     0.00000     0.00000     0.00000     0.00000     0.00000     0.00000     0.00000     0.00000     0.00000     0.00000     0.00000     0.00000     0.00000     0.00000
   -47.59810     0.00000     0.00000     0.00000     0.00000     0.00000     0.00000     0.00000     0.00000     0.00000     0.00000     0.00000     0.00000     0.00000     0.00000     0.00000     0.00000     0.00000
   -47.55510     0.00000     0.00000     0.00000     0.00000     0.00000     0.00000     0.00000     0.00000     0.00000     0.00000     0.00000     0.00000     0.00000     0.00000     0.00000     0.00000     0.00000
   -47.51310     0.00000     0.00000     0.00000     0.00000     0.00000     0.00000     0.00000     0.00000     0.00000     0.00000     0.00000     0.00000     0.00000     0.00000     0.00000     0.00000     0.00000
   -47.47010     0.00000     0.00000     0.00000     0.00000     0.00000     0.00000     0.00000     0.00000     0.00000     0.00000     0.00000     0.00000     0.00000     0.00000     0.00000     0.00000     0.00000
   -47.42710     0.00000     0.00000     0.00000     0.00000     0.00000     0.00000     0.00000     0.00000     0.00000     0.00000     0.00000     0.00000     0.00000     0.00000     0.00000     0.00000     0.00000
   -47.38510     0.00000     0.00000     0.00000     0.00000     0.00000     0.00000     0.00000     0.00000     0.00000     0.00000     0.00000     0.00000     0.00000     0.00000     0.00000     0.00000     0.00000
   -47.34210     0.00000     0.00000     0.00000     0.00000     0.00000     0.00000     0.00000     0.00000     0.00000     0.00000     0.00000     0.00000     0.00000     0.00000     0.00000     0.00000     0.00000
   -47.29910     0.00000     0.00000     0.00000     0.00000     0.00000     0.00000     0.00000     0.00000     0.00000     0.00000     0.00000     0.00000     0.00000     0.00000     0.00000     0.00000     0.00000
   -47.25710     0.00000     0.00000     0.00000     0.00000     0.00000     0.00000     0.00000     0.00000     0.00000     0.00000     0.00000     0.00000     0.00000     0.00000     0.00000     0.00000     0.00000
   -47.21410     0.00000     0.00000     0.00000     0.00000     0.00000     0.00000     0.00000     0.00000     0.00000     0.00000     0.00000     0.00000     0.00000     0.00000     0.00000     0.00000     0.00000
   -47.17110     0.00000     0.00000     0.00000     0.00000     0.00000     0.00000     0.00000     0.00000     0.00000     0.00000     0.00000     0.00000     0.00000     0.00000     0.00000     0.00000     0.00000
   -47.12910     0.00000     0.00000     0.00000     0.00000     0.00000     0.00000     0.00000     0.00000     0.00000     0.00000     0.00000     0.00000     0.00000     0.00000     0.00000     0.00000     0.00000
   -47.08610     0.00000     0.00000     0.00000     0.00000     0.00000     0.00000     0.00000     0.00000     0.00000     0.00000     0.00000     0.00000     0.00000     0.00000     0.00000     0.00000     0.00000
   -47.04310     0.00000     0.00000     0.00000     0.00000     0.00000     0.00000     0.00000     0.00000     0.00000     0.00000     0.00000     0.00000     0.00000     0.00000     0.00000     0.00000     0.00000
   -47.00110     0.00000     0.00000     0.00000     0.00000     0.00000     0.00000     0.00000     0.00000     0.00000     0.00000     0.00000     0.00000     0.00000     0.00000     0.00000     0.00000     0.00000
   -46.95810     0.00000     0.00000     0.00000     0.00000     0.00000     0.00000     0.00000     0.00000     0.00000     0.00000     0.00000     0.00000     0.00000     0.00000     0.00000     0.00000     0.00000
   -46.91510     0.00000     0.00000     0.00000     0.00000     0.00000     0.00000     0.00000     0.00000     0.00000     0.00000     0.00000     0.00000     0.00000     0.00000     0.00000     0.00000     0.00000
   -46.87310     0.00000     0.00000     0.00000     0.00000     0.00000     0.00000     0.00000     0.00000     0.00000     0.00000     0.00000     0.00000     0.00000     0.00000     0.00000     0.00000     0.00000
   -46.83010     0.00000     0.00000     0.00000     0.00000     0.00000     0.00000     0.00000     0.00000     0.00000     0.00000     0.00000     0.00000     0.00000     0.00000     0.00000     0.00000     0.00000
   -46.78710     0.00000     0.00000     0.00000     0.00000     0.00000     0.00000     0.00000     0.00000     0.00000     0.00000     0.00000     0.00000     0.00000     0.00000     0.00000     0.00000     0.00000
   -46.74510     0.00000     0.00000     0.00000     0.00000     0.00000     0.00000     0.00000     0.00000     0.00000     0.00000     0.00000     0.00000     0.00000     0.00000     0.00000     0.00000     0.00000
   -46.70210     0.00000     0.00000     0.00000     0.00000     0.00000     0.00000     0.00000     0.00000     0.00000     0.00000     0.00000     0.00000     0.00000     0.00000     0.00000     0.00000     0.00000
   -46.65910     0.00000     0.00000     0.00000     0.00000     0.00000     0.00000     0.00000     0.00000     0.00000     0.00000     0.00000     0.00000     0.00000     0.00000     0.00000     0.00000     0.00000
   -46.61710     0.00000     0.00000     0.00000     0.00000     0.00000     0.00000     0.00000     0.00000     0.00000     0.00000     0.00000     0.00000     0.00000     0.00000     0.00000     0.00000     0.00000
   -46.57410     0.00000     0.00000     0.00000     0.00000     0.00000     0.00000     0.00000     0.00000     0.00000     0.00000     0.00000     0.00000     0.00000     0.00000     0.00000     0.00000     0.00000
   -46.53110     0.00000     0.00000     0.00000     0.00000     0.00000     0.00000     0.00000     0.00000     0.00000     0.00000     0.00000     0.00000     0.00000     0.00000     0.00000     0.00000     0.00000
   -46.48910     0.00000     0.00000     0.00000     0.00000     0.00000     0.00000     0.00000     0.00000     0.00000     0.00000     0.00000     0.00000     0.00000     0.00000     0.00000     0.00000     0.00000
   -46.44610     0.00000     0.00000     0.00000     0.00000     0.00000     0.00000     0.00000     0.00000     0.00000     0.00000     0.00000     0.00000     0.00000     0.00000     0.00000     0.00000     0.00000
   -46.40310     0.00000     0.00000     0.00000     0.00000     0.00000     0.00000     0.00000     0.00000     0.00000     0.00000     0.00000     0.00000     0.00000     0.00000     0.00000     0.00000     0.00000
   -46.36110     0.00000     0.00000     0.00000     0.00000     0.00000     0.00000     0.00000     0.00000     0.00000     0.00000     0.00000     0.00000     0.00000     0.00000     0.00000     0.00000     0.00000
   -46.31810     0.00000     0.00000     0.00000     0.00000     0.00000     0.00000     0.00000     0.00000     0.00000     0.00000     0.00000     0.00000     0.00000     0.00000     0.00000     0.00000     0.00000
   -46.27510     0.00000     0.00000     0.00000     0.00000     0.00000     0.00000     0.00000     0.00000     0.00000     0.00000     0.00000     0.00000     0.00000     0.00000     0.00000     0.00000     0.00000
   -46.23310     0.00000     0.00000     0.00000     0.00000     0.00000     0.00000     0.00000     0.00000     0.00000     0.00000     0.00000     0.00000     0.00000     0.00000     0.00000     0.00000     0.00000
   -46.19010     0.00000     0.00000     0.00000     0.00000     0.00000     0.00000     0.00000     0.00000     0.00000     0.00000     0.00000     0.00000     0.00000     0.00000     0.00000     0.00000     0.00000
   -46.14710     0.00000     0.00000     0.00000     0.00000     0.00000     0.00000     0.00000     0.00000     0.00000     0.00000     0.00000     0.00000     0.00000     0.00000     0.00000     0.00000     0.00000
   -46.10510     0.00000     0.00000     0.00000     0.00000     0.00000     0.00000     0.00000     0.00000     0.00000     0.00000     0.00000     0.00000     0.00000     0.00000     0.00000     0.00000     0.00000
   -46.06210     0.00000     0.00000     0.00000     0.00000     0.00000     0.00000     0.00000     0.00000     0.00000     0.00000     0.00000     0.00000     0.00000     0.00000     0.00000     0.00000     0.00000
   -46.01910     0.00000     0.00000     0.00000     0.00000     0.00000     0.00000     0.00000     0.00000     0.00000     0.00000     0.00000     0.00000     0.00000     0.00000     0.00000     0.00000     0.00000
   -45.97710     0.00000     0.00000     0.00000     0.00000     0.00000     0.00000     0.00000     0.00000     0.00000     0.00000     0.00000     0.00000     0.00000     0.00000     0.00000     0.00000     0.00000
   -45.93410     0.00000     0.00000     0.00000     0.00000     0.00000     0.00000     0.00000     0.00000     0.00000     0.00000     0.00000     0.00000     0.00000     0.00000     0.00000     0.00000     0.00000
   -45.89110     0.00000     0.00000     0.00000     0.00000     0.00000     0.00000     0.00000     0.00000     0.00000     0.00000     0.00000     0.00000     0.00000     0.00000     0.00000     0.00000     0.00000
   -45.84910     0.00000     0.00000     0.00000     0.00000     0.00000     0.00000     0.00000     0.00000     0.00000     0.00000     0.00000     0.00000     0.00000     0.00000     0.00000     0.00000     0.00000
   -45.80610     0.00000     0.00000     0.00000     0.00000     0.00000     0.00000     0.00000     0.00000     0.00000     0.00000     0.00000     0.00000     0.00000     0.00000     0.00000     0.00000     0.00000
   -45.76310     0.00000     0.00000     0.00000     0.00000     0.00000     0.00000     0.00000     0.00000     0.00000     0.00000     0.00000     0.00000     0.00000     0.00000     0.00000     0.00000     0.00000
   -45.72110     0.00000     0.00000     0.00000     0.00000     0.00000     0.00000     0.00000     0.00000     0.00000     0.00000     0.00000     0.00000     0.00000     0.00000     0.00000     0.00000     0.00000
   -45.67810     0.00000     0.00000     0.00000     0.00000     0.00000     0.00000     0.00000     0.00000     0.00000     0.00000     0.00000     0.00000     0.00000     0.00000     0.00000     0.00000     0.00000
   -45.63510     0.00000     0.00000     0.00000     0.00000     0.00000     0.00000     0.00000     0.00000     0.00000     0.00000     0.00000     0.00000     0.00000     0.00000     0.00000     0.00000     0.00000
   -45.59310     0.00000     0.00000     0.00000     0.00000     0.00000     0.00000     0.00000     0.00000     0.00000     0.00000     0.00000     0.00000     0.00000     0.00000     0.00000     0.00000     0.00000
   -45.55010     0.00000     0.00000     0.00000     0.00000     0.00000     0.00000     0.00000     0.00000     0.00000     0.00000     0.00000     0.00000     0.00000     0.00000     0.00000     0.00000     0.00000
   -45.50710     0.00000     0.00000     0.00000     0.00000     0.00000     0.00000     0.00000     0.00000     0.00000     0.00000     0.00000     0.00000     0.00000     0.00000     0.00000     0.00000     0.00000
   -45.46510     0.00000     0.00000     0.00000     0.00000     0.00000     0.00000     0.00000     0.00000     0.00000     0.00000     0.00000     0.00000     0.00000     0.00000     0.00000     0.00000     0.00000
   -45.42210     0.00000     0.00000     0.00000     0.00000     0.00000     0.00000     0.00000     0.00000     0.00000     0.00000     0.00000     0.00000     0.00000     0.00000     0.00000     0.00000     0.00000
   -45.37910     0.00000     0.00000     0.00000     0.00000     0.00000     0.00000     0.00000     0.00000     0.00000     0.00000     0.00000     0.00000     0.00000     0.00000     0.00000     0.00000     0.00000
   -45.33710     0.00000     0.00000     0.00000     0.00000     0.00000     0.00000     0.00000     0.00000     0.00000     0.00000     0.00000     0.00000     0.00000     0.00000     0.00000     0.00000     0.00000
   -45.29410     0.00000     0.00000     0.00000     0.00000     0.00000     0.00000     0.00000     0.00000     0.00000     0.00000     0.00000     0.00000     0.00000     0.00000     0.00000     0.00000     0.00000
   -45.25110     0.00000     0.00000     0.00000     0.00000     0.00000     0.00000     0.00000     0.00000     0.00000     0.00000     0.00000     0.00000     0.00000     0.00000     0.00000     0.00000     0.00000
   -45.20910     0.00000     0.00000     0.00000     0.00000     0.00000     0.00000     0.00000     0.00000     0.00000     0.00000     0.00000     0.00000     0.00000     0.00000     0.00000     0.00000     0.00000
   -45.16610     0.00000     0.00000     0.00000     0.00000     0.00000     0.00000     0.00000     0.00000     0.00000     0.00000     0.00000     0.00000     0.00000     0.00000     0.00000     0.00000     0.00000
   -45.12310     0.00000     0.00000     0.00000     0.00000     0.00000     0.00000     0.00000     0.00000     0.00000     0.00000     0.00000     0.00000     0.00000     0.00000     0.00000     0.00000     0.00000
   -45.08110     0.00000     0.00000     0.00000     0.00000     0.00000     0.00000     0.00000     0.00000     0.00000     0.00000     0.00000     0.00000     0.00000     0.00000     0.00000     0.00000     0.00000
   -45.03810     0.00000     0.00000     0.00000     0.00000     0.00000     0.00000     0.00000     0.00000     0.00000     0.00000     0.00000     0.00000     0.00000     0.00000     0.00000     0.00000     0.00000
   -44.99510     0.00000     0.00000     0.00000     0.00000     0.00000     0.00000     0.00000     0.00000     0.00000     0.00000     0.00000     0.00000     0.00000     0.00000     0.00000     0.00000     0.00000
   -44.95310     0.00000     0.00000     0.00000     0.00000     0.00000     0.00000     0.00000     0.00000     0.00000     0.00000     0.00000     0.00000     0.00000     0.00000     0.00000     0.00000     0.00000
   -44.91010     0.00000     0.00000     0.00000     0.00000     0.00000     0.00000     0.00000     0.00000     0.00000     0.00000     0.00000     0.00000     0.00000     0.00000     0.00000     0.00000     0.00000
   -44.86710     0.00000     0.00000     0.00000     0.00000     0.00000     0.00000     0.00000     0.00000     0.00000     0.00000     0.00000     0.00000     0.00000     0.00000     0.00000     0.00000     0.00000
   -44.82510     0.00000     0.00000     0.00000     0.00000     0.00000     0.00000     0.00000     0.00000     0.00000     0.00000     0.00000     0.00000     0.00000     0.00000     0.00000     0.00000     0.00000
   -44.78210     0.00000     0.00000     0.00000     0.00000     0.00000     0.00000     0.00000     0.00000     0.00000     0.00000     0.00000     0.00000     0.00000     0.00000     0.00000     0.00000     0.00000
   -44.73910     0.00000     0.00000     0.00000     0.00000     0.00000     0.00000     0.00000     0.00000     0.00000     0.00000     0.00000     0.00000     0.00000     0.00000     0.00000     0.00000     0.00000
   -44.69710     0.00000     0.00000     0.00000     0.00000     0.00000     0.00000     0.00000     0.00000     0.00000     0.00000     0.00000     0.00000     0.00000     0.00000     0.00000     0.00000     0.00000
   -44.65410     0.00000     0.00000     0.00000     0.00000     0.00000     0.00000     0.00000     0.00000     0.00000     0.00000     0.00000     0.00000     0.00000     0.00000     0.00000     0.00000     0.00000
   -44.61110     0.00000     0.00000     0.00000     0.00000     0.00000     0.00000     0.00000     0.00000     0.00000     0.00000     0.00000     0.00000     0.00000     0.00000     0.00000     0.00000     0.00000
   -44.56910     0.00000     0.00000     0.00000     0.00000     0.00000     0.00000     0.00000     0.00000     0.00000     0.00000     0.00000     0.00000     0.00000     0.00000     0.00000     0.00000     0.00000
   -44.52610     0.00000     0.00000     0.00000     0.00000     0.00000     0.00000     0.00000     0.00000     0.00000     0.00000     0.00000     0.00000     0.00000     0.00000     0.00000     0.00000     0.00000
   -44.48310     0.00000     0.00000     0.00000     0.00000     0.00000     0.00000     0.00000     0.00000     0.00000     0.00000     0.00000     0.00000     0.00000     0.00000     0.00000     0.00000     0.00000
   -44.44110     0.00000     0.00000     0.00000     0.00000     0.00000     0.00000     0.00000     0.00000     0.00000     0.00000     0.00000     0.00000     0.00000     0.00000     0.00000     0.00000     0.00000
   -44.39810     0.00000     0.00000     0.00000     0.00000     0.00000     0.00000     0.00000     0.00000     0.00000     0.00000     0.00000     0.00000     0.00000     0.00000     0.00000     0.00000     0.00000
   -44.35510     0.00000     0.00000     0.00000     0.00000     0.00000     0.00000     0.00000     0.00000     0.00000     0.00000     0.00000     0.00000     0.00000     0.00000     0.00000     0.00000     0.00000
   -44.31310     0.00000     0.00000     0.00000     0.00000     0.00000     0.00000     0.00000     0.00000     0.00000     0.00000     0.00000     0.00000     0.00000     0.00000     0.00000     0.00000     0.00000
   -44.27010     0.00000     0.00000     0.00000     0.00000     0.00000     0.00000     0.00000     0.00000     0.00000     0.00000     0.00000     0.00000     0.00000     0.00000     0.00000     0.00000     0.00000
   -44.22710     0.00000     0.00000     0.00000     0.00000     0.00000     0.00000     0.00000     0.00000     0.00000     0.00000     0.00000     0.00000     0.00000     0.00000     0.00000     0.00000     0.00000
   -44.18510     0.00000     0.00000     0.00000     0.00000     0.00000     0.00000     0.00000     0.00000     0.00000     0.00000     0.00000     0.00000     0.00000     0.00000     0.00000     0.00000     0.00000
   -44.14210     0.00000     0.00000     0.00000     0.00000     0.00000     0.00000     0.00000     0.00000     0.00000     0.00000     0.00000     0.00000     0.00000     0.00000     0.00000     0.00000     0.00000
   -44.09910     0.00000     0.00000     0.00000     0.00000     0.00000     0.00000     0.00000     0.00000     0.00000     0.00000     0.00000     0.00000     0.00000     0.00000     0.00000     0.00000     0.00000
   -44.05710     0.00000     0.00000     0.00000     0.00000     0.00000     0.00000     0.00000     0.00000     0.00000     0.00000     0.00000     0.00000     0.00000     0.00000     0.00000     0.00000     0.00000
   -44.01410     0.00000     0.00000     0.00000     0.00000     0.00000     0.00000     0.00000     0.00000     0.00000     0.00000     0.00000     0.00000     0.00000     0.00000     0.00000     0.00000     0.00000
   -43.97110     0.00000     0.00000     0.00000     0.00000     0.00000     0.00000     0.00000     0.00000     0.00000     0.00000     0.00000     0.00000     0.00000     0.00000     0.00000     0.00000     0.00000
   -43.92910     0.00000     0.00000     0.00000     0.00000     0.00000     0.00000     0.00000     0.00000     0.00000     0.00000     0.00000     0.00000     0.00000     0.00000     0.00000     0.00000     0.00000
   -43.88610     0.00000     0.00000     0.00000     0.00000     0.00000     0.00000     0.00000     0.00000     0.00000     0.00000     0.00000     0.00000     0.00000     0.00000     0.00000     0.00000     0.00000
   -43.84310     0.00000     0.00000     0.00000     0.00000     0.00000     0.00000     0.00000     0.00000     0.00000     0.00000     0.00000     0.00000     0.00000     0.00000     0.00000     0.00000     0.00000
   -43.80110     0.00000     0.00000     0.00000     0.00000     0.00000     0.00000     0.00000     0.00000     0.00000     0.00000     0.00000     0.00000     0.00000     0.00000     0.00000     0.00000     0.00000
   -43.75810     0.00000     0.00000     0.00000     0.00000     0.00000     0.00000     0.00000     0.00000     0.00000     0.00000     0.00000     0.00000     0.00000     0.00000     0.00000     0.00000     0.00000
   -43.71510     0.00000     0.00000     0.00000     0.00000     0.00000     0.00000     0.00000     0.00000     0.00000     0.00000     0.00000     0.00000     0.00000     0.00000     0.00000     0.00000     0.00000
   -43.67310     0.00000     0.00000     0.00000     0.00000     0.00000     0.00000     0.00000     0.00000     0.00000     0.00000     0.00000     0.00000     0.00000     0.00000     0.00000     0.00000     0.00000
   -43.63010     0.00000     0.00000     0.00000     0.00000     0.00000     0.00000     0.00000     0.00000     0.00000     0.00000     0.00000     0.00000     0.00000     0.00000     0.00000     0.00000     0.00000
   -43.58710     0.00000     0.00000     0.00000     0.00000     0.00000     0.00000     0.00000     0.00000     0.00000     0.00000     0.00000     0.00000     0.00000     0.00000     0.00000     0.00000     0.00000
   -43.54510     0.00000     0.00000     0.00000     0.00000     0.00000     0.00000     0.00000     0.00000     0.00000     0.00000     0.00000     0.00000     0.00000     0.00000     0.00000     0.00000     0.00000
   -43.50210     0.00000     0.00000     0.00000     0.00000     0.00000     0.00000     0.00000     0.00000     0.00000     0.00000     0.00000     0.00000     0.00000     0.00000     0.00000     0.00000     0.00000
   -43.45910     0.00000     0.00000     0.00000     0.00000     0.00000     0.00000     0.00000     0.00000     0.00000     0.00000     0.00000     0.00000     0.00000     0.00000     0.00000     0.00000     0.00000
   -43.41710     0.00000     0.00000     0.00000     0.00000     0.00000     0.00000     0.00000     0.00000     0.00000     0.00000     0.00000     0.00000     0.00000     0.00000     0.00000     0.00000     0.00000
   -43.37410     0.00000     0.00000     0.00000     0.00000     0.00000     0.00000     0.00000     0.00000     0.00000     0.00000     0.00000     0.00000     0.00000     0.00000     0.00000     0.00000     0.00000
   -43.33110     0.00000     0.00000     0.00000     0.00000     0.00000     0.00000     0.00000     0.00000     0.00000     0.00000     0.00000     0.00000     0.00000     0.00000     0.00000     0.00000     0.00000
   -43.28910     0.00000     0.00000     0.00000     0.00000     0.00000     0.00000     0.00000     0.00000     0.00000     0.00000     0.00000     0.00000     0.00000     0.00000     0.00000     0.00000     0.00000
   -43.24610     0.00000     0.00000     0.00000     0.00000     0.00000     0.00000     0.00000     0.00000     0.00000     0.00000     0.00000     0.00000     0.00000     0.00000     0.00000     0.00000     0.00000
   -43.20310     0.00000     0.00000     0.00000     0.00000     0.00000     0.00000     0.00000     0.00000     0.00000     0.00000     0.00000     0.00000     0.00000     0.00000     0.00000     0.00000     0.00000
   -43.16110     0.00000     0.00000     0.00000     0.00000     0.00000     0.00000     0.00000     0.00000     0.00000     0.00000     0.00000     0.00000     0.00000     0.00000     0.00000     0.00000     0.00000
   -43.11810     0.00000     0.00000     0.00000     0.00000     0.00000     0.00000     0.00000     0.00000     0.00000     0.00000     0.00000     0.00000     0.00000     0.00000     0.00000     0.00000     0.00000
   -43.07510     0.00000     0.00000     0.00000     0.00000     0.00000     0.00000     0.00000     0.00000     0.00000     0.00000     0.00000     0.00000     0.00000     0.00000     0.00000     0.00000     0.00000
   -43.03310     0.00000     0.00000     0.00000     0.00000     0.00000     0.00000     0.00000     0.00000     0.00000     0.00000     0.00000     0.00000     0.00000     0.00000     0.00000     0.00000     0.00000
   -42.99010     0.00000     0.00000     0.00000     0.00000     0.00000     0.00000     0.00000     0.00000     0.00000     0.00000     0.00000     0.00000     0.00000     0.00000     0.00000     0.00000     0.00000
   -42.94710     0.00000     0.00000     0.00000     0.00000     0.00000     0.00000     0.00000     0.00000     0.00000     0.00000     0.00000     0.00000     0.00000     0.00000     0.00000     0.00000     0.00000
   -42.90510     0.00000     0.00000     0.00000     0.00000     0.00000     0.00000     0.00000     0.00000     0.00000     0.00000     0.00000     0.00000     0.00000     0.00000     0.00000     0.00000     0.00000
   -42.86210     0.00000     0.00000     0.00000     0.00000     0.00000     0.00000     0.00000     0.00000     0.00000     0.00000     0.00000     0.00000     0.00000     0.00000     0.00000     0.00000     0.00000
   -42.81910     0.00000     0.00000     0.00000     0.00000     0.00000     0.00000     0.00000     0.00000     0.00000     0.00000     0.00000     0.00000     0.00000     0.00000     0.00000     0.00000     0.00000
   -42.77710     0.00000     0.00000     0.00000     0.00000     0.00000     0.00000     0.00000     0.00000     0.00000     0.00000     0.00000     0.00000     0.00000     0.00000     0.00000     0.00000     0.00000
   -42.73410     0.00000     0.00000     0.00000     0.00000     0.00000     0.00000     0.00000     0.00000     0.00000     0.00000     0.00000     0.00000     0.00000     0.00000     0.00000     0.00000     0.00000
   -42.69110     0.00000     0.00000     0.00000     0.00000     0.00000     0.00000     0.00000     0.00000     0.00000     0.00000     0.00000     0.00000     0.00000     0.00000     0.00000     0.00000     0.00000
   -42.64910     0.00000     0.00000     0.00000     0.00000     0.00000     0.00000     0.00000     0.00000     0.00000     0.00000     0.00000     0.00000     0.00000     0.00000     0.00000     0.00000     0.00000
   -42.60610     0.00000     0.00000     0.00000     0.00000     0.00000     0.00000     0.00000     0.00000     0.00000     0.00000     0.00000     0.00000     0.00000     0.00000     0.00000     0.00000     0.00000
   -42.56310     0.00000     0.00000     0.00000     0.00000     0.00000     0.00000     0.00000     0.00000     0.00000     0.00000     0.00000     0.00000     0.00000     0.00000     0.00000     0.00000     0.00000
   -42.52010     0.00000     0.00000     0.00000     0.00000     0.00000     0.00000     0.00000     0.00000     0.00000     0.00000     0.00000     0.00000     0.00000     0.00000     0.00000     0.00000     0.00000
   -42.47810     0.00000     0.00000     0.00000     0.00000     0.00000     0.00000     0.00000     0.00000     0.00000     0.00000     0.00000     0.00000     0.00000     0.00000     0.00000     0.00000     0.00000
   -42.43510     0.00000     0.00000     0.00000     0.00000     0.00000     0.00000     0.00000     0.00000     0.00000     0.00000     0.00000     0.00000     0.00000     0.00000     0.00000     0.00000     0.00000
   -42.39210     0.00000     0.00000     0.00000     0.00000     0.00000     0.00000     0.00000     0.00000     0.00000     0.00000     0.00000     0.00000     0.00000     0.00000     0.00000     0.00000     0.00000
   -42.35010     0.00000     0.00000     0.00000     0.00000     0.00000     0.00000     0.00000     0.00000     0.00000     0.00000     0.00000     0.00000     0.00000     0.00000     0.00000     0.00000     0.00000
   -42.30710     0.00000     0.00000     0.00000     0.00000     0.00000     0.00000     0.00000     0.00000     0.00000     0.00000     0.00000     0.00000     0.00000     0.00000     0.00000     0.00000     0.00000
   -42.26410     0.00000     0.00000     0.00000     0.00000     0.00000     0.00000     0.00000     0.00000     0.00000     0.00000     0.00000     0.00000     0.00000     0.00000     0.00000     0.00000     0.00000
   -42.22210     0.00000     0.00000     0.00000     0.00000     0.00000     0.00000     0.00000     0.00000     0.00000     0.00000     0.00000     0.00000     0.00000     0.00000     0.00000     0.00000     0.00000
   -42.17910     0.00000     0.00000     0.00000     0.00000     0.00000     0.00000     0.00000     0.00000     0.00000     0.00000     0.00000     0.00000     0.00000     0.00000     0.00000     0.00000     0.00000
   -42.13610     0.00000     0.00000     0.00000     0.00000     0.00000     0.00000     0.00000     0.00000     0.00000     0.00000     0.00000     0.00000     0.00000     0.00000     0.00000     0.00000     0.00000
   -42.09410     0.00000     0.00000     0.00000     0.00000     0.00000     0.00000     0.00000     0.00000     0.00000     0.00000     0.00000     0.00000     0.00000     0.00000     0.00000     0.00000     0.00000
   -42.05110     0.00000     0.00000     0.00000     0.00000     0.00000     0.00000     0.00000     0.00000     0.00000     0.00000     0.00000     0.00000     0.00000     0.00000     0.00000     0.00000     0.00000
   -42.00810     0.00000     0.00000     0.00000     0.00000     0.00000     0.00000     0.00000     0.00000     0.00000     0.00000     0.00000     0.00000     0.00000     0.00000     0.00000     0.00000     0.00000
   -41.96610     0.00000     0.00000     0.00000     0.00000     0.00000     0.00000     0.00000     0.00000     0.00000     0.00000     0.00000     0.00000     0.00000     0.00000     0.00000     0.00000     0.00000
   -41.92310     0.00000     0.00000     0.00000     0.00000     0.00000     0.00000     0.00000     0.00000     0.00000     0.00000     0.00000     0.00000     0.00000     0.00000     0.00000     0.00000     0.00000
   -41.88010     0.00000     0.00000     0.00000     0.00000     0.00000     0.00000     0.00000     0.00000     0.00000     0.00000     0.00000     0.00000     0.00000     0.00000     0.00000     0.00000     0.00000
   -41.83810     0.00000     0.00000     0.00000     0.00000     0.00000     0.00000     0.00000     0.00000     0.00000     0.00000     0.00000     0.00000     0.00000     0.00000     0.00000     0.00000     0.00000
   -41.79510     0.00000     0.00000     0.00000     0.00000     0.00000     0.00000     0.00000     0.00000     0.00000     0.00000     0.00000     0.00000     0.00000     0.00000     0.00000     0.00000     0.00000
   -41.75210     0.00000     0.00000     0.00000     0.00000     0.00000     0.00000     0.00000     0.00000     0.00000     0.00000     0.00000     0.00000     0.00000     0.00000     0.00000     0.00000     0.00000
   -41.71010     0.00000     0.00000     0.00000     0.00000     0.00000     0.00000     0.00000     0.00000     0.00000     0.00000     0.00000     0.00000     0.00000     0.00000     0.00000     0.00000     0.00000
   -41.66710     0.00000     0.00000     0.00000     0.00000     0.00000     0.00000     0.00000     0.00000     0.00000     0.00000     0.00000     0.00000     0.00000     0.00000     0.00000     0.00000     0.00000
   -41.62410     0.00000     0.00000     0.00000     0.00000     0.00000     0.00000     0.00000     0.00000     0.00000     0.00000     0.00000     0.00000     0.00000     0.00000     0.00000     0.00000     0.00000
   -41.58210     0.00000     0.00000     0.00000     0.00000     0.00000     0.00000     0.00000     0.00000     0.00000     0.00000     0.00000     0.00000     0.00000     0.00000     0.00000     0.00000     0.00000
   -41.53910     0.00000     0.00000     0.00000     0.00000     0.00000     0.00000     0.00000     0.00000     0.00000     0.00000     0.00000     0.00000     0.00000     0.00000     0.00000     0.00000     0.00000
   -41.49610     0.00000     0.00000     0.00000     0.00000     0.00000     0.00000     0.00000     0.00000     0.00000     0.00000     0.00000     0.00000     0.00000     0.00000     0.00000     0.00000     0.00000
   -41.45410     0.00000     0.00000     0.00000     0.00000     0.00000     0.00000     0.00000     0.00000     0.00000     0.00000     0.00000     0.00000     0.00000     0.00000     0.00000     0.00000     0.00000
   -41.41110     0.00000     0.00000     0.00000     0.00000     0.00000     0.00000     0.00000     0.00000     0.00000     0.00000     0.00000     0.00000     0.00000     0.00000     0.00000     0.00000     0.00000
   -41.36810     0.00000     0.00000     0.00000     0.00000     0.00000     0.00000     0.00000     0.00000     0.00000     0.00000     0.00000     0.00000     0.00000     0.00000     0.00000     0.00000     0.00000
   -41.32610     0.00000     0.00000     0.00000     0.00000     0.00000     0.00000     0.00000     0.00000     0.00000     0.00000     0.00000     0.00000     0.00000     0.00000     0.00000     0.00000     0.00000
   -41.28310     0.00000     0.00000     0.00000     0.00000     0.00000     0.00000     0.00000     0.00000     0.00000     0.00000     0.00000     0.00000     0.00000     0.00000     0.00000     0.00000     0.00000
   -41.24010     0.00000     0.00000     0.00000     0.00000     0.00000     0.00000     0.00000     0.00000     0.00000     0.00000     0.00000     0.00000     0.00000     0.00000     0.00000     0.00000     0.00000
   -41.19810     0.00000     0.00000     0.00000     0.00000     0.00000     0.00000     0.00000     0.00000     0.00000     0.00000     0.00000     0.00000     0.00000     0.00000     0.00000     0.00000     0.00000
   -41.15510     0.00000     0.00000     0.00000     0.00000     0.00000     0.00000     0.00000     0.00000     0.00000     0.00000     0.00000     0.00000     0.00000     0.00000     0.00000     0.00000     0.00000
   -41.11210     0.00000     0.00000     0.00000     0.00000     0.00000     0.00000     0.00000     0.00000     0.00000     0.00000     0.00000     0.00000     0.00000     0.00000     0.00000     0.00000     0.00000
   -41.07010     0.00000     0.00000     0.00000     0.00000     0.00000     0.00000     0.00000     0.00000     0.00000     0.00000     0.00000     0.00000     0.00000     0.00000     0.00000     0.00000     0.00000
   -41.02710     0.00000     0.00000     0.00000     0.00000     0.00000     0.00000     0.00000     0.00000     0.00000     0.00000     0.00000     0.00000     0.00000     0.00000     0.00000     0.00000     0.00000
   -40.98410     0.00000     0.00000     0.00000     0.00000     0.00000     0.00000     0.00000     0.00000     0.00000     0.00000     0.00000     0.00000     0.00000     0.00000     0.00000     0.00000     0.00000
   -40.94210     0.00000     0.00000     0.00000     0.00000     0.00000     0.00000     0.00000     0.00000     0.00000     0.00000     0.00000     0.00000     0.00000     0.00000     0.00000     0.00000     0.00000
   -40.89910     0.00000     0.00000     0.00000     0.00000     0.00000     0.00000     0.00000     0.00000     0.00000     0.00000     0.00000     0.00000     0.00000     0.00000     0.00000     0.00000     0.00000
   -40.85610     0.00000     0.00000     0.00000     0.00000     0.00000     0.00000     0.00000     0.00000     0.00000     0.00000     0.00000     0.00000     0.00000     0.00000     0.00000     0.00000     0.00000
   -40.81410     0.00000     0.00000     0.00000     0.00000     0.00000     0.00000     0.00000     0.00000     0.00000     0.00000     0.00000     0.00000     0.00000     0.00000     0.00000     0.00000     0.00000
   -40.77110     0.00000     0.00000     0.00000     0.00000     0.00000     0.00000     0.00000     0.00000     0.00000     0.00000     0.00000     0.00000     0.00000     0.00000     0.00000     0.00000     0.00000
   -40.72810     0.00000     0.00000     0.00000     0.00000     0.00000     0.00000     0.00000     0.00000     0.00000     0.00000     0.00000     0.00000     0.00000     0.00000     0.00000     0.00000     0.00000
   -40.68610     0.00000     0.00000     0.00000     0.00000     0.00000     0.00000     0.00000     0.00000     0.00000     0.00000     0.00000     0.00000     0.00000     0.00000     0.00000     0.00000     0.00000
   -40.64310     0.00000     0.00000     0.00000     0.00000     0.00000     0.00000     0.00000     0.00000     0.00000     0.00000     0.00000     0.00000     0.00000     0.00000     0.00000     0.00000     0.00000
   -40.60010     0.00000     0.00000     0.00000     0.00000     0.00000     0.00000     0.00000     0.00000     0.00000     0.00000     0.00000     0.00000     0.00000     0.00000     0.00000     0.00000     0.00000
   -40.55810     0.00000     0.00000     0.00000     0.00000     0.00000     0.00000     0.00000     0.00000     0.00000     0.00000     0.00000     0.00000     0.00000     0.00000     0.00000     0.00000     0.00000
   -40.51510     0.00000     0.00000     0.00000     0.00000     0.00000     0.00000     0.00000     0.00000     0.00000     0.00000     0.00000     0.00000     0.00000     0.00000     0.00000     0.00000     0.00000
   -40.47210     0.00000     0.00000     0.00000     0.00000     0.00000     0.00000     0.00000     0.00000     0.00000     0.00000     0.00000     0.00000     0.00000     0.00000     0.00000     0.00000     0.00000
   -40.43010     0.00000     0.00000     0.00000     0.00000     0.00000     0.00000     0.00000     0.00000     0.00000     0.00000     0.00000     0.00000     0.00000     0.00000     0.00000     0.00000     0.00000
   -40.38710     0.00000     0.00000     0.00000     0.00000     0.00000     0.00000     0.00000     0.00000     0.00000     0.00000     0.00000     0.00000     0.00000     0.00000     0.00000     0.00000     0.00000
   -40.34410     0.00000     0.00000     0.00000     0.00000     0.00000     0.00000     0.00000     0.00000     0.00000     0.00000     0.00000     0.00000     0.00000     0.00000     0.00000     0.00000     0.00000
   -40.30210     0.00000     0.00000     0.00000     0.00000     0.00000     0.00000     0.00000     0.00000     0.00000     0.00000     0.00000     0.00000     0.00000     0.00000     0.00000     0.00000     0.00000
   -40.25910     0.00000     0.00000     0.00000     0.00000     0.00000     0.00000     0.00000     0.00000     0.00000     0.00000     0.00000     0.00000     0.00000     0.00000     0.00000     0.00000     0.00000
   -40.21610     0.00000     0.00000     0.00000     0.00000     0.00000     0.00000     0.00000     0.00000     0.00000     0.00000     0.00000     0.00000     0.00000     0.00000     0.00000     0.00000     0.00000
   -40.17410     0.00000     0.00000     0.00000     0.00000     0.00000     0.00000     0.00000     0.00000     0.00000     0.00000     0.00000     0.00000     0.00000     0.00000     0.00000     0.00000     0.00000
   -40.13110     0.00000     0.00000     0.00000     0.00000     0.00000     0.00000     0.00000     0.00000     0.00000     0.00000     0.00000     0.00000     0.00000     0.00000     0.00000     0.00000     0.00000
   -40.08810     0.00000     0.00000     0.00000     0.00000     0.00000     0.00000     0.00000     0.00000     0.00000     0.00000     0.00000     0.00000     0.00000     0.00000     0.00000     0.00000     0.00000
   -40.04610     0.00000     0.00000     0.00000     0.00000     0.00000     0.00000     0.00000     0.00000     0.00000     0.00000     0.00000     0.00000     0.00000     0.00000     0.00000     0.00000     0.00000
   -40.00310     0.00000     0.00000     0.00000     0.00000     0.00000     0.00000     0.00000     0.00000     0.00000     0.00000     0.00000     0.00000     0.00000     0.00000     0.00000     0.00000     0.00000
   -39.96010     0.00000     0.00000     0.00000     0.00000     0.00000     0.00000     0.00000     0.00000     0.00000     0.00000     0.00000     0.00000     0.00000     0.00000     0.00000     0.00000     0.00000
   -39.91810     0.00000     0.00000     0.00000     0.00000     0.00000     0.00000     0.00000     0.00000     0.00000     0.00000     0.00000     0.00000     0.00000     0.00000     0.00000     0.00000     0.00000
   -39.87510     0.00000     0.00000     0.00000     0.00000     0.00000     0.00000     0.00000     0.00000     0.00000     0.00000     0.00000     0.00000     0.00000     0.00000     0.00000     0.00000     0.00000
   -39.83210     0.00000     0.00000     0.00000     0.00000     0.00000     0.00000     0.00000     0.00000     0.00000     0.00000     0.00000     0.00000     0.00000     0.00000     0.00000     0.00000     0.00000
   -39.79010     0.00000     0.00000     0.00000     0.00000     0.00000     0.00000     0.00000     0.00000     0.00000     0.00000     0.00000     0.00000     0.00000     0.00000     0.00000     0.00000     0.00000
   -39.74710     0.00000     0.00000     0.00000     0.00000     0.00000     0.00000     0.00000     0.00000     0.00000     0.00000     0.00000     0.00000     0.00000     0.00000     0.00000     0.00000     0.00000
   -39.70410     0.00000     0.00000     0.00000     0.00000     0.00000     0.00000     0.00000     0.00000     0.00000     0.00000     0.00000     0.00000     0.00000     0.00000     0.00000     0.00000     0.00000
   -39.66210     0.00000     0.00000     0.00000     0.00000     0.00000     0.00000     0.00000     0.00000     0.00000     0.00000     0.00000     0.00000     0.00000     0.00000     0.00000     0.00000     0.00000
   -39.61910     0.00000     0.00000     0.00000     0.00000     0.00000     0.00000     0.00000     0.00000     0.00000     0.00000     0.00000     0.00000     0.00000     0.00000     0.00000     0.00000     0.00000
   -39.57610     0.00000     0.00000     0.00000     0.00000     0.00000     0.00000     0.00000     0.00000     0.00000     0.00000     0.00000     0.00000     0.00000     0.00000     0.00000     0.00000     0.00000
   -39.53410     0.00000     0.00000     0.00000     0.00000     0.00000     0.00000     0.00000     0.00000     0.00000     0.00000     0.00000     0.00000     0.00000     0.00000     0.00000     0.00000     0.00000
   -39.49110     0.00000     0.00000     0.00000     0.00000     0.00000     0.00000     0.00000     0.00000     0.00000     0.00000     0.00000     0.00000     0.00000     0.00000     0.00000     0.00000     0.00000
   -39.44810     0.00000     0.00000     0.00000     0.00000     0.00000     0.00000     0.00000     0.00000     0.00000     0.00000     0.00000     0.00000     0.00000     0.00000     0.00000     0.00000     0.00000
   -39.40610     0.00000     0.00000     0.00000     0.00000     0.00000     0.00000     0.00000     0.00000     0.00000     0.00000     0.00000     0.00000     0.00000     0.00000     0.00000     0.00000     0.00000
   -39.36310     0.00000     0.00000     0.00000     0.00000     0.00000     0.00000     0.00000     0.00000     0.00000     0.00000     0.00000     0.00000     0.00000     0.00000     0.00000     0.00000     0.00000
   -39.32010     0.00000     0.00000     0.00000     0.00000     0.00000     0.00000     0.00000     0.00000     0.00000     0.00000     0.00000     0.00000     0.00000     0.00000     0.00000     0.00000     0.00000
   -39.27810     0.00000     0.00000     0.00000     0.00000     0.00000     0.00000     0.00000     0.00000     0.00000     0.00000     0.00000     0.00000     0.00000     0.00000     0.00000     0.00000     0.00000
   -39.23510     0.00000     0.00000     0.00000     0.00000     0.00000     0.00000     0.00000     0.00000     0.00000     0.00000     0.00000     0.00000     0.00000     0.00000     0.00000     0.00000     0.00000
   -39.19210     0.00000     0.00000     0.00000     0.00000     0.00000     0.00000     0.00000     0.00000     0.00000     0.00000     0.00000     0.00000     0.00000     0.00000     0.00000     0.00000     0.00000
   -39.15010     0.00000     0.00000     0.00000     0.00000     0.00000     0.00000     0.00000     0.00000     0.00000     0.00000     0.00000     0.00000     0.00000     0.00000     0.00000     0.00000     0.00000
   -39.10710     0.00000     0.00000     0.00000     0.00000     0.00000     0.00000     0.00000     0.00000     0.00000     0.00000     0.00000     0.00000     0.00000     0.00000     0.00000     0.00000     0.00000
   -39.06410     0.00000     0.00000     0.00000     0.00000     0.00000     0.00000     0.00000     0.00000     0.00000     0.00000     0.00000     0.00000     0.00000     0.00000     0.00000     0.00000     0.00000
   -39.02210     0.00000     0.00000     0.00000     0.00000     0.00000     0.00000     0.00000     0.00000     0.00000     0.00000     0.00000     0.00000     0.00000     0.00000     0.00000     0.00000     0.00000
   -38.97910     0.00000     0.00000     0.00000     0.00000     0.00000     0.00000     0.00000     0.00000     0.00000     0.00000     0.00000     0.00000     0.00000     0.00000     0.00000     0.00000     0.00000
   -38.93610     0.00000     0.00000     0.00000     0.00000     0.00000     0.00000     0.00000     0.00000     0.00000     0.00000     0.00000     0.00000     0.00000     0.00000     0.00000     0.00000     0.00000
   -38.89410     0.00000     0.00000     0.00000     0.00000     0.00000     0.00000     0.00000     0.00000     0.00000     0.00000     0.00000     0.00000     0.00000     0.00000     0.00000     0.00000     0.00000
   -38.85110     0.00000     0.00000     0.00000     0.00000     0.00000     0.00000     0.00000     0.00000     0.00000     0.00000     0.00000     0.00000     0.00000     0.00000     0.00000     0.00000     0.00000
   -38.80810     0.00000     0.00000     0.00000     0.00000     0.00000     0.00000     0.00000     0.00000     0.00000     0.00000     0.00000     0.00000     0.00000     0.00000     0.00000     0.00000     0.00000
   -38.76610     0.00000     0.00000     0.00000     0.00000     0.00000     0.00000     0.00000     0.00000     0.00000     0.00000     0.00000     0.00000     0.00000     0.00000     0.00000     0.00000     0.00000
   -38.72310     0.00000     0.00000     0.00000     0.00000     0.00000     0.00000     0.00000     0.00000     0.00000     0.00000     0.00000     0.00000     0.00000     0.00000     0.00000     0.00000     0.00000
   -38.68010     0.00000     0.00000     0.00000     0.00000     0.00000     0.00000     0.00000     0.00000     0.00000     0.00000     0.00000     0.00000     0.00000     0.00000     0.00000     0.00000     0.00000
   -38.63810     0.00000     0.00000     0.00000     0.00000     0.00000     0.00000     0.00000     0.00000     0.00000     0.00000     0.00000     0.00000     0.00000     0.00000     0.00000     0.00000     0.00000
   -38.59510     0.00000     0.00000     0.00000     0.00000     0.00000     0.00000     0.00000     0.00000     0.00000     0.00000     0.00000     0.00000     0.00000     0.00000     0.00000     0.00000     0.00000
   -38.55210     0.00000     0.00000     0.00000     0.00000     0.00000     0.00000     0.00000     0.00000     0.00000     0.00000     0.00000     0.00000     0.00000     0.00000     0.00000     0.00000     0.00000
   -38.51010     0.00000     0.00000     0.00000     0.00000     0.00000     0.00000     0.00000     0.00000     0.00000     0.00000     0.00000     0.00000     0.00000     0.00000     0.00000     0.00000     0.00000
   -38.46710     0.00000     0.00000     0.00000     0.00000     0.00000     0.00000     0.00000     0.00000     0.00000     0.00000     0.00000     0.00000     0.00000     0.00000     0.00000     0.00000     0.00000
   -38.42410     0.00000     0.00000     0.00000     0.00000     0.00000     0.00000     0.00000     0.00000     0.00000     0.00000     0.00000     0.00000     0.00000     0.00000     0.00000     0.00000     0.00000
   -38.38210     0.00000     0.00000     0.00000     0.00000     0.00000     0.00000     0.00000     0.00000     0.00000     0.00000     0.00000     0.00000     0.00000     0.00000     0.00000     0.00000     0.00000
   -38.33910     0.00000     0.00000     0.00000     0.00000     0.00000     0.00000     0.00000     0.00000     0.00000     0.00000     0.00000     0.00000     0.00000     0.00000     0.00000     0.00000     0.00000
   -38.29610     0.00000     0.00000     0.00000     0.00000     0.00000     0.00000     0.00000     0.00000     0.00000     0.00000     0.00000     0.00000     0.00000     0.00000     0.00000     0.00000     0.00000
   -38.25410     0.00000     0.00000     0.00000     0.00000     0.00000     0.00000     0.00000     0.00000     0.00000     0.00000     0.00000     0.00000     0.00000     0.00000     0.00000     0.00000     0.00000
   -38.21110     0.00000     0.00000     0.00000     0.00000     0.00000     0.00000     0.00000     0.00000     0.00000     0.00000     0.00000     0.00000     0.00000     0.00000     0.00000     0.00000     0.00000
   -38.16810     0.00000     0.00000     0.00000     0.00000     0.00000     0.00000     0.00000     0.00000     0.00000     0.00000     0.00000     0.00000     0.00000     0.00000     0.00000     0.00000     0.00000
   -38.12610     0.00000     0.00000     0.00000     0.00000     0.00000     0.00000     0.00000     0.00000     0.00000     0.00000     0.00000     0.00000     0.00000     0.00000     0.00000     0.00000     0.00000
   -38.08310     0.00000     0.00000     0.00000     0.00000     0.00000     0.00000     0.00000     0.00000     0.00000     0.00000     0.00000     0.00000     0.00000     0.00000     0.00000     0.00000     0.00000
   -38.04010     0.00000     0.00000     0.00000     0.00000     0.00000     0.00000     0.00000     0.00000     0.00000     0.00000     0.00000     0.00000     0.00000     0.00000     0.00000     0.00000     0.00000
   -37.99810     0.00000     0.00000     0.00000     0.00000     0.00000     0.00000     0.00000     0.00000     0.00000     0.00000     0.00000     0.00000     0.00000     0.00000     0.00000     0.00000     0.00000
   -37.95510     0.00000     0.00000     0.00000     0.00000     0.00000     0.00000     0.00000     0.00000     0.00000     0.00000     0.00000     0.00000     0.00000     0.00000     0.00000     0.00000     0.00000
   -37.91210     0.00000     0.00000     0.00000     0.00000     0.00000     0.00000     0.00000     0.00000     0.00000     0.00000     0.00000     0.00000     0.00000     0.00000     0.00000     0.00000     0.00000
   -37.87010     0.00000     0.00000     0.00000     0.00000     0.00000     0.00000     0.00000     0.00000     0.00000     0.00000     0.00000     0.00000     0.00000     0.00000     0.00000     0.00000     0.00000
   -37.82710     0.00000     0.00000     0.00000     0.00000     0.00000     0.00000     0.00000     0.00000     0.00000     0.00000     0.00000     0.00000     0.00000     0.00000     0.00000     0.00000     0.00000
   -37.78410     0.00000     0.00000     0.00000     0.00000     0.00000     0.00000     0.00000     0.00000     0.00000     0.00000     0.00000     0.00000     0.00000     0.00000     0.00000     0.00000     0.00000
   -37.74210     0.00000     0.00000     0.00000     0.00000     0.00000     0.00000     0.00000     0.00000     0.00000     0.00000     0.00000     0.00000     0.00000     0.00000     0.00000     0.00000     0.00000
   -37.69910     0.00000     0.00000     0.00000     0.00000     0.00000     0.00000     0.00000     0.00000     0.00000     0.00000     0.00000     0.00000     0.00000     0.00000     0.00000     0.00000     0.00000
   -37.65610     0.00000     0.00000     0.00000     0.00000     0.00000     0.00000     0.00000     0.00000     0.00000     0.00000     0.00000     0.00000     0.00000     0.00000     0.00000     0.00000     0.00000
   -37.61410     0.00000     0.00000     0.00000     0.00000     0.00000     0.00000     0.00000     0.00000     0.00000     0.00000     0.00000     0.00000     0.00000     0.00000     0.00000     0.00000     0.00000
   -37.57110     0.00000     0.00000     0.00000     0.00000     0.00000     0.00000     0.00000     0.00000     0.00000     0.00000     0.00000     0.00000     0.00000     0.00000     0.00000     0.00000     0.00000
   -37.52810     0.00000     0.00000     0.00000     0.00000     0.00000     0.00000     0.00000     0.00000     0.00000     0.00000     0.00000     0.00000     0.00000     0.00000     0.00000     0.00000     0.00000
   -37.48610     0.00000     0.00000     0.00000     0.00000     0.00000     0.00000     0.00000     0.00000     0.00000     0.00000     0.00000     0.00000     0.00000     0.00000     0.00000     0.00000     0.00000
   -37.44310     0.00000     0.00000     0.00000     0.00000     0.00000     0.00000     0.00000     0.00000     0.00000     0.00000     0.00000     0.00000     0.00000     0.00000     0.00000     0.00000     0.00000
   -37.40010     0.00000     0.00000     0.00000     0.00000     0.00000     0.00000     0.00000     0.00000     0.00000     0.00000     0.00000     0.00000     0.00000     0.00000     0.00000     0.00000     0.00000
   -37.35810     0.00000     0.00000     0.00000     0.00000     0.00000     0.00000     0.00000     0.00000     0.00000     0.00000     0.00000     0.00000     0.00000     0.00000     0.00000     0.00000     0.00000
   -37.31510     0.00000     0.00000     0.00000     0.00000     0.00000     0.00000     0.00000     0.00000     0.00000     0.00000     0.00000     0.00000     0.00000     0.00000     0.00000     0.00000     0.00000
   -37.27210     0.00000     0.00000     0.00000     0.00000     0.00000     0.00000     0.00000     0.00000     0.00000     0.00000     0.00000     0.00000     0.00000     0.00000     0.00000     0.00000     0.00000
   -37.23010     0.00000     0.00000     0.00000     0.00000     0.00000     0.00000     0.00000     0.00000     0.00000     0.00000     0.00000     0.00000     0.00000     0.00000     0.00000     0.00000     0.00000
   -37.18710     0.00000     0.00000     0.00000     0.00000     0.00000     0.00000     0.00000     0.00000     0.00000     0.00000     0.00000     0.00000     0.00000     0.00000     0.00000     0.00000     0.00000
   -37.14410     0.00000     0.00000     0.00000     0.00000     0.00000     0.00000     0.00000     0.00000     0.00000     0.00000     0.00000     0.00000     0.00000     0.00000     0.00000     0.00000     0.00000
   -37.10210     0.00000     0.00000     0.00000     0.00000     0.00000     0.00000     0.00000     0.00000     0.00000     0.00000     0.00000     0.00000     0.00000     0.00000     0.00000     0.00000     0.00000
   -37.05910     0.00000     0.00000     0.00000     0.00000     0.00000     0.00000     0.00000     0.00000     0.00000     0.00000     0.00000     0.00000     0.00000     0.00000     0.00000     0.00000     0.00000
   -37.01610     0.00000     0.00000     0.00000     0.00000     0.00000     0.00000     0.00000     0.00000     0.00000     0.00000     0.00000     0.00000     0.00000     0.00000     0.00000     0.00000     0.00000
   -36.97410     0.00000     0.00000     0.00000     0.00000     0.00000     0.00000     0.00000     0.00000     0.00000     0.00000     0.00000     0.00000     0.00000     0.00000     0.00000     0.00000     0.00000
   -36.93110     0.00000     0.00000     0.00000     0.00000     0.00000     0.00000     0.00000     0.00000     0.00000     0.00000     0.00000     0.00000     0.00000     0.00000     0.00000     0.00000     0.00000
   -36.88810     0.00000     0.00000     0.00000     0.00000     0.00000     0.00000     0.00000     0.00000     0.00000     0.00000     0.00000     0.00000     0.00000     0.00000     0.00000     0.00000     0.00000
   -36.84610     0.00000     0.00000     0.00000     0.00000     0.00000     0.00000     0.00000     0.00000     0.00000     0.00000     0.00000     0.00000     0.00000     0.00000     0.00000     0.00000     0.00000
   -36.80310     0.00000     0.00000     0.00000     0.00000     0.00000     0.00000     0.00000     0.00000     0.00000     0.00000     0.00000     0.00000     0.00000     0.00000     0.00000     0.00000     0.00000
   -36.76010     0.00000     0.00000     0.00000     0.00000     0.00000     0.00000     0.00000     0.00000     0.00000     0.00000     0.00000     0.00000     0.00000     0.00000     0.00000     0.00000     0.00000
   -36.71810     0.00000     0.00000     0.00000     0.00000     0.00000     0.00000     0.00000     0.00000     0.00000     0.00000     0.00000     0.00000     0.00000     0.00000     0.00000     0.00000     0.00000
   -36.67510     0.00000     0.00000     0.00000     0.00000     0.00000     0.00000     0.00000     0.00000     0.00000     0.00000     0.00000     0.00000     0.00000     0.00000     0.00000     0.00000     0.00000
   -36.63210     0.00000     0.00000     0.00000     0.00000     0.00000     0.00000     0.00000     0.00000     0.00000     0.00000     0.00000     0.00000     0.00000     0.00000     0.00000     0.00000     0.00000
   -36.59010     0.00000     0.00000     0.00000     0.00000     0.00000     0.00000     0.00000     0.00000     0.00000     0.00000     0.00000     0.00000     0.00000     0.00000     0.00000     0.00000     0.00000
   -36.54710     0.00000     0.00000     0.00000     0.00000     0.00000     0.00000     0.00000     0.00000     0.00000     0.00000     0.00000     0.00000     0.00000     0.00000     0.00000     0.00000     0.00000
   -36.50410     0.00000     0.00000     0.00000     0.00000     0.00000     0.00000     0.00000     0.00000     0.00000     0.00000     0.00000     0.00000     0.00000     0.00000     0.00000     0.00000     0.00000
   -36.46210     0.00000     0.00000     0.00000     0.00000     0.00000     0.00000     0.00000     0.00000     0.00000     0.00000     0.00000     0.00000     0.00000     0.00000     0.00000     0.00000     0.00000
   -36.41910     0.00000     0.00000     0.00000     0.00000     0.00000     0.00000     0.00000     0.00000     0.00000     0.00000     0.00000     0.00000     0.00000     0.00000     0.00000     0.00000     0.00000
   -36.37610     0.00000     0.00000     0.00000     0.00000     0.00000     0.00000     0.00000     0.00000     0.00000     0.00000     0.00000     0.00000     0.00000     0.00000     0.00000     0.00000     0.00000
   -36.33410     0.00000     0.00000     0.00000     0.00000     0.00000     0.00000     0.00000     0.00000     0.00000     0.00000     0.00000     0.00000     0.00000     0.00000     0.00000     0.00000     0.00000
   -36.29110     0.00000     0.00000     0.00000     0.00000     0.00000     0.00000     0.00000     0.00000     0.00000     0.00000     0.00000     0.00000     0.00000     0.00000     0.00000     0.00000     0.00000
   -36.24810     0.00000     0.00000     0.00000     0.00000     0.00000     0.00000     0.00000     0.00000     0.00000     0.00000     0.00000     0.00000     0.00000     0.00000     0.00000     0.00000     0.00000
   -36.20610     0.00000     0.00000     0.00000     0.00000     0.00000     0.00000     0.00000     0.00000     0.00000     0.00000     0.00000     0.00000     0.00000     0.00000     0.00000     0.00000     0.00000
   -36.16310     0.00000     0.00000     0.00000     0.00000     0.00000     0.00000     0.00000     0.00000     0.00000     0.00000     0.00000     0.00000     0.00000     0.00000     0.00000     0.00000     0.00000
   -36.12010     0.00000     0.00000     0.00000     0.00000     0.00000     0.00000     0.00000     0.00000     0.00000     0.00000     0.00000     0.00000     0.00000     0.00000     0.00000     0.00000     0.00000
   -36.07810     0.00000     0.00000     0.00000     0.00000     0.00000     0.00000     0.00000     0.00000     0.00000     0.00000     0.00000     0.00000     0.00000     0.00000     0.00000     0.00000     0.00000
   -36.03510     0.00000     0.00000     0.00000     0.00000     0.00000     0.00000     0.00000     0.00000     0.00000     0.00000     0.00000     0.00000     0.00000     0.00000     0.00000     0.00000     0.00000
   -35.99210     0.00000     0.00000     0.00000     0.00000     0.00000     0.00000     0.00000     0.00000     0.00000     0.00000     0.00000     0.00000     0.00000     0.00000     0.00000     0.00000     0.00000
   -35.95010     0.00000     0.00000     0.00000     0.00000     0.00000     0.00000     0.00000     0.00000     0.00000     0.00000     0.00000     0.00000     0.00000     0.00000     0.00000     0.00000     0.00000
   -35.90710     0.00000     0.00000     0.00000     0.00000     0.00000     0.00000     0.00000     0.00000     0.00000     0.00000     0.00000     0.00000     0.00000     0.00000     0.00000     0.00000     0.00000
   -35.86410     0.00000     0.00000     0.00000     0.00000     0.00000     0.00000     0.00000     0.00000     0.00000     0.00000     0.00000     0.00000     0.00000     0.00000     0.00000     0.00000     0.00000
   -35.82210     0.00000     0.00000     0.00000     0.00000     0.00000     0.00000     0.00000     0.00000     0.00000     0.00000     0.00000     0.00000     0.00000     0.00000     0.00000     0.00000     0.00000
   -35.77910     0.00000     0.00000     0.00000     0.00000     0.00000     0.00000     0.00000     0.00000     0.00000     0.00000     0.00000     0.00000     0.00000     0.00000     0.00000     0.00000     0.00000
   -35.73610     0.00000     0.00000     0.00000     0.00000     0.00000     0.00000     0.00000     0.00000     0.00000     0.00000     0.00000     0.00000     0.00000     0.00000     0.00000     0.00000     0.00000
   -35.69410     0.00000     0.00000     0.00000     0.00000     0.00000     0.00000     0.00000     0.00000     0.00000     0.00000     0.00000     0.00000     0.00000     0.00000     0.00000     0.00000     0.00000
   -35.65110     0.00000     0.00000     0.00000     0.00000     0.00000     0.00000     0.00000     0.00000     0.00000     0.00000     0.00000     0.00000     0.00000     0.00000     0.00000     0.00000     0.00000
   -35.60810     0.00000     0.00000     0.00000     0.00000     0.00000     0.00000     0.00000     0.00000     0.00000     0.00000     0.00000     0.00000     0.00000     0.00000     0.00000     0.00000     0.00000
   -35.56610     0.00000     0.00000     0.00000     0.00000     0.00000     0.00000     0.00000     0.00000     0.00000     0.00000     0.00000     0.00000     0.00000     0.00000     0.00000     0.00000     0.00000
   -35.52310     0.00000     0.00000     0.00000     0.00000     0.00000     0.00000     0.00000     0.00000     0.00000     0.00000     0.00000     0.00000     0.00000     0.00000     0.00000     0.00000     0.00000
   -35.48010     0.00000     0.00000     0.00000     0.00000     0.00000     0.00000     0.00000     0.00000     0.00000     0.00000     0.00000     0.00000     0.00000     0.00000     0.00000     0.00000     0.00000
   -35.43810     1.20800     0.00003     0.00006     0.00002     0.00010     0.00004     0.00000     0.00004     0.00000     0.00000     0.00003     0.00000     0.00000     0.00000     0.00000     0.00000     1.20832
   -35.39510     1.83800     0.00007     0.00018     0.00008     0.00025     0.00010     0.00000     0.00010     0.00000     0.00000     0.00003     0.00000     0.00000     0.00000     0.00000     0.00000     1.83883
   -35.35210     2.46400     0.00013     0.00033     0.00017     0.00041     0.00020     0.00000     0.00017     0.00000     0.00000     0.00003     0.00000     0.00000     0.00000     0.00000     0.00000     2.46545
   -35.31010     3.29800     0.00021     0.00053     0.00028     0.00060     0.00031     0.00000     0.00024     0.00000     0.00000     0.00003     0.00000     0.00000     0.00000     0.00000     0.00000     3.30021
   -35.26710     5.29000     0.00039     0.00088     0.00054     0.00091     0.00053     0.00000     0.00040     0.00000     0.00000     0.00003     0.00000     0.00001     0.00000     0.00000     0.00000     5.29371
   -35.22410     4.99600     0.00026     0.00091     0.00048     0.00089     0.00045     0.00000     0.00026     0.00000     0.00000     0.00002     0.00000     0.00001     0.00000     0.00000     0.00000     4.99929
   -35.18210     4.82200     0.00015     0.00084     0.00039     0.00080     0.00035     0.00000     0.00015     0.00000     0.00000     0.00001     0.00000     0.00001     0.00000     0.00000     0.00000     4.82471
   -35.13910     4.78500     0.00008     0.00067     0.00028     0.00063     0.00024     0.00000     0.00007     0.00000     0.00000     0.00001     0.00000     0.00000     0.00000     0.00000     0.00000     4.78699
   -35.09610     5.03200     0.00002     0.00039     0.00013     0.00036     0.00011     0.00001     0.00002     0.00000     0.00000     0.00000     0.00000     0.00000     0.00000     0.00000     0.00000     5.03304
   -35.05410     0.00000     0.00000     0.00000     0.00000     0.00000     0.00000     0.00000     0.00000     0.00000     0.00000     0.00000     0.00000     0.00000     0.00000     0.00000     0.00000     0.00000
   -35.01110     0.00000     0.00000     0.00000     0.00000     0.00000     0.00000     0.00000     0.00000     0.00000     0.00000     0.00000     0.00000     0.00000     0.00000     0.00000     0.00000     0.00000
   -34.96810     0.00000     0.00000     0.00000     0.00000     0.00000     0.00000     0.00000     0.00000     0.00000     0.00000     0.00000     0.00000     0.00000     0.00000     0.00000     0.00000     0.00000
   -34.92610     0.00000     0.00000     0.00000     0.00000     0.00000     0.00000     0.00000     0.00000     0.00000     0.00000     0.00000     0.00000     0.00000     0.00000     0.00000     0.00000     0.00000
   -34.88310     0.00000     0.00000     0.00000     0.00000     0.00000     0.00000     0.00000     0.00000     0.00000     0.00000     0.00000     0.00000     0.00000     0.00000     0.00000     0.00000     0.00000
   -34.84010     0.00000     0.00000     0.00000     0.00000     0.00000     0.00000     0.00000     0.00000     0.00000     0.00000     0.00000     0.00000     0.00000     0.00000     0.00000     0.00000     0.00000
   -34.79810     0.00000     0.00000     0.00000     0.00000     0.00000     0.00000     0.00000     0.00000     0.00000     0.00000     0.00000     0.00000     0.00000     0.00000     0.00000     0.00000     0.00000
   -34.75510     0.00000     0.00000     0.00000     0.00000     0.00000     0.00000     0.00000     0.00000     0.00000     0.00000     0.00000     0.00000     0.00000     0.00000     0.00000     0.00000     0.00000
   -34.71210     0.00000     0.00000     0.00000     0.00000     0.00000     0.00000     0.00000     0.00000     0.00000     0.00000     0.00000     0.00000     0.00000     0.00000     0.00000     0.00000     0.00000
   -34.67010     0.00000     0.00000     0.00000     0.00000     0.00000     0.00000     0.00000     0.00000     0.00000     0.00000     0.00000     0.00000     0.00000     0.00000     0.00000     0.00000     0.00000
   -34.62710     0.00000     0.00000     0.00000     0.00000     0.00000     0.00000     0.00000     0.00000     0.00000     0.00000     0.00000     0.00000     0.00000     0.00000     0.00000     0.00000     0.00000
   -34.58410     0.22800     0.00026     0.00675     0.00199     0.00557     0.00151     0.00000     0.00021     0.00000     0.00000     0.00000     0.00000     0.00005     0.00001     0.00000     0.00001     0.24437
   -34.54210     0.49760     0.00046     0.00511     0.00192     0.00417     0.00148     0.00000     0.00038     0.00000     0.00000     0.00001     0.00000     0.00004     0.00001     0.00000     0.00001     0.51118
   -34.49910     0.71740     0.00062     0.00437     0.00186     0.00355     0.00145     0.00000     0.00053     0.00000     0.00000     0.00002     0.00000     0.00003     0.00001     0.00000     0.00001     0.72985
   -34.45610     0.91450     0.00079     0.00381     0.00179     0.00310     0.00142     0.00000     0.00068     0.00000     0.00000     0.00003     0.00000     0.00003     0.00001     0.00000     0.00001     0.92617
   -34.41410     1.08400     0.00095     0.00331     0.00172     0.00271     0.00139     0.00000     0.00082     0.00000     0.00001     0.00004     0.00000     0.00003     0.00001     0.00000     0.00001     1.09499
   -34.37110     1.24900     0.00113     0.00284     0.00164     0.00236     0.00135     0.00000     0.00098     0.00000     0.00001     0.00005     0.00000     0.00002     0.00001     0.00000     0.00001     1.25941
   -34.32810     0.95020     0.00071     0.00187     0.00098     0.00158     0.00081     0.00000     0.00062     0.00000     0.00000     0.00004     0.00000     0.00002     0.00000     0.00000     0.00001     0.95686
   -34.28610     0.79450     0.00050     0.00134     0.00066     0.00115     0.00055     0.00000     0.00044     0.00000     0.00000     0.00004     0.00000     0.00001     0.00000     0.00000     0.00000     0.79920
   -34.24310     0.68720     0.00036     0.00096     0.00047     0.00084     0.00040     0.00000     0.00033     0.00000     0.00000     0.00004     0.00000     0.00001     0.00000     0.00000     0.00000     0.69061
   -34.20010     0.59650     0.00026     0.00068     0.00032     0.00060     0.00028     0.00000     0.00024     0.00000     0.00000     0.00004     0.00000     0.00001     0.00000     0.00000     0.00000     0.59894
   -34.15810     0.51240     0.00018     0.00047     0.00021     0.00042     0.00019     0.00000     0.00017     0.00000     0.00000     0.00004     0.00000     0.00000     0.00000     0.00000     0.00000     0.51408
   -34.11510     0.42930     0.00012     0.00029     0.00013     0.00027     0.00012     0.00000     0.00011     0.00000     0.00000     0.00004     0.00000     0.00000     0.00000     0.00000     0.00000     0.43038
   -34.07210     0.34310     0.00007     0.00016     0.00007     0.00015     0.00006     0.00000     0.00006     0.00000     0.00000     0.00003     0.00000     0.00000     0.00000     0.00000     0.00000     0.34370
   -34.03010     0.24290     0.00003     0.00007     0.00002     0.00006     0.00002     0.00000     0.00002     0.00000     0.00000     0.00003     0.00000     0.00000     0.00000     0.00000     0.00000     0.24314
   -33.98710     0.07662     0.00000     0.00000     0.00000     0.00000     0.00000     0.00000     0.00000     0.00000     0.00000     0.00001     0.00000     0.00000     0.00000     0.00000     0.00000     0.07664
   -33.94410     0.00000     0.00000     0.00000     0.00000     0.00000     0.00000     0.00000     0.00000     0.00000     0.00000     0.00000     0.00000     0.00000     0.00000     0.00000     0.00000     0.00000
   -33.90210     0.00000     0.00000     0.00000     0.00000     0.00000     0.00000     0.00000     0.00000     0.00000     0.00000     0.00000     0.00000     0.00000     0.00000     0.00000     0.00000     0.00000
   -33.85910     0.00000     0.00000     0.00000     0.00000     0.00000     0.00000     0.00000     0.00000     0.00000     0.00000     0.00000     0.00000     0.00000     0.00000     0.00000     0.00000     0.00000
   -33.81610     0.00000     0.00000     0.00000     0.00000     0.00000     0.00000     0.00000     0.00000     0.00000     0.00000     0.00000     0.00000     0.00000     0.00000     0.00000     0.00000     0.00000
   -33.77410     0.00000     0.00000     0.00000     0.00000     0.00000     0.00000     0.00000     0.00000     0.00000     0.00000     0.00000     0.00000     0.00000     0.00000     0.00000     0.00000     0.00000
   -33.73110     0.00000     0.00000     0.00000     0.00000     0.00000     0.00000     0.00000     0.00000     0.00000     0.00000     0.00000     0.00000     0.00000     0.00000     0.00000     0.00000     0.00000
   -33.68810     0.00000     0.00000     0.00000     0.00000     0.00000     0.00000     0.00000     0.00000     0.00000     0.00000     0.00000     0.00000     0.00000     0.00000     0.00000     0.00000     0.00000
   -33.64610     0.00000     0.00000     0.00000     0.00000     0.00000     0.00000     0.00000     0.00000     0.00000     0.00000     0.00000     0.00000     0.00000     0.00000     0.00000     0.00000     0.00000
   -33.60310     0.00000     0.00000     0.00000     0.00000     0.00000     0.00000     0.00000     0.00000     0.00000     0.00000     0.00000     0.00000     0.00000     0.00000     0.00000     0.00000     0.00000
   -33.56010     0.00000     0.00000     0.00000     0.00000     0.00000     0.00000     0.00000     0.00000     0.00000     0.00000     0.00000     0.00000     0.00000     0.00000     0.00000     0.00000     0.00000
   -33.51810     0.00000     0.00000     0.00000     0.00000     0.00000     0.00000     0.00000     0.00000     0.00000     0.00000     0.00000     0.00000     0.00000     0.00000     0.00000     0.00000     0.00000
   -33.47510     0.00000     0.00000     0.00000     0.00000     0.00000     0.00000     0.00000     0.00000     0.00000     0.00000     0.00000     0.00000     0.00000     0.00000     0.00000     0.00000     0.00000
   -33.43210     0.00000     0.00000     0.00000     0.00000     0.00000     0.00000     0.00000     0.00000     0.00000     0.00000     0.00000     0.00000     0.00000     0.00000     0.00000     0.00000     0.00000
   -33.39010     0.00000     0.00000     0.00000     0.00000     0.00000     0.00000     0.00000     0.00000     0.00000     0.00000     0.00000     0.00000     0.00000     0.00000     0.00000     0.00000     0.00000
   -33.34710     0.00000     0.00000     0.00000     0.00000     0.00000     0.00000     0.00000     0.00000     0.00000     0.00000     0.00000     0.00000     0.00000     0.00000     0.00000     0.00000     0.00000
   -33.30410     0.00000     0.00000     0.00000     0.00000     0.00000     0.00000     0.00000     0.00000     0.00000     0.00000     0.00000     0.00000     0.00000     0.00000     0.00000     0.00000     0.00000
   -33.26210     0.00000     0.00000     0.00000     0.00000     0.00000     0.00000     0.00000     0.00000     0.00000     0.00000     0.00000     0.00000     0.00000     0.00000     0.00000     0.00000     0.00000
   -33.21910     0.00000     0.00000     0.00000     0.00000     0.00000     0.00000     0.00000     0.00000     0.00000     0.00000     0.00000     0.00000     0.00000     0.00000     0.00000     0.00000     0.00000
   -33.17610     0.00000     0.00000     0.00000     0.00000     0.00000     0.00000     0.00000     0.00000     0.00000     0.00000     0.00000     0.00000     0.00000     0.00000     0.00000     0.00000     0.00000
   -33.13410     0.00000     0.00000     0.00000     0.00000     0.00000     0.00000     0.00000     0.00000     0.00000     0.00000     0.00000     0.00000     0.00000     0.00000     0.00000     0.00000     0.00000
   -33.09110     0.00000     0.00000     0.00000     0.00000     0.00000     0.00000     0.00000     0.00000     0.00000     0.00000     0.00000     0.00000     0.00000     0.00000     0.00000     0.00000     0.00000
   -33.04810     0.00000     0.00000     0.00000     0.00000     0.00000     0.00000     0.00000     0.00000     0.00000     0.00000     0.00000     0.00000     0.00000     0.00000     0.00000     0.00000     0.00000
   -33.00610     0.00000     0.00000     0.00000     0.00000     0.00000     0.00000     0.00000     0.00000     0.00000     0.00000     0.00000     0.00000     0.00000     0.00000     0.00000     0.00000     0.00000
   -32.96310     0.00000     0.00000     0.00000     0.00000     0.00000     0.00000     0.00000     0.00000     0.00000     0.00000     0.00000     0.00000     0.00000     0.00000     0.00000     0.00000     0.00000
   -32.92010     0.00000     0.00000     0.00000     0.00000     0.00000     0.00000     0.00000     0.00000     0.00000     0.00000     0.00000     0.00000     0.00000     0.00000     0.00000     0.00000     0.00000
   -32.87810     0.00000     0.00000     0.00000     0.00000     0.00000     0.00000     0.00000     0.00000     0.00000     0.00000     0.00000     0.00000     0.00000     0.00000     0.00000     0.00000     0.00000
   -32.83510     0.00000     0.00000     0.00000     0.00000     0.00000     0.00000     0.00000     0.00000     0.00000     0.00000     0.00000     0.00000     0.00000     0.00000     0.00000     0.00000     0.00000
   -32.79210     0.00000     0.00000     0.00000     0.00000     0.00000     0.00000     0.00000     0.00000     0.00000     0.00000     0.00000     0.00000     0.00000     0.00000     0.00000     0.00000     0.00000
   -32.75010     0.00000     0.00000     0.00000     0.00000     0.00000     0.00000     0.00000     0.00000     0.00000     0.00000     0.00000     0.00000     0.00000     0.00000     0.00000     0.00000     0.00000
   -32.70710     0.00000     0.00000     0.00000     0.00000     0.00000     0.00000     0.00000     0.00000     0.00000     0.00000     0.00000     0.00000     0.00000     0.00000     0.00000     0.00000     0.00000
   -32.66410     0.00000     0.00000     0.00000     0.00000     0.00000     0.00000     0.00000     0.00000     0.00000     0.00000     0.00000     0.00000     0.00000     0.00000     0.00000     0.00000     0.00000
   -32.62210     0.00000     0.00000     0.00000     0.00000     0.00000     0.00000     0.00000     0.00000     0.00000     0.00000     0.00000     0.00000     0.00000     0.00000     0.00000     0.00000     0.00000
   -32.57910     0.00000     0.00000     0.00000     0.00000     0.00000     0.00000     0.00000     0.00000     0.00000     0.00000     0.00000     0.00000     0.00000     0.00000     0.00000     0.00000     0.00000
   -32.53610     0.00000     0.00000     0.00000     0.00000     0.00000     0.00000     0.00000     0.00000     0.00000     0.00000     0.00000     0.00000     0.00000     0.00000     0.00000     0.00000     0.00000
   -32.49410     0.00000     0.00000     0.00000     0.00000     0.00000     0.00000     0.00000     0.00000     0.00000     0.00000     0.00000     0.00000     0.00000     0.00000     0.00000     0.00000     0.00000
   -32.45110     0.00000     0.00000     0.00000     0.00000     0.00000     0.00000     0.00000     0.00000     0.00000     0.00000     0.00000     0.00000     0.00000     0.00000     0.00000     0.00000     0.00000
   -32.40810     0.00000     0.00000     0.00000     0.00000     0.00000     0.00000     0.00000     0.00000     0.00000     0.00000     0.00000     0.00000     0.00000     0.00000     0.00000     0.00000     0.00000
   -32.36610     0.00000     0.00000     0.00000     0.00000     0.00000     0.00000     0.00000     0.00000     0.00000     0.00000     0.00000     0.00000     0.00000     0.00000     0.00000     0.00000     0.00000
   -32.32310     0.00000     0.00000     0.00000     0.00000     0.00000     0.00000     0.00000     0.00000     0.00000     0.00000     0.00000     0.00000     0.00000     0.00000     0.00000     0.00000     0.00000
   -32.28010     0.00000     0.00000     0.00000     0.00000     0.00000     0.00000     0.00000     0.00000     0.00000     0.00000     0.00000     0.00000     0.00000     0.00000     0.00000     0.00000     0.00000
   -32.23810     0.00000     0.00000     0.00000     0.00000     0.00000     0.00000     0.00000     0.00000     0.00000     0.00000     0.00000     0.00000     0.00000     0.00000     0.00000     0.00000     0.00000
   -32.19510     0.00000     0.00000     0.00000     0.00000     0.00000     0.00000     0.00000     0.00000     0.00000     0.00000     0.00000     0.00000     0.00000     0.00000     0.00000     0.00000     0.00000
   -32.15210     0.00000     0.00000     0.00000     0.00000     0.00000     0.00000     0.00000     0.00000     0.00000     0.00000     0.00000     0.00000     0.00000     0.00000     0.00000     0.00000     0.00000
   -32.11010     0.00000     0.00000     0.00000     0.00000     0.00000     0.00000     0.00000     0.00000     0.00000     0.00000     0.00000     0.00000     0.00000     0.00000     0.00000     0.00000     0.00000
   -32.06710     0.00000     0.00000     0.00000     0.00000     0.00000     0.00000     0.00000     0.00000     0.00000     0.00000     0.00000     0.00000     0.00000     0.00000     0.00000     0.00000     0.00000
   -32.02410     0.00000     0.00000     0.00000     0.00000     0.00000     0.00000     0.00000     0.00000     0.00000     0.00000     0.00000     0.00000     0.00000     0.00000     0.00000     0.00000     0.00000
   -31.98210     0.00000     0.00000     0.00000     0.00000     0.00000     0.00000     0.00000     0.00000     0.00000     0.00000     0.00000     0.00000     0.00000     0.00000     0.00000     0.00000     0.00000
   -31.93910     0.00000     0.00000     0.00000     0.00000     0.00000     0.00000     0.00000     0.00000     0.00000     0.00000     0.00000     0.00000     0.00000     0.00000     0.00000     0.00000     0.00000
   -31.89610     0.00000     0.00000     0.00000     0.00000     0.00000     0.00000     0.00000     0.00000     0.00000     0.00000     0.00000     0.00000     0.00000     0.00000     0.00000     0.00000     0.00000
   -31.85410     0.00000     0.00000     0.00000     0.00000     0.00000     0.00000     0.00000     0.00000     0.00000     0.00000     0.00000     0.00000     0.00000     0.00000     0.00000     0.00000     0.00000
   -31.81110     0.00000     0.00000     0.00000     0.00000     0.00000     0.00000     0.00000     0.00000     0.00000     0.00000     0.00000     0.00000     0.00000     0.00000     0.00000     0.00000     0.00000
   -31.76810     0.00000     0.00000     0.00000     0.00000     0.00000     0.00000     0.00000     0.00000     0.00000     0.00000     0.00000     0.00000     0.00000     0.00000     0.00000     0.00000     0.00000
   -31.72610     0.00000     0.00000     0.00000     0.00000     0.00000     0.00000     0.00000     0.00000     0.00000     0.00000     0.00000     0.00000     0.00000     0.00000     0.00000     0.00000     0.00000
   -31.68310     0.00000     0.00000     0.00000     0.00000     0.00000     0.00000     0.00000     0.00000     0.00000     0.00000     0.00000     0.00000     0.00000     0.00000     0.00000     0.00000     0.00000
   -31.64010     0.00000     0.00000     0.00000     0.00000     0.00000     0.00000     0.00000     0.00000     0.00000     0.00000     0.00000     0.00000     0.00000     0.00000     0.00000     0.00000     0.00000
   -31.59810     0.00000     0.00000     0.00000     0.00000     0.00000     0.00000     0.00000     0.00000     0.00000     0.00000     0.00000     0.00000     0.00000     0.00000     0.00000     0.00000     0.00000
   -31.55510     0.00000     0.00000     0.00000     0.00000     0.00000     0.00000     0.00000     0.00000     0.00000     0.00000     0.00000     0.00000     0.00000     0.00000     0.00000     0.00000     0.00000
   -31.51210     0.00000     0.00000     0.00000     0.00000     0.00000     0.00000     0.00000     0.00000     0.00000     0.00000     0.00000     0.00000     0.00000     0.00000     0.00000     0.00000     0.00000
   -31.47010     0.00000     0.00000     0.00000     0.00000     0.00000     0.00000     0.00000     0.00000     0.00000     0.00000     0.00000     0.00000     0.00000     0.00000     0.00000     0.00000     0.00000
   -31.42710     0.00000     0.00000     0.00000     0.00000     0.00000     0.00000     0.00000     0.00000     0.00000     0.00000     0.00000     0.00000     0.00000     0.00000     0.00000     0.00000     0.00000
   -31.38410     0.00000     0.00000     0.00000     0.00000     0.00000     0.00000     0.00000     0.00000     0.00000     0.00000     0.00000     0.00000     0.00000     0.00000     0.00000     0.00000     0.00000
   -31.34210     0.00000     0.00000     0.00000     0.00000     0.00000     0.00000     0.00000     0.00000     0.00000     0.00000     0.00000     0.00000     0.00000     0.00000     0.00000     0.00000     0.00000
   -31.29910     0.00000     0.00000     0.00000     0.00000     0.00000     0.00000     0.00000     0.00000     0.00000     0.00000     0.00000     0.00000     0.00000     0.00000     0.00000     0.00000     0.00000
   -31.25610     0.00000     0.00000     0.00000     0.00000     0.00000     0.00000     0.00000     0.00000     0.00000     0.00000     0.00000     0.00000     0.00000     0.00000     0.00000     0.00000     0.00000
   -31.21410     0.00000     0.00000     0.00000     0.00000     0.00000     0.00000     0.00000     0.00000     0.00000     0.00000     0.00000     0.00000     0.00000     0.00000     0.00000     0.00000     0.00000
   -31.17110     0.00000     0.00000     0.00000     0.00000     0.00000     0.00000     0.00000     0.00000     0.00000     0.00000     0.00000     0.00000     0.00000     0.00000     0.00000     0.00000     0.00000
   -31.12810     0.00000     0.00000     0.00000     0.00000     0.00000     0.00000     0.00000     0.00000     0.00000     0.00000     0.00000     0.00000     0.00000     0.00000     0.00000     0.00000     0.00000
   -31.08610     0.00000     0.00000     0.00000     0.00000     0.00000     0.00000     0.00000     0.00000     0.00000     0.00000     0.00000     0.00000     0.00000     0.00000     0.00000     0.00000     0.00000
   -31.04310     0.00000     0.00000     0.00000     0.00000     0.00000     0.00000     0.00000     0.00000     0.00000     0.00000     0.00000     0.00000     0.00000     0.00000     0.00000     0.00000     0.00000
   -31.00010     0.00000     0.00000     0.00000     0.00000     0.00000     0.00000     0.00000     0.00000     0.00000     0.00000     0.00000     0.00000     0.00000     0.00000     0.00000     0.00000     0.00000
   -30.95810     0.00000     0.00000     0.00000     0.00000     0.00000     0.00000     0.00000     0.00000     0.00000     0.00000     0.00000     0.00000     0.00000     0.00000     0.00000     0.00000     0.00000
   -30.91510     0.00000     0.00000     0.00000     0.00000     0.00000     0.00000     0.00000     0.00000     0.00000     0.00000     0.00000     0.00000     0.00000     0.00000     0.00000     0.00000     0.00000
   -30.87210     0.00000     0.00000     0.00000     0.00000     0.00000     0.00000     0.00000     0.00000     0.00000     0.00000     0.00000     0.00000     0.00000     0.00000     0.00000     0.00000     0.00000
   -30.83010     0.00000     0.00000     0.00000     0.00000     0.00000     0.00000     0.00000     0.00000     0.00000     0.00000     0.00000     0.00000     0.00000     0.00000     0.00000     0.00000     0.00000
   -30.78710     0.00000     0.00000     0.00000     0.00000     0.00000     0.00000     0.00000     0.00000     0.00000     0.00000     0.00000     0.00000     0.00000     0.00000     0.00000     0.00000     0.00000
   -30.74410     0.00000     0.00000     0.00000     0.00000     0.00000     0.00000     0.00000     0.00000     0.00000     0.00000     0.00000     0.00000     0.00000     0.00000     0.00000     0.00000     0.00000
   -30.70210     0.00000     0.00000     0.00000     0.00000     0.00000     0.00000     0.00000     0.00000     0.00000     0.00000     0.00000     0.00000     0.00000     0.00000     0.00000     0.00000     0.00000
   -30.65910     0.00000     0.00000     0.00000     0.00000     0.00000     0.00000     0.00000     0.00000     0.00000     0.00000     0.00000     0.00000     0.00000     0.00000     0.00000     0.00000     0.00000
   -30.61610     0.00000     0.00000     0.00000     0.00000     0.00000     0.00000     0.00000     0.00000     0.00000     0.00000     0.00000     0.00000     0.00000     0.00000     0.00000     0.00000     0.00000
   -30.57410     0.00000     0.00000     0.00000     0.00000     0.00000     0.00000     0.00000     0.00000     0.00000     0.00000     0.00000     0.00000     0.00000     0.00000     0.00000     0.00000     0.00000
   -30.53110     0.00000     0.00000     0.00000     0.00000     0.00000     0.00000     0.00000     0.00000     0.00000     0.00000     0.00000     0.00000     0.00000     0.00000     0.00000     0.00000     0.00000
   -30.48810     0.00000     0.00000     0.00000     0.00000     0.00000     0.00000     0.00000     0.00000     0.00000     0.00000     0.00000     0.00000     0.00000     0.00000     0.00000     0.00000     0.00000
   -30.44610     0.00000     0.00000     0.00000     0.00000     0.00000     0.00000     0.00000     0.00000     0.00000     0.00000     0.00000     0.00000     0.00000     0.00000     0.00000     0.00000     0.00000
   -30.40310     0.00000     0.00000     0.00000     0.00000     0.00000     0.00000     0.00000     0.00000     0.00000     0.00000     0.00000     0.00000     0.00000     0.00000     0.00000     0.00000     0.00000
   -30.36010     0.00000     0.00000     0.00000     0.00000     0.00000     0.00000     0.00000     0.00000     0.00000     0.00000     0.00000     0.00000     0.00000     0.00000     0.00000     0.00000     0.00000
   -30.31810     0.00000     0.00000     0.00000     0.00000     0.00000     0.00000     0.00000     0.00000     0.00000     0.00000     0.00000     0.00000     0.00000     0.00000     0.00000     0.00000     0.00000
   -30.27510     0.00000     0.00000     0.00000     0.00000     0.00000     0.00000     0.00000     0.00000     0.00000     0.00000     0.00000     0.00000     0.00000     0.00000     0.00000     0.00000     0.00000
   -30.23210     0.00000     0.00000     0.00000     0.00000     0.00000     0.00000     0.00000     0.00000     0.00000     0.00000     0.00000     0.00000     0.00000     0.00000     0.00000     0.00000     0.00000
   -30.19010     0.00000     0.00000     0.00000     0.00000     0.00000     0.00000     0.00000     0.00000     0.00000     0.00000     0.00000     0.00000     0.00000     0.00000     0.00000     0.00000     0.00000
   -30.14710     0.00000     0.00000     0.00000     0.00000     0.00000     0.00000     0.00000     0.00000     0.00000     0.00000     0.00000     0.00000     0.00000     0.00000     0.00000     0.00000     0.00000
   -30.10410     0.00000     0.00000     0.00000     0.00000     0.00000     0.00000     0.00000     0.00000     0.00000     0.00000     0.00000     0.00000     0.00000     0.00000     0.00000     0.00000     0.00000
   -30.06210     0.00000     0.00000     0.00000     0.00000     0.00000     0.00000     0.00000     0.00000     0.00000     0.00000     0.00000     0.00000     0.00000     0.00000     0.00000     0.00000     0.00000
   -30.01910     0.00000     0.00000     0.00000     0.00000     0.00000     0.00000     0.00000     0.00000     0.00000     0.00000     0.00000     0.00000     0.00000     0.00000     0.00000     0.00000     0.00000
   -29.97610     0.00000     0.00000     0.00000     0.00000     0.00000     0.00000     0.00000     0.00000     0.00000     0.00000     0.00000     0.00000     0.00000     0.00000     0.00000     0.00000     0.00000
   -29.93410     0.00000     0.00000     0.00000     0.00000     0.00000     0.00000     0.00000     0.00000     0.00000     0.00000     0.00000     0.00000     0.00000     0.00000     0.00000     0.00000     0.00000
   -29.89110     0.00000     0.00000     0.00000     0.00000     0.00000     0.00000     0.00000     0.00000     0.00000     0.00000     0.00000     0.00000     0.00000     0.00000     0.00000     0.00000     0.00000
   -29.84810     0.00000     0.00000     0.00000     0.00000     0.00000     0.00000     0.00000     0.00000     0.00000     0.00000     0.00000     0.00000     0.00000     0.00000     0.00000     0.00000     0.00000
   -29.80610     0.00000     0.00000     0.00000     0.00000     0.00000     0.00000     0.00000     0.00000     0.00000     0.00000     0.00000     0.00000     0.00000     0.00000     0.00000     0.00000     0.00000
   -29.76310     0.00000     0.00000     0.00000     0.00000     0.00000     0.00000     0.00000     0.00000     0.00000     0.00000     0.00000     0.00000     0.00000     0.00000     0.00000     0.00000     0.00000
   -29.72010     0.00000     0.00000     0.00000     0.00000     0.00000     0.00000     0.00000     0.00000     0.00000     0.00000     0.00000     0.00000     0.00000     0.00000     0.00000     0.00000     0.00000
   -29.67810     0.00000     0.00000     0.00000     0.00000     0.00000     0.00000     0.00000     0.00000     0.00000     0.00000     0.00000     0.00000     0.00000     0.00000     0.00000     0.00000     0.00000
   -29.63510     0.00000     0.00000     0.00000     0.00000     0.00000     0.00000     0.00000     0.00000     0.00000     0.00000     0.00000     0.00000     0.00000     0.00000     0.00000     0.00000     0.00000
   -29.59210     0.00000     0.00000     0.00000     0.00000     0.00000     0.00000     0.00000     0.00000     0.00000     0.00000     0.00000     0.00000     0.00000     0.00000     0.00000     0.00000     0.00000
   -29.55010     0.00000     0.00000     0.00000     0.00000     0.00000     0.00000     0.00000     0.00000     0.00000     0.00000     0.00000     0.00000     0.00000     0.00000     0.00000     0.00000     0.00000
   -29.50710     0.00000     0.00000     0.00000     0.00000     0.00000     0.00000     0.00000     0.00000     0.00000     0.00000     0.00000     0.00000     0.00000     0.00000     0.00000     0.00000     0.00000
   -29.46410     0.00000     0.00000     0.00000     0.00000     0.00000     0.00000     0.00000     0.00000     0.00000     0.00000     0.00000     0.00000     0.00000     0.00000     0.00000     0.00000     0.00000
   -29.42210     0.00000     0.00000     0.00000     0.00000     0.00000     0.00000     0.00000     0.00000     0.00000     0.00000     0.00000     0.00000     0.00000     0.00000     0.00000     0.00000     0.00000
   -29.37910     0.00000     0.00000     0.00000     0.00000     0.00000     0.00000     0.00000     0.00000     0.00000     0.00000     0.00000     0.00000     0.00000     0.00000     0.00000     0.00000     0.00000
   -29.33610     0.00000     0.00000     0.00000     0.00000     0.00000     0.00000     0.00000     0.00000     0.00000     0.00000     0.00000     0.00000     0.00000     0.00000     0.00000     0.00000     0.00000
   -29.29410     0.00000     0.00000     0.00000     0.00000     0.00000     0.00000     0.00000     0.00000     0.00000     0.00000     0.00000     0.00000     0.00000     0.00000     0.00000     0.00000     0.00000
   -29.25110     0.00000     0.00000     0.00000     0.00000     0.00000     0.00000     0.00000     0.00000     0.00000     0.00000     0.00000     0.00000     0.00000     0.00000     0.00000     0.00000     0.00000
   -29.20810     0.00000     0.00000     0.00000     0.00000     0.00000     0.00000     0.00000     0.00000     0.00000     0.00000     0.00000     0.00000     0.00000     0.00000     0.00000     0.00000     0.00000
   -29.16610     0.00000     0.00000     0.00000     0.00000     0.00000     0.00000     0.00000     0.00000     0.00000     0.00000     0.00000     0.00000     0.00000     0.00000     0.00000     0.00000     0.00000
   -29.12310     0.00000     0.00000     0.00000     0.00000     0.00000     0.00000     0.00000     0.00000     0.00000     0.00000     0.00000     0.00000     0.00000     0.00000     0.00000     0.00000     0.00000
   -29.08010     0.00000     0.00000     0.00000     0.00000     0.00000     0.00000     0.00000     0.00000     0.00000     0.00000     0.00000     0.00000     0.00000     0.00000     0.00000     0.00000     0.00000
   -29.03810     0.00000     0.00000     0.00000     0.00000     0.00000     0.00000     0.00000     0.00000     0.00000     0.00000     0.00000     0.00000     0.00000     0.00000     0.00000     0.00000     0.00000
   -28.99510     0.00000     0.00000     0.00000     0.00000     0.00000     0.00000     0.00000     0.00000     0.00000     0.00000     0.00000     0.00000     0.00000     0.00000     0.00000     0.00000     0.00000
   -28.95210     0.00000     0.00000     0.00000     0.00000     0.00000     0.00000     0.00000     0.00000     0.00000     0.00000     0.00000     0.00000     0.00000     0.00000     0.00000     0.00000     0.00000
   -28.91010     0.00000     0.00000     0.00000     0.00000     0.00000     0.00000     0.00000     0.00000     0.00000     0.00000     0.00000     0.00000     0.00000     0.00000     0.00000     0.00000     0.00000
   -28.86710     0.00000     0.00000     0.00000     0.00000     0.00000     0.00000     0.00000     0.00000     0.00000     0.00000     0.00000     0.00000     0.00000     0.00000     0.00000     0.00000     0.00000
   -28.82410     0.00000     0.00000     0.00000     0.00000     0.00000     0.00000     0.00000     0.00000     0.00000     0.00000     0.00000     0.00000     0.00000     0.00000     0.00000     0.00000     0.00000
   -28.78210     0.00000     0.00000     0.00000     0.00000     0.00000     0.00000     0.00000     0.00000     0.00000     0.00000     0.00000     0.00000     0.00000     0.00000     0.00000     0.00000     0.00000
   -28.73910     0.00000     0.00000     0.00000     0.00000     0.00000     0.00000     0.00000     0.00000     0.00000     0.00000     0.00000     0.00000     0.00000     0.00000     0.00000     0.00000     0.00000
   -28.69610     0.00000     0.00000     0.00000     0.00000     0.00000     0.00000     0.00000     0.00000     0.00000     0.00000     0.00000     0.00000     0.00000     0.00000     0.00000     0.00000     0.00000
   -28.65410     0.00000     0.00000     0.00000     0.00000     0.00000     0.00000     0.00000     0.00000     0.00000     0.00000     0.00000     0.00000     0.00000     0.00000     0.00000     0.00000     0.00000
   -28.61110     0.00000     0.00000     0.00000     0.00000     0.00000     0.00000     0.00000     0.00000     0.00000     0.00000     0.00000     0.00000     0.00000     0.00000     0.00000     0.00000     0.00000
   -28.56810     0.00454     0.02885     0.00062     0.02433     0.00027     0.00350     0.00005     0.00350     0.00073     0.00004     0.00001     0.00019     0.00000     0.00016     0.00002     0.00004     0.06685
   -28.52610     0.01714     0.04704     0.00469     0.04309     0.00151     0.00983     0.00035     0.00854     0.00296     0.00008     0.00006     0.00032     0.00000     0.00030     0.00010     0.00009     0.13610
   -28.48310     0.04617     0.06996     0.01900     0.05134     0.01117     0.01779     0.00366     0.01931     0.00561     0.00025     0.00018     0.00041     0.00012     0.00041     0.00024     0.00019     0.24580
   -28.44010     0.02991     0.02269     0.01777     0.02187     0.01081     0.01469     0.00336     0.01856     0.00327     0.00028     0.00015     0.00024     0.00015     0.00022     0.00015     0.00020     0.14432
   -28.39810     0.15240     0.01462     0.00995     0.00936     0.00429     0.00568     0.00469     0.00684     0.00053     0.00020     0.00084     0.00014     0.00007     0.00006     0.00001     0.00012     0.20979
   -28.35510     0.21490     0.01114     0.01493     0.01235     0.01250     0.00127     0.01077     0.00091     0.00003     0.00006     0.00150     0.00004     0.00033     0.00002     0.00000     0.00003     0.28076
   -28.31210     0.00000     0.00000     0.00000     0.00000     0.00000     0.00000     0.00000     0.00000     0.00000     0.00000     0.00000     0.00000     0.00000     0.00000     0.00000     0.00000     0.00000
   -28.27010     0.00000     0.00000     0.00000     0.00000     0.00000     0.00000     0.00000     0.00000     0.00000     0.00000     0.00000     0.00000     0.00000     0.00000     0.00000     0.00000     0.00000
   -28.22710     0.00000     0.00000     0.00000     0.00000     0.00000     0.00000     0.00000     0.00000     0.00000     0.00000     0.00000     0.00000     0.00000     0.00000     0.00000     0.00000     0.00000
   -28.18410     0.00000     0.00000     0.00000     0.00000     0.00000     0.00000     0.00000     0.00000     0.00000     0.00000     0.00000     0.00000     0.00000     0.00000     0.00000     0.00000     0.00000
   -28.14210     0.00000     0.00000     0.00000     0.00000     0.00000     0.00000     0.00000     0.00000     0.00000     0.00000     0.00000     0.00000     0.00000     0.00000     0.00000     0.00000     0.00000
   -28.09910     0.00000     0.00000     0.00000     0.00000     0.00000     0.00000     0.00000     0.00000     0.00000     0.00000     0.00000     0.00000     0.00000     0.00000     0.00000     0.00000     0.00000
   -28.05610     0.00000     0.00000     0.00000     0.00000     0.00000     0.00000     0.00000     0.00000     0.00000     0.00000     0.00000     0.00000     0.00000     0.00000     0.00000     0.00000     0.00000
   -28.01410     0.00000     0.00000     0.00000     0.00000     0.00000     0.00000     0.00000     0.00000     0.00000     0.00000     0.00000     0.00000     0.00000     0.00000     0.00000     0.00000     0.00000
   -27.97110     0.00000     0.00000     0.00000     0.00000     0.00000     0.00000     0.00000     0.00000     0.00000     0.00000     0.00000     0.00000     0.00000     0.00000     0.00000     0.00000     0.00000
   -27.92810     0.00000     0.00000     0.00000     0.00000     0.00000     0.00000     0.00000     0.00000     0.00000     0.00000     0.00000     0.00000     0.00000     0.00000     0.00000     0.00000     0.00000
   -27.88610     0.00000     0.00000     0.00000     0.00000     0.00000     0.00000     0.00000     0.00000     0.00000     0.00000     0.00000     0.00000     0.00000     0.00000     0.00000     0.00000     0.00000
   -27.84310     0.00000     0.00000     0.00000     0.00000     0.00000     0.00000     0.00000     0.00000     0.00000     0.00000     0.00000     0.00000     0.00000     0.00000     0.00000     0.00000     0.00000
   -27.80010     0.00000     0.00000     0.00000     0.00000     0.00000     0.00000     0.00000     0.00000     0.00000     0.00000     0.00000     0.00000     0.00000     0.00000     0.00000     0.00000     0.00000
   -27.75810     0.00000     0.00000     0.00000     0.00000     0.00000     0.00000     0.00000     0.00000     0.00000     0.00000     0.00000     0.00000     0.00000     0.00000     0.00000     0.00000     0.00000
   -27.71510     0.00000     0.00000     0.00000     0.00000     0.00000     0.00000     0.00000     0.00000     0.00000     0.00000     0.00000     0.00000     0.00000     0.00000     0.00000     0.00000     0.00000
   -27.67210     0.00000     0.00000     0.00000     0.00000     0.00000     0.00000     0.00000     0.00000     0.00000     0.00000     0.00000     0.00000     0.00000     0.00000     0.00000     0.00000     0.00000
   -27.63010     0.00000     0.00000     0.00000     0.00000     0.00000     0.00000     0.00000     0.00000     0.00000     0.00000     0.00000     0.00000     0.00000     0.00000     0.00000     0.00000     0.00000
   -27.58710     0.00000     0.00000     0.00000     0.00000     0.00000     0.00000     0.00000     0.00000     0.00000     0.00000     0.00000     0.00000     0.00000     0.00000     0.00000     0.00000     0.00000
   -27.54410     0.00000     0.00000     0.00000     0.00000     0.00000     0.00000     0.00000     0.00000     0.00000     0.00000     0.00000     0.00000     0.00000     0.00000     0.00000     0.00000     0.00000
   -27.50210     0.00000     0.00000     0.00000     0.00000     0.00000     0.00000     0.00000     0.00000     0.00000     0.00000     0.00000     0.00000     0.00000     0.00000     0.00000     0.00000     0.00000
   -27.45910     0.00000     0.00000     0.00000     0.00000     0.00000     0.00000     0.00000     0.00000     0.00000     0.00000     0.00000     0.00000     0.00000     0.00000     0.00000     0.00000     0.00000
   -27.41610     0.00000     0.00000     0.00000     0.00000     0.00000     0.00000     0.00000     0.00000     0.00000     0.00000     0.00000     0.00000     0.00000     0.00000     0.00000     0.00000     0.00000
   -27.37410     0.00000     0.00000     0.00000     0.00000     0.00000     0.00000     0.00000     0.00000     0.00000     0.00000     0.00000     0.00000     0.00000     0.00000     0.00000     0.00000     0.00000
   -27.33110     0.00000     0.00000     0.00000     0.00000     0.00000     0.00000     0.00000     0.00000     0.00000     0.00000     0.00000     0.00000     0.00000     0.00000     0.00000     0.00000     0.00000
   -27.28810     0.00000     0.00000     0.00000     0.00000     0.00000     0.00000     0.00000     0.00000     0.00000     0.00000     0.00000     0.00000     0.00000     0.00000     0.00000     0.00000     0.00000
   -27.24610     0.00000     0.00000     0.00000     0.00000     0.00000     0.00000     0.00000     0.00000     0.00000     0.00000     0.00000     0.00000     0.00000     0.00000     0.00000     0.00000     0.00000
   -27.20310     0.00000     0.00000     0.00000     0.00000     0.00000     0.00000     0.00000     0.00000     0.00000     0.00000     0.00000     0.00000     0.00000     0.00000     0.00000     0.00000     0.00000
   -27.16010     0.00000     0.00000     0.00000     0.00000     0.00000     0.00000     0.00000     0.00000     0.00000     0.00000     0.00000     0.00000     0.00000     0.00000     0.00000     0.00000     0.00000
   -27.11810     0.00000     0.00000     0.00000     0.00000     0.00000     0.00000     0.00000     0.00000     0.00000     0.00000     0.00000     0.00000     0.00000     0.00000     0.00000     0.00000     0.00000
   -27.07510     0.00000     0.00000     0.00000     0.00000     0.00000     0.00000     0.00000     0.00000     0.00000     0.00000     0.00000     0.00000     0.00000     0.00000     0.00000     0.00000     0.00000
   -27.03210     0.00000     0.00000     0.00000     0.00000     0.00000     0.00000     0.00000     0.00000     0.00000     0.00000     0.00000     0.00000     0.00000     0.00000     0.00000     0.00000     0.00000
   -26.99010     0.00000     0.00000     0.00000     0.00000     0.00000     0.00000     0.00000     0.00000     0.00000     0.00000     0.00000     0.00000     0.00000     0.00000     0.00000     0.00000     0.00000
   -26.94710     0.00000     0.00000     0.00000     0.00000     0.00000     0.00000     0.00000     0.00000     0.00000     0.00000     0.00000     0.00000     0.00000     0.00000     0.00000     0.00000     0.00000
   -26.90410     0.00000     0.00000     0.00000     0.00000     0.00000     0.00000     0.00000     0.00000     0.00000     0.00000     0.00000     0.00000     0.00000     0.00000     0.00000     0.00000     0.00000
   -26.86210     0.00000     0.00000     0.00000     0.00000     0.00000     0.00000     0.00000     0.00000     0.00000     0.00000     0.00000     0.00000     0.00000     0.00000     0.00000     0.00000     0.00000
   -26.81910     0.00000     0.00000     0.00000     0.00000     0.00000     0.00000     0.00000     0.00000     0.00000     0.00000     0.00000     0.00000     0.00000     0.00000     0.00000     0.00000     0.00000
   -26.77610     0.00000     0.00000     0.00000     0.00000     0.00000     0.00000     0.00000     0.00000     0.00000     0.00000     0.00000     0.00000     0.00000     0.00000     0.00000     0.00000     0.00000
   -26.73410     0.00000     0.00000     0.00000     0.00000     0.00000     0.00000     0.00000     0.00000     0.00000     0.00000     0.00000     0.00000     0.00000     0.00000     0.00000     0.00000     0.00000
   -26.69110     0.00000     0.00000     0.00000     0.00000     0.00000     0.00000     0.00000     0.00000     0.00000     0.00000     0.00000     0.00000     0.00000     0.00000     0.00000     0.00000     0.00000
   -26.64810     0.00000     0.00000     0.00000     0.00000     0.00000     0.00000     0.00000     0.00000     0.00000     0.00000     0.00000     0.00000     0.00000     0.00000     0.00000     0.00000     0.00000
   -26.60610     0.00000     0.00000     0.00000     0.00000     0.00000     0.00000     0.00000     0.00000     0.00000     0.00000     0.00000     0.00000     0.00000     0.00000     0.00000     0.00000     0.00000
   -26.56310     0.00000     0.00000     0.00000     0.00000     0.00000     0.00000     0.00000     0.00000     0.00000     0.00000     0.00000     0.00000     0.00000     0.00000     0.00000     0.00000     0.00000
   -26.52010     0.00000     0.00000     0.00000     0.00000     0.00000     0.00000     0.00000     0.00000     0.00000     0.00000     0.00000     0.00000     0.00000     0.00000     0.00000     0.00000     0.00000
   -26.47810     0.00000     0.00000     0.00000     0.00000     0.00000     0.00000     0.00000     0.00000     0.00000     0.00000     0.00000     0.00000     0.00000     0.00000     0.00000     0.00000     0.00000
   -26.43510     0.00000     0.00000     0.00000     0.00000     0.00000     0.00000     0.00000     0.00000     0.00000     0.00000     0.00000     0.00000     0.00000     0.00000     0.00000     0.00000     0.00000
   -26.39210     0.00000     0.00000     0.00000     0.00000     0.00000     0.00000     0.00000     0.00000     0.00000     0.00000     0.00000     0.00000     0.00000     0.00000     0.00000     0.00000     0.00000
   -26.35010     0.00000     0.00000     0.00000     0.00000     0.00000     0.00000     0.00000     0.00000     0.00000     0.00000     0.00000     0.00000     0.00000     0.00000     0.00000     0.00000     0.00000
   -26.30710     0.00000     0.00000     0.00000     0.00000     0.00000     0.00000     0.00000     0.00000     0.00000     0.00000     0.00000     0.00000     0.00000     0.00000     0.00000     0.00000     0.00000
   -26.26410     0.00000     0.00000     0.00000     0.00000     0.00000     0.00000     0.00000     0.00000     0.00000     0.00000     0.00000     0.00000     0.00000     0.00000     0.00000     0.00000     0.00000
   -26.22110     0.00000     0.00000     0.00000     0.00000     0.00000     0.00000     0.00000     0.00000     0.00000     0.00000     0.00000     0.00000     0.00000     0.00000     0.00000     0.00000     0.00000
   -26.17910     0.00000     0.00000     0.00000     0.00000     0.00000     0.00000     0.00000     0.00000     0.00000     0.00000     0.00000     0.00000     0.00000     0.00000     0.00000     0.00000     0.00000
   -26.13610     0.00000     0.00000     0.00000     0.00000     0.00000     0.00000     0.00000     0.00000     0.00000     0.00000     0.00000     0.00000     0.00000     0.00000     0.00000     0.00000     0.00000
   -26.09310     0.00000     0.00000     0.00000     0.00000     0.00000     0.00000     0.00000     0.00000     0.00000     0.00000     0.00000     0.00000     0.00000     0.00000     0.00000     0.00000     0.00000
   -26.05110     0.00000     0.00000     0.00000     0.00000     0.00000     0.00000     0.00000     0.00000     0.00000     0.00000     0.00000     0.00000     0.00000     0.00000     0.00000     0.00000     0.00000
   -26.00810     0.00000     0.00000     0.00000     0.00000     0.00000     0.00000     0.00000     0.00000     0.00000     0.00000     0.00000     0.00000     0.00000     0.00000     0.00000     0.00000     0.00000
   -25.96510     0.00000     0.00000     0.00000     0.00000     0.00000     0.00000     0.00000     0.00000     0.00000     0.00000     0.00000     0.00000     0.00000     0.00000     0.00000     0.00000     0.00000
   -25.92310     0.00000     0.00000     0.00000     0.00000     0.00000     0.00000     0.00000     0.00000     0.00000     0.00000     0.00000     0.00000     0.00000     0.00000     0.00000     0.00000     0.00000
   -25.88010     0.00000     0.00000     0.00000     0.00000     0.00000     0.00000     0.00000     0.00000     0.00000     0.00000     0.00000     0.00000     0.00000     0.00000     0.00000     0.00000     0.00000
   -25.83710     0.00000     0.00000     0.00000     0.00000     0.00000     0.00000     0.00000     0.00000     0.00000     0.00000     0.00000     0.00000     0.00000     0.00000     0.00000     0.00000     0.00000
   -25.79510     0.00000     0.00000     0.00000     0.00000     0.00000     0.00000     0.00000     0.00000     0.00000     0.00000     0.00000     0.00000     0.00000     0.00000     0.00000     0.00000     0.00000
   -25.75210     0.00000     0.00000     0.00000     0.00000     0.00000     0.00000     0.00000     0.00000     0.00000     0.00000     0.00000     0.00000     0.00000     0.00000     0.00000     0.00000     0.00000
   -25.70910     0.00000     0.00000     0.00000     0.00000     0.00000     0.00000     0.00000     0.00000     0.00000     0.00000     0.00000     0.00000     0.00000     0.00000     0.00000     0.00000     0.00000
   -25.66710     0.00000     0.00000     0.00000     0.00000     0.00000     0.00000     0.00000     0.00000     0.00000     0.00000     0.00000     0.00000     0.00000     0.00000     0.00000     0.00000     0.00000
   -25.62410     0.00000     0.00000     0.00000     0.00000     0.00000     0.00000     0.00000     0.00000     0.00000     0.00000     0.00000     0.00000     0.00000     0.00000     0.00000     0.00000     0.00000
   -25.58110     0.00000     0.00000     0.00000     0.00000     0.00000     0.00000     0.00000     0.00000     0.00000     0.00000     0.00000     0.00000     0.00000     0.00000     0.00000     0.00000     0.00000
   -25.53910     0.00000     0.00000     0.00000     0.00000     0.00000     0.00000     0.00000     0.00000     0.00000     0.00000     0.00000     0.00000     0.00000     0.00000     0.00000     0.00000     0.00000
   -25.49610     0.00000     0.00000     0.00000     0.00000     0.00000     0.00000     0.00000     0.00000     0.00000     0.00000     0.00000     0.00000     0.00000     0.00000     0.00000     0.00000     0.00000
   -25.45310     0.00000     0.00000     0.00000     0.00000     0.00000     0.00000     0.00000     0.00000     0.00000     0.00000     0.00000     0.00000     0.00000     0.00000     0.00000     0.00000     0.00000
   -25.41110     0.00000     0.00000     0.00000     0.00000     0.00000     0.00000     0.00000     0.00000     0.00000     0.00000     0.00000     0.00000     0.00000     0.00000     0.00000     0.00000     0.00000
   -25.36810     0.00000     0.00000     0.00000     0.00000     0.00000     0.00000     0.00000     0.00000     0.00000     0.00000     0.00000     0.00000     0.00000     0.00000     0.00000     0.00000     0.00000
   -25.32510     0.00000     0.00000     0.00000     0.00000     0.00000     0.00000     0.00000     0.00000     0.00000     0.00000     0.00000     0.00000     0.00000     0.00000     0.00000     0.00000     0.00000
   -25.28310     0.00000     0.00000     0.00000     0.00000     0.00000     0.00000     0.00000     0.00000     0.00000     0.00000     0.00000     0.00000     0.00000     0.00000     0.00000     0.00000     0.00000
   -25.24010     0.00000     0.00000     0.00000     0.00000     0.00000     0.00000     0.00000     0.00000     0.00000     0.00000     0.00000     0.00000     0.00000     0.00000     0.00000     0.00000     0.00000
   -25.19710     0.00000     0.00000     0.00000     0.00000     0.00000     0.00000     0.00000     0.00000     0.00000     0.00000     0.00000     0.00000     0.00000     0.00000     0.00000     0.00000     0.00000
   -25.15510     0.00000     0.00000     0.00000     0.00000     0.00000     0.00000     0.00000     0.00000     0.00000     0.00000     0.00000     0.00000     0.00000     0.00000     0.00000     0.00000     0.00000
   -25.11210     0.00000     0.00000     0.00000     0.00000     0.00000     0.00000     0.00000     0.00000     0.00000     0.00000     0.00000     0.00000     0.00000     0.00000     0.00000     0.00000     0.00000
   -25.06910     0.00000     0.00000     0.00000     0.00000     0.00000     0.00000     0.00000     0.00000     0.00000     0.00000     0.00000     0.00000     0.00000     0.00000     0.00000     0.00000     0.00000
   -25.02710     0.00000     0.00000     0.00000     0.00000     0.00000     0.00000     0.00000     0.00000     0.00000     0.00000     0.00000     0.00000     0.00000     0.00000     0.00000     0.00000     0.00000
   -24.98410     0.00000     0.00000     0.00000     0.00000     0.00000     0.00000     0.00000     0.00000     0.00000     0.00000     0.00000     0.00000     0.00000     0.00000     0.00000     0.00000     0.00000
   -24.94110     0.00000     0.00000     0.00000     0.00000     0.00000     0.00000     0.00000     0.00000     0.00000     0.00000     0.00000     0.00000     0.00000     0.00000     0.00000     0.00000     0.00000
   -24.89910     0.00000     0.00000     0.00000     0.00000     0.00000     0.00000     0.00000     0.00000     0.00000     0.00000     0.00000     0.00000     0.00000     0.00000     0.00000     0.00000     0.00000
   -24.85610     0.00000     0.00000     0.00000     0.00000     0.00000     0.00000     0.00000     0.00000     0.00000     0.00000     0.00000     0.00000     0.00000     0.00000     0.00000     0.00000     0.00000
   -24.81310     0.00000     0.00000     0.00000     0.00000     0.00000     0.00000     0.00000     0.00000     0.00000     0.00000     0.00000     0.00000     0.00000     0.00000     0.00000     0.00000     0.00000
   -24.77110     0.00000     0.00000     0.00000     0.00000     0.00000     0.00000     0.00000     0.00000     0.00000     0.00000     0.00000     0.00000     0.00000     0.00000     0.00000     0.00000     0.00000
   -24.72810     0.00000     0.00000     0.00000     0.00000     0.00000     0.00000     0.00000     0.00000     0.00000     0.00000     0.00000     0.00000     0.00000     0.00000     0.00000     0.00000     0.00000
   -24.68510     0.00000     0.00000     0.00000     0.00000     0.00000     0.00000     0.00000     0.00000     0.00000     0.00000     0.00000     0.00000     0.00000     0.00000     0.00000     0.00000     0.00000
   -24.64310     0.00008     0.00000     0.00723     0.00703     0.00000     0.00000     0.00000     0.00000     0.00000     0.00000     0.00000     0.00000     0.00001     0.00000     0.00001     0.00002     0.01439
   -24.60010     0.00140     0.00008     0.02250     0.02075     0.00002     0.00001     0.00007     0.00007     0.00004     0.00000     0.00000     0.00000     0.00003     0.00000     0.00002     0.00006     0.04507
   -24.55710     0.00386     0.00037     0.03415     0.02901     0.00005     0.00003     0.00019     0.00018     0.00011     0.00000     0.00001     0.00000     0.00006     0.00000     0.00003     0.00010     0.06814
   -24.51510     0.00820     0.00137     0.04778     0.03602     0.00010     0.00006     0.00042     0.00033     0.00017     0.00001     0.00001     0.00000     0.00009     0.00000     0.00003     0.00013     0.09472
   -24.47210     0.01553     0.00489     0.06685     0.04139     0.00018     0.00013     0.00082     0.00052     0.00021     0.00002     0.00003     0.00001     0.00013     0.00001     0.00003     0.00016     0.13091
   -24.42910     0.01774     0.00470     0.06034     0.03783     0.00020     0.00019     0.00110     0.00064     0.00023     0.00003     0.00003     0.00001     0.00013     0.00001     0.00002     0.00016     0.12334
   -24.38710     0.01992     0.00469     0.05358     0.03437     0.00023     0.00026     0.00140     0.00074     0.00024     0.00003     0.00002     0.00001     0.00012     0.00001     0.00002     0.00016     0.11579
   -24.34410     0.02146     0.00449     0.04835     0.03198     0.00025     0.00031     0.00162     0.00082     0.00025     0.00003     0.00002     0.00001     0.00012     0.00001     0.00002     0.00016     0.10988
   -24.30110     0.02291     0.00464     0.04193     0.02942     0.00027     0.00035     0.00188     0.00088     0.00026     0.00003     0.00002     0.00001     0.00012     0.00001     0.00002     0.00016     0.10290
   -24.25910     0.02389     0.00472     0.03644     0.02738     0.00029     0.00039     0.00208     0.00092     0.00026     0.00003     0.00002     0.00001     0.00011     0.00001     0.00001     0.00016     0.09672
   -24.21610     0.02433     0.00509     0.03072     0.02596     0.00030     0.00042     0.00225     0.00094     0.00025     0.00004     0.00002     0.00001     0.00012     0.00001     0.00001     0.00017     0.09064
   -24.17310     0.02408     0.00571     0.02507     0.02496     0.00032     0.00043     0.00234     0.00094     0.00025     0.00004     0.00002     0.00001     0.00011     0.00002     0.00001     0.00018     0.08449
   -24.13110     0.02288     0.00639     0.02022     0.02384     0.00034     0.00042     0.00226     0.00090     0.00025     0.00004     0.00001     0.00001     0.00012     0.00002     0.00001     0.00019     0.07791
   -24.08810     0.02125     0.00813     0.01564     0.02437     0.00034     0.00041     0.00212     0.00088     0.00023     0.00005     0.00001     0.00002     0.00013     0.00004     0.00001     0.00022     0.07384
   -24.04510     0.01545     0.00952     0.01114     0.02494     0.00031     0.00034     0.00171     0.00078     0.00021     0.00006     0.00001     0.00002     0.00014     0.00006     0.00000     0.00026     0.06496
   -24.00310     0.01313     0.11870     0.00948     0.07141     0.00043     0.00218     0.00195     0.00309     0.00862     0.00112     0.00004     0.00007     0.00015     0.00014     0.00004     0.00069     0.23125
   -23.96010     0.01879     0.14200     0.01573     0.09139     0.00191     0.00562     0.00961     0.00407     0.05967     0.00147     0.00013     0.00026     0.00017     0.00034     0.00020     0.00063     0.35198
   -23.91710     0.03051     0.06709     0.01745     0.03499     0.00176     0.00587     0.00908     0.00278     0.05732     0.00095     0.00027     0.00081     0.00021     0.00023     0.00012     0.00027     0.22971
   -23.87510     0.01374     0.00629     0.01902     0.00902     0.00066     0.00031     0.00596     0.00017     0.00270     0.00009     0.00007     0.00007     0.00027     0.00004     0.00000     0.00007     0.05846
   -23.83210     0.01160     0.00611     0.02117     0.01188     0.00082     0.00044     0.00862     0.00019     0.00082     0.00004     0.00001     0.00003     0.00023     0.00005     0.00000     0.00008     0.06209
   -23.78910     0.01656     0.00746     0.02375     0.01677     0.00101     0.00054     0.01573     0.00028     0.00086     0.00005     0.00004     0.00003     0.00017     0.00005     0.00000     0.00010     0.08341
   -23.74710     0.01290     0.00760     0.02736     0.02014     0.00094     0.00065     0.01291     0.00034     0.00085     0.00006     0.00003     0.00003     0.00009     0.00004     0.00000     0.00014     0.08408
   -23.70410     0.01085     0.00704     0.03239     0.02080     0.00091     0.00069     0.01062     0.00035     0.00083     0.00006     0.00003     0.00002     0.00012     0.00004     0.00000     0.00016     0.08492
   -23.66110     0.00967     0.00612     0.03654     0.02100     0.00085     0.00068     0.00882     0.00035     0.00073     0.00005     0.00003     0.00002     0.00019     0.00004     0.00000     0.00019     0.08528
   -23.61910     0.00876     0.00461     0.04031     0.02120     0.00075     0.00063     0.00697     0.00030     0.00057     0.00005     0.00004     0.00001     0.00028     0.00004     0.00000     0.00023     0.08475
   -23.57610     0.00839     0.00256     0.04640     0.02312     0.00068     0.00055     0.00538     0.00021     0.00037     0.00004     0.00006     0.00001     0.00043     0.00006     0.00000     0.00029     0.08854
   -23.53310     0.00000     0.00000     0.00000     0.00000     0.00000     0.00000     0.00000     0.00000     0.00000     0.00000     0.00000     0.00000     0.00000     0.00000     0.00000     0.00000     0.00000
   -23.49110     0.00000     0.00000     0.00000     0.00000     0.00000     0.00000     0.00000     0.00000     0.00000     0.00000     0.00000     0.00000     0.00000     0.00000     0.00000     0.00000     0.00000
   -23.44810     0.00000     0.00000     0.00000     0.00000     0.00000     0.00000     0.00000     0.00000     0.00000     0.00000     0.00000     0.00000     0.00000     0.00000     0.00000     0.00000     0.00000
   -23.40510     0.00000     0.00000     0.00000     0.00000     0.00000     0.00000     0.00000     0.00000     0.00000     0.00000     0.00000     0.00000     0.00000     0.00000     0.00000     0.00000     0.00000
   -23.36310     0.00000     0.00000     0.00000     0.00000     0.00000     0.00000     0.00000     0.00000     0.00000     0.00000     0.00000     0.00000     0.00000     0.00000     0.00000     0.00000     0.00000
   -23.32010     0.00000     0.00000     0.00000     0.00000     0.00000     0.00000     0.00000     0.00000     0.00000     0.00000     0.00000     0.00000     0.00000     0.00000     0.00000     0.00000     0.00000
   -23.27710     0.00000     0.00000     0.00000     0.00000     0.00000     0.00000     0.00000     0.00000     0.00000     0.00000     0.00000     0.00000     0.00000     0.00000     0.00000     0.00000     0.00000
   -23.23510     0.00000     0.00000     0.00000     0.00000     0.00000     0.00000     0.00000     0.00000     0.00000     0.00000     0.00000     0.00000     0.00000     0.00000     0.00000     0.00000     0.00000
   -23.19210     0.00000     0.00000     0.00000     0.00000     0.00000     0.00000     0.00000     0.00000     0.00000     0.00000     0.00000     0.00000     0.00000     0.00000     0.00000     0.00000     0.00000
   -23.14910     0.00000     0.00000     0.00000     0.00000     0.00000     0.00000     0.00000     0.00000     0.00000     0.00000     0.00000     0.00000     0.00000     0.00000     0.00000     0.00000     0.00000
   -23.10710     0.00000     0.00000     0.00000     0.00000     0.00000     0.00000     0.00000     0.00000     0.00000     0.00000     0.00000     0.00000     0.00000     0.00000     0.00000     0.00000     0.00000
   -23.06410     0.00000     0.00000     0.00000     0.00000     0.00000     0.00000     0.00000     0.00000     0.00000     0.00000     0.00000     0.00000     0.00000     0.00000     0.00000     0.00000     0.00000
   -23.02110     0.00000     0.00000     0.00000     0.00000     0.00000     0.00000     0.00000     0.00000     0.00000     0.00000     0.00000     0.00000     0.00000     0.00000     0.00000     0.00000     0.00000
   -22.97910     0.00000     0.00000     0.00000     0.00000     0.00000     0.00000     0.00000     0.00000     0.00000     0.00000     0.00000     0.00000     0.00000     0.00000     0.00000     0.00000     0.00000
   -22.93610     0.00000     0.00000     0.00000     0.00000     0.00000     0.00000     0.00000     0.00000     0.00000     0.00000     0.00000     0.00000     0.00000     0.00000     0.00000     0.00000     0.00000
   -22.89310     0.00000     0.00000     0.00000     0.00000     0.00000     0.00000     0.00000     0.00000     0.00000     0.00000     0.00000     0.00000     0.00000     0.00000     0.00000     0.00000     0.00000
   -22.85110     0.00000     0.00000     0.00000     0.00000     0.00000     0.00000     0.00000     0.00000     0.00000     0.00000     0.00000     0.00000     0.00000     0.00000     0.00000     0.00000     0.00000
   -22.80810     0.00000     0.00000     0.00000     0.00000     0.00000     0.00000     0.00000     0.00000     0.00000     0.00000     0.00000     0.00000     0.00000     0.00000     0.00000     0.00000     0.00000
   -22.76510     0.00000     0.00000     0.00000     0.00000     0.00000     0.00000     0.00000     0.00000     0.00000     0.00000     0.00000     0.00000     0.00000     0.00000     0.00000     0.00000     0.00000
   -22.72310     0.00000     0.00000     0.00000     0.00000     0.00000     0.00000     0.00000     0.00000     0.00000     0.00000     0.00000     0.00000     0.00000     0.00000     0.00000     0.00000     0.00000
   -22.68010     0.00000     0.00000     0.00000     0.00000     0.00000     0.00000     0.00000     0.00000     0.00000     0.00000     0.00000     0.00000     0.00000     0.00000     0.00000     0.00000     0.00000
   -22.63710     0.00000     0.00000     0.00000     0.00000     0.00000     0.00000     0.00000     0.00000     0.00000     0.00000     0.00000     0.00000     0.00000     0.00000     0.00000     0.00000     0.00000
   -22.59510     0.00000     0.00000     0.00000     0.00000     0.00000     0.00000     0.00000     0.00000     0.00000     0.00000     0.00000     0.00000     0.00000     0.00000     0.00000     0.00000     0.00000
   -22.55210     0.00000     0.00000     0.00000     0.00000     0.00000     0.00000     0.00000     0.00000     0.00000     0.00000     0.00000     0.00000     0.00000     0.00000     0.00000     0.00000     0.00000
   -22.50910     0.00000     0.00000     0.00000     0.00000     0.00000     0.00000     0.00000     0.00000     0.00000     0.00000     0.00000     0.00000     0.00000     0.00000     0.00000     0.00000     0.00000
   -22.46710     0.00000     0.00000     0.00000     0.00000     0.00000     0.00000     0.00000     0.00000     0.00000     0.00000     0.00000     0.00000     0.00000     0.00000     0.00000     0.00000     0.00000
   -22.42410     0.00000     0.00000     0.00000     0.00000     0.00000     0.00000     0.00000     0.00000     0.00000     0.00000     0.00000     0.00000     0.00000     0.00000     0.00000     0.00000     0.00000
   -22.38110     0.00000     0.00000     0.00000     0.00000     0.00000     0.00000     0.00000     0.00000     0.00000     0.00000     0.00000     0.00000     0.00000     0.00000     0.00000     0.00000     0.00000
   -22.33910     0.00000     0.00000     0.00000     0.00000     0.00000     0.00000     0.00000     0.00000     0.00000     0.00000     0.00000     0.00000     0.00000     0.00000     0.00000     0.00000     0.00000
   -22.29610     0.00000     0.00000     0.00000     0.00000     0.00000     0.00000     0.00000     0.00000     0.00000     0.00000     0.00000     0.00000     0.00000     0.00000     0.00000     0.00000     0.00000
   -22.25310     0.00000     0.00000     0.00000     0.00000     0.00000     0.00000     0.00000     0.00000     0.00000     0.00000     0.00000     0.00000     0.00000     0.00000     0.00000     0.00000     0.00000
   -22.21110     0.00000     0.00000     0.00000     0.00000     0.00000     0.00000     0.00000     0.00000     0.00000     0.00000     0.00000     0.00000     0.00000     0.00000     0.00000     0.00000     0.00000
   -22.16810     0.00000     0.00000     0.00000     0.00000     0.00000     0.00000     0.00000     0.00000     0.00000     0.00000     0.00000     0.00000     0.00000     0.00000     0.00000     0.00000     0.00000
   -22.12510     0.00000     0.00000     0.00000     0.00000     0.00000     0.00000     0.00000     0.00000     0.00000     0.00000     0.00000     0.00000     0.00000     0.00000     0.00000     0.00000     0.00000
   -22.08310     0.00000     0.00000     0.00000     0.00000     0.00000     0.00000     0.00000     0.00000     0.00000     0.00000     0.00000     0.00000     0.00000     0.00000     0.00000     0.00000     0.00000
   -22.04010     0.00000     0.00000     0.00000     0.00000     0.00000     0.00000     0.00000     0.00000     0.00000     0.00000     0.00000     0.00000     0.00000     0.00000     0.00000     0.00000     0.00000
   -21.99710     0.00000     0.00000     0.00000     0.00000     0.00000     0.00000     0.00000     0.00000     0.00000     0.00000     0.00000     0.00000     0.00000     0.00000     0.00000     0.00000     0.00000
   -21.95510     0.00000     0.00000     0.00000     0.00000     0.00000     0.00000     0.00000     0.00000     0.00000     0.00000     0.00000     0.00000     0.00000     0.00000     0.00000     0.00000     0.00000
   -21.91210     0.00000     0.00000     0.00000     0.00000     0.00000     0.00000     0.00000     0.00000     0.00000     0.00000     0.00000     0.00000     0.00000     0.00000     0.00000     0.00000     0.00000
   -21.86910     0.00000     0.00000     0.00000     0.00000     0.00000     0.00000     0.00000     0.00000     0.00000     0.00000     0.00000     0.00000     0.00000     0.00000     0.00000     0.00000     0.00000
   -21.82710     0.00000     0.00000     0.00000     0.00000     0.00000     0.00000     0.00000     0.00000     0.00000     0.00000     0.00000     0.00000     0.00000     0.00000     0.00000     0.00000     0.00000
   -21.78410     0.00000     0.00000     0.00000     0.00000     0.00000     0.00000     0.00000     0.00000     0.00000     0.00000     0.00000     0.00000     0.00000     0.00000     0.00000     0.00000     0.00000
   -21.74110     0.00000     0.00000     0.00000     0.00000     0.00000     0.00000     0.00000     0.00000     0.00000     0.00000     0.00000     0.00000     0.00000     0.00000     0.00000     0.00000     0.00000
   -21.69910     0.00000     0.00000     0.00000     0.00000     0.00000     0.00000     0.00000     0.00000     0.00000     0.00000     0.00000     0.00000     0.00000     0.00000     0.00000     0.00000     0.00000
   -21.65610     0.00000     0.00000     0.00000     0.00000     0.00000     0.00000     0.00000     0.00000     0.00000     0.00000     0.00000     0.00000     0.00000     0.00000     0.00000     0.00000     0.00000
   -21.61310     0.00000     0.00000     0.00000     0.00000     0.00000     0.00000     0.00000     0.00000     0.00000     0.00000     0.00000     0.00000     0.00000     0.00000     0.00000     0.00000     0.00000
   -21.57110     0.00000     0.00000     0.00000     0.00000     0.00000     0.00000     0.00000     0.00000     0.00000     0.00000     0.00000     0.00000     0.00000     0.00000     0.00000     0.00000     0.00000
   -21.52810     0.00000     0.00000     0.00000     0.00000     0.00000     0.00000     0.00000     0.00000     0.00000     0.00000     0.00000     0.00000     0.00000     0.00000     0.00000     0.00000     0.00000
   -21.48510     0.00000     0.00000     0.00000     0.00000     0.00000     0.00000     0.00000     0.00000     0.00000     0.00000     0.00000     0.00000     0.00000     0.00000     0.00000     0.00000     0.00000
   -21.44310     0.00246     0.96130     0.23750     0.28920     0.00453     0.00138     0.01002     0.00628     0.00173     0.00010     0.00002     0.00011     0.00036     0.00010     0.00004     0.00011     1.51524
   -21.40010     0.00739     0.98290     0.21020     0.26300     0.00426     0.00184     0.01107     0.00772     0.00149     0.00012     0.00004     0.00009     0.00024     0.00006     0.00003     0.00014     1.49059
   -21.35710     0.01072     0.61590     0.17130     0.21750     0.00382     0.00179     0.00785     0.00437     0.00055     0.00009     0.00005     0.00006     0.00017     0.00004     0.00001     0.00013     1.03436
   -21.31510     0.01279     0.46490     0.14240     0.18180     0.00346     0.00170     0.00638     0.00325     0.00029     0.00008     0.00006     0.00004     0.00013     0.00003     0.00001     0.00011     0.81743
   -21.27210     0.01427     0.38540     0.12420     0.16000     0.00324     0.00165     0.00557     0.00267     0.00019     0.00006     0.00007     0.00003     0.00012     0.00003     0.00001     0.00010     0.69763
   -21.22910     0.01527     0.32200     0.10680     0.14040     0.00307     0.00159     0.00494     0.00229     0.00012     0.00006     0.00007     0.00002     0.00010     0.00002     0.00001     0.00009     0.59686
   -21.18710     0.01589     0.27790     0.09194     0.12330     0.00295     0.00150     0.00448     0.00201     0.00009     0.00005     0.00008     0.00002     0.00009     0.00002     0.00000     0.00008     0.52039
   -21.14410     0.01531     0.23190     0.06999     0.09994     0.00285     0.00145     0.00410     0.00181     0.00007     0.00004     0.00007     0.00001     0.00008     0.00002     0.00000     0.00007     0.42770
   -21.10110     0.01510     0.20190     0.05837     0.08696     0.00282     0.00142     0.00378     0.00164     0.00005     0.00003     0.00007     0.00001     0.00007     0.00001     0.00000     0.00006     0.37229
   -21.05910     0.01499     0.18010     0.05176     0.07848     0.00284     0.00137     0.00352     0.00150     0.00005     0.00003     0.00007     0.00001     0.00006     0.00001     0.00000     0.00005     0.33485
   -21.01610     0.01484     0.16180     0.04608     0.07129     0.00290     0.00140     0.00330     0.00144     0.00005     0.00002     0.00007     0.00001     0.00005     0.00001     0.00000     0.00005     0.30331
   -20.97310     0.01462     0.14620     0.04162     0.06513     0.00297     0.00137     0.00308     0.00135     0.00005     0.00002     0.00007     0.00001     0.00005     0.00001     0.00000     0.00004     0.27659
   -20.93110     0.01445     0.19030     0.03953     0.12560     0.00310     0.00261     0.00291     0.00258     0.00024     0.00002     0.00007     0.00001     0.00005     0.00001     0.00007     0.00004     0.38158
   -20.88810     0.01471     0.44210     0.06376     0.43640     0.00377     0.00792     0.00282     0.00841     0.00096     0.00004     0.00007     0.00004     0.00005     0.00005     0.00036     0.00008     0.98156
   -20.84510     0.01535     0.60790     0.18440     0.53590     0.00587     0.00926     0.00286     0.01170     0.00121     0.00005     0.00008     0.00007     0.00006     0.00016     0.00048     0.00011     1.37546
   -20.80310     0.01650     0.53270     0.27580     0.47420     0.00732     0.00795     0.00291     0.01029     0.00105     0.00005     0.00009     0.00007     0.00006     0.00021     0.00040     0.00010     1.32970
   -20.76010     0.01707     0.48200     0.31880     0.45280     0.00805     0.00758     0.00291     0.00961     0.00106     0.00005     0.00010     0.00007     0.00006     0.00023     0.00036     0.00009     1.30083
   -20.71710     0.01727     0.43180     0.36660     0.43760     0.00868     0.00721     0.00279     0.00872     0.00098     0.00005     0.00011     0.00008     0.00006     0.00026     0.00031     0.00007     1.28260
   -20.67510     0.01897     0.38540     0.39280     0.44200     0.00927     0.00715     0.00275     0.00786     0.00094     0.00005     0.00012     0.00009     0.00007     0.00027     0.00029     0.00006     1.26807
   -20.63210     0.01656     0.33960     0.39470     0.46060     0.00806     0.00732     0.00220     0.00702     0.00090     0.00005     0.00012     0.00009     0.00006     0.00028     0.00027     0.00005     1.23788
   -20.58910     0.01434     0.30510     0.39460     0.48120     0.00674     0.00777     0.00160     0.00642     0.00084     0.00005     0.00012     0.00010     0.00006     0.00030     0.00024     0.00005     1.21953
   -20.54710     0.01415     0.28440     0.39110     0.52320     0.00594     0.00856     0.00127     0.00617     0.00077     0.00006     0.00012     0.00012     0.00006     0.00031     0.00023     0.00005     1.23648
   -20.50410     0.01463     0.28300     0.39280     0.60700     0.00566     0.01105     0.00102     0.00681     0.00068     0.00007     0.00013     0.00013     0.00006     0.00033     0.00021     0.00006     1.32365
   -20.46110     0.01619     0.29340     0.37030     0.59450     0.00463     0.00902     0.00089     0.00735     0.00057     0.00007     0.00014     0.00015     0.00005     0.00033     0.00019     0.00005     1.29784
   -20.41910     0.01865     0.32110     0.38510     0.62680     0.00514     0.00823     0.00091     0.00828     0.00055     0.00007     0.00017     0.00019     0.00005     0.00035     0.00018     0.00005     1.37581
   -20.37610     0.01789     0.27170     0.27160     0.54350     0.00335     0.00632     0.00082     0.00627     0.00042     0.00006     0.00018     0.00018     0.00003     0.00027     0.00010     0.00004     1.12274
   -20.33310     0.01982     0.23880     0.22910     0.42660     0.00291     0.00455     0.00086     0.00481     0.00030     0.00006     0.00020     0.00019     0.00003     0.00020     0.00005     0.00004     0.92851
   -20.29110     0.02250     0.12190     0.22850     0.11680     0.00282     0.00170     0.00097     0.00303     0.00025     0.00005     0.00023     0.00015     0.00003     0.00006     0.00003     0.00004     0.49906
   -20.24810     0.02502     0.11130     0.23190     0.11620     0.00263     0.00153     0.00109     0.00252     0.00023     0.00005     0.00026     0.00015     0.00002     0.00006     0.00003     0.00003     0.49304
   -20.20510     0.02802     0.10540     0.23730     0.11700     0.00245     0.00145     0.00124     0.00218     0.00020     0.00006     0.00030     0.00016     0.00002     0.00006     0.00003     0.00003     0.49591
   -20.16310     0.03068     0.09664     0.24150     0.11480     0.00227     0.00127     0.00135     0.00182     0.00018     0.00006     0.00033     0.00016     0.00002     0.00007     0.00003     0.00003     0.49122
   -20.12010     0.03287     0.08618     0.24280     0.11100     0.00206     0.00111     0.00145     0.00146     0.00016     0.00006     0.00036     0.00017     0.00002     0.00007     0.00003     0.00003     0.47983
   -20.07710     0.03581     0.08327     0.24920     0.11000     0.00193     0.00099     0.00154     0.00131     0.00015     0.00006     0.00040     0.00018     0.00002     0.00007     0.00003     0.00003     0.48498
   -20.03510     0.03717     0.07207     0.24840     0.10480     0.00169     0.00082     0.00150     0.00101     0.00013     0.00006     0.00042     0.00018     0.00002     0.00008     0.00003     0.00003     0.46841
   -19.99210     0.03964     0.06864     0.25270     0.10350     0.00154     0.00075     0.00154     0.00089     0.00012     0.00006     0.00045     0.00019     0.00002     0.00008     0.00003     0.00003     0.47017
   -19.94910     0.04091     0.05988     0.25160     0.09737     0.00129     0.00064     0.00151     0.00069     0.00010     0.00006     0.00047     0.00019     0.00002     0.00009     0.00002     0.00002     0.45486
   -19.90710     0.04221     0.05332     0.25070     0.09112     0.00116     0.00052     0.00146     0.00055     0.00009     0.00006     0.00048     0.00020     0.00001     0.00009     0.00002     0.00002     0.44202
   -19.86410     0.04413     0.04796     0.25160     0.08776     0.00098     0.00045     0.00142     0.00045     0.00008     0.00006     0.00051     0.00021     0.00001     0.00010     0.00002     0.00002     0.43574
   -19.82110     0.04521     0.04197     0.26740     0.08245     0.00091     0.00036     0.00137     0.00035     0.00007     0.00006     0.00052     0.00021     0.00003     0.00010     0.00002     0.00002     0.44105
   -19.77910     0.04644     0.03682     0.29230     0.07764     0.00089     0.00032     0.00136     0.00028     0.00007     0.00006     0.00053     0.00022     0.00004     0.00010     0.00002     0.00001     0.45710
   -19.73610     0.04790     0.03200     0.30350     0.07398     0.00083     0.00029     0.00130     0.00022     0.00006     0.00006     0.00055     0.00023     0.00005     0.00010     0.00002     0.00001     0.46109
   -19.69310     0.04897     0.02733     0.31380     0.06916     0.00081     0.00028     0.00124     0.00018     0.00005     0.00006     0.00056     0.00023     0.00006     0.00010     0.00001     0.00001     0.46286
   -19.65110     0.05015     0.02277     0.32840     0.06384     0.00081     0.00027     0.00120     0.00014     0.00005     0.00006     0.00057     0.00024     0.00007     0.00010     0.00001     0.00001     0.46868
   -19.60810     0.04143     0.01815     0.27940     0.05862     0.00084     0.00027     0.00098     0.00011     0.00004     0.00005     0.00046     0.00020     0.00008     0.00006     0.00001     0.00000     0.40071
   -19.56510     0.03116     0.01585     0.22680     0.05280     0.00093     0.00028     0.00077     0.00010     0.00003     0.00005     0.00034     0.00015     0.00009     0.00003     0.00001     0.00000     0.32939
   -19.52310     0.02565     0.01433     0.21220     0.04926     0.00106     0.00031     0.00067     0.00010     0.00002     0.00004     0.00027     0.00012     0.00010     0.00002     0.00001     0.00000     0.30415
   -19.48010     0.02150     0.01407     0.21370     0.04706     0.00121     0.00034     0.00064     0.00010     0.00001     0.00003     0.00022     0.00010     0.00011     0.00001     0.00000     0.00000     0.29911
   -19.43710     0.01663     0.01401     0.22190     0.04549     0.00137     0.00038     0.00061     0.00011     0.00001     0.00003     0.00016     0.00007     0.00012     0.00001     0.00000     0.00000     0.30090
   -19.39510     0.01348     0.01546     0.24570     0.04831     0.00163     0.00044     0.00064     0.00012     0.00000     0.00002     0.00011     0.00006     0.00014     0.00001     0.00000     0.00000     0.32613
   -19.35210     0.00737     0.01746     0.27660     0.05285     0.00191     0.00050     0.00069     0.00014     0.00000     0.00001     0.00004     0.00003     0.00016     0.00001     0.00000     0.00000     0.35776
   -19.30910     0.00657     0.02037     0.31730     0.06129     0.00217     0.00056     0.00076     0.00016     0.00000     0.00000     0.00002     0.00002     0.00017     0.00001     0.00000     0.00000     0.40942
   -19.26710     0.00756     0.02402     0.39100     0.07394     0.00248     0.00064     0.00085     0.00019     0.00000     0.00001     0.00003     0.00002     0.00019     0.00001     0.00000     0.00001     0.50094
   -19.22410     0.00903     0.02931     0.49320     0.09338     0.00284     0.00080     0.00093     0.00024     0.00001     0.00001     0.00004     0.00003     0.00021     0.00001     0.00000     0.00002     0.63005
   -19.18110     0.01068     0.03508     0.51150     0.11650     0.00312     0.00098     0.00101     0.00029     0.00001     0.00001     0.00005     0.00003     0.00022     0.00002     0.00000     0.00002     0.67952
   -19.13910     0.01260     0.04060     0.49300     0.13650     0.00334     0.00113     0.00107     0.00035     0.00001     0.00002     0.00006     0.00004     0.00023     0.00002     0.00000     0.00004     0.68902
   -19.09610     0.01650     0.05652     0.52950     0.17800     0.00375     0.00162     0.00113     0.00061     0.00002     0.00004     0.00008     0.00005     0.00024     0.00003     0.00000     0.00007     0.78817
   -19.05310     0.01950     0.06953     0.52250     0.20270     0.00400     0.00184     0.00117     0.00084     0.00003     0.00006     0.00010     0.00006     0.00024     0.00003     0.00001     0.00008     0.82269
   -19.01110     0.02110     0.07487     0.54720     0.22420     0.00407     0.00193     0.00120     0.00092     0.00004     0.00006     0.00012     0.00006     0.00025     0.00003     0.00001     0.00009     0.87616
   -18.96810     0.02269     0.07829     0.58150     0.25910     0.00400     0.00190     0.00125     0.00095     0.00005     0.00007     0.00015     0.00007     0.00025     0.00003     0.00001     0.00010     0.95042
   -18.92510     0.02469     0.07519     0.57710     0.29690     0.00378     0.00186     0.00123     0.00088     0.00007     0.00008     0.00019     0.00009     0.00024     0.00004     0.00001     0.00011     0.98245
   -18.88310     0.02509     0.06769     0.54640     0.29020     0.00359     0.00179     0.00121     0.00073     0.00009     0.00009     0.00021     0.00009     0.00022     0.00004     0.00001     0.00012     0.93757
   -18.84010     0.02643     0.06347     0.52820     0.29370     0.00342     0.00183     0.00116     0.00065     0.00014     0.00010     0.00024     0.00010     0.00021     0.00004     0.00001     0.00013     0.91984
   -18.79710     0.02780     0.06219     0.51210     0.29280     0.00316     0.00184     0.00107     0.00063     0.00018     0.00011     0.00027     0.00011     0.00020     0.00004     0.00001     0.00015     0.90266
   -18.75510     0.02920     0.06024     0.50690     0.29850     0.00302     0.00191     0.00100     0.00060     0.00022     0.00012     0.00030     0.00012     0.00019     0.00004     0.00001     0.00016     0.90253
   -18.71210     0.02990     0.05818     0.49800     0.29170     0.00294     0.00197     0.00093     0.00056     0.00024     0.00013     0.00031     0.00012     0.00019     0.00004     0.00001     0.00018     0.88541
   -18.66910     0.03137     0.05673     0.50670     0.29290     0.00284     0.00205     0.00086     0.00053     0.00026     0.00015     0.00034     0.00013     0.00018     0.00004     0.00002     0.00020     0.89530
   -18.62710     0.03162     0.05681     0.50110     0.27870     0.00269     0.00208     0.00080     0.00054     0.00026     0.00016     0.00035     0.00013     0.00018     0.00004     0.00002     0.00022     0.87569
   -18.58410     0.03272     0.05843     0.51390     0.27190     0.00255     0.00208     0.00075     0.00056     0.00025     0.00018     0.00037     0.00013     0.00017     0.00003     0.00002     0.00024     0.88428
   -18.54110     0.03247     0.06028     0.51090     0.25210     0.00248     0.00205     0.00071     0.00057     0.00022     0.00020     0.00037     0.00012     0.00017     0.00003     0.00002     0.00026     0.86295
   -18.49910     0.02777     0.05506     0.43490     0.21520     0.00239     0.00177     0.00065     0.00050     0.00017     0.00018     0.00033     0.00011     0.00017     0.00003     0.00002     0.00023     0.73947
   -18.45610     0.02213     0.15110     0.38790     0.26340     0.00314     0.00328     0.00061     0.00260     0.00014     0.00021     0.00027     0.00014     0.00020     0.00006     0.00002     0.00024     0.83542
   -18.41310     0.01888     0.21370     0.36560     0.27780     0.00366     0.00402     0.00058     0.00421     0.00014     0.00024     0.00023     0.00016     0.00022     0.00008     0.00003     0.00025     0.88981
   -18.37110     0.01589     0.25030     0.33100     0.28670     0.00374     0.00460     0.00058     0.00528     0.00016     0.00026     0.00020     0.00018     0.00022     0.00011     0.00005     0.00026     0.89952
   -18.32810     0.01336     0.27790     0.30310     0.30200     0.00379     0.00529     0.00058     0.00612     0.00022     0.00028     0.00016     0.00020     0.00022     0.00014     0.00007     0.00026     0.91370
   -18.28510     0.01123     0.31030     0.28530     0.30840     0.00398     0.00565     0.00060     0.00704     0.00030     0.00030     0.00014     0.00023     0.00023     0.00017     0.00010     0.00026     0.93423
   -18.24310     0.00903     0.33810     0.26550     0.31730     0.00404     0.00610     0.00062     0.00782     0.00044     0.00031     0.00011     0.00025     0.00023     0.00021     0.00013     0.00026     0.95044
   -18.20010     0.00731     0.37600     0.25280     0.33020     0.00415     0.00653     0.00067     0.00879     0.00063     0.00033     0.00008     0.00029     0.00023     0.00025     0.00017     0.00025     0.98868
   -18.15710     0.00574     0.41240     0.23860     0.34470     0.00417     0.00698     0.00070     0.00967     0.00084     0.00034     0.00006     0.00032     0.00023     0.00031     0.00021     0.00024     1.02551
   -18.11510     0.00444     0.46070     0.22310     0.36020     0.00409     0.00736     0.00075     0.01075     0.00113     0.00036     0.00004     0.00036     0.00022     0.00038     0.00027     0.00023     1.07438
   -18.07210     0.00375     0.52950     0.20680     0.39460     0.00385     0.00808     0.00076     0.01215     0.00158     0.00038     0.00003     0.00042     0.00020     0.00048     0.00036     0.00021     1.16316
   -18.02910     0.00348     0.67750     0.15970     0.51840     0.00297     0.01052     0.00060     0.01499     0.00277     0.00038     0.00002     0.00061     0.00014     0.00071     0.00059     0.00018     1.39357
   -17.98710     0.00396     0.71800     0.17110     0.49590     0.00320     0.00987     0.00078     0.01533     0.00292     0.00041     0.00003     0.00059     0.00015     0.00078     0.00061     0.00015     1.42379
   -17.94410     0.00436     0.71800     0.17870     0.51210     0.00349     0.00999     0.00092     0.01472     0.00307     0.00038     0.00003     0.00060     0.00016     0.00083     0.00064     0.00014     1.44814
   -17.90110     0.00511     0.72500     0.19010     0.53260     0.00380     0.01025     0.00113     0.01415     0.00318     0.00036     0.00004     0.00061     0.00017     0.00088     0.00068     0.00014     1.48821
   -17.85910     0.00574     0.73280     0.20250     0.55460     0.00427     0.01043     0.00140     0.01356     0.00329     0.00034     0.00005     0.00062     0.00018     0.00094     0.00071     0.00014     1.53157
   -17.81610     0.00639     0.74350     0.21590     0.58460     0.00480     0.01083     0.00172     0.01297     0.00338     0.00032     0.00005     0.00063     0.00019     0.00101     0.00075     0.00015     1.58719
   -17.77310     0.00756     0.75510     0.23270     0.62460     0.00556     0.01127     0.00219     0.01223     0.00342     0.00029     0.00007     0.00063     0.00020     0.00109     0.00079     0.00015     1.65784
   -17.73110     0.00880     0.77150     0.25300     0.67780     0.00657     0.01190     0.00278     0.01153     0.00345     0.00026     0.00008     0.00064     0.00022     0.00118     0.00083     0.00016     1.75070
   -17.68810     0.01011     0.76100     0.27180     0.72800     0.00766     0.01244     0.00343     0.01037     0.00327     0.00021     0.00009     0.00063     0.00023     0.00125     0.00083     0.00017     1.81150
   -17.64510     0.01373     0.74830     0.31300     0.81400     0.00931     0.01321     0.00426     0.00902     0.00295     0.00017     0.00013     0.00061     0.00025     0.00133     0.00082     0.00019     1.93128
   -17.60310     0.01721     0.70920     0.31990     0.82140     0.00911     0.01235     0.00463     0.00754     0.00254     0.00014     0.00016     0.00058     0.00025     0.00117     0.00062     0.00019     1.90700
   -17.56010     0.01774     0.72240     0.34120     0.82520     0.00962     0.01191     0.00611     0.00658     0.00243     0.00012     0.00016     0.00056     0.00029     0.00104     0.00046     0.00019     1.94601
   -17.51710     0.01880     1.05600     0.42530     0.90750     0.01220     0.01289     0.01438     0.00742     0.00412     0.00014     0.00017     0.00060     0.00035     0.00104     0.00039     0.00020     2.46150
   -17.47510     0.02272     2.02100     0.75930     1.32400     0.02417     0.01820     0.03968     0.01097     0.00789     0.00016     0.00020     0.00083     0.00058     0.00129     0.00042     0.00028     4.23170
   -17.43210     0.01063     1.83100     0.37160     1.21200     0.01239     0.02033     0.02956     0.01090     0.00794     0.00007     0.00009     0.00126     0.00014     0.00152     0.00032     0.00020     3.50994
   -17.38910     0.00256     0.81000     0.06882     0.57250     0.00349     0.00843     0.00860     0.00599     0.00248     0.00003     0.00002     0.00085     0.00002     0.00089     0.00018     0.00005     1.48490
   -17.34710     0.00136     0.54470     0.02617     0.40880     0.00187     0.00532     0.00432     0.00431     0.00124     0.00001     0.00001     0.00067     0.00001     0.00067     0.00012     0.00003     0.99962
   -17.30410     0.00082     0.38340     0.01093     0.30320     0.00106     0.00350     0.00227     0.00322     0.00067     0.00001     0.00000     0.00052     0.00000     0.00051     0.00008     0.00001     0.71021
   -17.26110     0.00046     0.27390     0.00456     0.22930     0.00056     0.00241     0.00115     0.00233     0.00034     0.00001     0.00000     0.00040     0.00000     0.00039     0.00004     0.00001     0.51586
   -17.21910     0.00021     0.18720     0.00147     0.15800     0.00023     0.00155     0.00047     0.00158     0.00015     0.00000     0.00000     0.00029     0.00000     0.00027     0.00002     0.00000     0.35145
   -17.17610     0.00005     0.09069     0.00025     0.08101     0.00005     0.00072     0.00010     0.00077     0.00003     0.00000     0.00000     0.00015     0.00000     0.00014     0.00000     0.00000     0.17396
   -17.13310     0.00000     0.00000     0.00000     0.00000     0.00000     0.00000     0.00000     0.00000     0.00000     0.00000     0.00000     0.00000     0.00000     0.00000     0.00000     0.00000     0.00000
   -17.09110     0.00000     0.00000     0.00000     0.00000     0.00000     0.00000     0.00000     0.00000     0.00000     0.00000     0.00000     0.00000     0.00000     0.00000     0.00000     0.00000     0.00000
   -17.04810     0.00000     0.00000     0.00000     0.00000     0.00000     0.00000     0.00000     0.00000     0.00000     0.00000     0.00000     0.00000     0.00000     0.00000     0.00000     0.00000     0.00000
   -17.00510     0.00000     0.00000     0.00000     0.00000     0.00000     0.00000     0.00000     0.00000     0.00000     0.00000     0.00000     0.00000     0.00000     0.00000     0.00000     0.00000     0.00000
   -16.96310     0.00000     0.00000     0.00000     0.00000     0.00000     0.00000     0.00000     0.00000     0.00000     0.00000     0.00000     0.00000     0.00000     0.00000     0.00000     0.00000     0.00000
   -16.92010     0.00000     0.00000     0.00000     0.00000     0.00000     0.00000     0.00000     0.00000     0.00000     0.00000     0.00000     0.00000     0.00000     0.00000     0.00000     0.00000     0.00000
   -16.87710     0.00000     0.00000     0.00000     0.00000     0.00000     0.00000     0.00000     0.00000     0.00000     0.00000     0.00000     0.00000     0.00000     0.00000     0.00000     0.00000     0.00000
   -16.83510     0.00000     0.00000     0.00000     0.00000     0.00000     0.00000     0.00000     0.00000     0.00000     0.00000     0.00000     0.00000     0.00000     0.00000     0.00000     0.00000     0.00000
   -16.79210     0.00000     0.00000     0.00000     0.00000     0.00000     0.00000     0.00000     0.00000     0.00000     0.00000     0.00000     0.00000     0.00000     0.00000     0.00000     0.00000     0.00000
   -16.74910     0.00000     0.00000     0.00000     0.00000     0.00000     0.00000     0.00000     0.00000     0.00000     0.00000     0.00000     0.00000     0.00000     0.00000     0.00000     0.00000     0.00000
   -16.70710     0.00000     0.00000     0.00000     0.00000     0.00000     0.00000     0.00000     0.00000     0.00000     0.00000     0.00000     0.00000     0.00000     0.00000     0.00000     0.00000     0.00000
   -16.66410     0.00000     0.00000     0.00000     0.00000     0.00000     0.00000     0.00000     0.00000     0.00000     0.00000     0.00000     0.00000     0.00000     0.00000     0.00000     0.00000     0.00000
   -16.62110     0.00000     0.00000     0.00000     0.00000     0.00000     0.00000     0.00000     0.00000     0.00000     0.00000     0.00000     0.00000     0.00000     0.00000     0.00000     0.00000     0.00000
   -16.57910     0.00000     0.00000     0.00000     0.00000     0.00000     0.00000     0.00000     0.00000     0.00000     0.00000     0.00000     0.00000     0.00000     0.00000     0.00000     0.00000     0.00000
   -16.53610     0.00011     0.00000     0.00001     0.00000     0.00000     0.00000     0.00000     0.00000     0.00000     0.00000     0.00000     0.00000     0.00000     0.00000     0.00000     0.00000     0.00012
   -16.49310     0.00066     0.00001     0.00003     0.00001     0.00000     0.00000     0.00000     0.00000     0.00000     0.00000     0.00000     0.00000     0.00000     0.00000     0.00000     0.00000     0.00072
   -16.45110     0.00166     0.00003     0.00008     0.00003     0.00000     0.00000     0.00000     0.00000     0.00000     0.00000     0.00000     0.00000     0.00000     0.00000     0.00000     0.00000     0.00180
   -16.40810     0.00178     0.00008     0.00011     0.00008     0.00000     0.00000     0.00000     0.00000     0.00000     0.00000     0.00000     0.00000     0.00000     0.00000     0.00000     0.00000     0.00206
   -16.36510     0.00212     0.00010     0.00017     0.00010     0.00001     0.00000     0.00000     0.00000     0.00000     0.00000     0.00000     0.00000     0.00000     0.00000     0.00000     0.00000     0.00250
   -16.32310     0.00248     0.00012     0.00024     0.00012     0.00001     0.00000     0.00000     0.00000     0.00000     0.00000     0.00000     0.00000     0.00000     0.00000     0.00000     0.00000     0.00297
   -16.28010     0.00286     0.00014     0.00031     0.00014     0.00001     0.00000     0.00000     0.00000     0.00000     0.00000     0.00000     0.00000     0.00000     0.00000     0.00000     0.00000     0.00347
   -16.23710     0.00324     0.00017     0.00038     0.00017     0.00001     0.00001     0.00000     0.00001     0.00000     0.00000     0.00000     0.00000     0.00000     0.00000     0.00000     0.00000     0.00399
   -16.19510     0.00357     0.00022     0.00046     0.00021     0.00002     0.00001     0.00000     0.00001     0.00000     0.00000     0.00000     0.00000     0.00000     0.00000     0.00000     0.00000     0.00449
   -16.15210     0.00384     0.00029     0.00054     0.00026     0.00002     0.00001     0.00000     0.00001     0.00000     0.00000     0.00000     0.00000     0.00000     0.00000     0.00000     0.00000     0.00498
   -16.10910     0.00415     0.00033     0.00065     0.00029     0.00002     0.00001     0.00000     0.00001     0.00000     0.00000     0.00001     0.00000     0.00000     0.00000     0.00000     0.00000     0.00547
   -16.06710     0.00447     0.00036     0.00077     0.00031     0.00003     0.00001     0.00000     0.00001     0.00000     0.00000     0.00001     0.00000     0.00000     0.00000     0.00000     0.00000     0.00597
   -16.02410     0.00480     0.00040     0.00088     0.00033     0.00003     0.00001     0.00000     0.00001     0.00000     0.00000     0.00001     0.00000     0.00000     0.00000     0.00000     0.00000     0.00648
   -15.98110     0.00513     0.00043     0.00100     0.00036     0.00004     0.00001     0.00000     0.00002     0.00000     0.00000     0.00001     0.00000     0.00000     0.00000     0.00000     0.00000     0.00700
   -15.93910     0.00547     0.00046     0.00112     0.00039     0.00004     0.00001     0.00000     0.00002     0.00000     0.00000     0.00001     0.00000     0.00000     0.00000     0.00000     0.00000     0.00753
   -15.89610     0.00582     0.00054     0.00125     0.00044     0.00005     0.00002     0.00000     0.00002     0.00000     0.00000     0.00001     0.00000     0.00000     0.00000     0.00000     0.00000     0.00815
   -15.85310     0.00617     0.00061     0.00139     0.00048     0.00006     0.00002     0.00000     0.00002     0.00000     0.00000     0.00001     0.00000     0.00000     0.00000     0.00000     0.00000     0.00875
   -15.81110     0.00653     0.00068     0.00152     0.00052     0.00006     0.00002     0.00000     0.00002     0.00000     0.00000     0.00001     0.00000     0.00000     0.00000     0.00000     0.00000     0.00936
   -15.76810     0.00688     0.00076     0.00165     0.00056     0.00007     0.00002     0.00000     0.00003     0.00000     0.00000     0.00001     0.00000     0.00000     0.00000     0.00000     0.00000     0.00999
   -15.72510     0.00724     0.00082     0.00180     0.00060     0.00008     0.00002     0.00001     0.00003     0.00000     0.00000     0.00001     0.00000     0.00000     0.00000     0.00000     0.00000     0.01060
   -15.68310     0.00759     0.00087     0.00196     0.00063     0.00008     0.00002     0.00001     0.00003     0.00000     0.00000     0.00001     0.00000     0.00000     0.00000     0.00000     0.00000     0.01120
   -15.64010     0.00795     0.00091     0.00211     0.00066     0.00009     0.00002     0.00001     0.00003     0.00000     0.00000     0.00001     0.00000     0.00000     0.00000     0.00000     0.00000     0.01180
   -15.59710     0.00831     0.00095     0.00227     0.00069     0.00010     0.00002     0.00001     0.00003     0.00000     0.00000     0.00001     0.00000     0.00000     0.00000     0.00000     0.00000     0.01241
   -15.55510     0.00869     0.00101     0.00242     0.00075     0.00011     0.00003     0.00001     0.00004     0.00000     0.00000     0.00001     0.00000     0.00000     0.00000     0.00000     0.00000     0.01308
   -15.51210     0.00913     0.00111     0.00253     0.00089     0.00011     0.00003     0.00001     0.00004     0.00000     0.00000     0.00001     0.00000     0.00000     0.00000     0.00000     0.00000     0.01388
   -15.46910     0.00955     0.00120     0.00267     0.00098     0.00012     0.00004     0.00001     0.00004     0.00000     0.00000     0.00001     0.00000     0.00000     0.00000     0.00000     0.00000     0.01463
   -15.42710     0.00996     0.00128     0.00281     0.00105     0.00013     0.00004     0.00002     0.00005     0.00000     0.00000     0.00002     0.00000     0.00000     0.00000     0.00000     0.00000     0.01537
   -15.38410     0.01038     0.00137     0.00297     0.00111     0.00014     0.00004     0.00002     0.00005     0.00000     0.00000     0.00002     0.00000     0.00000     0.00000     0.00000     0.00000     0.01611
   -15.34110     0.01080     0.00146     0.00312     0.00118     0.00015     0.00005     0.00002     0.00006     0.00000     0.00000     0.00002     0.00000     0.00000     0.00000     0.00000     0.00000     0.01685
   -15.29910     0.01122     0.00154     0.00327     0.00126     0.00016     0.00005     0.00002     0.00006     0.00000     0.00000     0.00002     0.00000     0.00000     0.00000     0.00000     0.00000     0.01759
   -15.25610     0.01163     0.00160     0.00343     0.00132     0.00017     0.00005     0.00002     0.00006     0.00000     0.00000     0.00002     0.00000     0.00000     0.00000     0.00000     0.00000     0.01831
   -15.21310     0.01204     0.00166     0.00360     0.00139     0.00018     0.00006     0.00003     0.00006     0.00000     0.00000     0.00002     0.00000     0.00000     0.00000     0.00000     0.00000     0.01903
   -15.17110     0.01251     0.00173     0.00376     0.00149     0.00019     0.00006     0.00003     0.00007     0.00000     0.00000     0.00002     0.00000     0.00000     0.00000     0.00000     0.00000     0.01987
   -15.12810     0.01300     0.00183     0.00385     0.00167     0.00020     0.00007     0.00004     0.00007     0.00002     0.00000     0.00002     0.00000     0.00000     0.00000     0.00000     0.00000     0.02076
   -15.08510     0.01349     0.00197     0.00398     0.00188     0.00021     0.00008     0.00379     0.00008     0.00402     0.00000     0.00002     0.00000     0.00000     0.00000     0.00000     0.00000     0.02953
   -15.04310     0.01396     0.00216     0.00417     0.00205     0.00022     0.00009     0.00371     0.00009     0.00661     0.00000     0.00002     0.00000     0.00000     0.00000     0.00001     0.00000     0.03310
   -15.00010     0.01438     0.00233     0.00442     0.00218     0.00024     0.00010     0.00524     0.00009     0.00875     0.00000     0.00003     0.00000     0.00000     0.00000     0.00002     0.00000     0.03779
   -14.95710     0.01476     0.00256     0.00463     0.00232     0.00025     0.00010     0.00510     0.00010     0.01144     0.00001     0.00003     0.00000     0.00001     0.00000     0.00004     0.00000     0.04136
   -14.91510     0.01508     0.00283     0.00488     0.00244     0.00027     0.00011     0.00556     0.00012     0.01283     0.00001     0.00003     0.00001     0.00001     0.00001     0.00006     0.00000     0.04424
   -14.87210     0.01535     0.00302     0.00510     0.00259     0.00028     0.00011     0.00643     0.00013     0.01439     0.00001     0.00003     0.00001     0.00001     0.00001     0.00008     0.00001     0.04754
   -14.82910     0.01554     0.00333     0.00528     0.00279     0.00029     0.00012     0.00760     0.00014     0.01549     0.00001     0.00003     0.00001     0.00001     0.00001     0.00010     0.00001     0.05076
   -14.78710     0.01606     0.00363     0.00561     0.00299     0.00032     0.00013     0.00797     0.00016     0.01671     0.00001     0.00003     0.00001     0.00001     0.00001     0.00012     0.00001     0.05378
   -14.74410     0.01685     0.00390     0.00609     0.00317     0.00035     0.00015     0.00834     0.00017     0.01754     0.00002     0.00003     0.00001     0.00001     0.00002     0.00014     0.00001     0.05681
   -14.70110     0.01792     0.00420     0.00669     0.00342     0.00040     0.00016     0.00919     0.00019     0.01768     0.00002     0.00003     0.00002     0.00001     0.00002     0.00016     0.00001     0.06013
   -14.65910     0.01915     0.00460     0.00734     0.00375     0.00045     0.00018     0.01073     0.00021     0.01709     0.00002     0.00004     0.00002     0.00002     0.00003     0.00017     0.00002     0.06381
   -14.61610     0.01973     0.00494     0.00769     0.00403     0.00048     0.00020     0.01151     0.00022     0.01797     0.00002     0.00004     0.00003     0.00002     0.00003     0.00020     0.00002     0.06713
   -14.57310     0.02023     0.00523     0.00805     0.00427     0.00052     0.00021     0.01178     0.00024     0.01935     0.00003     0.00004     0.00003     0.00002     0.00004     0.00023     0.00002     0.07028
   -14.53110     0.02065     0.00560     0.00835     0.00454     0.00055     0.00022     0.01167     0.00027     0.02142     0.00003     0.00004     0.00003     0.00002     0.00004     0.00027     0.00002     0.07373
   -14.48810     0.02194     0.00618     0.00909     0.00487     0.00060     0.00024     0.01186     0.00028     0.02153     0.00004     0.00004     0.00003     0.00002     0.00004     0.00030     0.00003     0.07710
   -14.44510     0.02251     0.00663     0.00949     0.00522     0.00065     0.00025     0.01267     0.00030     0.02202     0.00004     0.00005     0.00004     0.00002     0.00005     0.00033     0.00003     0.08029
   -14.40310     0.02333     0.00703     0.01002     0.00554     0.00070     0.00026     0.01358     0.00031     0.02214     0.00004     0.00005     0.00005     0.00003     0.00005     0.00035     0.00003     0.08351
   -14.36010     0.02410     0.00745     0.01060     0.00581     0.00075     0.00029     0.01458     0.00034     0.02277     0.00004     0.00005     0.00005     0.00003     0.00006     0.00038     0.00004     0.08734
   -14.31710     0.02442     0.00800     0.01104     0.00612     0.00079     0.00032     0.01555     0.00037     0.02404     0.00005     0.00005     0.00006     0.00003     0.00007     0.00043     0.00004     0.09139
   -14.27510     0.02526     0.00855     0.01132     0.00675     0.00083     0.00036     0.01524     0.00040     0.02545     0.00006     0.00005     0.00006     0.00003     0.00008     0.00048     0.00005     0.09496
   -14.23210     0.02625     0.00906     0.01171     0.00728     0.00089     0.00039     0.01493     0.00043     0.02654     0.00006     0.00006     0.00006     0.00003     0.00008     0.00053     0.00005     0.09834
   -14.18910     0.02721     0.00951     0.01228     0.00764     0.00095     0.00042     0.01534     0.00045     0.02688     0.00007     0.00006     0.00007     0.00003     0.00008     0.00056     0.00005     0.10161
   -14.14710     0.02819     0.00992     0.01290     0.00803     0.00102     0.00044     0.01602     0.00047     0.02707     0.00007     0.00006     0.00007     0.00004     0.00009     0.00059     0.00006     0.10505
   -14.10410     0.02995     0.01057     0.01749     0.00873     0.00851     0.00047     0.01816     0.00050     0.02736     0.00007     0.00006     0.00008     0.00005     0.00010     0.00064     0.00007     0.12282
   -14.06110     0.03153     0.01139     0.01975     0.00979     0.01228     0.00051     0.02174     0.00054     0.02778     0.00008     0.00006     0.00010     0.00006     0.00013     0.00069     0.00008     0.13651
   -14.01910     0.03309     0.01218     0.02117     0.01120     0.01440     0.00055     0.02383     0.00059     0.02867     0.00009     0.00007     0.00011     0.00007     0.00014     0.00074     0.00010     0.14700
   -13.97610     0.03783     0.01298     0.02299     0.01280     0.01721     0.00061     0.02680     0.00063     0.02962     0.00010     0.00007     0.00012     0.00008     0.00015     0.00080     0.00011     0.16289
   -13.93310     0.04409     0.01393     0.02499     0.01479     0.01981     0.00067     0.03053     0.00068     0.03051     0.00011     0.00008     0.00014     0.00009     0.00016     0.00085     0.00012     0.18155
   -13.89110     0.04768     0.01481     0.02656     0.01683     0.02165     0.00074     0.03273     0.00073     0.03141     0.00012     0.00008     0.00015     0.00010     0.00018     0.00091     0.00014     0.19482
   -13.84810     0.05198     0.01618     0.02869     0.01921     0.02397     0.00083     0.03636     0.00081     0.03210     0.00013     0.00008     0.00018     0.00011     0.00021     0.00098     0.00017     0.21198
   -13.80510     0.05511     0.01755     0.03119     0.02172     0.02657     0.00092     0.03974     0.00088     0.03233     0.00014     0.00009     0.00022     0.00013     0.00025     0.00104     0.00020     0.22805
   -13.76310     0.05820     0.01871     0.03323     0.02433     0.02835     0.00100     0.04274     0.00096     0.03263     0.00015     0.00009     0.00025     0.00014     0.00028     0.00110     0.00022     0.24239
   -13.72010     0.06146     0.01979     0.03543     0.02718     0.03052     0.00109     0.04549     0.00103     0.03345     0.00016     0.00010     0.00028     0.00015     0.00031     0.00119     0.00025     0.25789
   -13.67710     0.06494     0.02101     0.03783     0.03025     0.03314     0.00120     0.04839     0.00111     0.03480     0.00017     0.00010     0.00032     0.00016     0.00034     0.00130     0.00028     0.27535
   -13.63510     0.06868     0.02279     0.04068     0.03403     0.03609     0.00138     0.05121     0.00123     0.03568     0.00019     0.00011     0.00036     0.00017     0.00039     0.00136     0.00032     0.29467
   -13.59210     0.07217     0.02498     0.04367     0.03872     0.03782     0.00160     0.05382     0.00137     0.03485     0.00022     0.00011     0.00041     0.00018     0.00044     0.00130     0.00038     0.31205
   -13.54910     0.07584     0.02687     0.04686     0.04351     0.04155     0.00182     0.05792     0.00150     0.03592     0.00024     0.00012     0.00046     0.00020     0.00049     0.00139     0.00043     0.33513
   -13.50710     0.08009     0.02872     0.05011     0.04807     0.04355     0.00207     0.06093     0.00163     0.03521     0.00026     0.00013     0.00052     0.00021     0.00055     0.00139     0.00048     0.35392
   -13.46410     0.08510     0.03068     0.05388     0.05289     0.04701     0.00235     0.06531     0.00176     0.03650     0.00028     0.00013     0.00058     0.00023     0.00061     0.00156     0.00054     0.37940
   -13.42110     0.09174     0.03372     0.05968     0.06043     0.05292     0.00279     0.07260     0.00195     0.03872     0.00031     0.00014     0.00067     0.00026     0.00069     0.00177     0.00063     0.41902
   -13.37910     0.09787     0.03760     0.06626     0.06941     0.05613     0.00345     0.07803     0.00220     0.03906     0.00036     0.00015     0.00078     0.00028     0.00081     0.00187     0.00074     0.45500
   -13.33610     0.10100     0.04054     0.07189     0.07777     0.05620     0.00418     0.07918     0.00242     0.03899     0.00041     0.00016     0.00088     0.00029     0.00089     0.00191     0.00084     0.47754
   -13.29310     0.10370     0.04401     0.07821     0.08807     0.05939     0.00516     0.08231     0.00264     0.04005     0.00047     0.00017     0.00098     0.00031     0.00098     0.00200     0.00095     0.50939
   -13.25110     0.11070     0.05243     0.09163     0.10790     0.06392     0.00711     0.08748     0.00312     0.04048     0.00058     0.00019     0.00120     0.00035     0.00120     0.00210     0.00118     0.57156
   -13.20810     0.11810     0.06184     0.11420     0.13800     0.07040     0.01122     0.09329     0.00369     0.03938     0.00072     0.00021     0.00146     0.00040     0.00151     0.00218     0.00154     0.65815
   -13.16510     0.12770     0.07167     0.13890     0.17170     0.07674     0.01670     0.09899     0.00441     0.04049     0.00090     0.00025     0.00178     0.00048     0.00185     0.00244     0.00199     0.75699
   -13.12310     0.13630     0.06967     0.13210     0.15460     0.06685     0.01745     0.10350     0.00447     0.04331     0.00098     0.00026     0.00180     0.00050     0.00177     0.00274     0.00204     0.73835
   -13.08010     0.14000     0.05406     0.09804     0.09502     0.04798     0.01027     0.09664     0.00356     0.04100     0.00084     0.00025     0.00146     0.00044     0.00120     0.00262     0.00133     0.59470
   -13.03710     0.14440     0.04826     0.08759     0.07332     0.03920     0.00830     0.09324     0.00323     0.04118     0.00079     0.00025     0.00131     0.00042     0.00098     0.00267     0.00107     0.54621
   -12.99510     0.15240     0.04557     0.08558     0.06324     0.03425     0.00803     0.09188     0.00312     0.04196     0.00079     0.00026     0.00124     0.00041     0.00088     0.00275     0.00096     0.53333
   -12.95210     0.16530     0.04493     0.08513     0.05557     0.03072     0.00745     0.09421     0.00303     0.04304     0.00078     0.00027     0.00117     0.00042     0.00082     0.00294     0.00087     0.53664
   -12.90910     0.18660     0.04541     0.08844     0.05280     0.02852     0.00782     0.09910     0.00307     0.04476     0.00079     0.00029     0.00112     0.00044     0.00079     0.00319     0.00084     0.56398
   -12.86710     0.20270     0.04592     0.09458     0.05006     0.02662     0.00840     0.10840     0.00315     0.04446     0.00080     0.00031     0.00109     0.00046     0.00077     0.00328     0.00081     0.59182
   -12.82410     0.20890     0.04776     0.10820     0.04888     0.02524     0.00969     0.13080     0.00335     0.04644     0.00086     0.00033     0.00107     0.00046     0.00078     0.00361     0.00082     0.63719
   -12.78110     0.20510     0.04809     0.10780     0.04758     0.02499     0.01152     0.12510     0.00357     0.05002     0.00087     0.00032     0.00107     0.00047     0.00086     0.00415     0.00077     0.63229
   -12.73910     0.20090     0.04904     0.10680     0.04747     0.02543     0.01378     0.12100     0.00398     0.05288     0.00091     0.00030     0.00108     0.00048     0.00099     0.00459     0.00074     0.63037
   -12.69610     0.19340     0.04687     0.11230     0.05165     0.02763     0.01808     0.11180     0.00427     0.05488     0.00096     0.00029     0.00108     0.00050     0.00127     0.00509     0.00075     0.63081
   -12.65310     0.16830     0.04570     0.10690     0.04931     0.02487     0.01809     0.08323     0.00391     0.05435     0.00093     0.00024     0.00088     0.00049     0.00123     0.00541     0.00072     0.56455
   -12.61110     0.15350     0.04648     0.09558     0.04461     0.02122     0.01502     0.06317     0.00334     0.05443     0.00079     0.00021     0.00070     0.00045     0.00100     0.00564     0.00063     0.50677
   -12.56810     0.15630     0.04901     0.09597     0.04442     0.02218     0.01924     0.05595     0.00323     0.05759     0.00076     0.00022     0.00064     0.00044     0.00124     0.00673     0.00074     0.51467
   -12.52510     0.13860     0.05304     0.09440     0.04393     0.02220     0.02448     0.04966     0.00308     0.05985     0.00073     0.00021     0.00058     0.00039     0.00155     0.00829     0.00086     0.50185
   -12.48310     0.12560     0.05543     0.09361     0.04460     0.02097     0.02615     0.04566     0.00306     0.06582     0.00069     0.00021     0.00050     0.00037     0.00168     0.00912     0.00089     0.49435
   -12.44010     0.11800     0.05509     0.08660     0.04405     0.01809     0.02499     0.03930     0.00303     0.07484     0.00066     0.00021     0.00043     0.00033     0.00163     0.00954     0.00081     0.47760
   -12.39710     0.10840     0.05486     0.08229     0.04406     0.01668     0.02530     0.03307     0.00315     0.07977     0.00065     0.00020     0.00038     0.00029     0.00168     0.01022     0.00081     0.46181
   -12.35510     0.10300     0.05695     0.07610     0.04421     0.01541     0.02520     0.02824     0.00339     0.08521     0.00064     0.00018     0.00035     0.00027     0.00172     0.01108     0.00085     0.45281
   -12.31210     0.10360     0.05566     0.06855     0.04451     0.01305     0.02440     0.02415     0.00370     0.09196     0.00068     0.00019     0.00033     0.00022     0.00158     0.01130     0.00083     0.44472
   -12.26910     0.10380     0.05530     0.07150     0.04429     0.01276     0.02377     0.02535     0.00410     0.08850     0.00069     0.00020     0.00035     0.00023     0.00152     0.00905     0.00080     0.44221
   -12.22710     0.08853     0.05311     0.06779     0.04105     0.01080     0.02301     0.02440     0.00443     0.08458     0.00069     0.00019     0.00036     0.00021     0.00148     0.00789     0.00078     0.40932
   -12.18410     0.08709     0.05240     0.07230     0.04014     0.00965     0.02290     0.02485     0.00492     0.08536     0.00072     0.00021     0.00037     0.00021     0.00143     0.00713     0.00080     0.41048
   -12.14110     0.08750     0.05311     0.08211     0.04161     0.00867     0.02321     0.02614     0.00584     0.08910     0.00079     0.00023     0.00040     0.00022     0.00140     0.00706     0.00085     0.42824
   -12.09910     0.08750     0.04895     0.12320     0.03959     0.00772     0.02391     0.02991     0.00653     0.08653     0.00086     0.00031     0.00042     0.00026     0.00127     0.00636     0.00085     0.46417
   -12.05610     0.09507     0.04700     0.22610     0.04253     0.00803     0.02529     0.03687     0.00807     0.08765     0.00097     0.00048     0.00047     0.00039     0.00113     0.00615     0.00087     0.58708
   -12.01310     0.08354     0.02513     0.18190     0.02155     0.00411     0.02057     0.02974     0.00628     0.06619     0.00076     0.00044     0.00018     0.00032     0.00052     0.00456     0.00058     0.44638
   -11.97110     0.08309     0.01795     0.14380     0.01829     0.00368     0.01694     0.02662     0.00540     0.05331     0.00064     0.00038     0.00015     0.00030     0.00036     0.00351     0.00050     0.37491
   -11.92810     0.08624     0.01414     0.12500     0.01757     0.00354     0.01472     0.02622     0.00505     0.04573     0.00058     0.00036     0.00013     0.00031     0.00025     0.00264     0.00047     0.34295
   -11.88510     0.08809     0.01088     0.11670     0.01693     0.00358     0.01234     0.02634     0.00426     0.03777     0.00052     0.00035     0.00010     0.00032     0.00014     0.00144     0.00045     0.32023
   -11.84310     0.09126     0.00918     0.11040     0.01707     0.00369     0.01066     0.02703     0.00353     0.03239     0.00049     0.00036     0.00007     0.00034     0.00007     0.00043     0.00045     0.30742
   -11.80010     0.09281     0.00919     0.10590     0.01818     0.00383     0.01050     0.02711     0.00352     0.03708     0.00048     0.00035     0.00007     0.00036     0.00006     0.00038     0.00047     0.31029
   -11.75710     0.09463     0.00975     0.10320     0.01957     0.00400     0.01069     0.02742     0.00367     0.04869     0.00048     0.00036     0.00007     0.00038     0.00007     0.00053     0.00050     0.32401
   -11.71510     0.09550     0.01060     0.10080     0.02114     0.00423     0.01089     0.02794     0.00387     0.06099     0.00048     0.00036     0.00007     0.00040     0.00008     0.00071     0.00054     0.33861
   -11.67210     0.09549     0.00966     0.09894     0.02279     0.00454     0.01106     0.02833     0.00414     0.05176     0.00049     0.00036     0.00008     0.00043     0.00009     0.00078     0.00058     0.32952
   -11.62910     0.09496     0.00926     0.09642     0.02400     0.00483     0.01104     0.02831     0.00429     0.05058     0.00049     0.00035     0.00009     0.00045     0.00010     0.00085     0.00061     0.32663
   -11.58710     0.09464     0.00864     0.09443     0.02505     0.00515     0.01105     0.02850     0.00448     0.04603     0.00050     0.00035     0.00009     0.00048     0.00011     0.00088     0.00064     0.32101
   -11.54410     0.09462     0.00815     0.09409     0.02609     0.00554     0.01106     0.02867     0.00478     0.04179     0.00051     0.00035     0.00010     0.00052     0.00013     0.00093     0.00067     0.31801
   -11.50110     0.09276     0.00766     0.09223     0.02676     0.00596     0.01089     0.02835     0.00504     0.03760     0.00052     0.00034     0.00011     0.00055     0.00014     0.00093     0.00069     0.31053
   -11.45910     0.08972     0.00722     0.08925     0.02749     0.00635     0.01052     0.02778     0.00521     0.03390     0.00052     0.00033     0.00013     0.00059     0.00015     0.00091     0.00071     0.30078
   -11.41610     0.09058     0.00705     0.08691     0.02816     0.00700     0.01045     0.02755     0.00557     0.03009     0.00057     0.00033     0.00015     0.00063     0.00017     0.00091     0.00077     0.29690
   -11.37310     0.08647     0.00643     0.07617     0.02790     0.00757     0.00977     0.02662     0.00549     0.02081     0.00060     0.00030     0.00017     0.00068     0.00019     0.00062     0.00080     0.27057
   -11.33110     0.07788     0.00591     0.06440     0.02701     0.00795     0.00876     0.02487     0.00509     0.01124     0.00059     0.00026     0.00018     0.00073     0.00021     0.00027     0.00078     0.23611
   -11.28810     0.06733     0.00570     0.05898     0.02613     0.00789     0.00773     0.02230     0.00453     0.00641     0.00053     0.00024     0.00019     0.00078     0.00022     0.00010     0.00071     0.20978
   -11.24510     0.05435     0.00543     0.05654     0.02512     0.00729     0.00674     0.01946     0.00394     0.00395     0.00043     0.00022     0.00019     0.00084     0.00023     0.00003     0.00060     0.18535
   -11.20310     0.04882     0.00566     0.05786     0.02526     0.00708     0.00620     0.01745     0.00370     0.00309     0.00041     0.00022     0.00020     0.00091     0.00024     0.00005     0.00059     0.17775
   -11.16010     0.04544     0.00662     0.06406     0.02614     0.00698     0.00596     0.01554     0.00376     0.00424     0.00041     0.00023     0.00022     0.00100     0.00027     0.00022     0.00060     0.18169
   -11.11710     0.04672     0.00796     0.07775     0.02751     0.00696     0.00610     0.01401     0.00418     0.00910     0.00045     0.00026     0.00024     0.00111     0.00031     0.00067     0.00066     0.20400
   -11.07510     0.04929     0.01089     0.09546     0.03075     0.00712     0.00853     0.01318     0.00721     0.01553     0.00056     0.00030     0.00034     0.00124     0.00041     0.00111     0.00082     0.24273
   -11.03210     0.05230     0.01442     0.11160     0.03573     0.00787     0.01322     0.01320     0.01297     0.01997     0.00069     0.00034     0.00048     0.00140     0.00054     0.00134     0.00108     0.28713
   -10.98910     0.05583     0.01611     0.13040     0.03991     0.00908     0.01991     0.01435     0.02057     0.02344     0.00085     0.00036     0.00067     0.00158     0.00073     0.00158     0.00147     0.33683
   -10.94710     0.05603     0.01641     0.14720     0.04345     0.01028     0.02368     0.01434     0.02482     0.02768     0.00090     0.00038     0.00076     0.00178     0.00083     0.00190     0.00180     0.37223
   -10.90410     0.05584     0.01760     0.17360     0.04834     0.01333     0.02797     0.01519     0.02955     0.03081     0.00103     0.00044     0.00087     0.00217     0.00096     0.00218     0.00220     0.42209
   -10.86110     0.05726     0.01936     0.18250     0.05227     0.02777     0.03000     0.02557     0.03713     0.03407     0.00117     0.00066     0.00094     0.00376     0.00100     0.00255     0.00235     0.47835
   -10.81910     0.06353     0.02114     0.17650     0.05249     0.06062     0.02875     0.05502     0.04227     0.03568     0.00131     0.00139     0.00101     0.00751     0.00097     0.00285     0.00224     0.55327
   -10.77610     0.06267     0.02263     0.17020     0.05422     0.04894     0.02690     0.04393     0.03896     0.03675     0.00133     0.00106     0.00105     0.00603     0.00101     0.00309     0.00219     0.52096
   -10.73310     0.06279     0.02164     0.17070     0.05344     0.03901     0.02141     0.04065     0.03331     0.03881     0.00099     0.00090     0.00085     0.00482     0.00079     0.00336     0.00180     0.49525
   -10.69110     0.06823     0.02289     0.17900     0.05521     0.03410     0.01999     0.03919     0.03173     0.04100     0.00099     0.00086     0.00085     0.00440     0.00076     0.00367     0.00174     0.50461
   -10.64810     0.08091     0.02491     0.19770     0.05863     0.03170     0.01886     0.04169     0.03130     0.04454     0.00106     0.00093     0.00085     0.00432     0.00076     0.00412     0.00169     0.54398
   -10.60510     0.10090     0.02746     0.23210     0.06461     0.03049     0.01801     0.04797     0.03212     0.04954     0.00117     0.00111     0.00089     0.00446     0.00079     0.00478     0.00168     0.61808
   -10.56310     0.12560     0.03127     0.27830     0.07182     0.03019     0.01813     0.05653     0.03414     0.05664     0.00131     0.00134     0.00096     0.00474     0.00086     0.00555     0.00173     0.71912
   -10.52010     0.11960     0.03463     0.28970     0.08096     0.02783     0.01818     0.05088     0.03585     0.05656     0.00137     0.00114     0.00102     0.00425     0.00096     0.00538     0.00180     0.73011
   -10.47710     0.12300     0.03761     0.29880     0.09150     0.02628     0.01860     0.04985     0.03668     0.05557     0.00147     0.00112     0.00111     0.00398     0.00106     0.00478     0.00192     0.75333
   -10.43510     0.18110     0.04490     0.41290     0.11380     0.02967     0.02148     0.08221     0.04149     0.08610     0.00169     0.00203     0.00140     0.00538     0.00124     0.00766     0.00234     1.03538
   -10.39210     0.08736     0.05326     0.22610     0.12220     0.02123     0.01955     0.04160     0.03527     0.08602     0.00162     0.00074     0.00127     0.00356     0.00118     0.00612     0.00256     0.70965
   -10.34910     0.06969     0.05684     0.15260     0.08503     0.01823     0.01801     0.03675     0.01968     0.08110     0.00155     0.00057     0.00132     0.00249     0.00086     0.00520     0.00182     0.55174
   -10.30710     0.06434     0.05596     0.11590     0.06795     0.01629     0.01590     0.02429     0.01535     0.07964     0.00137     0.00052     0.00128     0.00165     0.00067     0.00490     0.00145     0.46747
   -10.26410     0.06427     0.07801     0.10840     0.07263     0.01581     0.01721     0.02661     0.01540     0.09765     0.00177     0.00052     0.00180     0.00176     0.00097     0.00522     0.00164     0.50968
   -10.22110     0.05831     0.07000     0.07906     0.06383     0.01449     0.01571     0.01967     0.01363     0.09722     0.00165     0.00044     0.00143     0.00136     0.00061     0.00515     0.00153     0.44409
   -10.17910     0.05652     0.06880     0.06146     0.05751     0.01367     0.01478     0.01813     0.01271     0.09855     0.00163     0.00042     0.00139     0.00121     0.00057     0.00496     0.00141     0.41373
   -10.13610     0.05752     0.06897     0.04947     0.05405     0.01325     0.01419     0.01824     0.01254     0.10270     0.00161     0.00041     0.00142     0.00114     0.00059     0.00489     0.00138     0.40236
   -10.09310     0.05584     0.06463     0.03441     0.04641     0.01250     0.01301     0.01728     0.01178     0.10050     0.00153     0.00038     0.00136     0.00099     0.00056     0.00463     0.00120     0.36701
   -10.05110     0.05447     0.06270     0.03017     0.04458     0.01204     0.01227     0.01682     0.01119     0.09813     0.00148     0.00036     0.00135     0.00093     0.00059     0.00461     0.00113     0.35282
   -10.00810     0.06261     0.06380     0.03202     0.04691     0.01265     0.01261     0.01970     0.01176     0.10370     0.00157     0.00040     0.00152     0.00111     0.00077     0.00480     0.00129     0.37721
    -9.96510     0.06178     0.06166     0.03372     0.04805     0.01274     0.01218     0.01932     0.01116     0.09683     0.00163     0.00040     0.00165     0.00117     0.00095     0.00479     0.00136     0.36939
    -9.92210     0.07974     0.06356     0.03848     0.05247     0.01489     0.01417     0.02162     0.01309     0.09560     0.00238     0.00051     0.00232     0.00182     0.00153     0.00489     0.00202     0.40910
    -9.88010     0.07626     0.06501     0.04079     0.05643     0.01440     0.01357     0.02348     0.01296     0.09606     0.00271     0.00045     0.00264     0.00172     0.00188     0.00492     0.00208     0.41536
    -9.83710     0.06483     0.06480     0.04149     0.05653     0.01358     0.01252     0.02243     0.01244     0.08512     0.00296     0.00038     0.00287     0.00166     0.00214     0.00471     0.00210     0.39055
    -9.79410     0.03274     0.06357     0.03856     0.05146     0.01177     0.01152     0.01436     0.01225     0.05293     0.00337     0.00024     0.00302     0.00162     0.00214     0.00434     0.00212     0.30601
    -9.75210     0.01812     0.06684     0.03953     0.05099     0.01082     0.01114     0.01141     0.01328     0.03864     0.00400     0.00019     0.00341     0.00169     0.00239     0.00432     0.00229     0.27906
    -9.70910     0.01454     0.07175     0.04162     0.05146     0.01011     0.01119     0.01138     0.01533     0.03336     0.00494     0.00017     0.00396     0.00187     0.00276     0.00443     0.00252     0.28140
    -9.66610     0.01159     0.07852     0.04457     0.05271     0.00959     0.01159     0.01221     0.01854     0.02921     0.00604     0.00016     0.00462     0.00206     0.00321     0.00459     0.00279     0.29201
    -9.62410     0.01151     0.10450     0.05161     0.06667     0.01075     0.01750     0.01719     0.03271     0.04441     0.00986     0.00018     0.00583     0.00240     0.00445     0.00950     0.00376     0.39283
    -9.58110     0.01086     0.14330     0.05603     0.07486     0.01178     0.01953     0.01795     0.03777     0.04605     0.01226     0.00018     0.00695     0.00237     0.00492     0.00987     0.00383     0.45852
    -9.53810     0.00875     0.13510     0.05045     0.06263     0.01082     0.01960     0.01386     0.03580     0.03862     0.01051     0.00014     0.00663     0.00204     0.00455     0.00756     0.00363     0.41069
    -9.49610     0.00762     0.14370     0.04907     0.06367     0.01067     0.02428     0.01311     0.04060     0.03745     0.01018     0.00013     0.00695     0.00220     0.00482     0.00710     0.00398     0.42553
    -9.45310     0.00817     0.18150     0.05440     0.07289     0.01305     0.03296     0.01772     0.05118     0.04050     0.01145     0.00013     0.00816     0.00279     0.00600     0.00747     0.00497     0.51333
    -9.41010     0.01007     0.21400     0.05928     0.08422     0.01938     0.04419     0.02429     0.06481     0.04345     0.01209     0.00015     0.00890     0.00325     0.00740     0.00746     0.00624     0.60918
    -9.36810     0.01549     0.28280     0.06584     0.10410     0.02749     0.06387     0.03319     0.08213     0.04757     0.01420     0.00018     0.01051     0.00390     0.00977     0.00831     0.00834     0.77768
    -9.32510     0.01906     0.32290     0.08207     0.14730     0.03205     0.08716     0.05143     0.09627     0.04586     0.01581     0.00023     0.01156     0.00535     0.01440     0.00819     0.01357     0.95321
    -9.28210     0.02028     0.30390     0.08010     0.14130     0.03164     0.09387     0.04614     0.09190     0.04324     0.01286     0.00025     0.00919     0.00478     0.01500     0.00825     0.01258     0.91528
    -9.24010     0.01880     0.24300     0.06360     0.10120     0.02144     0.06586     0.03724     0.06957     0.03639     0.01056     0.00022     0.00685     0.00394     0.01108     0.00661     0.00949     0.70585
    -9.19710     0.01898     0.21240     0.05460     0.09101     0.01893     0.04829     0.03235     0.06555     0.03397     0.00931     0.00022     0.00584     0.00366     0.00948     0.00711     0.00896     0.62066
    -9.15410     0.01878     0.19350     0.05074     0.09517     0.01763     0.05576     0.02936     0.06812     0.03915     0.00866     0.00024     0.00550     0.00329     0.00903     0.00785     0.00873     0.61150
    -9.11210     0.01839     0.16920     0.04933     0.09426     0.01708     0.06053     0.02680     0.06507     0.03725     0.00783     0.00026     0.00520     0.00320     0.00862     0.00802     0.00858     0.57963
    -9.06910     0.01798     0.14630     0.04595     0.08255     0.01705     0.05173     0.02475     0.05653     0.02957     0.00693     0.00028     0.00437     0.00318     0.00680     0.00574     0.00744     0.50715
    -9.02610     0.01773     0.13310     0.04340     0.07716     0.01714     0.04753     0.02239     0.05227     0.02628     0.00635     0.00030     0.00379     0.00300     0.00570     0.00484     0.00699     0.46795
    -8.98410     0.01752     0.12570     0.04172     0.07418     0.01759     0.04504     0.02072     0.04999     0.02435     0.00589     0.00031     0.00335     0.00284     0.00487     0.00430     0.00668     0.44504
    -8.94110     0.01766     0.12020     0.04029     0.07277     0.01829     0.04342     0.01961     0.04854     0.02268     0.00551     0.00033     0.00298     0.00270     0.00422     0.00396     0.00653     0.42968
    -8.89810     0.01770     0.11760     0.03797     0.07295     0.01875     0.04271     0.01826     0.04792     0.02133     0.00527     0.00033     0.00268     0.00247     0.00370     0.00368     0.00651     0.41984
    -8.85610     0.01741     0.11790     0.03579     0.07400     0.01938     0.04289     0.01693     0.04795     0.02025     0.00520     0.00034     0.00247     0.00228     0.00327     0.00342     0.00664     0.41612
    -8.81310     0.01695     0.11720     0.03411     0.07402     0.02034     0.04223     0.01561     0.04647     0.01868     0.00504     0.00034     0.00228     0.00212     0.00285     0.00321     0.00661     0.40806
    -8.77010     0.01881     0.12400     0.03780     0.08306     0.02281     0.04459     0.01477     0.04763     0.01746     0.00517     0.00035     0.00261     0.00214     0.00308     0.00438     0.00688     0.43555
    -8.72810     0.01955     0.12880     0.03897     0.08985     0.02443     0.04648     0.01426     0.04894     0.01650     0.00527     0.00037     0.00269     0.00222     0.00296     0.00464     0.00710     0.45302
    -8.68510     0.02009     0.13820     0.04132     0.09710     0.02642     0.04960     0.01386     0.05111     0.01568     0.00558     0.00039     0.00276     0.00236     0.00293     0.00484     0.00760     0.47984
    -8.64210     0.02015     0.14550     0.04261     0.10430     0.02856     0.05282     0.01313     0.05249     0.01472     0.00575     0.00041     0.00283     0.00246     0.00281     0.00493     0.00780     0.50126
    -8.60010     0.02046     0.15620     0.04429     0.11370     0.03155     0.05652     0.01265     0.05582     0.01395     0.00629     0.00043     0.00289     0.00266     0.00269     0.00486     0.00847     0.53343
    -8.55710     0.02128     0.17610     0.04807     0.12830     0.03628     0.06241     0.01240     0.06199     0.01337     0.00740     0.00048     0.00303     0.00300     0.00263     0.00495     0.00977     0.59147
    -8.51410     0.02225     0.18990     0.05189     0.13570     0.04278     0.05636     0.01222     0.06029     0.01250     0.00612     0.00047     0.00287     0.00332     0.00251     0.00500     0.00901     0.61319
    -8.47210     0.02378     0.21120     0.05786     0.13240     0.05944     0.05534     0.01273     0.06745     0.01190     0.00389     0.00051     0.00310     0.00439     0.00261     0.00519     0.00591     0.65770
    -8.42910     0.02376     0.20860     0.07255     0.15910     0.05941     0.06152     0.01242     0.06892     0.01184     0.00406     0.00051     0.00311     0.00384     0.00266     0.00535     0.00568     0.70333
    -8.38610     0.02380     0.18610     0.08310     0.16930     0.04847     0.06491     0.01142     0.06822     0.01155     0.00440     0.00053     0.00316     0.00308     0.00267     0.00547     0.00559     0.69177
    -8.34410     0.02420     0.17500     0.09554     0.18440     0.04654     0.07184     0.01101     0.07089     0.01140     0.00483     0.00058     0.00333     0.00290     0.00277     0.00569     0.00575     0.71665
    -8.30110     0.02429     0.16650     0.11410     0.18950     0.04725     0.07764     0.01027     0.07608     0.01137     0.00526     0.00065     0.00352     0.00287     0.00283     0.00602     0.00596     0.74411
    -8.25810     0.02403     0.16280     0.07526     0.20610     0.03307     0.08463     0.00932     0.08212     0.01135     0.00598     0.00067     0.00347     0.00277     0.00283     0.00635     0.00641     0.71718
    -8.21610     0.02379     0.15420     0.06155     0.20300     0.02618     0.08785     0.00941     0.08958     0.01137     0.00638     0.00074     0.00347     0.00289     0.00304     0.00662     0.00705     0.69713
    -8.17310     0.02342     0.15170     0.07511     0.20600     0.02613     0.10000     0.00988     0.10700     0.01186     0.00697     0.00088     0.00370     0.00321     0.00339     0.00738     0.00831     0.74493
    -8.13010     0.02295     0.15800     0.10070     0.26170     0.02769     0.12900     0.01087     0.13780     0.01411     0.00813     0.00118     0.00418     0.00387     0.00390     0.00919     0.01118     0.90445
    -8.08810     0.02274     0.17430     0.21360     0.43090     0.03486     0.20120     0.01694     0.19810     0.01812     0.01056     0.00204     0.00598     0.00670     0.00633     0.01207     0.02040     1.37484
    -8.04510     0.02132     0.17040     0.11380     0.36930     0.02744     0.20780     0.01093     0.21290     0.01549     0.01023     0.00146     0.00436     0.00448     0.00412     0.00995     0.01976     1.20373
    -8.00210     0.02171     0.06225     0.10230     0.14020     0.02608     0.10820     0.01050     0.16400     0.01320     0.00350     0.00145     0.00392     0.00432     0.00368     0.00780     0.00762     0.68072
    -7.96010     0.02078     0.04145     0.08785     0.09660     0.02557     0.08253     0.00954     0.12970     0.01215     0.00279     0.00134     0.00356     0.00423     0.00339     0.00707     0.00573     0.53427
    -7.91710     0.01898     0.03096     0.07972     0.07328     0.02405     0.06768     0.00897     0.10470     0.01066     0.00260     0.00126     0.00325     0.00420     0.00319     0.00631     0.00476     0.44458
    -7.87410     0.01971     0.03121     0.07348     0.06450     0.02562     0.07009     0.00851     0.10490     0.01041     0.00276     0.00126     0.00305     0.00431     0.00299     0.00615     0.00435     0.43330
    -7.83210     0.01597     0.01716     0.05509     0.04120     0.02169     0.04589     0.00744     0.07720     0.00960     0.00262     0.00105     0.00276     0.00387     0.00264     0.00580     0.00365     0.31362
    -7.78910     0.01510     0.01365     0.04952     0.03131     0.02059     0.03863     0.00729     0.06778     0.00884     0.00261     0.00098     0.00266     0.00374     0.00257     0.00550     0.00327     0.27404
    -7.74610     0.01500     0.01179     0.04381     0.02415     0.01974     0.03359     0.00716     0.06054     0.00832     0.00264     0.00092     0.00260     0.00352     0.00251     0.00520     0.00291     0.24440
    -7.70410     0.01513     0.01044     0.03961     0.01929     0.01980     0.03144     0.00719     0.05498     0.00790     0.00269     0.00090     0.00261     0.00346     0.00250     0.00506     0.00272     0.22570
    -7.66110     0.01556     0.00958     0.03510     0.01684     0.02012     0.03068     0.00724     0.05186     0.00765     0.00274     0.00090     0.00264     0.00346     0.00251     0.00505     0.00268     0.21461
    -7.61810     0.01569     0.00870     0.02385     0.01466     0.01984     0.02376     0.00665     0.03388     0.00722     0.00254     0.00077     0.00257     0.00237     0.00239     0.00418     0.00249     0.17155
    -7.57610     0.01670     0.00825     0.02244     0.01304     0.02027     0.02292     0.00660     0.02616     0.00710     0.00250     0.00078     0.00258     0.00214     0.00243     0.00398     0.00245     0.16034
    -7.53310     0.01726     0.00790     0.02231     0.01199     0.02086     0.02258     0.00660     0.02214     0.00667     0.00249     0.00078     0.00258     0.00209     0.00249     0.00390     0.00248     0.15513
    -7.49010     0.01739     0.00765     0.02596     0.01170     0.02215     0.02453     0.00685     0.02091     0.00585     0.00249     0.00088     0.00258     0.00240     0.00263     0.00403     0.00273     0.16073
    -7.44810     0.01924     0.00789     0.03566     0.01229     0.02362     0.03285     0.00767     0.02608     0.00607     0.00272     0.00117     0.00265     0.00318     0.00278     0.00477     0.00314     0.19177
    -7.40510     0.02013     0.00783     0.03119     0.01256     0.02451     0.02957     0.00752     0.02408     0.00596     0.00271     0.00108     0.00264     0.00280     0.00279     0.00443     0.00323     0.18302
    -7.36210     0.02320     0.00808     0.03717     0.01369     0.02663     0.03373     0.00869     0.02867     0.00679     0.00292     0.00135     0.00282     0.00324     0.00290     0.00471     0.00379     0.20837
    -7.32010     0.02565     0.00834     0.03463     0.01522     0.02924     0.03178     0.00949     0.03452     0.00710     0.00309     0.00144     0.00312     0.00333     0.00298     0.00461     0.00437     0.21890
    -7.27710     0.02786     0.00868     0.03096     0.01663     0.03175     0.02921     0.01019     0.04074     0.00722     0.00330     0.00148     0.00346     0.00342     0.00304     0.00447     0.00500     0.22741
    -7.23410     0.02725     0.00895     0.02593     0.01593     0.03103     0.02615     0.00966     0.03823     0.00625     0.00334     0.00124     0.00354     0.00308     0.00301     0.00418     0.00490     0.21268
    -7.19210     0.02736     0.00920     0.02293     0.01588     0.03098     0.02436     0.00931     0.03455     0.00573     0.00335     0.00111     0.00353     0.00286     0.00305     0.00400     0.00498     0.20318
    -7.14910     0.02778     0.00941     0.02085     0.01569     0.03093     0.02305     0.00917     0.03283     0.00535     0.00341     0.00103     0.00356     0.00275     0.00311     0.00385     0.00511     0.19786
    -7.10610     0.02831     0.00956     0.01922     0.01553     0.03090     0.02231     0.00910     0.03176     0.00507     0.00348     0.00097     0.00361     0.00266     0.00318     0.00376     0.00524     0.19465
    -7.06410     0.02923     0.00982     0.01804     0.01561     0.03128     0.02200     0.00905     0.03142     0.00486     0.00358     0.00092     0.00374     0.00262     0.00332     0.00370     0.00538     0.19458
    -7.02110     0.03011     0.01002     0.01719     0.01567     0.03160     0.02145     0.00897     0.03079     0.00467     0.00365     0.00088     0.00387     0.00259     0.00347     0.00360     0.00551     0.19402
    -6.97810     0.03104     0.01026     0.01641     0.01578     0.03214     0.02117     0.00897     0.03049     0.00449     0.00373     0.00084     0.00403     0.00255     0.00365     0.00352     0.00567     0.19474
    -6.93610     0.03211     0.01049     0.01546     0.01596     0.03284     0.02123     0.00891     0.03037     0.00433     0.00381     0.00078     0.00422     0.00250     0.00390     0.00347     0.00590     0.19629
    -6.89310     0.03417     0.01083     0.01477     0.01639     0.03375     0.02147     0.00913     0.03086     0.00421     0.00392     0.00075     0.00453     0.00257     0.00425     0.00342     0.00625     0.20128
    -6.85010     0.03715     0.01112     0.01436     0.01658     0.03511     0.02203     0.00958     0.03174     0.00411     0.00404     0.00073     0.00503     0.00267     0.00475     0.00340     0.00648     0.20886
    -6.80810     0.03861     0.01133     0.01392     0.01666     0.03577     0.02243     0.00961     0.03285     0.00400     0.00414     0.00069     0.00536     0.00272     0.00505     0.00336     0.00665     0.21315
    -6.76510     0.03799     0.01152     0.01343     0.01676     0.03549     0.02265     0.00915     0.03439     0.00391     0.00416     0.00066     0.00551     0.00274     0.00508     0.00331     0.00677     0.21351
    -6.72210     0.03682     0.01157     0.01318     0.01683     0.03459     0.02249     0.00882     0.03542     0.00381     0.00425     0.00067     0.00540     0.00282     0.00495     0.00320     0.00689     0.21169
    -6.68010     0.03602     0.01165     0.01302     0.01696     0.03387     0.02275     0.00856     0.03681     0.00373     0.00434     0.00067     0.00537     0.00290     0.00486     0.00317     0.00701     0.21170
    -6.63710     0.03618     0.01209     0.01412     0.01816     0.03531     0.02501     0.00846     0.04376     0.00371     0.00457     0.00073     0.00573     0.00322     0.00505     0.00319     0.00740     0.22668
    -6.59410     0.03589     0.01250     0.01367     0.01881     0.03430     0.02523     0.00807     0.04612     0.00366     0.00466     0.00069     0.00601     0.00317     0.00505     0.00312     0.00774     0.22869
    -6.55210     0.03391     0.01257     0.01299     0.01825     0.03133     0.02408     0.00740     0.04426     0.00359     0.00464     0.00067     0.00566     0.00312     0.00460     0.00298     0.00751     0.21756
    -6.50910     0.03315     0.01284     0.01201     0.01772     0.02888     0.02296     0.00701     0.04197     0.00360     0.00474     0.00064     0.00545     0.00309     0.00420     0.00288     0.00732     0.20847
    -6.46610     0.03238     0.01299     0.01061     0.01708     0.02659     0.02162     0.00680     0.03943     0.00358     0.00490     0.00061     0.00526     0.00300     0.00390     0.00280     0.00715     0.19870
    -6.42410     0.03117     0.01291     0.00936     0.01665     0.02409     0.02032     0.00648     0.03639     0.00352     0.00502     0.00058     0.00485     0.00292     0.00360     0.00267     0.00704     0.18756
    -6.38110     0.03016     0.01290     0.00847     0.01649     0.02207     0.01958     0.00612     0.03453     0.00346     0.00512     0.00054     0.00455     0.00286     0.00338     0.00261     0.00704     0.17989
    -6.33810     0.02945     0.01312     0.00776     0.01685     0.02024     0.01917     0.00577     0.03359     0.00341     0.00526     0.00051     0.00440     0.00281     0.00321     0.00257     0.00722     0.17534
    -6.29610     0.02897     0.01352     0.00720     0.01700     0.01875     0.01869     0.00556     0.03257     0.00336     0.00551     0.00049     0.00430     0.00278     0.00310     0.00250     0.00715     0.17145
    -6.25310     0.02844     0.01358     0.00683     0.01654     0.01740     0.01825     0.00540     0.03129     0.00329     0.00566     0.00047     0.00426     0.00275     0.00311     0.00238     0.00689     0.16655
    -6.21010     0.02895     0.01397     0.00752     0.01656     0.01754     0.01936     0.00556     0.03272     0.00328     0.00591     0.00049     0.00462     0.00277     0.00346     0.00235     0.00681     0.17188
    -6.16810     0.02979     0.01473     0.00934     0.01749     0.01854     0.02212     0.00585     0.03644     0.00329     0.00640     0.00052     0.00523     0.00282     0.00410     0.00237     0.00743     0.18647
    -6.12510     0.02975     0.01517     0.00982     0.01767     0.01780     0.02287     0.00580     0.03704     0.00328     0.00670     0.00052     0.00539     0.00284     0.00416     0.00237     0.00734     0.18850
    -6.08210     0.02999     0.01587     0.00953     0.01801     0.01750     0.02250     0.00600     0.03793     0.00329     0.00782     0.00054     0.00590     0.00285     0.00449     0.00239     0.00759     0.19220
    -6.04010     0.03037     0.01691     0.00947     0.01864     0.01773     0.02275     0.00607     0.03814     0.00339     0.00932     0.00056     0.00641     0.00293     0.00518     0.00234     0.00871     0.19890
    -5.99710     0.03133     0.01907     0.00972     0.01885     0.01846     0.02360     0.00621     0.03886     0.00364     0.01238     0.00058     0.00735     0.00316     0.00585     0.00237     0.00897     0.21041
    -5.95410     0.03287     0.02283     0.01036     0.01950     0.01937     0.02491     0.00618     0.03873     0.00421     0.01445     0.00061     0.00766     0.00346     0.00662     0.00247     0.00934     0.22356
    -5.91210     0.03338     0.02549     0.01067     0.02017     0.01972     0.02631     0.00590     0.03891     0.00453     0.01478     0.00060     0.00795     0.00365     0.00708     0.00255     0.00934     0.23102
    -5.86910     0.03306     0.03086     0.01097     0.01912     0.01869     0.02762     0.00542     0.03737     0.00507     0.01635     0.00059     0.00770     0.00358     0.00712     0.00261     0.00863     0.23477
    -5.82610     0.03173     0.02878     0.01066     0.01755     0.01723     0.02706     0.00502     0.03645     0.00526     0.01486     0.00057     0.00739     0.00352     0.00685     0.00262     0.00770     0.22326
    -5.78410     0.03166     0.02634     0.01036     0.01617     0.01646     0.02588     0.00482     0.03607     0.00550     0.01362     0.00057     0.00748     0.00351     0.00745     0.00250     0.00704     0.21544
    -5.74110     0.03359     0.03036     0.01049     0.01586     0.01574     0.02641     0.00470     0.03731     0.00645     0.01503     0.00060     0.00835     0.00359     0.00820     0.00238     0.00705     0.22612
    -5.69810     0.03238     0.02943     0.01029     0.01396     0.01375     0.02476     0.00460     0.03530     0.00650     0.01421     0.00056     0.00830     0.00347     0.00735     0.00239     0.00652     0.21377
    -5.65610     0.03057     0.02792     0.00936     0.01280     0.01205     0.02342     0.00431     0.03426     0.00594     0.01175     0.00051     0.00822     0.00353     0.00642     0.00226     0.00617     0.19949
    -5.61310     0.02874     0.02610     0.00991     0.01264     0.01154     0.02533     0.00429     0.03361     0.00615     0.01152     0.00052     0.00909     0.00364     0.00678     0.00245     0.00632     0.19863
    -5.57010     0.02820     0.02583     0.01212     0.01388     0.01201     0.03241     0.00481     0.03422     0.00734     0.01263     0.00057     0.01138     0.00427     0.00857     0.00302     0.00695     0.21821
    -5.52810     0.02938     0.02944     0.01799     0.02023     0.01571     0.04522     0.00600     0.03825     0.01240     0.01463     0.00070     0.01681     0.00562     0.01476     0.00377     0.00761     0.27852
    -5.48510     0.02832     0.02766     0.01996     0.02261     0.01814     0.04808     0.00651     0.03727     0.01465     0.01394     0.00068     0.01817     0.00551     0.01677     0.00404     0.00716     0.28947
    -5.44210     0.02805     0.02677     0.02492     0.02784     0.02218     0.05492     0.00749     0.03851     0.01561     0.01372     0.00068     0.01922     0.00584     0.01897     0.00454     0.00702     0.31627
    -5.40010     0.02724     0.02490     0.02582     0.02802     0.02342     0.05799     0.00770     0.03933     0.01535     0.01310     0.00065     0.01800     0.00603     0.01744     0.00500     0.00682     0.31682
    -5.35710     0.02613     0.02288     0.02787     0.03352     0.02861     0.06058     0.00795     0.03965     0.01525     0.01223     0.00066     0.01812     0.00609     0.01808     0.00533     0.00644     0.32940
    -5.31410     0.02592     0.02182     0.02823     0.04058     0.03035     0.06539     0.00822     0.03974     0.01501     0.01135     0.00069     0.01789     0.00668     0.01876     0.00575     0.00620     0.34257
    -5.27210     0.02541     0.02167     0.02576     0.04425     0.02984     0.06625     0.00852     0.04099     0.01513     0.01075     0.00071     0.01804     0.00666     0.01891     0.00587     0.00601     0.34477
    -5.22910     0.02437     0.02138     0.02324     0.04698     0.02907     0.06393     0.00844     0.04108     0.01565     0.01044     0.00072     0.01814     0.00625     0.01900     0.00564     0.00572     0.34005
    -5.18610     0.02368     0.02160     0.02103     0.04803     0.02788     0.06097     0.00844     0.04168     0.01595     0.01042     0.00072     0.01802     0.00580     0.01879     0.00551     0.00555     0.33406
    -5.14410     0.02363     0.02252     0.01994     0.05220     0.02732     0.06195     0.00862     0.04316     0.01687     0.01067     0.00073     0.01851     0.00570     0.01960     0.00560     0.00563     0.34265
    -5.10110     0.02370     0.02562     0.01921     0.05830     0.02722     0.06331     0.00888     0.04534     0.01742     0.01101     0.00076     0.01923     0.00564     0.02081     0.00574     0.00579     0.35799
    -5.05810     0.02328     0.03078     0.01800     0.06993     0.02645     0.06488     0.00872     0.04820     0.01848     0.01090     0.00079     0.02033     0.00547     0.02353     0.00569     0.00618     0.38161
    -5.01610     0.02272     0.02921     0.01675     0.06074     0.02497     0.06190     0.00865     0.04959     0.01951     0.01100     0.00081     0.02024     0.00520     0.02167     0.00584     0.00627     0.36508
    -4.97310     0.02191     0.02745     0.01614     0.05500     0.02403     0.06025     0.00858     0.05071     0.02012     0.01101     0.00083     0.02012     0.00504     0.02068     0.00579     0.00629     0.35395
    -4.93010     0.02139     0.02494     0.01559     0.04881     0.02311     0.05860     0.00861     0.05147     0.01962     0.01079     0.00085     0.01960     0.00493     0.01956     0.00576     0.00623     0.33987
    -4.88810     0.02108     0.02258     0.01510     0.04372     0.02227     0.05680     0.00869     0.05193     0.01917     0.01060     0.00086     0.01923     0.00483     0.01864     0.00580     0.00620     0.32750
    -4.84510     0.02092     0.02086     0.01477     0.04035     0.02165     0.05543     0.00873     0.05268     0.01898     0.01055     0.00088     0.01902     0.00475     0.01818     0.00587     0.00621     0.31983
    -4.80210     0.02070     0.01940     0.01440     0.03771     0.02103     0.05439     0.00867     0.05377     0.01865     0.01052     0.00089     0.01874     0.00467     0.01775     0.00597     0.00628     0.31355
    -4.76010     0.02058     0.01851     0.01401     0.03528     0.02038     0.05328     0.00857     0.05509     0.01835     0.01044     0.00090     0.01855     0.00462     0.01736     0.00609     0.00638     0.30840
    -4.71710     0.02007     0.01756     0.01388     0.03301     0.01968     0.05174     0.00828     0.05610     0.01788     0.00993     0.00092     0.01785     0.00456     0.01677     0.00621     0.00623     0.30066
    -4.67410     0.01963     0.01672     0.01371     0.03135     0.01922     0.05111     0.00815     0.05734     0.01765     0.00979     0.00093     0.01774     0.00451     0.01646     0.00631     0.00619     0.29680
    -4.63210     0.01917     0.01588     0.01350     0.02992     0.01883     0.05071     0.00804     0.05832     0.01741     0.00967     0.00094     0.01766     0.00447     0.01625     0.00641     0.00616     0.29334
    -4.58910     0.01873     0.01518     0.01324     0.02889     0.01845     0.05059     0.00797     0.05959     0.01725     0.00962     0.00095     0.01767     0.00443     0.01606     0.00655     0.00615     0.29132
    -4.54610     0.01851     0.01464     0.01304     0.02809     0.01816     0.05223     0.00793     0.06232     0.01695     0.00960     0.00095     0.01778     0.00444     0.01600     0.00674     0.00618     0.29357
    -4.50410     0.01849     0.01427     0.01289     0.02730     0.01784     0.05341     0.00792     0.06460     0.01673     0.00962     0.00095     0.01791     0.00445     0.01597     0.00701     0.00624     0.29559
    -4.46110     0.01839     0.01397     0.01272     0.02650     0.01746     0.05397     0.00796     0.06662     0.01649     0.00979     0.00095     0.01822     0.00441     0.01604     0.00735     0.00647     0.29731
    -4.41810     0.01783     0.01353     0.01250     0.02560     0.01687     0.05403     0.00777     0.06819     0.01604     0.00936     0.00094     0.01793     0.00434     0.01563     0.00747     0.00627     0.29431
    -4.37610     0.01740     0.01325     0.01233     0.02515     0.01648     0.06108     0.00768     0.07702     0.01572     0.00934     0.00094     0.01856     0.00430     0.01597     0.00795     0.00636     0.30953
    -4.33310     0.01696     0.01313     0.01237     0.02503     0.01621     0.06741     0.00759     0.08455     0.01550     0.00940     0.00094     0.01927     0.00428     0.01661     0.00831     0.00651     0.32406
    -4.29010     0.01648     0.01296     0.01218     0.02482     0.01590     0.06312     0.00746     0.08158     0.01531     0.00932     0.00091     0.01883     0.00414     0.01621     0.00833     0.00648     0.31403
    -4.24810     0.01606     0.01277     0.01201     0.02452     0.01560     0.06091     0.00737     0.07947     0.01518     0.00931     0.00088     0.01858     0.00406     0.01603     0.00860     0.00651     0.30787
    -4.20510     0.01543     0.01237     0.01182     0.02404     0.01525     0.05500     0.00723     0.07190     0.01502     0.00913     0.00085     0.01746     0.00391     0.01527     0.00851     0.00644     0.28963
    -4.16210     0.01503     0.01215     0.01167     0.02357     0.01491     0.05178     0.00710     0.06845     0.01483     0.00902     0.00082     0.01690     0.00383     0.01494     0.00842     0.00647     0.27990
    -4.12010     0.01471     0.01200     0.01157     0.02317     0.01460     0.04981     0.00699     0.06598     0.01457     0.00879     0.00080     0.01637     0.00377     0.01471     0.00846     0.00646     0.27276
    -4.07710     0.01451     0.01185     0.01148     0.02271     0.01429     0.04793     0.00691     0.06351     0.01428     0.00859     0.00078     0.01583     0.00373     0.01439     0.00844     0.00636     0.26559
    -4.03410     0.01404     0.01163     0.01129     0.02228     0.01401     0.04590     0.00682     0.06108     0.01403     0.00841     0.00076     0.01532     0.00365     0.01409     0.00840     0.00626     0.25797
    -3.99210     0.01366     0.01146     0.01111     0.02216     0.01375     0.04435     0.00672     0.05929     0.01378     0.00822     0.00074     0.01486     0.00359     0.01381     0.00833     0.00618     0.25201
    -3.94910     0.01331     0.01130     0.01114     0.02211     0.01356     0.04293     0.00664     0.05785     0.01358     0.00795     0.00074     0.01427     0.00357     0.01329     0.00793     0.00598     0.24615
    -3.90610     0.01271     0.01103     0.01111     0.02173     0.01331     0.04153     0.00655     0.05628     0.01342     0.00779     0.00072     0.01392     0.00351     0.01299     0.00778     0.00589     0.24027
    -3.86410     0.01216     0.01078     0.01101     0.02129     0.01300     0.04025     0.00647     0.05467     0.01327     0.00766     0.00070     0.01358     0.00347     0.01272     0.00765     0.00579     0.23446
    -3.82110     0.01176     0.01062     0.01088     0.02090     0.01275     0.03890     0.00639     0.05290     0.01313     0.00750     0.00068     0.01321     0.00342     0.01244     0.00744     0.00567     0.22860
    -3.77810     0.01162     0.01057     0.01082     0.02066     0.01252     0.03784     0.00633     0.05147     0.01298     0.00738     0.00067     0.01291     0.00341     0.01222     0.00730     0.00560     0.22430
    -3.73610     0.01131     0.01046     0.01071     0.02034     0.01225     0.03679     0.00626     0.05015     0.01282     0.00732     0.00065     0.01273     0.00337     0.01211     0.00737     0.00561     0.22025
    -3.69310     0.01102     0.01035     0.01059     0.02011     0.01201     0.03592     0.00621     0.04901     0.01265     0.00727     0.00063     0.01256     0.00334     0.01199     0.00744     0.00562     0.21672
    -3.65010     0.01073     0.01024     0.01045     0.01981     0.01178     0.03501     0.00617     0.04777     0.01249     0.00718     0.00061     0.01234     0.00331     0.01182     0.00739     0.00557     0.21267
    -3.60810     0.01046     0.01013     0.01033     0.01969     0.01157     0.03414     0.00614     0.04665     0.01232     0.00705     0.00060     0.01209     0.00329     0.01162     0.00724     0.00550     0.20882
    -3.56510     0.01006     0.01000     0.01041     0.01945     0.01136     0.03314     0.00610     0.04537     0.01216     0.00693     0.00059     0.01187     0.00329     0.01145     0.00712     0.00542     0.20471
    -3.52210     0.00981     0.00991     0.01044     0.01915     0.01114     0.03217     0.00606     0.04402     0.01203     0.00682     0.00057     0.01166     0.00330     0.01128     0.00703     0.00535     0.20074
    -3.48010     0.00949     0.00981     0.01039     0.01884     0.01093     0.03125     0.00602     0.04275     0.01188     0.00672     0.00055     0.01143     0.00328     0.01110     0.00694     0.00529     0.19667
    -3.43710     0.00924     0.00971     0.01033     0.01852     0.01073     0.03043     0.00600     0.04157     0.01174     0.00662     0.00054     0.01123     0.00326     0.01093     0.00685     0.00522     0.19293
    -3.39410     0.00908     0.00963     0.01026     0.01823     0.01050     0.02966     0.00600     0.04047     0.01158     0.00652     0.00052     0.01104     0.00326     0.01076     0.00676     0.00517     0.18944
    -3.35210     0.00917     0.00963     0.01021     0.01794     0.01026     0.02894     0.00603     0.03946     0.01141     0.00642     0.00050     0.01084     0.00331     0.01059     0.00667     0.00512     0.18650
    -3.30910     0.00949     0.00954     0.01019     0.01778     0.01009     0.02820     0.00611     0.03853     0.01126     0.00631     0.00049     0.01067     0.00340     0.01047     0.00658     0.00508     0.18419
    -3.26610     0.01013     0.00948     0.01021     0.01751     0.00992     0.02748     0.00621     0.03751     0.01111     0.00621     0.00047     0.01051     0.00354     0.01035     0.00650     0.00502     0.18217
    -3.22410     0.01097     0.00945     0.01028     0.01740     0.00978     0.02680     0.00635     0.03652     0.01099     0.00612     0.00046     0.01037     0.00373     0.01025     0.00643     0.00498     0.18086
    -3.18110     0.01139     0.00951     0.01045     0.01730     0.00961     0.02613     0.00641     0.03541     0.01090     0.00605     0.00044     0.01023     0.00384     0.01015     0.00634     0.00495     0.17911
    -3.13810     0.01180     0.00960     0.01051     0.01712     0.00940     0.02549     0.00644     0.03431     0.01079     0.00599     0.00043     0.01008     0.00393     0.01003     0.00625     0.00492     0.17708
    -3.09610     0.01224     0.00966     0.01051     0.01690     0.00921     0.02488     0.00649     0.03329     0.01070     0.00593     0.00042     0.00993     0.00402     0.00992     0.00616     0.00487     0.17513
    -3.05310     0.01275     0.00975     0.01049     0.01670     0.00898     0.02434     0.00652     0.03235     0.01063     0.00587     0.00040     0.00978     0.00411     0.00980     0.00609     0.00484     0.17340
    -3.01010     0.01332     0.00987     0.01045     0.01646     0.00873     0.02382     0.00659     0.03144     0.01055     0.00581     0.00038     0.00963     0.00421     0.00969     0.00601     0.00480     0.17176
    -2.96810     0.01398     0.00997     0.01039     0.01621     0.00850     0.02329     0.00669     0.03057     0.01047     0.00575     0.00037     0.00949     0.00430     0.00958     0.00593     0.00476     0.17025
    -2.92510     0.01466     0.01007     0.01035     0.01610     0.00829     0.02280     0.00681     0.02975     0.01035     0.00567     0.00036     0.00936     0.00440     0.00948     0.00586     0.00471     0.16901
    -2.88210     0.01536     0.01015     0.01034     0.01587     0.00809     0.02229     0.00695     0.02888     0.01020     0.00557     0.00034     0.00923     0.00449     0.00938     0.00581     0.00463     0.16757
    -2.84010     0.01610     0.01028     0.01037     0.01589     0.00793     0.02180     0.00710     0.02805     0.01006     0.00548     0.00034     0.00911     0.00459     0.00930     0.00575     0.00459     0.16675
    -2.79710     0.01683     0.01048     0.01063     0.01570     0.00782     0.02122     0.00728     0.02716     0.00994     0.00542     0.00033     0.00901     0.00472     0.00922     0.00567     0.00453     0.16597
    -2.75410     0.01772     0.01067     0.01077     0.01540     0.00771     0.02060     0.00750     0.02620     0.00984     0.00536     0.00031     0.00892     0.00483     0.00914     0.00557     0.00447     0.16502
    -2.71210     0.01918     0.01090     0.01087     0.01500     0.00759     0.01994     0.00783     0.02521     0.00974     0.00530     0.00030     0.00883     0.00492     0.00903     0.00545     0.00440     0.16450
    -2.66910     0.02154     0.01112     0.01094     0.01463     0.00749     0.01932     0.00835     0.02428     0.00962     0.00525     0.00030     0.00874     0.00499     0.00894     0.00534     0.00433     0.16518
    -2.62610     0.02131     0.01131     0.01100     0.01432     0.00742     0.01875     0.00839     0.02344     0.00950     0.00518     0.00029     0.00866     0.00504     0.00884     0.00525     0.00426     0.16295
    -2.58410     0.02172     0.01156     0.01112     0.01405     0.00738     0.01820     0.00859     0.02264     0.00938     0.00513     0.00028     0.00856     0.00511     0.00872     0.00516     0.00419     0.16180
    -2.54110     0.02253     0.01187     0.01128     0.01397     0.00735     0.01769     0.00908     0.02191     0.00942     0.00509     0.00028     0.00847     0.00518     0.00862     0.00509     0.00415     0.16198
    -2.49810     0.02348     0.01233     0.01170     0.01373     0.00732     0.01719     0.00987     0.02118     0.00950     0.00507     0.00028     0.00839     0.00530     0.00851     0.00502     0.00409     0.16294
    -2.45610     0.02307     0.01274     0.01232     0.01322     0.00748     0.01649     0.01094     0.02052     0.00952     0.00502     0.00027     0.00838     0.00544     0.00844     0.00498     0.00399     0.16281
    -2.41310     0.02375     0.01320     0.01297     0.01278     0.00756     0.01589     0.01288     0.01982     0.00959     0.00497     0.00027     0.00831     0.00557     0.00833     0.00483     0.00387     0.16457
    -2.37010     0.02422     0.01343     0.01296     0.01231     0.00747     0.01536     0.01427     0.01890     0.00957     0.00495     0.00026     0.00814     0.00554     0.00816     0.00468     0.00377     0.16398
    -2.32810     0.02443     0.01360     0.01305     0.01193     0.00742     0.01486     0.01628     0.01797     0.00949     0.00492     0.00026     0.00800     0.00553     0.00801     0.00456     0.00369     0.16400
    -2.28510     0.02451     0.01346     0.01246     0.01168     0.00727     0.01398     0.01403     0.01686     0.00923     0.00481     0.00026     0.00782     0.00544     0.00788     0.00446     0.00359     0.15772
    -2.24210     0.02496     0.01349     0.01240     0.01152     0.00714     0.01306     0.01254     0.01583     0.00884     0.00468     0.00026     0.00765     0.00539     0.00777     0.00437     0.00348     0.15337
    -2.20010     0.02551     0.01392     0.01318     0.01104     0.00722     0.01249     0.01354     0.01505     0.00848     0.00466     0.00026     0.00752     0.00550     0.00763     0.00429     0.00337     0.15366
    -2.15710     0.02585     0.01426     0.01354     0.01001     0.00717     0.01175     0.01414     0.01423     0.00799     0.00462     0.00026     0.00736     0.00550     0.00741     0.00421     0.00318     0.15147
    -2.11410     0.02647     0.01497     0.01431     0.00971     0.00765     0.01170     0.01584     0.01390     0.00830     0.00469     0.00027     0.00731     0.00571     0.00733     0.00420     0.00314     0.15550
    -2.07210     0.02726     0.01628     0.01551     0.00965     0.00873     0.01195     0.01881     0.01377     0.00904     0.00486     0.00028     0.00739     0.00605     0.00733     0.00419     0.00313     0.16422
    -2.02910     0.02763     0.01670     0.01625     0.00889     0.00918     0.01165     0.01808     0.01321     0.01005     0.00487     0.00028     0.00735     0.00619     0.00721     0.00418     0.00298     0.16469
    -1.98610     0.02781     0.01645     0.01544     0.00847     0.00932     0.01112     0.01597     0.01252     0.00911     0.00470     0.00028     0.00710     0.00585     0.00701     0.00414     0.00278     0.15806
    -1.94410     0.02827     0.01669     0.01567     0.00864     0.01022     0.01147     0.01616     0.01214     0.00895     0.00467     0.00029     0.00698     0.00581     0.00690     0.00407     0.00274     0.15966
    -1.90110     0.02881     0.01748     0.01601     0.00915     0.01151     0.01167     0.01639     0.01167     0.00893     0.00476     0.00030     0.00701     0.00584     0.00689     0.00398     0.00276     0.16317
    -1.85810     0.02930     0.01884     0.01680     0.01047     0.01353     0.01181     0.01753     0.01151     0.00918     0.00492     0.00033     0.00717     0.00612     0.00699     0.00394     0.00290     0.17135
    -1.81610     0.02983     0.02029     0.01813     0.01104     0.01626     0.01260     0.01990     0.01189     0.01025     0.00515     0.00035     0.00732     0.00661     0.00700     0.00390     0.00297     0.18350
    -1.77310     0.03052     0.02142     0.01950     0.01046     0.01717     0.01192     0.01914     0.01158     0.00945     0.00524     0.00037     0.00732     0.00729     0.00682     0.00385     0.00290     0.18495
    -1.73010     0.03091     0.02096     0.02037     0.00709     0.01857     0.01147     0.01962     0.01122     0.00855     0.00503     0.00038     0.00705     0.00783     0.00619     0.00371     0.00229     0.18124
    -1.68810     0.03158     0.02209     0.02218     0.00687     0.02064     0.01142     0.02078     0.01104     0.00817     0.00505     0.00041     0.00706     0.00878     0.00602     0.00359     0.00218     0.18786
    -1.64510     0.03195     0.02329     0.02294     0.00719     0.02202     0.01144     0.02166     0.01074     0.00822     0.00509     0.00043     0.00712     0.00943     0.00594     0.00349     0.00216     0.19310
    -1.60210     0.03217     0.02498     0.02414     0.00879     0.02324     0.01209     0.02328     0.01086     0.00891     0.00518     0.00045     0.00737     0.01038     0.00605     0.00355     0.00233     0.20376
    -1.56010     0.03284     0.03036     0.02902     0.01504     0.02666     0.01512     0.02747     0.01234     0.01063     0.00585     0.00049     0.00825     0.01288     0.00686     0.00385     0.00323     0.24089
    -1.51710     0.03425     0.03418     0.03501     0.01585     0.03263     0.01744     0.03490     0.01506     0.01088     0.00639     0.00059     0.00910     0.01723     0.00729     0.00371     0.00337     0.27788
    -1.47410     0.03535     0.03972     0.04171     0.01584     0.03593     0.01788     0.04345     0.01626     0.01042     0.00727     0.00070     0.01005     0.02279     0.00767     0.00344     0.00343     0.31191
    -1.43210     0.03459     0.03839     0.03668     0.01541     0.03687     0.01886     0.04648     0.01633     0.01129     0.00698     0.00072     0.00990     0.02192     0.00741     0.00337     0.00354     0.30875
    -1.38910     0.03326     0.03584     0.02816     0.01595     0.03562     0.01928     0.04280     0.01621     0.01322     0.00705     0.00065     0.00970     0.01883     0.00750     0.00417     0.00430     0.29254
    -1.34610     0.03237     0.03329     0.02342     0.01576     0.03488     0.01837     0.03690     0.01569     0.01451     0.00669     0.00059     0.00888     0.01722     0.00685     0.00406     0.00433     0.27381
    -1.30410     0.03175     0.03158     0.01991     0.01631     0.03536     0.01825     0.03418     0.01587     0.01589     0.00665     0.00057     0.00842     0.01688     0.00664     0.00405     0.00461     0.26692
    -1.26110     0.03134     0.02873     0.01670     0.01556     0.03481     0.01816     0.03345     0.01562     0.01601     0.00633     0.00058     0.00829     0.01795     0.00699     0.00384     0.00443     0.25879
    -1.21810     0.03091     0.02691     0.01439     0.01550     0.03598     0.01816     0.03016     0.01601     0.01742     0.00690     0.00060     0.00781     0.01807     0.00692     0.00398     0.00494     0.25466
    -1.17610     0.03117     0.02614     0.01401     0.01577     0.04613     0.02378     0.03072     0.02061     0.01881     0.00712     0.00074     0.00799     0.01987     0.00729     0.00404     0.00507     0.27926
    -1.13310     0.03119     0.02522     0.01194     0.01571     0.04345     0.02396     0.03158     0.01836     0.01570     0.00660     0.00087     0.00694     0.02048     0.00642     0.00296     0.00446     0.26584
    -1.09010     0.03073     0.02495     0.01071     0.01613     0.04983     0.03358     0.04277     0.02176     0.01841     0.00705     0.00107     0.00828     0.02479     0.00792     0.00326     0.00526     0.30651
    -1.04810     0.03078     0.02421     0.00957     0.01625     0.05285     0.03752     0.04606     0.02299     0.02092     0.00732     0.00121     0.00832     0.02651     0.00825     0.00419     0.00603     0.32297
    -1.00510     0.03044     0.02223     0.00841     0.01518     0.05562     0.03441     0.04511     0.02198     0.02048     0.00732     0.00135     0.00775     0.02686     0.00756     0.00346     0.00657     0.31473
    -0.96210     0.03000     0.02210     0.00741     0.01536     0.05569     0.03366     0.04543     0.02140     0.02103     0.00758     0.00140     0.00710     0.02833     0.00724     0.00346     0.00745     0.31465
    -0.92010     0.02946     0.02141     0.00666     0.01565     0.06274     0.03269     0.04810     0.02131     0.02237     0.00897     0.00149     0.00649     0.02927     0.00698     0.00354     0.00958     0.32671
    -0.87710     0.02880     0.01924     0.00565     0.01369     0.06351     0.03218     0.04557     0.02044     0.02030     0.00675     0.00200     0.00658     0.03024     0.00695     0.00298     0.00756     0.31243
    -0.83410     0.02893     0.01816     0.00498     0.01314     0.05656     0.03270     0.04515     0.02047     0.02147     0.00659     0.00192     0.00593     0.03265     0.00664     0.00323     0.00760     0.30612
    -0.79210     0.02854     0.01795     0.00456     0.01276     0.05890     0.03392     0.04673     0.01995     0.02108     0.00644     0.00219     0.00568     0.03579     0.00640     0.00287     0.00810     0.31185
    -0.74910     0.02739     0.01670     0.00423     0.01170     0.05584     0.03413     0.04736     0.01789     0.01920     0.00595     0.00237     0.00507     0.03944     0.00544     0.00217     0.00816     0.30304
    -0.70610     0.02913     0.01610     0.00416     0.01148     0.05497     0.03512     0.04737     0.01747     0.01974     0.00577     0.00268     0.00487     0.04412     0.00516     0.00210     0.00831     0.30855
    -0.66410     0.02557     0.01517     0.00436     0.01050     0.06004     0.03690     0.04590     0.01935     0.01934     0.00558     0.00317     0.00520     0.04991     0.00544     0.00224     0.00842     0.31709
    -0.62110     0.01960     0.01410     0.00426     0.00895     0.06327     0.03974     0.04351     0.02133     0.01857     0.00549     0.00365     0.00528     0.05236     0.00561     0.00248     0.00876     0.31697
    -0.57810     0.01374     0.01320     0.00408     0.00760     0.06020     0.03907     0.03945     0.02169     0.01674     0.00540     0.00412     0.00433     0.05511     0.00444     0.00229     0.00917     0.30062
    -0.53610     0.01102     0.01513     0.00374     0.00832     0.05898     0.03458     0.03642     0.01934     0.01549     0.00488     0.00435     0.00469     0.05465     0.00437     0.00213     0.00919     0.28728
    -0.49310     0.00864     0.01573     0.00360     0.00846     0.05965     0.03291     0.03442     0.01826     0.01468     0.00480     0.00469     0.00505     0.05637     0.00445     0.00217     0.00930     0.28318
    -0.45010     0.00742     0.01815     0.00342     0.00960     0.06030     0.03273     0.03298     0.01831     0.01518     0.00502     0.00500     0.00562     0.05671     0.00473     0.00232     0.01006     0.28755
    -0.40810     0.00714     0.02114     0.00343     0.00992     0.06412     0.03423     0.03043     0.02030     0.01652     0.00553     0.00547     0.00607     0.05885     0.00502     0.00266     0.01064     0.30147
    -0.36510     0.00807     0.02311     0.00325     0.01025     0.06635     0.03445     0.02869     0.02195     0.01784     0.00600     0.00569     0.00647     0.05843     0.00524     0.00288     0.01093     0.30959
    -0.32210     0.00855     0.02575     0.00309     0.01063     0.06646     0.04061     0.02694     0.03272     0.02137     0.00785     0.00621     0.00724     0.05999     0.00588     0.00514     0.01194     0.34037
    -0.28010     0.00949     0.02644     0.00300     0.01040     0.06878     0.03928     0.02573     0.02875     0.02171     0.00711     0.00649     0.00754     0.06044     0.00662     0.00371     0.01157     0.33707
    -0.23710     0.01014     0.02243     0.00258     0.00804     0.06855     0.03468     0.02241     0.02044     0.02044     0.00549     0.00548     0.00546     0.04772     0.00537     0.00335     0.01033     0.29291
    -0.19410     0.01168     0.02229     0.00240     0.00892     0.07362     0.03368     0.02056     0.01823     0.02238     0.00523     0.00556     0.00516     0.04724     0.00552     0.00329     0.01013     0.29589
    -0.15210     0.01058     0.01990     0.00199     0.00799     0.06228     0.03226     0.01697     0.01713     0.02288     0.00482     0.00501     0.00464     0.03743     0.00504     0.00340     0.00939     0.26171
    -0.10910     0.01064     0.01849     0.00180     0.00805     0.06076     0.03254     0.01513     0.01711     0.02405     0.00461     0.00520     0.00442     0.03623     0.00502     0.00343     0.00932     0.25680
    -0.06610     0.01049     0.01769     0.00168     0.00833     0.05973     0.03335     0.01387     0.01756     0.02593     0.00458     0.00544     0.00448     0.03496     0.00514     0.00359     0.00951     0.25632
    -0.02410     0.01021     0.01605     0.00151     0.00740     0.05615     0.03303     0.01206     0.01745     0.02569     0.00428     0.00528     0.00452     0.02965     0.00515     0.00379     0.00885     0.24107
     0.01890     0.01005     0.01541     0.00138     0.00714     0.05405     0.03221     0.01054     0.01706     0.02612     0.00419     0.00534     0.00449     0.02770     0.00512     0.00397     0.00856     0.23334
     0.06190     0.00962     0.01464     0.00126     0.00689     0.05224     0.03116     0.00952     0.01661     0.02612     0.00403     0.00544     0.00443     0.02520     0.00519     0.00404     0.00853     0.22493
     0.10390     0.00932     0.01438     0.00118     0.00677     0.05072     0.03069     0.00878     0.01661     0.02696     0.00395     0.00562     0.00463     0.02283     0.00548     0.00424     0.00862     0.22078
     0.14690     0.01108     0.01384     0.00131     0.00653     0.05449     0.03538     0.00893     0.02029     0.02713     0.00404     0.00619     0.00499     0.01872     0.00598     0.00467     0.00900     0.23259
     0.18990     0.00647     0.01203     0.00085     0.00568     0.04342     0.02436     0.00743     0.01427     0.02645     0.00378     0.00535     0.00438     0.01318     0.00545     0.00477     0.00833     0.18620
     0.23190     0.00565     0.01281     0.00069     0.00556     0.03868     0.02182     0.00717     0.01285     0.02901     0.00403     0.00536     0.00429     0.01479     0.00539     0.00498     0.00858     0.18166
     0.27490     0.00550     0.01355     0.00077     0.00545     0.03629     0.02401     0.00777     0.01597     0.03327     0.00486     0.00562     0.00490     0.01666     0.00619     0.00645     0.00931     0.19657
     0.31790     0.00562     0.01383     0.00109     0.00541     0.03741     0.02945     0.00923     0.02239     0.03750     0.00603     0.00672     0.00558     0.01847     0.00758     0.00932     0.01050     0.22613
     0.35990     0.00569     0.01431     0.00121     0.00522     0.03763     0.03212     0.00979     0.02449     0.04385     0.00603     0.00665     0.00682     0.02019     0.01059     0.01230     0.01067     0.24756
     0.40290     0.00482     0.01262     0.00120     0.00485     0.03309     0.02748     0.00885     0.02191     0.03793     0.00538     0.00602     0.00566     0.01465     0.00808     0.00995     0.00865     0.21114
     0.44590     0.00507     0.01181     0.00135     0.00479     0.03536     0.02442     0.00937     0.01972     0.03240     0.00499     0.00620     0.00466     0.01428     0.00580     0.00692     0.00763     0.19477
     0.48790     0.00566     0.01162     0.00145     0.00483     0.03929     0.02340     0.01049     0.01992     0.03077     0.00487     0.00646     0.00446     0.01068     0.00498     0.00580     0.00617     0.19085
     0.53090     0.00676     0.01112     0.00200     0.00494     0.04291     0.02942     0.01321     0.02338     0.02888     0.00473     0.00696     0.00442     0.01257     0.00477     0.00495     0.00546     0.20648
     0.57390     0.00624     0.01111     0.00192     0.00493     0.04722     0.02576     0.01289     0.02025     0.02818     0.00467     0.00697     0.00428     0.01138     0.00465     0.00470     0.00542     0.20057
     0.61590     0.00633     0.01092     0.00198     0.00497     0.05128     0.02462     0.01362     0.01957     0.02773     0.00472     0.00722     0.00426     0.01196     0.00474     0.00483     0.00564     0.20439
     0.65890     0.00720     0.01023     0.00215     0.00500     0.05521     0.02491     0.01433     0.02019     0.02705     0.00483     0.00712     0.00440     0.01337     0.00492     0.00500     0.00597     0.21189
     0.70190     0.00901     0.01012     0.00256     0.00532     0.06354     0.02666     0.01637     0.02245     0.02773     0.00528     0.00786     0.00449     0.01709     0.00528     0.00509     0.00676     0.23562
     0.74390     0.00868     0.00937     0.00298     0.00545     0.06539     0.02766     0.01712     0.02282     0.02632     0.00512     0.00750     0.00413     0.01633     0.00529     0.00490     0.00705     0.23611
     0.78690     0.00935     0.00779     0.00367     0.00591     0.08457     0.03586     0.02633     0.02669     0.02658     0.00540     0.00656     0.00407     0.01868     0.00608     0.00492     0.00908     0.28155
     0.82990     0.01029     0.00636     0.00468     0.00658     0.10100     0.04473     0.03416     0.03017     0.02667     0.00572     0.00578     0.00422     0.02268     0.00752     0.00510     0.01210     0.32775
     0.87190     0.01226     0.00650     0.00643     0.00809     0.12000     0.05460     0.03922     0.03447     0.02992     0.00654     0.00651     0.00456     0.02732     0.01078     0.00568     0.01863     0.39152
     0.91490     0.01410     0.00805     0.00818     0.01049     0.13500     0.06094     0.04109     0.03634     0.03491     0.00700     0.00757     0.00496     0.02926     0.01285     0.00584     0.02292     0.43950
     0.95790     0.01767     0.00966     0.00990     0.01437     0.14100     0.06454     0.04272     0.03730     0.03617     0.00736     0.00902     0.00500     0.02937     0.01425     0.00586     0.02721     0.47140
     0.99990     0.02197     0.00847     0.01040     0.01530     0.12210     0.06345     0.03894     0.03803     0.03022     0.00693     0.00726     0.00456     0.02716     0.01507     0.00558     0.02948     0.44492
     1.04290     0.02577     0.00741     0.01197     0.01593     0.11560     0.06965     0.03629     0.04281     0.02544     0.00665     0.00630     0.00451     0.02623     0.01604     0.00567     0.03238     0.44865
     1.08590     0.03735     0.00792     0.01385     0.01765     0.10850     0.07662     0.03317     0.05365     0.02335     0.00706     0.00667     0.00566     0.02076     0.01474     0.00585     0.03250     0.46529
     1.12790     0.05094     0.00643     0.01136     0.01302     0.06607     0.07685     0.02443     0.05966     0.02429     0.00667     0.00831     0.00917     0.01138     0.01232     0.00562     0.02386     0.41038
     1.17090     0.08347     0.00820     0.01835     0.02627     0.09014     0.08862     0.03113     0.06215     0.02507     0.00678     0.01196     0.00905     0.01792     0.02020     0.00583     0.04190     0.54705
     1.21390     0.16530     0.01314     0.02621     0.02944     0.11180     0.08996     0.04354     0.06645     0.03008     0.00737     0.02098     0.00882     0.02908     0.02121     0.00641     0.03991     0.70970
     1.25590     0.05026     0.01803     0.02919     0.02673     0.09989     0.07652     0.02650     0.06094     0.02732     0.00772     0.01412     0.00678     0.02229     0.01281     0.00690     0.02194     0.50793
     1.29890     0.03235     0.01252     0.01338     0.01472     0.04642     0.04198     0.01502     0.03735     0.01671     0.00524     0.00616     0.00475     0.01009     0.00771     0.00440     0.01117     0.27998
     1.34190     0.02695     0.00211     0.00300     0.00192     0.01047     0.02284     0.00488     0.02634     0.01186     0.00455     0.00336     0.00446     0.00168     0.00398     0.00486     0.00470     0.13795
     1.38390     0.04837     0.00196     0.00340     0.00216     0.01502     0.03046     0.00677     0.04493     0.01830     0.00850     0.00468     0.00907     0.00217     0.00573     0.00905     0.00898     0.21954
     1.42690     0.02980     0.00137     0.00220     0.00143     0.01263     0.02497     0.00564     0.03694     0.01536     0.00612     0.00399     0.00663     0.00158     0.00468     0.00722     0.00644     0.16699
     1.46990     0.02550     0.00136     0.00191     0.00130     0.01401     0.02410     0.00574     0.03547     0.01533     0.00559     0.00443     0.00597     0.00142     0.00460     0.00714     0.00588     0.15975
     1.51190     0.02306     0.00147     0.00178     0.00133     0.01563     0.02406     0.00595     0.03484     0.01584     0.00545     0.00512     0.00558     0.00133     0.00461     0.00722     0.00567     0.15894
     1.55490     0.02183     0.00183     0.00181     0.00156     0.01698     0.02526     0.00641     0.03562     0.01750     0.00549     0.00584     0.00566     0.00134     0.00494     0.00787     0.00570     0.16565
     1.59790     0.02465     0.00302     0.00220     0.00199     0.02030     0.02682     0.00766     0.03587     0.02915     0.00564     0.00890     0.00631     0.00141     0.00530     0.00833     0.00577     0.19332
     1.63990     0.02984     0.00510     0.00279     0.00256     0.02651     0.02980     0.01014     0.03675     0.05592     0.00619     0.01318     0.00779     0.00166     0.00588     0.00894     0.00612     0.24918
     1.68290     0.03390     0.00767     0.00377     0.00342     0.03646     0.03634     0.01273     0.03901     0.09288     0.00714     0.01705     0.00924     0.00213     0.00687     0.01131     0.00706     0.32697
     1.72590     0.03586     0.00969     0.00508     0.00426     0.04825     0.04212     0.01591     0.03906     0.12390     0.00836     0.02071     0.01014     0.00269     0.00765     0.01273     0.00773     0.39415
     1.76790     0.03944     0.00794     0.00556     0.00385     0.07395     0.05325     0.02004     0.03541     0.10180     0.00831     0.01917     0.00987     0.00347     0.00763     0.01120     0.00847     0.40936
     1.81090     0.04799     0.00521     0.00640     0.00358     0.12540     0.07757     0.02529     0.03268     0.06868     0.00781     0.01680     0.00908     0.00486     0.00746     0.00946     0.00957     0.45786
     1.85390     0.04112     0.00431     0.00801     0.00275     0.15320     0.06423     0.02353     0.03161     0.04838     0.00775     0.01566     0.00807     0.00425     0.00732     0.00796     0.00980     0.43795
     1.89590     0.04554     0.00420     0.00859     0.00251     0.18030     0.06529     0.02260     0.03063     0.04569     0.00756     0.01985     0.00807     0.00587     0.00770     0.00693     0.00976     0.47108
     1.93890     0.05516     0.00463     0.00631     0.00267     0.16980     0.06847     0.02615     0.02985     0.04716     0.00796     0.02737     0.00890     0.00911     0.00762     0.00656     0.01045     0.48818
     1.98190     0.05702     0.00385     0.00428     0.00263     0.14070     0.04718     0.02980     0.02753     0.03746     0.00732     0.03025     0.00758     0.00546     0.00691     0.00554     0.00867     0.42219
     2.02390     0.02530     0.00264     0.00245     0.00162     0.07366     0.02515     0.01907     0.01862     0.02925     0.00471     0.01894     0.00590     0.00177     0.00496     0.00422     0.00459     0.24285
     2.06690     0.01814     0.00251     0.00166     0.00132     0.05427     0.02005     0.01457     0.01728     0.02519     0.00435     0.01381     0.00575     0.00194     0.00412     0.00342     0.00330     0.19167
     2.10990     0.01941     0.00386     0.00263     0.00359     0.07624     0.03907     0.01224     0.03637     0.02102     0.00588     0.01077     0.00831     0.00422     0.00741     0.00297     0.00549     0.25948
     2.15190     0.01688     0.00237     0.00198     0.00317     0.05500     0.02966     0.01115     0.03149     0.01820     0.00331     0.00726     0.00708     0.00310     0.00803     0.00166     0.00526     0.20561
     2.19490     0.06033     0.00454     0.00325     0.00566     0.08143     0.03921     0.05051     0.05779     0.19030     0.00619     0.02205     0.01875     0.00923     0.01656     0.00339     0.01395     0.58314
     2.23790     0.04348     0.00479     0.00264     0.00549     0.07137     0.03995     0.05693     0.04820     0.05151     0.00876     0.01261     0.01738     0.00775     0.01720     0.00388     0.01300     0.40493
     2.27990     0.12400     0.00790     0.00188     0.00298     0.09053     0.03734     0.13590     0.05518     0.02350     0.01469     0.01562     0.01855     0.00899     0.01984     0.00514     0.00954     0.57157
     2.32290     0.07029     0.01034     0.00175     0.00285     0.09205     0.06252     0.11100     0.05786     0.03325     0.01588     0.01154     0.01553     0.01330     0.01186     0.00502     0.01037     0.52541
     2.36590     0.10330     0.00646     0.00196     0.00210     0.07587     0.04888     0.13550     0.06577     0.04430     0.01276     0.01092     0.01076     0.01106     0.00758     0.00509     0.01151     0.55382
     2.40790     0.12530     0.00381     0.00364     0.00179     0.06867     0.04046     0.25350     0.05586     0.07079     0.00896     0.01303     0.00946     0.01020     0.00749     0.00446     0.00927     0.68671
     2.45090     0.06722     0.00416     0.00354     0.00224     0.05156     0.04895     0.13770     0.05385     0.09195     0.01111     0.01392     0.00949     0.00881     0.00751     0.00512     0.01227     0.52939
     2.49390     0.05641     0.00332     0.00432     0.00208     0.04715     0.05110     0.11550     0.05279     0.07932     0.00791     0.01514     0.00768     0.00781     0.00713     0.00425     0.01035     0.47226
     2.53590     0.03062     0.00236     0.00426     0.00194     0.04246     0.05373     0.09668     0.05700     0.08972     0.00657     0.01644     0.00789     0.00841     0.00877     0.00460     0.01007     0.44152
     2.57890     0.03262     0.00173     0.00440     0.00174     0.03860     0.05950     0.07755     0.06302     0.09312     0.00486     0.01666     0.00934     0.00806     0.01132     0.00373     0.00902     0.43527
     2.62190     0.03779     0.00140     0.00490     0.00176     0.04472     0.06041     0.07591     0.05990     0.12280     0.00380     0.01598     0.00993     0.00944     0.01274     0.00346     0.00840     0.47334
     2.66390     0.04439     0.00188     0.00621     0.00224     0.05686     0.06641     0.09971     0.07055     0.13600     0.00479     0.01736     0.00896     0.01201     0.01526     0.00329     0.01037     0.55630
     2.70690     0.04415     0.00193     0.00605     0.00230     0.05456     0.04827     0.09118     0.05686     0.10340     0.00347     0.01725     0.00563     0.01023     0.01368     0.00195     0.00879     0.46971
     2.74990     0.02195     0.00128     0.00445     0.00136     0.04283     0.02992     0.07625     0.02657     0.03561     0.00152     0.01142     0.00214     0.00823     0.00928     0.00042     0.00377     0.27699
     2.79190     0.02322     0.00136     0.00517     0.00157     0.04756     0.03040     0.08032     0.02449     0.04186     0.00170     0.01176     0.00291     0.00812     0.01070     0.00049     0.00367     0.29530
     2.83490     0.02858     0.00271     0.00685     0.00262     0.07076     0.06096     0.10070     0.07137     0.06558     0.00446     0.01436     0.00430     0.01088     0.01172     0.00259     0.00649     0.46494
     2.87790     0.03250     0.00223     0.00734     0.00261     0.07267     0.04714     0.11460     0.04677     0.07611     0.00383     0.01511     0.00450     0.01151     0.01246     0.00267     0.00626     0.45831
     2.91990     0.03834     0.00246     0.00791     0.00318     0.07244     0.04729     0.12370     0.04739     0.09124     0.00447     0.01707     0.00503     0.01191     0.01352     0.00626     0.00744     0.49964
     2.96290     0.03895     0.00252     0.00761     0.00350     0.06570     0.04402     0.12760     0.04293     0.09507     0.00459     0.01773     0.00539     0.01198     0.01335     0.00596     0.00800     0.49490
     3.00590     0.04311     0.00292     0.00864     0.00438     0.07200     0.04523     0.15760     0.04778     0.11000     0.00547     0.02111     0.00630     0.01383     0.01483     0.00739     0.00952     0.57012
     3.04790     0.04876     0.00344     0.00906     0.00502     0.07490     0.04760     0.18550     0.05302     0.12350     0.00647     0.02360     0.00757     0.01499     0.01594     0.00875     0.01099     0.63912
     3.09090     0.04935     0.00349     0.00720     0.00445     0.05821     0.04819     0.15190     0.04900     0.12940     0.00592     0.01893     0.00866     0.01302     0.01551     0.00890     0.00975     0.58188
     3.13390     0.04740     0.00301     0.00515     0.00381     0.04371     0.04055     0.11520     0.03544     0.13350     0.00422     0.01247     0.00822     0.01136     0.01257     0.00971     0.00805     0.49438
     3.17590     0.04691     0.00290     0.00422     0.00350     0.04191     0.03468     0.10090     0.02874     0.14300     0.00390     0.00923     0.00793     0.01215     0.01052     0.01131     0.00754     0.46933
     3.21890     0.05272     0.00324     0.00449     0.00375     0.04458     0.03129     0.11850     0.02518     0.15760     0.00403     0.01087     0.00801     0.01368     0.00968     0.01345     0.00789     0.50897
     3.26190     0.06682     0.00413     0.00614     0.00446     0.04860     0.02905     0.15760     0.02767     0.18450     0.00426     0.01318     0.00838     0.01667     0.01237     0.01664     0.01004     0.61051
     3.30390     0.09340     0.00510     0.00695     0.00479     0.05533     0.02966     0.20430     0.02950     0.23770     0.00477     0.01611     0.00918     0.02124     0.01340     0.02258     0.01187     0.76587
     3.34690     0.11810     0.00696     0.00877     0.00498     0.05221     0.03136     0.23710     0.02857     0.16070     0.00450     0.01957     0.00979     0.02664     0.01417     0.01193     0.01165     0.74701
     3.38990     0.07174     0.00682     0.00615     0.00360     0.04385     0.02537     0.18320     0.02275     0.11670     0.00422     0.01775     0.00839     0.02559     0.01206     0.00764     0.01173     0.56756
     3.43190     0.03887     0.00428     0.00426     0.00229     0.03417     0.01558     0.08331     0.01406     0.09670     0.00302     0.01207     0.00656     0.01347     0.00768     0.00607     0.00774     0.35012
     3.47490     0.03121     0.00371     0.00361     0.00208     0.03147     0.01287     0.06762     0.01130     0.09004     0.00253     0.01053     0.00632     0.00813     0.00620     0.00530     0.00569     0.29861
     3.51790     0.03213     0.00370     0.00333     0.00220     0.03166     0.01306     0.06733     0.01096     0.08908     0.00243     0.01005     0.00678     0.00561     0.00623     0.00495     0.00427     0.29377
     3.55990     0.03565     0.00394     0.00276     0.00254     0.03323     0.01436     0.08408     0.01170     0.09956     0.00239     0.01089     0.00754     0.00420     0.00708     0.00530     0.00361     0.32883
     3.60290     0.04350     0.00499     0.00354     0.00356     0.03725     0.01847     0.12710     0.01377     0.14800     0.00364     0.01279     0.00937     0.00707     0.00928     0.00910     0.00591     0.45733
     3.64590     0.04343     0.00504     0.00376     0.00355     0.05802     0.02106     0.12210     0.01406     0.14360     0.00383     0.01249     0.00999     0.00842     0.00948     0.00971     0.00660     0.47515
     3.68790     0.05370     0.00528     0.00381     0.00330     0.06655     0.02291     0.14720     0.01407     0.13350     0.00417     0.00915     0.01159     0.01035     0.01017     0.00928     0.00731     0.51234
     3.73090     0.06892     0.00559     0.00771     0.00361     0.08364     0.04617     0.19140     0.02797     0.13670     0.00620     0.00919     0.01283     0.02543     0.01122     0.01022     0.01008     0.65689
     3.77390     0.06890     0.00567     0.00731     0.00439     0.09425     0.04562     0.18790     0.02714     0.14170     0.00743     0.00927     0.01396     0.02987     0.01282     0.01162     0.01314     0.68099
     3.81590     0.06685     0.00554     0.00634     0.00515     0.09218     0.03883     0.16610     0.02464     0.13920     0.00750     0.00911     0.01348     0.02443     0.01431     0.01154     0.01338     0.63858
     3.85890     0.06554     0.00573     0.00611     0.00488     0.08676     0.03496     0.16260     0.02523     0.15080     0.00764     0.00965     0.01447     0.02189     0.01385     0.01318     0.01334     0.63663
     3.90190     0.06128     0.00458     0.00478     0.00429     0.08025     0.03009     0.13650     0.02407     0.11830     0.00689     0.00971     0.01303     0.01568     0.01279     0.01218     0.01254     0.54696
     3.94390     0.06012     0.00415     0.00448     0.00439     0.08003     0.02783     0.12450     0.02396     0.10530     0.00675     0.00999     0.01288     0.01320     0.01253     0.01156     0.01237     0.51405
     3.98690     0.06196     0.00430     0.00473     0.00488     0.08354     0.02776     0.12050     0.02542     0.09880     0.00709     0.01137     0.01399     0.01290     0.01268     0.01148     0.01273     0.51413
     4.02990     0.05809     0.00388     0.00495     0.00487     0.07852     0.02709     0.10900     0.02648     0.09052     0.00685     0.01246     0.01312     0.01205     0.01136     0.01070     0.01138     0.48132
     4.07190     0.05618     0.00401     0.00469     0.00519     0.07465     0.02789     0.10610     0.02849     0.08662     0.00680     0.01114     0.01311     0.01189     0.01058     0.01057     0.01129     0.46919
     4.11490     0.05796     0.00443     0.00514     0.00601     0.07691     0.03559     0.10610     0.03620     0.08653     0.00744     0.01188     0.01351     0.01340     0.01034     0.01106     0.01276     0.49525
     4.15790     0.07535     0.00571     0.00723     0.00730     0.09902     0.07210     0.09965     0.06900     0.08584     0.00845     0.01858     0.01264     0.01508     0.01019     0.01046     0.01458     0.61118
     4.19990     0.06078     0.00431     0.00651     0.00701     0.08840     0.06577     0.08608     0.05515     0.07409     0.00801     0.01738     0.01243     0.01398     0.01003     0.01040     0.01463     0.53496
     4.24290     0.04136     0.00337     0.00487     0.00568     0.06930     0.04470     0.07209     0.03428     0.06154     0.00710     0.01166     0.01321     0.00994     0.01112     0.00921     0.01253     0.41196
     4.28590     0.03327     0.00308     0.00437     0.00509     0.06337     0.03428     0.06873     0.02530     0.05370     0.00706     0.00926     0.01405     0.00834     0.01204     0.00902     0.01126     0.36221
     4.32790     0.03136     0.00328     0.00475     0.00496     0.06500     0.03092     0.07340     0.02230     0.04980     0.00875     0.00924     0.01748     0.00851     0.01477     0.01161     0.01226     0.36838
     4.37090     0.03296     0.00358     0.00520     0.00472     0.07845     0.02998     0.08987     0.02310     0.04943     0.00923     0.01088     0.01919     0.00832     0.01699     0.01253     0.01274     0.40717
     4.41390     0.04111     0.00423     0.00643     0.00485     0.10670     0.03325     0.11830     0.02897     0.05953     0.01101     0.01481     0.02126     0.01038     0.01959     0.01490     0.01496     0.51028
     4.45590     0.04767     0.00465     0.00741     0.00477     0.11610     0.03798     0.12050     0.03527     0.07110     0.01257     0.01808     0.02225     0.01092     0.02083     0.01590     0.01555     0.56155
     4.49890     0.04549     0.00513     0.00847     0.00513     0.13640     0.04023     0.13290     0.03728     0.07299     0.01398     0.01786     0.02326     0.01153     0.02236     0.01633     0.01662     0.60596
     4.54190     0.04124     0.00447     0.00752     0.00444     0.13430     0.03417     0.11510     0.03059     0.05537     0.01319     0.01738     0.02261     0.01134     0.02196     0.01576     0.01554     0.54498
     4.58390     0.03875     0.00436     0.00727     0.00412     0.13370     0.02990     0.10420     0.02542     0.04618     0.01371     0.01681     0.02413     0.01276     0.02314     0.01657     0.01550     0.51652
     4.62690     0.03641     0.00425     0.00698     0.00369     0.12560     0.02579     0.09757     0.02136     0.03781     0.01154     0.01613     0.01959     0.01271     0.01949     0.01343     0.01324     0.46559
     4.66990     0.03905     0.00494     0.00596     0.00374     0.11570     0.02502     0.10390     0.02042     0.03742     0.01170     0.01739     0.01889     0.01228     0.01925     0.01335     0.01299     0.46199
     4.71190     0.02702     0.00459     0.00392     0.00314     0.09797     0.02036     0.09886     0.01906     0.03008     0.01183     0.01519     0.01828     0.01093     0.01746     0.01296     0.01228     0.40393
     4.75490     0.02755     0.00522     0.00394     0.00362     0.11470     0.02237     0.11180     0.02308     0.03160     0.01385     0.01727     0.01856     0.01043     0.01727     0.01449     0.01462     0.45037
     4.79790     0.03509     0.00639     0.00472     0.00468     0.13600     0.02780     0.13450     0.03337     0.03767     0.01933     0.02152     0.02108     0.01247     0.01880     0.01893     0.02079     0.55314
     4.83990     0.04348     0.00749     0.00581     0.00547     0.17190     0.03558     0.15570     0.03986     0.04308     0.02263     0.02851     0.02407     0.01481     0.01981     0.02160     0.02674     0.66655
     4.88290     0.04062     0.00741     0.00587     0.00530     0.15730     0.03450     0.13790     0.03834     0.03940     0.02276     0.02701     0.02445     0.01417     0.01999     0.02193     0.02780     0.62474
     4.92590     0.04172     0.00746     0.00609     0.00537     0.15200     0.03605     0.12120     0.03680     0.03995     0.02333     0.02813     0.02604     0.01416     0.01949     0.02317     0.02922     0.61018
     4.96790     0.04683     0.00852     0.00699     0.00596     0.17610     0.04355     0.14120     0.04281     0.04414     0.02655     0.03227     0.03278     0.01640     0.02089     0.02595     0.03589     0.70684
     5.01090     0.03975     0.00675     0.00571     0.00502     0.11170     0.03317     0.10180     0.03283     0.03640     0.02209     0.02821     0.02503     0.01429     0.01840     0.02259     0.02961     0.53335
     5.05390     0.03357     0.00609     0.00549     0.00462     0.08973     0.02904     0.08640     0.02911     0.03304     0.01999     0.02450     0.02171     0.01316     0.01702     0.01953     0.02510     0.45810
     5.09590     0.03178     0.00581     0.00551     0.00464     0.08544     0.02854     0.08142     0.02725     0.03484     0.01873     0.02192     0.01939     0.01304     0.01620     0.01785     0.02335     0.43571
     5.13890     0.03395     0.00614     0.00665     0.00544     0.09905     0.03667     0.08718     0.03040     0.03663     0.01931     0.02511     0.01958     0.01457     0.01748     0.02047     0.02424     0.48287
     5.18190     0.02857     0.00564     0.00561     0.00567     0.11050     0.02640     0.08313     0.02538     0.03616     0.01810     0.02532     0.01640     0.01408     0.01751     0.02132     0.02730     0.46709
     5.22390     0.03276     0.00640     0.00500     0.00510     0.10020     0.02817     0.08709     0.02791     0.03852     0.02074     0.04113     0.01730     0.01550     0.01955     0.02126     0.03346     0.50009
     5.26690     0.03494     0.00692     0.00548     0.00570     0.11180     0.03194     0.09733     0.03181     0.03600     0.02362     0.05066     0.01785     0.01700     0.02107     0.02184     0.03843     0.55239
     5.30990     0.03230     0.00687     0.00595     0.00609     0.12630     0.03069     0.10750     0.03084     0.03470     0.01961     0.04344     0.01664     0.01688     0.02006     0.02140     0.03326     0.55253
     5.35190     0.03033     0.00596     0.00548     0.00607     0.15220     0.03348     0.10340     0.03041     0.02631     0.01807     0.03983     0.01551     0.01359     0.01680     0.01752     0.02948     0.54444
     5.39490     0.03070     0.00564     0.00563     0.00663     0.17660     0.03882     0.10760     0.03371     0.02513     0.01924     0.03923     0.01679     0.01302     0.01692     0.01671     0.02913     0.58150
     5.43790     0.03188     0.00520     0.00539     0.00654     0.18410     0.04228     0.10760     0.03613     0.02824     0.01972     0.03705     0.01796     0.01234     0.01753     0.01839     0.02892     0.59927
     5.47990     0.03448     0.00476     0.00567     0.00684     0.20620     0.04605     0.11250     0.03775     0.03159     0.01865     0.03655     0.01914     0.01125     0.01816     0.01904     0.02832     0.63695
     5.52290     0.03740     0.00496     0.00715     0.00744     0.23280     0.05635     0.12210     0.03912     0.03867     0.01933     0.04413     0.02091     0.01140     0.01919     0.01969     0.03584     0.71649
     5.56590     0.03216     0.00468     0.00619     0.00700     0.18750     0.05368     0.10450     0.03549     0.04337     0.01845     0.03175     0.02048     0.01118     0.01989     0.02105     0.02550     0.62288
     5.60790     0.02601     0.00419     0.00540     0.00604     0.14560     0.04870     0.09615     0.03127     0.04792     0.01734     0.02623     0.01914     0.01037     0.02030     0.02221     0.02251     0.54938
     5.65090     0.02255     0.00395     0.00389     0.00371     0.09032     0.03605     0.08058     0.02737     0.04810     0.01663     0.02024     0.01937     0.01057     0.02221     0.02369     0.02077     0.45000
     5.69390     0.01667     0.00351     0.00315     0.00292     0.06412     0.02686     0.06448     0.02504     0.04077     0.01568     0.01551     0.01794     0.00864     0.01796     0.02179     0.01839     0.36343
     5.73590     0.01973     0.00396     0.00343     0.00329     0.07191     0.03163     0.07300     0.02817     0.04052     0.01730     0.01641     0.01852     0.00890     0.01823     0.02225     0.01908     0.39634
     5.77890     0.02969     0.00543     0.00476     0.00470     0.10210     0.05369     0.09808     0.03551     0.04302     0.02069     0.01909     0.02044     0.00994     0.02056     0.02315     0.02272     0.51356
     5.82190     0.04610     0.00792     0.00747     0.00766     0.19330     0.08479     0.15210     0.05272     0.04805     0.02618     0.02804     0.02272     0.01282     0.02516     0.02421     0.04019     0.77944
     5.86390     0.04094     0.00743     0.00713     0.00723     0.16770     0.08773     0.13500     0.05150     0.04862     0.02318     0.02720     0.02188     0.01372     0.02645     0.02401     0.03288     0.72260
     5.90690     0.03481     0.00666     0.00732     0.00688     0.15120     0.09149     0.12670     0.04997     0.04820     0.02161     0.02573     0.02084     0.01405     0.02477     0.02184     0.03136     0.68343
     5.94990     0.03472     0.00601     0.00740     0.00677     0.14080     0.08840     0.12110     0.04735     0.04533     0.02136     0.02532     0.01959     0.01433     0.02313     0.02088     0.03092     0.65341
     5.99190     0.02912     0.00495     0.00660     0.00599     0.11260     0.07229     0.09907     0.03951     0.03916     0.01965     0.02201     0.01618     0.01209     0.02046     0.01802     0.02411     0.54181
     6.03490     0.02650     0.00496     0.00647     0.00598     0.10350     0.06599     0.09027     0.03715     0.03820     0.02206     0.02048     0.01506     0.01142     0.01965     0.01690     0.02246     0.50705
     6.07790     0.02158     0.00505     0.00640     0.00611     0.09889     0.06261     0.08387     0.03385     0.03985     0.01938     0.01996     0.01522     0.01142     0.02006     0.01612     0.01965     0.48002
     6.11990     0.02064     0.00480     0.00638     0.00604     0.09091     0.06374     0.08537     0.03527     0.03949     0.01842     0.02071     0.01545     0.01282     0.01991     0.01606     0.01827     0.47428
     6.16290     0.02133     0.00494     0.00647     0.00610     0.09319     0.06582     0.09132     0.03800     0.03842     0.01848     0.02212     0.01612     0.01442     0.02073     0.01671     0.01802     0.49219
     6.20590     0.02255     0.00531     0.00686     0.00616     0.10010     0.06971     0.09929     0.04068     0.04091     0.01961     0.02495     0.01680     0.01598     0.02222     0.01837     0.01940     0.52890
     6.24790     0.02047     0.00467     0.00615     0.00516     0.08908     0.06972     0.08873     0.03852     0.03651     0.01800     0.02232     0.01345     0.01458     0.01998     0.01770     0.01891     0.48395
     6.29090     0.01935     0.00425     0.00551     0.00468     0.08102     0.06885     0.07915     0.03907     0.03215     0.01707     0.01907     0.01069     0.01406     0.01775     0.01667     0.01813     0.44746
     6.33390     0.02092     0.00490     0.00623     0.00550     0.09065     0.08677     0.08448     0.04353     0.03745     0.01753     0.01946     0.00952     0.01447     0.01782     0.01840     0.01970     0.49734
     6.37690     0.02073     0.00462     0.00606     0.00544     0.08344     0.08680     0.08064     0.04133     0.03589     0.01705     0.01832     0.00905     0.01374     0.01765     0.01764     0.01827     0.47667
     6.41890     0.02170     0.00478     0.00612     0.00579     0.08324     0.08995     0.08498     0.04204     0.03593     0.01739     0.01779     0.00893     0.01385     0.01816     0.01787     0.01881     0.48733
     6.46190     0.02614     0.00534     0.00671     0.00673     0.08631     0.09835     0.09774     0.04654     0.04024     0.02019     0.01876     0.01017     0.01628     0.02005     0.02001     0.02175     0.54130
     6.50490     0.02782     0.00601     0.00744     0.00803     0.09175     0.10090     0.10710     0.04777     0.04452     0.01891     0.02058     0.01149     0.01721     0.02246     0.02182     0.02244     0.57625
     6.54690     0.02734     0.00642     0.00826     0.00907     0.09558     0.10580     0.10800     0.04703     0.04623     0.01655     0.02164     0.01205     0.01696     0.02458     0.02323     0.02304     0.59179
     6.58990     0.02728     0.00644     0.00841     0.00973     0.09446     0.10720     0.10170     0.04428     0.04529     0.01493     0.02193     0.01202     0.01719     0.02471     0.02326     0.02365     0.58248
     6.63290     0.02714     0.00646     0.00790     0.00903     0.08686     0.10400     0.09901     0.04347     0.04464     0.01462     0.02567     0.01205     0.01758     0.02360     0.02286     0.02537     0.57026
     6.67490     0.02692     0.00643     0.00752     0.00783     0.07881     0.10640     0.09911     0.04313     0.04221     0.01434     0.02363     0.01166     0.01616     0.02255     0.02413     0.02927     0.56010
     6.71790     0.02733     0.00624     0.00687     0.00692     0.06868     0.08940     0.09426     0.04088     0.03669     0.01498     0.02412     0.01133     0.01613     0.02079     0.02156     0.03013     0.51631
     6.76090     0.03174     0.00714     0.00707     0.00690     0.06676     0.08502     0.10280     0.04269     0.03728     0.01864     0.03926     0.01269     0.02285     0.02226     0.01974     0.03398     0.55683
     6.80290     0.03530     0.00625     0.00673     0.00600     0.05783     0.07541     0.10520     0.03948     0.03250     0.01687     0.02859     0.01067     0.01798     0.01843     0.01669     0.03121     0.50513
     6.84590     0.03517     0.00549     0.00631     0.00546     0.04739     0.06316     0.10110     0.03562     0.02826     0.01438     0.01444     0.00949     0.01245     0.01496     0.01527     0.02774     0.43670
     6.88890     0.03264     0.00622     0.00681     0.00568     0.04979     0.06667     0.12000     0.04233     0.02699     0.01533     0.01396     0.01128     0.01247     0.01563     0.01753     0.02915     0.47247
     6.93090     0.02836     0.00670     0.00691     0.00595     0.05653     0.06850     0.09454     0.03261     0.02818     0.01344     0.01338     0.01090     0.01321     0.01652     0.02011     0.02757     0.44340
     6.97390     0.03597     0.00863     0.00750     0.00675     0.07331     0.08332     0.07993     0.03210     0.03334     0.01409     0.01624     0.01197     0.01488     0.01798     0.02329     0.02787     0.48717
     7.01690     0.03676     0.00848     0.00742     0.00676     0.06979     0.08351     0.07287     0.03085     0.03281     0.01310     0.01546     0.01151     0.01389     0.01750     0.02244     0.02539     0.46854
     7.05890     0.04300     0.00812     0.00737     0.00649     0.06273     0.08982     0.06797     0.02749     0.03634     0.01388     0.01315     0.01118     0.01264     0.01658     0.02059     0.02238     0.45972
     7.10190     0.02733     0.00498     0.00613     0.00524     0.05036     0.07557     0.05994     0.02318     0.02607     0.01081     0.00982     0.00859     0.01040     0.01437     0.01709     0.01927     0.36915
     7.14490     0.02385     0.00415     0.00550     0.00442     0.04688     0.07057     0.05455     0.02143     0.02364     0.00976     0.00937     0.00783     0.00982     0.01350     0.01645     0.01811     0.33983
     7.18690     0.02159     0.00343     0.00500     0.00381     0.04132     0.06237     0.04735     0.01967     0.02024     0.00886     0.00831     0.00699     0.00911     0.01215     0.01468     0.01640     0.30128
     7.22990     0.01987     0.00277     0.00448     0.00322     0.03602     0.05342     0.04074     0.01760     0.01715     0.00808     0.00715     0.00609     0.00840     0.01072     0.01268     0.01469     0.26308
     7.27290     0.02021     0.00237     0.00423     0.00292     0.03391     0.04964     0.03645     0.01645     0.01637     0.00748     0.00649     0.00553     0.00796     0.01006     0.01172     0.01376     0.24555
     7.31490     0.02049     0.00205     0.00409     0.00273     0.03307     0.04682     0.03325     0.01580     0.01506     0.00740     0.00566     0.00499     0.00757     0.00932     0.01084     0.01330     0.23245
     7.35790     0.02141     0.00176     0.00397     0.00250     0.03346     0.04428     0.02884     0.01500     0.01387     0.00677     0.00508     0.00443     0.00694     0.00869     0.01005     0.01247     0.21952
     7.40090     0.02187     0.00149     0.00378     0.00227     0.03357     0.04048     0.02311     0.01370     0.01253     0.00649     0.00434     0.00405     0.00620     0.00807     0.00856     0.01215     0.20267
     7.44290     0.02552     0.00141     0.00421     0.00228     0.03918     0.04108     0.02070     0.01345     0.01285     0.00681     0.00420     0.00400     0.00634     0.00827     0.00789     0.01284     0.21102
     7.48590     0.02597     0.00116     0.00390     0.00202     0.03501     0.03716     0.01854     0.01365     0.01114     0.00628     0.00377     0.00383     0.00579     0.00690     0.00677     0.01189     0.19378
     7.52890     0.02697     0.00109     0.00393     0.00194     0.03607     0.03583     0.01681     0.01417     0.00996     0.00613     0.00365     0.00374     0.00528     0.00633     0.00627     0.01173     0.18989
     7.57090     0.02511     0.00099     0.00402     0.00182     0.03765     0.03335     0.01388     0.01328     0.00849     0.00568     0.00356     0.00343     0.00423     0.00534     0.00550     0.01077     0.17709
     7.61390     0.02739     0.00089     0.00445     0.00184     0.04280     0.03303     0.01234     0.01499     0.00792     0.00552     0.00373     0.00333     0.00339     0.00461     0.00506     0.00987     0.18116
     7.65690     0.03289     0.00072     0.00461     0.00160     0.04430     0.03158     0.01089     0.01851     0.00748     0.00539     0.00400     0.00305     0.00288     0.00376     0.00487     0.00931     0.18584
     7.69890     0.03322     0.00089     0.00277     0.00125     0.03275     0.02523     0.01167     0.01956     0.00736     0.00473     0.00294     0.00230     0.00231     0.00286     0.00539     0.00925     0.16448
     7.74190     0.00942     0.00032     0.00076     0.00042     0.00887     0.00815     0.00640     0.00712     0.00256     0.00277     0.00086     0.00107     0.00111     0.00142     0.00312     0.00646     0.06083
     7.78490     0.00152     0.00013     0.00012     0.00013     0.00059     0.00267     0.00308     0.00281     0.00128     0.00184     0.00017     0.00059     0.00044     0.00080     0.00211     0.00502     0.02329
     7.82690     0.00112     0.00012     0.00010     0.00012     0.00039     0.00237     0.00248     0.00264     0.00108     0.00164     0.00014     0.00055     0.00032     0.00068     0.00203     0.00451     0.02028
     7.86990     0.00090     0.00011     0.00008     0.00010     0.00029     0.00204     0.00186     0.00221     0.00085     0.00134     0.00011     0.00052     0.00021     0.00055     0.00178     0.00366     0.01663
     7.91290     0.00075     0.00010     0.00005     0.00008     0.00021     0.00166     0.00119     0.00146     0.00060     0.00089     0.00008     0.00047     0.00014     0.00040     0.00144     0.00285     0.01236
     7.95490     0.00071     0.00009     0.00004     0.00007     0.00019     0.00157     0.00097     0.00125     0.00056     0.00087     0.00006     0.00046     0.00011     0.00038     0.00136     0.00260     0.01130
     7.99790     0.00068     0.00009     0.00003     0.00007     0.00017     0.00143     0.00076     0.00103     0.00050     0.00085     0.00005     0.00045     0.00009     0.00037     0.00127     0.00237     0.01020
     8.04090     0.00063     0.00008     0.00002     0.00007     0.00015     0.00125     0.00055     0.00082     0.00045     0.00083     0.00004     0.00042     0.00006     0.00035     0.00119     0.00215     0.00906
     8.08290     0.00058     0.00007     0.00001     0.00006     0.00014     0.00102     0.00034     0.00061     0.00038     0.00082     0.00003     0.00038     0.00003     0.00034     0.00112     0.00196     0.00791
     8.12590     0.00055     0.00006     0.00001     0.00007     0.00014     0.00083     0.00021     0.00047     0.00034     0.00083     0.00002     0.00035     0.00001     0.00034     0.00106     0.00187     0.00716
     8.16890     0.00053     0.00006     0.00001     0.00006     0.00013     0.00069     0.00019     0.00040     0.00030     0.00083     0.00002     0.00032     0.00001     0.00032     0.00098     0.00178     0.00665
     8.21090     0.00052     0.00006     0.00001     0.00006     0.00013     0.00057     0.00018     0.00034     0.00027     0.00082     0.00002     0.00030     0.00001     0.00031     0.00091     0.00170     0.00620
     8.25390     0.00050     0.00005     0.00000     0.00006     0.00013     0.00046     0.00017     0.00028     0.00023     0.00083     0.00001     0.00029     0.00001     0.00029     0.00084     0.00165     0.00580
     8.29690     0.00048     0.00005     0.00000     0.00006     0.00013     0.00037     0.00016     0.00023     0.00019     0.00083     0.00001     0.00028     0.00000     0.00028     0.00077     0.00162     0.00547
     8.33890     0.00047     0.00005     0.00000     0.00006     0.00013     0.00030     0.00016     0.00018     0.00015     0.00091     0.00001     0.00029     0.00000     0.00027     0.00075     0.00167     0.00540
     8.38190     0.00049     0.00006     0.00000     0.00006     0.00014     0.00027     0.00016     0.00014     0.00013     0.00109     0.00001     0.00031     0.00000     0.00030     0.00081     0.00181     0.00578
     8.42490     0.00045     0.00006     0.00000     0.00006     0.00012     0.00021     0.00014     0.00011     0.00011     0.00109     0.00001     0.00028     0.00000     0.00029     0.00075     0.00171     0.00538
     8.46690     0.00033     0.00004     0.00000     0.00005     0.00008     0.00013     0.00010     0.00006     0.00006     0.00087     0.00000     0.00020     0.00000     0.00022     0.00055     0.00130     0.00400
     8.50990     0.00004     0.00002     0.00000     0.00002     0.00001     0.00004     0.00001     0.00001     0.00002     0.00028     0.00000     0.00006     0.00000     0.00007     0.00021     0.00041     0.00119
     8.55290     0.00002     0.00001     0.00000     0.00001     0.00001     0.00002     0.00000     0.00001     0.00001     0.00019     0.00000     0.00004     0.00000     0.00005     0.00013     0.00029     0.00078
     8.59490     0.00001     0.00001     0.00000     0.00001     0.00000     0.00001     0.00000     0.00000     0.00000     0.00012     0.00000     0.00002     0.00000     0.00003     0.00007     0.00018     0.00048
     8.63790     0.00001     0.00000     0.00000     0.00000     0.00000     0.00000     0.00000     0.00000     0.00000     0.00007     0.00000     0.00001     0.00000     0.00002     0.00004     0.00010     0.00026
     8.68090     0.00000     0.00000     0.00000     0.00000     0.00000     0.00000     0.00000     0.00000     0.00000     0.00003     0.00000     0.00000     0.00000     0.00001     0.00002     0.00004     0.00011
     8.72290     0.00000     0.00000     0.00000     0.00000     0.00000     0.00000     0.00000     0.00000     0.00000     0.00001     0.00000     0.00000     0.00000     0.00000     0.00000     0.00001     0.00002
     8.76590     0.00000     0.00000     0.00000     0.00000     0.00000     0.00000     0.00000     0.00000     0.00000     0.00000     0.00000     0.00000     0.00000     0.00000     0.00000     0.00000     0.00000
     8.80890     0.00000     0.00000     0.00000     0.00000     0.00000     0.00000     0.00000     0.00000     0.00000     0.00000     0.00000     0.00000     0.00000     0.00000     0.00000     0.00000     0.00000
     8.85090     0.00000     0.00000     0.00000     0.00000     0.00000     0.00000     0.00000     0.00000     0.00000     0.00000     0.00000     0.00000     0.00000     0.00000     0.00000     0.00000     0.00000
     8.89390     0.00000     0.00000     0.00000     0.00000     0.00000     0.00000     0.00000     0.00000     0.00000     0.00000     0.00000     0.00000     0.00000     0.00000     0.00000     0.00000     0.00000
     8.93690     0.00000     0.00000     0.00000     0.00000     0.00000     0.00000     0.00000     0.00000     0.00000     0.00000     0.00000     0.00000     0.00000     0.00000     0.00000     0.00000     0.00000
     8.97890     0.00000     0.00000     0.00000     0.00000     0.00000     0.00000     0.00000     0.00000     0.00000     0.00000     0.00000     0.00000     0.00000     0.00000     0.00000     0.00000     0.00000
     9.02190     0.00000     0.00000     0.00000     0.00000     0.00000     0.00000     0.00000     0.00000     0.00000     0.00000     0.00000     0.00000     0.00000     0.00000     0.00000     0.00000     0.00000
     9.06490     0.00000     0.00000     0.00000     0.00000     0.00000     0.00000     0.00000     0.00000     0.00000     0.00000     0.00000     0.00000     0.00000     0.00000     0.00000     0.00000     0.00000
     9.10690     0.00000     0.00000     0.00000     0.00000     0.00000     0.00000     0.00000     0.00000     0.00000     0.00000     0.00000     0.00000     0.00000     0.00000     0.00000     0.00000     0.00000
     9.14990     0.00000     0.00000     0.00000     0.00000     0.00000     0.00000     0.00000     0.00000     0.00000     0.00000     0.00000     0.00000     0.00000     0.00000     0.00000     0.00000     0.00000
     9.19290     0.00000     0.00000     0.00000     0.00000     0.00000     0.00000     0.00000     0.00000     0.00000     0.00000     0.00000     0.00000     0.00000     0.00000     0.00000     0.00000     0.00000
     9.23490     0.00000     0.00000     0.00000     0.00000     0.00000     0.00000     0.00000     0.00000     0.00000     0.00000     0.00000     0.00000     0.00000     0.00000     0.00000     0.00000     0.00000
     9.27790     0.00000     0.00000     0.00000     0.00000     0.00000     0.00000     0.00000     0.00000     0.00000     0.00000     0.00000     0.00000     0.00000     0.00000     0.00000     0.00000     0.00000
     9.32090     0.00000     0.00000     0.00000     0.00000     0.00000     0.00000     0.00000     0.00000     0.00000     0.00000     0.00000     0.00000     0.00000     0.00000     0.00000     0.00000     0.00000
     9.36290     0.00000     0.00000     0.00000     0.00000     0.00000     0.00000     0.00000     0.00000     0.00000     0.00000     0.00000     0.00000     0.00000     0.00000     0.00000     0.00000     0.00000
     9.40590     0.00000     0.00000     0.00000     0.00000     0.00000     0.00000     0.00000     0.00000     0.00000     0.00000     0.00000     0.00000     0.00000     0.00000     0.00000     0.00000     0.00000
     9.44890     0.00000     0.00000     0.00000     0.00000     0.00000     0.00000     0.00000     0.00000     0.00000     0.00000     0.00000     0.00000     0.00000     0.00000     0.00000     0.00000     0.00000
     9.49090     0.00000     0.00000     0.00000     0.00000     0.00000     0.00000     0.00000     0.00000     0.00000     0.00000     0.00000     0.00000     0.00000     0.00000     0.00000     0.00000     0.00000
     9.53390     0.00000     0.00000     0.00000     0.00000     0.00000     0.00000     0.00000     0.00000     0.00000     0.00000     0.00000     0.00000     0.00000     0.00000     0.00000     0.00000     0.00000
     9.57690     0.00000     0.00000     0.00000     0.00000     0.00000     0.00000     0.00000     0.00000     0.00000     0.00000     0.00000     0.00000     0.00000     0.00000     0.00000     0.00000     0.00000
     9.61890     0.00000     0.00000     0.00000     0.00000     0.00000     0.00000     0.00000     0.00000     0.00000     0.00000     0.00000     0.00000     0.00000     0.00000     0.00000     0.00000     0.00000
     9.66190     0.00000     0.00000     0.00000     0.00000     0.00000     0.00000     0.00000     0.00000     0.00000     0.00000     0.00000     0.00000     0.00000     0.00000     0.00000     0.00000     0.00000
     9.70490     0.00000     0.00000     0.00000     0.00000     0.00000     0.00000     0.00000     0.00000     0.00000     0.00000     0.00000     0.00000     0.00000     0.00000     0.00000     0.00000     0.00000
     9.74690     0.00000     0.00000     0.00000     0.00000     0.00000     0.00000     0.00000     0.00000     0.00000     0.00000     0.00000     0.00000     0.00000     0.00000     0.00000     0.00000     0.00000
     9.78990     0.00000     0.00000     0.00000     0.00000     0.00000     0.00000     0.00000     0.00000     0.00000     0.00000     0.00000     0.00000     0.00000     0.00000     0.00000     0.00000     0.00000
     9.83290     0.00000     0.00000     0.00000     0.00000     0.00000     0.00000     0.00000     0.00000     0.00000     0.00000     0.00000     0.00000     0.00000     0.00000     0.00000     0.00000     0.00000
     9.87490     0.00000     0.00000     0.00000     0.00000     0.00000     0.00000     0.00000     0.00000     0.00000     0.00000     0.00000     0.00000     0.00000     0.00000     0.00000     0.00000     0.00000
     9.91790     0.00000     0.00000     0.00000     0.00000     0.00000     0.00000     0.00000     0.00000     0.00000     0.00000     0.00000     0.00000     0.00000     0.00000     0.00000     0.00000     0.00000
     9.96090     0.00000     0.00000     0.00000     0.00000     0.00000     0.00000     0.00000     0.00000     0.00000     0.00000     0.00000     0.00000     0.00000     0.00000     0.00000     0.00000     0.00000
    10.00290     0.00000     0.00000     0.00000     0.00000     0.00000     0.00000     0.00000     0.00000     0.00000     0.00000     0.00000     0.00000     0.00000     0.00000     0.00000     0.00000     0.00000
    10.04590     0.00000     0.00000     0.00000     0.00000     0.00000     0.00000     0.00000     0.00000     0.00000     0.00000     0.00000     0.00000     0.00000     0.00000     0.00000     0.00000     0.00000
    10.08890     0.00000     0.00000     0.00000     0.00000     0.00000     0.00000     0.00000     0.00000     0.00000     0.00000     0.00000     0.00000     0.00000     0.00000     0.00000     0.00000     0.00000
    10.13090     0.00000     0.00000     0.00000     0.00000     0.00000     0.00000     0.00000     0.00000     0.00000     0.00000     0.00000     0.00000     0.00000     0.00000     0.00000     0.00000     0.00000
    10.17390     0.00000     0.00000     0.00000     0.00000     0.00000     0.00000     0.00000     0.00000     0.00000     0.00000     0.00000     0.00000     0.00000     0.00000     0.00000     0.00000     0.00000
    10.21690     0.00000     0.00000     0.00000     0.00000     0.00000     0.00000     0.00000     0.00000     0.00000     0.00000     0.00000     0.00000     0.00000     0.00000     0.00000     0.00000     0.00000
    10.25890     0.00000     0.00000     0.00000     0.00000     0.00000     0.00000     0.00000     0.00000     0.00000     0.00000     0.00000     0.00000     0.00000     0.00000     0.00000     0.00000     0.00000
    10.30190     0.00000     0.00000     0.00000     0.00000     0.00000     0.00000     0.00000     0.00000     0.00000     0.00000     0.00000     0.00000     0.00000     0.00000     0.00000     0.00000     0.00000
    10.34490     0.00000     0.00000     0.00000     0.00000     0.00000     0.00000     0.00000     0.00000     0.00000     0.00000     0.00000     0.00000     0.00000     0.00000     0.00000     0.00000     0.00000
    10.38690     0.00000     0.00000     0.00000     0.00000     0.00000     0.00000     0.00000     0.00000     0.00000     0.00000     0.00000     0.00000     0.00000     0.00000     0.00000     0.00000     0.00000
    10.42990     0.00000     0.00000     0.00000     0.00000     0.00000     0.00000     0.00000     0.00000     0.00000     0.00000     0.00000     0.00000     0.00000     0.00000     0.00000     0.00000     0.00000
    10.47290     0.00000     0.00000     0.00000     0.00000     0.00000     0.00000     0.00000     0.00000     0.00000     0.00000     0.00000     0.00000     0.00000     0.00000     0.00000     0.00000     0.00000
    10.51490     0.00000     0.00000     0.00000     0.00000     0.00000     0.00000     0.00000     0.00000     0.00000     0.00000     0.00000     0.00000     0.00000     0.00000     0.00000     0.00000     0.00000
    10.55790     0.00000     0.00000     0.00000     0.00000     0.00000     0.00000     0.00000     0.00000     0.00000     0.00000     0.00000     0.00000     0.00000     0.00000     0.00000     0.00000     0.00000
    10.60090     0.00000     0.00000     0.00000     0.00000     0.00000     0.00000     0.00000     0.00000     0.00000     0.00000     0.00000     0.00000     0.00000     0.00000     0.00000     0.00000     0.00000
    10.64290     0.00000     0.00000     0.00000     0.00000     0.00000     0.00000     0.00000     0.00000     0.00000     0.00000     0.00000     0.00000     0.00000     0.00000     0.00000     0.00000     0.00000
    10.68590     0.00000     0.00000     0.00000     0.00000     0.00000     0.00000     0.00000     0.00000     0.00000     0.00000     0.00000     0.00000     0.00000     0.00000     0.00000     0.00000     0.00000
    10.72890     0.00000     0.00000     0.00000     0.00000     0.00000     0.00000     0.00000     0.00000     0.00000     0.00000     0.00000     0.00000     0.00000     0.00000     0.00000     0.00000     0.00000
    10.77090     0.00000     0.00000     0.00000     0.00000     0.00000     0.00000     0.00000     0.00000     0.00000     0.00000     0.00000     0.00000     0.00000     0.00000     0.00000     0.00000     0.00000
    10.81390     0.00000     0.00000     0.00000     0.00000     0.00000     0.00000     0.00000     0.00000     0.00000     0.00000     0.00000     0.00000     0.00000     0.00000     0.00000     0.00000     0.00000
    10.85690     0.00000     0.00000     0.00000     0.00000     0.00000     0.00000     0.00000     0.00000     0.00000     0.00000     0.00000     0.00000     0.00000     0.00000     0.00000     0.00000     0.00000
    10.89890     0.00000     0.00000     0.00000     0.00000     0.00000     0.00000     0.00000     0.00000     0.00000     0.00000     0.00000     0.00000     0.00000     0.00000     0.00000     0.00000     0.00000
    10.94190     0.00000     0.00000     0.00000     0.00000     0.00000     0.00000     0.00000     0.00000     0.00000     0.00000     0.00000     0.00000     0.00000     0.00000     0.00000     0.00000     0.00000
    10.98490     0.00000     0.00000     0.00000     0.00000     0.00000     0.00000     0.00000     0.00000     0.00000     0.00000     0.00000     0.00000     0.00000     0.00000     0.00000     0.00000     0.00000
    11.02690     0.00000     0.00000     0.00000     0.00000     0.00000     0.00000     0.00000     0.00000     0.00000     0.00000     0.00000     0.00000     0.00000     0.00000     0.00000     0.00000     0.00000
    11.06990     0.00000     0.00000     0.00000     0.00000     0.00000     0.00000     0.00000     0.00000     0.00000     0.00000     0.00000     0.00000     0.00000     0.00000     0.00000     0.00000     0.00000
    11.11290     0.00000     0.00000     0.00000     0.00000     0.00000     0.00000     0.00000     0.00000     0.00000     0.00000     0.00000     0.00000     0.00000     0.00000     0.00000     0.00000     0.00000
    11.15490     0.00000     0.00000     0.00000     0.00000     0.00000     0.00000     0.00000     0.00000     0.00000     0.00000     0.00000     0.00000     0.00000     0.00000     0.00000     0.00000     0.00000
    11.19790     0.00000     0.00000     0.00000     0.00000     0.00000     0.00000     0.00000     0.00000     0.00000     0.00000     0.00000     0.00000     0.00000     0.00000     0.00000     0.00000     0.00000
    11.24090     0.00000     0.00000     0.00000     0.00000     0.00000     0.00000     0.00000     0.00000     0.00000     0.00000     0.00000     0.00000     0.00000     0.00000     0.00000     0.00000     0.00000
    11.28290     0.00000     0.00000     0.00000     0.00000     0.00000     0.00000     0.00000     0.00000     0.00000     0.00000     0.00000     0.00000     0.00000     0.00000     0.00000     0.00000     0.00000
    11.32590     0.00000     0.00000     0.00000     0.00000     0.00000     0.00000     0.00000     0.00000     0.00000     0.00000     0.00000     0.00000     0.00000     0.00000     0.00000     0.00000     0.00000
    11.36890     0.00000     0.00000     0.00000     0.00000     0.00000     0.00000     0.00000     0.00000     0.00000     0.00000     0.00000     0.00000     0.00000     0.00000     0.00000     0.00000     0.00000
    11.41090     0.00000     0.00000     0.00000     0.00000     0.00000     0.00000     0.00000     0.00000     0.00000     0.00000     0.00000     0.00000     0.00000     0.00000     0.00000     0.00000     0.00000
    11.45390     0.00000     0.00000     0.00000     0.00000     0.00000     0.00000     0.00000     0.00000     0.00000     0.00000     0.00000     0.00000     0.00000     0.00000     0.00000     0.00000     0.00000
    11.49690     0.00000     0.00000     0.00000     0.00000     0.00000     0.00000     0.00000     0.00000     0.00000     0.00000     0.00000     0.00000     0.00000     0.00000     0.00000     0.00000     0.00000
    11.53890     0.00000     0.00000     0.00000     0.00000     0.00000     0.00000     0.00000     0.00000     0.00000     0.00000     0.00000     0.00000     0.00000     0.00000     0.00000     0.00000     0.00000
    11.58190     0.00000     0.00000     0.00000     0.00000     0.00000     0.00000     0.00000     0.00000     0.00000     0.00000     0.00000     0.00000     0.00000     0.00000     0.00000     0.00000     0.00000
    11.62490     0.00000     0.00000     0.00000     0.00000     0.00000     0.00000     0.00000     0.00000     0.00000     0.00000     0.00000     0.00000     0.00000     0.00000     0.00000     0.00000     0.00000
    11.66690     0.00000     0.00000     0.00000     0.00000     0.00000     0.00000     0.00000     0.00000     0.00000     0.00000     0.00000     0.00000     0.00000     0.00000     0.00000     0.00000     0.00000
