     #Energy           s          py          pz          px         dxy         dyz         dz2         dxz         dx2       fy3x2        fxyz        fyz2         fz3        fxz2        fzx2         fx3       tot  
   -58.05300     0.00000     0.00000     0.00000     0.00000     0.00000     0.00000     0.00000     0.00000     0.00000     0.00000     0.00000     0.00000     0.00000     0.00000     0.00000     0.00000     0.00000
   -58.00700     0.00000     0.00000     0.00000     0.00000     0.00000     0.00000     0.00000     0.00000     0.00000     0.00000     0.00000     0.00000     0.00000     0.00000     0.00000     0.00000     0.00000
   -57.96200     0.00000     0.00000     0.00000     0.00000     0.00000     0.00000     0.00000     0.00000     0.00000     0.00000     0.00000     0.00000     0.00000     0.00000     0.00000     0.00000     0.00000
   -57.91700     0.00000     0.00000     0.00000     0.00000     0.00000     0.00000     0.00000     0.00000     0.00000     0.00000     0.00000     0.00000     0.00000     0.00000     0.00000     0.00000     0.00000
   -57.87100     0.00000     0.00000     0.00000     0.00000     0.00000     0.00000     0.00000     0.00000     0.00000     0.00000     0.00000     0.00000     0.00000     0.00000     0.00000     0.00000     0.00000
   -57.82600     0.00000     0.00000     0.00000     0.00000     0.00000     0.00000     0.00000     0.00000     0.00000     0.00000     0.00000     0.00000     0.00000     0.00000     0.00000     0.00000     0.00000
   -57.78100     0.00000     0.00000     0.00000     0.00000     0.00000     0.00000     0.00000     0.00000     0.00000     0.00000     0.00000     0.00000     0.00000     0.00000     0.00000     0.00000     0.00000
   -57.73600     0.00000     0.00000     0.00000     0.00000     0.00000     0.00000     0.00000     0.00000     0.00000     0.00000     0.00000     0.00000     0.00000     0.00000     0.00000     0.00000     0.00000
   -57.69000     0.00000     0.00000     0.00000     0.00000     0.00000     0.00000     0.00000     0.00000     0.00000     0.00000     0.00000     0.00000     0.00000     0.00000     0.00000     0.00000     0.00000
   -57.64500     0.00000     0.00000     0.00000     0.00000     0.00000     0.00000     0.00000     0.00000     0.00000     0.00000     0.00000     0.00000     0.00000     0.00000     0.00000     0.00000     0.00000
   -57.60000     0.00000     0.00000     0.00000     0.00000     0.00000     0.00000     0.00000     0.00000     0.00000     0.00000     0.00000     0.00000     0.00000     0.00000     0.00000     0.00000     0.00000
   -57.55400     0.00000     0.00000     0.00000     0.00000     0.00000     0.00000     0.00000     0.00000     0.00000     0.00000     0.00000     0.00000     0.00000     0.00000     0.00000     0.00000     0.00000
   -57.50900     0.00000     0.00000     0.00000     0.00000     0.00000     0.00000     0.00000     0.00000     0.00000     0.00000     0.00000     0.00000     0.00000     0.00000     0.00000     0.00000     0.00000
   -57.46400     0.00000     0.00000     0.00000     0.00000     0.00000     0.00000     0.00000     0.00000     0.00000     0.00000     0.00000     0.00000     0.00000     0.00000     0.00000     0.00000     0.00000
   -57.41900     0.00000     0.00000     0.00000     0.00000     0.00000     0.00000     0.00000     0.00000     0.00000     0.00000     0.00000     0.00000     0.00000     0.00000     0.00000     0.00000     0.00000
   -57.37300     0.00000     0.00000     0.00000     0.00000     0.00000     0.00000     0.00000     0.00000     0.00000     0.00000     0.00000     0.00000     0.00000     0.00000     0.00000     0.00000     0.00000
   -57.32800     0.00000     0.00000     0.00000     0.00000     0.00000     0.00000     0.00000     0.00000     0.00000     0.00000     0.00000     0.00000     0.00000     0.00000     0.00000     0.00000     0.00000
   -57.28300     0.00000     0.00000     0.00000     0.00000     0.00000     0.00000     0.00000     0.00000     0.00000     0.00000     0.00000     0.00000     0.00000     0.00000     0.00000     0.00000     0.00000
   -57.23700     0.00000     0.00000     0.00000     0.00000     0.00000     0.00000     0.00000     0.00000     0.00000     0.00000     0.00000     0.00000     0.00000     0.00000     0.00000     0.00000     0.00000
   -57.19200     0.00000     0.00000     0.00000     0.00000     0.00000     0.00000     0.00000     0.00000     0.00000     0.00000     0.00000     0.00000     0.00000     0.00000     0.00000     0.00000     0.00000
   -57.14700     0.00000     0.00000     0.00000     0.00000     0.00000     0.00000     0.00000     0.00000     0.00000     0.00000     0.00000     0.00000     0.00000     0.00000     0.00000     0.00000     0.00000
   -57.10200     0.00000     0.00000     0.00000     0.00000     0.00000     0.00000     0.00000     0.00000     0.00000     0.00000     0.00000     0.00000     0.00000     0.00000     0.00000     0.00000     0.00000
   -57.05600     0.00000     0.00000     0.00000     0.00000     0.00000     0.00000     0.00000     0.00000     0.00000     0.00000     0.00000     0.00000     0.00000     0.00000     0.00000     0.00000     0.00000
   -57.01100     0.00000     0.00000     0.00000     0.00000     0.00000     0.00000     0.00000     0.00000     0.00000     0.00000     0.00000     0.00000     0.00000     0.00000     0.00000     0.00000     0.00000
   -56.96600     0.00000     0.00000     0.00000     0.00000     0.00000     0.00000     0.00000     0.00000     0.00000     0.00000     0.00000     0.00000     0.00000     0.00000     0.00000     0.00000     0.00000
   -56.92000     0.00000     0.00000     0.00000     0.00000     0.00000     0.00000     0.00000     0.00000     0.00000     0.00000     0.00000     0.00000     0.00000     0.00000     0.00000     0.00000     0.00000
   -56.87500     0.00000     0.00000     0.00000     0.00000     0.00000     0.00000     0.00000     0.00000     0.00000     0.00000     0.00000     0.00000     0.00000     0.00000     0.00000     0.00000     0.00000
   -56.83000     0.00000     0.00000     0.00000     0.00000     0.00000     0.00000     0.00000     0.00000     0.00000     0.00000     0.00000     0.00000     0.00000     0.00000     0.00000     0.00000     0.00000
   -56.78500     0.00000     0.00000     0.00000     0.00000     0.00000     0.00000     0.00000     0.00000     0.00000     0.00000     0.00000     0.00000     0.00000     0.00000     0.00000     0.00000     0.00000
   -56.73900     0.00000     0.00000     0.00000     0.00000     0.00000     0.00000     0.00000     0.00000     0.00000     0.00000     0.00000     0.00000     0.00000     0.00000     0.00000     0.00000     0.00000
   -56.69400     0.00000     0.00000     0.00000     0.00000     0.00000     0.00000     0.00000     0.00000     0.00000     0.00000     0.00000     0.00000     0.00000     0.00000     0.00000     0.00000     0.00000
   -56.64900     0.00000     0.00000     0.00000     0.00000     0.00000     0.00000     0.00000     0.00000     0.00000     0.00000     0.00000     0.00000     0.00000     0.00000     0.00000     0.00000     0.00000
   -56.60300     0.00000     0.00000     0.00000     0.00000     0.00000     0.00000     0.00000     0.00000     0.00000     0.00000     0.00000     0.00000     0.00000     0.00000     0.00000     0.00000     0.00000
   -56.55800     0.00000     0.00000     0.00000     0.00000     0.00000     0.00000     0.00000     0.00000     0.00000     0.00000     0.00000     0.00000     0.00000     0.00000     0.00000     0.00000     0.00000
   -56.51300     0.00000     0.00000     0.00000     0.00000     0.00000     0.00000     0.00000     0.00000     0.00000     0.00000     0.00000     0.00000     0.00000     0.00000     0.00000     0.00000     0.00000
   -56.46800     0.00000     0.00000     0.00000     0.00000     0.00000     0.00000     0.00000     0.00000     0.00000     0.00000     0.00000     0.00000     0.00000     0.00000     0.00000     0.00000     0.00000
   -56.42200     0.00000     0.00000     0.00000     0.00000     0.00000     0.00000     0.00000     0.00000     0.00000     0.00000     0.00000     0.00000     0.00000     0.00000     0.00000     0.00000     0.00000
   -56.37700     0.00000     0.00000     0.00000     0.00000     0.00000     0.00000     0.00000     0.00000     0.00000     0.00000     0.00000     0.00000     0.00000     0.00000     0.00000     0.00000     0.00000
   -56.33200     0.00000     0.00000     0.00000     0.00000     0.00000     0.00000     0.00000     0.00000     0.00000     0.00000     0.00000     0.00000     0.00000     0.00000     0.00000     0.00000     0.00000
   -56.28600     0.00000     0.00000     0.00000     0.00000     0.00000     0.00000     0.00000     0.00000     0.00000     0.00000     0.00000     0.00000     0.00000     0.00000     0.00000     0.00000     0.00000
   -56.24100     0.00000     0.00000     0.00000     0.00000     0.00000     0.00000     0.00000     0.00000     0.00000     0.00000     0.00000     0.00000     0.00000     0.00000     0.00000     0.00000     0.00000
   -56.19600     0.00000     0.00000     0.00000     0.00000     0.00000     0.00000     0.00000     0.00000     0.00000     0.00000     0.00000     0.00000     0.00000     0.00000     0.00000     0.00000     0.00000
   -56.15100     0.00000     0.00000     0.00000     0.00000     0.00000     0.00000     0.00000     0.00000     0.00000     0.00000     0.00000     0.00000     0.00000     0.00000     0.00000     0.00000     0.00000
   -56.10500     0.00000     0.00000     0.00000     0.00000     0.00000     0.00000     0.00000     0.00000     0.00000     0.00000     0.00000     0.00000     0.00000     0.00000     0.00000     0.00000     0.00000
   -56.06000     0.00000     0.00000     0.00000     0.00000     0.00000     0.00000     0.00000     0.00000     0.00000     0.00000     0.00000     0.00000     0.00000     0.00000     0.00000     0.00000     0.00000
   -56.01500     0.00000     0.00000     0.00000     0.00000     0.00000     0.00000     0.00000     0.00000     0.00000     0.00000     0.00000     0.00000     0.00000     0.00000     0.00000     0.00000     0.00000
   -55.97000     0.00000     0.00000     0.00000     0.00000     0.00000     0.00000     0.00000     0.00000     0.00000     0.00000     0.00000     0.00000     0.00000     0.00000     0.00000     0.00000     0.00000
   -55.92400     0.00000     0.00000     0.00000     0.00000     0.00000     0.00000     0.00000     0.00000     0.00000     0.00000     0.00000     0.00000     0.00000     0.00000     0.00000     0.00000     0.00000
   -55.87900     0.00000     0.00000     0.00000     0.00000     0.00000     0.00000     0.00000     0.00000     0.00000     0.00000     0.00000     0.00000     0.00000     0.00000     0.00000     0.00000     0.00000
   -55.83400     0.00000     0.00000     0.00000     0.00000     0.00000     0.00000     0.00000     0.00000     0.00000     0.00000     0.00000     0.00000     0.00000     0.00000     0.00000     0.00000     0.00000
   -55.78800     0.00000     0.00000     0.00000     0.00000     0.00000     0.00000     0.00000     0.00000     0.00000     0.00000     0.00000     0.00000     0.00000     0.00000     0.00000     0.00000     0.00000
   -55.74300     0.00000     0.00000     0.00000     0.00000     0.00000     0.00000     0.00000     0.00000     0.00000     0.00000     0.00000     0.00000     0.00000     0.00000     0.00000     0.00000     0.00000
   -55.69800     0.00000     0.00000     0.00000     0.00000     0.00000     0.00000     0.00000     0.00000     0.00000     0.00000     0.00000     0.00000     0.00000     0.00000     0.00000     0.00000     0.00000
   -55.65300     0.00000     0.00000     0.00000     0.00000     0.00000     0.00000     0.00000     0.00000     0.00000     0.00000     0.00000     0.00000     0.00000     0.00000     0.00000     0.00000     0.00000
   -55.60700     0.00000     0.00000     0.00000     0.00000     0.00000     0.00000     0.00000     0.00000     0.00000     0.00000     0.00000     0.00000     0.00000     0.00000     0.00000     0.00000     0.00000
   -55.56200     0.00000     0.00000     0.00000     0.00000     0.00000     0.00000     0.00000     0.00000     0.00000     0.00000     0.00000     0.00000     0.00000     0.00000     0.00000     0.00000     0.00000
   -55.51700     0.00000     0.00000     0.00000     0.00000     0.00000     0.00000     0.00000     0.00000     0.00000     0.00000     0.00000     0.00000     0.00000     0.00000     0.00000     0.00000     0.00000
   -55.47100     0.00000     0.00000     0.00000     0.00000     0.00000     0.00000     0.00000     0.00000     0.00000     0.00000     0.00000     0.00000     0.00000     0.00000     0.00000     0.00000     0.00000
   -55.42600     0.00000     0.00000     0.00000     0.00000     0.00000     0.00000     0.00000     0.00000     0.00000     0.00000     0.00000     0.00000     0.00000     0.00000     0.00000     0.00000     0.00000
   -55.38100     0.00000     0.00000     0.00000     0.00000     0.00000     0.00000     0.00000     0.00000     0.00000     0.00000     0.00000     0.00000     0.00000     0.00000     0.00000     0.00000     0.00000
   -55.33600     0.00000     0.00000     0.00000     0.00000     0.00000     0.00000     0.00000     0.00000     0.00000     0.00000     0.00000     0.00000     0.00000     0.00000     0.00000     0.00000     0.00000
   -55.29000     0.00000     0.00000     0.00000     0.00000     0.00000     0.00000     0.00000     0.00000     0.00000     0.00000     0.00000     0.00000     0.00000     0.00000     0.00000     0.00000     0.00000
   -55.24500     0.00000     0.00000     0.00000     0.00000     0.00000     0.00000     0.00000     0.00000     0.00000     0.00000     0.00000     0.00000     0.00000     0.00000     0.00000     0.00000     0.00000
   -55.20000     0.00000     0.00000     0.00000     0.00000     0.00000     0.00000     0.00000     0.00000     0.00000     0.00000     0.00000     0.00000     0.00000     0.00000     0.00000     0.00000     0.00000
   -55.15400     0.00000     0.00000     0.00000     0.00000     0.00000     0.00000     0.00000     0.00000     0.00000     0.00000     0.00000     0.00000     0.00000     0.00000     0.00000     0.00000     0.00000
   -55.10900     0.00000     0.00000     0.00000     0.00000     0.00000     0.00000     0.00000     0.00000     0.00000     0.00000     0.00000     0.00000     0.00000     0.00000     0.00000     0.00000     0.00000
   -55.06400     0.00000     0.00000     0.00000     0.00000     0.00000     0.00000     0.00000     0.00000     0.00000     0.00000     0.00000     0.00000     0.00000     0.00000     0.00000     0.00000     0.00000
   -55.01900     0.00000     0.00000     0.00000     0.00000     0.00000     0.00000     0.00000     0.00000     0.00000     0.00000     0.00000     0.00000     0.00000     0.00000     0.00000     0.00000     0.00000
   -54.97300     0.00000     0.00000     0.00000     0.00000     0.00000     0.00000     0.00000     0.00000     0.00000     0.00000     0.00000     0.00000     0.00000     0.00000     0.00000     0.00000     0.00000
   -54.92800     0.00000     0.00000     0.00000     0.00000     0.00000     0.00000     0.00000     0.00000     0.00000     0.00000     0.00000     0.00000     0.00000     0.00000     0.00000     0.00000     0.00000
   -54.88300     0.00000     0.00000     0.00000     0.00000     0.00000     0.00000     0.00000     0.00000     0.00000     0.00000     0.00000     0.00000     0.00000     0.00000     0.00000     0.00000     0.00000
   -54.83700     0.00000     0.00000     0.00000     0.00000     0.00000     0.00000     0.00000     0.00000     0.00000     0.00000     0.00000     0.00000     0.00000     0.00000     0.00000     0.00000     0.00000
   -54.79200     0.00000     0.00000     0.00000     0.00000     0.00000     0.00000     0.00000     0.00000     0.00000     0.00000     0.00000     0.00000     0.00000     0.00000     0.00000     0.00000     0.00000
   -54.74700     0.00000     0.00000     0.00000     0.00000     0.00000     0.00000     0.00000     0.00000     0.00000     0.00000     0.00000     0.00000     0.00000     0.00000     0.00000     0.00000     0.00000
   -54.70200     0.00000     0.00000     0.00000     0.00000     0.00000     0.00000     0.00000     0.00000     0.00000     0.00000     0.00000     0.00000     0.00000     0.00000     0.00000     0.00000     0.00000
   -54.65600  1022.16510     0.00100     0.00240     0.00246     0.00019     0.00020     0.00098     0.00054     0.00002     0.00000     0.00000     0.00000     0.00000     0.00000     0.00000     0.00000  1022.17290
   -54.61100     0.00000     0.00000     0.00000     0.00000     0.00000     0.00000     0.00000     0.00000     0.00000     0.00000     0.00000     0.00000     0.00000     0.00000     0.00000     0.00000     0.00000
   -54.56600     0.00000     0.00000     0.00000     0.00000     0.00000     0.00000     0.00000     0.00000     0.00000     0.00000     0.00000     0.00000     0.00000     0.00000     0.00000     0.00000     0.00000
   -54.52000     0.00000     0.00000     0.00000     0.00000     0.00000     0.00000     0.00000     0.00000     0.00000     0.00000     0.00000     0.00000     0.00000     0.00000     0.00000     0.00000     0.00000
   -54.47500     0.00000     0.00000     0.00000     0.00000     0.00000     0.00000     0.00000     0.00000     0.00000     0.00000     0.00000     0.00000     0.00000     0.00000     0.00000     0.00000     0.00000
   -54.43000     0.00000     0.00000     0.00000     0.00000     0.00000     0.00000     0.00000     0.00000     0.00000     0.00000     0.00000     0.00000     0.00000     0.00000     0.00000     0.00000     0.00000
   -54.38500     0.00000     0.00000     0.00000     0.00000     0.00000     0.00000     0.00000     0.00000     0.00000     0.00000     0.00000     0.00000     0.00000     0.00000     0.00000     0.00000     0.00000
   -54.33900     0.00000     0.00000     0.00000     0.00000     0.00000     0.00000     0.00000     0.00000     0.00000     0.00000     0.00000     0.00000     0.00000     0.00000     0.00000     0.00000     0.00000
   -54.29400     0.00000     0.00000     0.00000     0.00000     0.00000     0.00000     0.00000     0.00000     0.00000     0.00000     0.00000     0.00000     0.00000     0.00000     0.00000     0.00000     0.00000
   -54.24900     0.00000     0.00000     0.00000     0.00000     0.00000     0.00000     0.00000     0.00000     0.00000     0.00000     0.00000     0.00000     0.00000     0.00000     0.00000     0.00000     0.00000
   -54.20300     0.00000     0.00000     0.00000     0.00000     0.00000     0.00000     0.00000     0.00000     0.00000     0.00000     0.00000     0.00000     0.00000     0.00000     0.00000     0.00000     0.00000
   -54.15800     0.00000     0.00000     0.00000     0.00000     0.00000     0.00000     0.00000     0.00000     0.00000     0.00000     0.00000     0.00000     0.00000     0.00000     0.00000     0.00000     0.00000
   -54.11300     0.00000     0.00000     0.00000     0.00000     0.00000     0.00000     0.00000     0.00000     0.00000     0.00000     0.00000     0.00000     0.00000     0.00000     0.00000     0.00000     0.00000
   -54.06800     0.00000     0.00000     0.00000     0.00000     0.00000     0.00000     0.00000     0.00000     0.00000     0.00000     0.00000     0.00000     0.00000     0.00000     0.00000     0.00000     0.00000
   -54.02200     0.00000     0.00000     0.00000     0.00000     0.00000     0.00000     0.00000     0.00000     0.00000     0.00000     0.00000     0.00000     0.00000     0.00000     0.00000     0.00000     0.00000
   -53.97700     0.00000     0.00000     0.00000     0.00000     0.00000     0.00000     0.00000     0.00000     0.00000     0.00000     0.00000     0.00000     0.00000     0.00000     0.00000     0.00000     0.00000
   -53.93200     0.00000     0.00000     0.00000     0.00000     0.00000     0.00000     0.00000     0.00000     0.00000     0.00000     0.00000     0.00000     0.00000     0.00000     0.00000     0.00000     0.00000
   -53.88600     0.00000     0.00000     0.00000     0.00000     0.00000     0.00000     0.00000     0.00000     0.00000     0.00000     0.00000     0.00000     0.00000     0.00000     0.00000     0.00000     0.00000
   -53.84100     0.00000     0.00000     0.00000     0.00000     0.00000     0.00000     0.00000     0.00000     0.00000     0.00000     0.00000     0.00000     0.00000     0.00000     0.00000     0.00000     0.00000
   -53.79600     0.00000     0.00000     0.00000     0.00000     0.00000     0.00000     0.00000     0.00000     0.00000     0.00000     0.00000     0.00000     0.00000     0.00000     0.00000     0.00000     0.00000
   -53.75100     0.00000     0.00000     0.00000     0.00000     0.00000     0.00000     0.00000     0.00000     0.00000     0.00000     0.00000     0.00000     0.00000     0.00000     0.00000     0.00000     0.00000
   -53.70500     0.00000     0.00000     0.00000     0.00000     0.00000     0.00000     0.00000     0.00000     0.00000     0.00000     0.00000     0.00000     0.00000     0.00000     0.00000     0.00000     0.00000
   -53.66000     0.00000     0.00000     0.00000     0.00000     0.00000     0.00000     0.00000     0.00000     0.00000     0.00000     0.00000     0.00000     0.00000     0.00000     0.00000     0.00000     0.00000
   -53.61500     0.00000     0.00000     0.00000     0.00000     0.00000     0.00000     0.00000     0.00000     0.00000     0.00000     0.00000     0.00000     0.00000     0.00000     0.00000     0.00000     0.00000
   -53.56900     0.00000     0.00000     0.00000     0.00000     0.00000     0.00000     0.00000     0.00000     0.00000     0.00000     0.00000     0.00000     0.00000     0.00000     0.00000     0.00000     0.00000
   -53.52400     0.00000     0.00000     0.00000     0.00000     0.00000     0.00000     0.00000     0.00000     0.00000     0.00000     0.00000     0.00000     0.00000     0.00000     0.00000     0.00000     0.00000
   -53.47900     0.00000     0.00000     0.00000     0.00000     0.00000     0.00000     0.00000     0.00000     0.00000     0.00000     0.00000     0.00000     0.00000     0.00000     0.00000     0.00000     0.00000
   -53.43400     0.00000     0.00000     0.00000     0.00000     0.00000     0.00000     0.00000     0.00000     0.00000     0.00000     0.00000     0.00000     0.00000     0.00000     0.00000     0.00000     0.00000
   -53.38800     0.00000     0.00000     0.00000     0.00000     0.00000     0.00000     0.00000     0.00000     0.00000     0.00000     0.00000     0.00000     0.00000     0.00000     0.00000     0.00000     0.00000
   -53.34300     0.00000     0.00000     0.00000     0.00000     0.00000     0.00000     0.00000     0.00000     0.00000     0.00000     0.00000     0.00000     0.00000     0.00000     0.00000     0.00000     0.00000
   -53.29800     0.00000     0.00000     0.00000     0.00000     0.00000     0.00000     0.00000     0.00000     0.00000     0.00000     0.00000     0.00000     0.00000     0.00000     0.00000     0.00000     0.00000
   -53.25200     0.00000     0.00000     0.00000     0.00000     0.00000     0.00000     0.00000     0.00000     0.00000     0.00000     0.00000     0.00000     0.00000     0.00000     0.00000     0.00000     0.00000
   -53.20700     0.00000     0.00000     0.00000     0.00000     0.00000     0.00000     0.00000     0.00000     0.00000     0.00000     0.00000     0.00000     0.00000     0.00000     0.00000     0.00000     0.00000
   -53.16200     0.00000     0.00000     0.00000     0.00000     0.00000     0.00000     0.00000     0.00000     0.00000     0.00000     0.00000     0.00000     0.00000     0.00000     0.00000     0.00000     0.00000
   -53.11700     0.00000     0.00000     0.00000     0.00000     0.00000     0.00000     0.00000     0.00000     0.00000     0.00000     0.00000     0.00000     0.00000     0.00000     0.00000     0.00000     0.00000
   -53.07100     0.00000     0.00000     0.00000     0.00000     0.00000     0.00000     0.00000     0.00000     0.00000     0.00000     0.00000     0.00000     0.00000     0.00000     0.00000     0.00000     0.00000
   -53.02600     0.00000     0.00000     0.00000     0.00000     0.00000     0.00000     0.00000     0.00000     0.00000     0.00000     0.00000     0.00000     0.00000     0.00000     0.00000     0.00000     0.00000
   -52.98100     0.00000     0.00000     0.00000     0.00000     0.00000     0.00000     0.00000     0.00000     0.00000     0.00000     0.00000     0.00000     0.00000     0.00000     0.00000     0.00000     0.00000
   -52.93600     0.00000     0.00000     0.00000     0.00000     0.00000     0.00000     0.00000     0.00000     0.00000     0.00000     0.00000     0.00000     0.00000     0.00000     0.00000     0.00000     0.00000
   -52.89000     0.00000     0.00000     0.00000     0.00000     0.00000     0.00000     0.00000     0.00000     0.00000     0.00000     0.00000     0.00000     0.00000     0.00000     0.00000     0.00000     0.00000
   -52.84500     0.00000     0.00000     0.00000     0.00000     0.00000     0.00000     0.00000     0.00000     0.00000     0.00000     0.00000     0.00000     0.00000     0.00000     0.00000     0.00000     0.00000
   -52.80000     0.00000     0.00000     0.00000     0.00000     0.00000     0.00000     0.00000     0.00000     0.00000     0.00000     0.00000     0.00000     0.00000     0.00000     0.00000     0.00000     0.00000
   -52.75400     0.00000     0.00000     0.00000     0.00000     0.00000     0.00000     0.00000     0.00000     0.00000     0.00000     0.00000     0.00000     0.00000     0.00000     0.00000     0.00000     0.00000
   -52.70900     0.00000     0.00000     0.00000     0.00000     0.00000     0.00000     0.00000     0.00000     0.00000     0.00000     0.00000     0.00000     0.00000     0.00000     0.00000     0.00000     0.00000
   -52.66400     0.00000     0.00000     0.00000     0.00000     0.00000     0.00000     0.00000     0.00000     0.00000     0.00000     0.00000     0.00000     0.00000     0.00000     0.00000     0.00000     0.00000
   -52.61900     0.00000     0.00000     0.00000     0.00000     0.00000     0.00000     0.00000     0.00000     0.00000     0.00000     0.00000     0.00000     0.00000     0.00000     0.00000     0.00000     0.00000
   -52.57300     0.00000     0.00000     0.00000     0.00000     0.00000     0.00000     0.00000     0.00000     0.00000     0.00000     0.00000     0.00000     0.00000     0.00000     0.00000     0.00000     0.00000
   -52.52800     0.00000     0.00000     0.00000     0.00000     0.00000     0.00000     0.00000     0.00000     0.00000     0.00000     0.00000     0.00000     0.00000     0.00000     0.00000     0.00000     0.00000
   -52.48300     0.00000     0.00000     0.00000     0.00000     0.00000     0.00000     0.00000     0.00000     0.00000     0.00000     0.00000     0.00000     0.00000     0.00000     0.00000     0.00000     0.00000
   -52.43700     0.00000     0.00000     0.00000     0.00000     0.00000     0.00000     0.00000     0.00000     0.00000     0.00000     0.00000     0.00000     0.00000     0.00000     0.00000     0.00000     0.00000
   -52.39200     0.00000     0.00000     0.00000     0.00000     0.00000     0.00000     0.00000     0.00000     0.00000     0.00000     0.00000     0.00000     0.00000     0.00000     0.00000     0.00000     0.00000
   -52.34700     0.00000     0.00000     0.00000     0.00000     0.00000     0.00000     0.00000     0.00000     0.00000     0.00000     0.00000     0.00000     0.00000     0.00000     0.00000     0.00000     0.00000
   -52.30200     0.00000     0.00000     0.00000     0.00000     0.00000     0.00000     0.00000     0.00000     0.00000     0.00000     0.00000     0.00000     0.00000     0.00000     0.00000     0.00000     0.00000
   -52.25600     0.00000     0.00000     0.00000     0.00000     0.00000     0.00000     0.00000     0.00000     0.00000     0.00000     0.00000     0.00000     0.00000     0.00000     0.00000     0.00000     0.00000
   -52.21100     0.00000     0.00000     0.00000     0.00000     0.00000     0.00000     0.00000     0.00000     0.00000     0.00000     0.00000     0.00000     0.00000     0.00000     0.00000     0.00000     0.00000
   -52.16600     0.00000     0.00000     0.00000     0.00000     0.00000     0.00000     0.00000     0.00000     0.00000     0.00000     0.00000     0.00000     0.00000     0.00000     0.00000     0.00000     0.00000
   -52.12000     0.00000     0.00000     0.00000     0.00000     0.00000     0.00000     0.00000     0.00000     0.00000     0.00000     0.00000     0.00000     0.00000     0.00000     0.00000     0.00000     0.00000
   -52.07500     0.00000     0.00000     0.00000     0.00000     0.00000     0.00000     0.00000     0.00000     0.00000     0.00000     0.00000     0.00000     0.00000     0.00000     0.00000     0.00000     0.00000
   -52.03000     0.00000     0.00000     0.00000     0.00000     0.00000     0.00000     0.00000     0.00000     0.00000     0.00000     0.00000     0.00000     0.00000     0.00000     0.00000     0.00000     0.00000
   -51.98500     0.00000     0.00000     0.00000     0.00000     0.00000     0.00000     0.00000     0.00000     0.00000     0.00000     0.00000     0.00000     0.00000     0.00000     0.00000     0.00000     0.00000
   -51.93900     0.00000     0.00000     0.00000     0.00000     0.00000     0.00000     0.00000     0.00000     0.00000     0.00000     0.00000     0.00000     0.00000     0.00000     0.00000     0.00000     0.00000
   -51.89400     0.00000     0.00000     0.00000     0.00000     0.00000     0.00000     0.00000     0.00000     0.00000     0.00000     0.00000     0.00000     0.00000     0.00000     0.00000     0.00000     0.00000
   -51.84900     0.00000     0.00000     0.00000     0.00000     0.00000     0.00000     0.00000     0.00000     0.00000     0.00000     0.00000     0.00000     0.00000     0.00000     0.00000     0.00000     0.00000
   -51.80300     0.00000     0.00000     0.00000     0.00000     0.00000     0.00000     0.00000     0.00000     0.00000     0.00000     0.00000     0.00000     0.00000     0.00000     0.00000     0.00000     0.00000
   -51.75800     0.00000     0.00000     0.00000     0.00000     0.00000     0.00000     0.00000     0.00000     0.00000     0.00000     0.00000     0.00000     0.00000     0.00000     0.00000     0.00000     0.00000
   -51.71300     0.00000     0.00000     0.00000     0.00000     0.00000     0.00000     0.00000     0.00000     0.00000     0.00000     0.00000     0.00000     0.00000     0.00000     0.00000     0.00000     0.00000
   -51.66800     0.00000     0.00000     0.00000     0.00000     0.00000     0.00000     0.00000     0.00000     0.00000     0.00000     0.00000     0.00000     0.00000     0.00000     0.00000     0.00000     0.00000
   -51.62200     0.00000     0.00000     0.00000     0.00000     0.00000     0.00000     0.00000     0.00000     0.00000     0.00000     0.00000     0.00000     0.00000     0.00000     0.00000     0.00000     0.00000
   -51.57700     0.00000     0.00000     0.00000     0.00000     0.00000     0.00000     0.00000     0.00000     0.00000     0.00000     0.00000     0.00000     0.00000     0.00000     0.00000     0.00000     0.00000
   -51.53200     0.00000     0.00000     0.00000     0.00000     0.00000     0.00000     0.00000     0.00000     0.00000     0.00000     0.00000     0.00000     0.00000     0.00000     0.00000     0.00000     0.00000
   -51.48600     0.00000     0.00000     0.00000     0.00000     0.00000     0.00000     0.00000     0.00000     0.00000     0.00000     0.00000     0.00000     0.00000     0.00000     0.00000     0.00000     0.00000
   -51.44100     0.00000     0.00000     0.00000     0.00000     0.00000     0.00000     0.00000     0.00000     0.00000     0.00000     0.00000     0.00000     0.00000     0.00000     0.00000     0.00000     0.00000
   -51.39600     0.00000     0.00000     0.00000     0.00000     0.00000     0.00000     0.00000     0.00000     0.00000     0.00000     0.00000     0.00000     0.00000     0.00000     0.00000     0.00000     0.00000
   -51.35100     0.00000     0.00000     0.00000     0.00000     0.00000     0.00000     0.00000     0.00000     0.00000     0.00000     0.00000     0.00000     0.00000     0.00000     0.00000     0.00000     0.00000
   -51.30500     0.00000     0.00000     0.00000     0.00000     0.00000     0.00000     0.00000     0.00000     0.00000     0.00000     0.00000     0.00000     0.00000     0.00000     0.00000     0.00000     0.00000
   -51.26000     0.00000     0.00000     0.00000     0.00000     0.00000     0.00000     0.00000     0.00000     0.00000     0.00000     0.00000     0.00000     0.00000     0.00000     0.00000     0.00000     0.00000
   -51.21500     0.00000     0.00000     0.00000     0.00000     0.00000     0.00000     0.00000     0.00000     0.00000     0.00000     0.00000     0.00000     0.00000     0.00000     0.00000     0.00000     0.00000
   -51.16900     0.00000     0.00000     0.00000     0.00000     0.00000     0.00000     0.00000     0.00000     0.00000     0.00000     0.00000     0.00000     0.00000     0.00000     0.00000     0.00000     0.00000
   -51.12400     0.00000     0.00000     0.00000     0.00000     0.00000     0.00000     0.00000     0.00000     0.00000     0.00000     0.00000     0.00000     0.00000     0.00000     0.00000     0.00000     0.00000
   -51.07900     0.00000     0.00000     0.00000     0.00000     0.00000     0.00000     0.00000     0.00000     0.00000     0.00000     0.00000     0.00000     0.00000     0.00000     0.00000     0.00000     0.00000
   -51.03400     0.00000     0.00000     0.00000     0.00000     0.00000     0.00000     0.00000     0.00000     0.00000     0.00000     0.00000     0.00000     0.00000     0.00000     0.00000     0.00000     0.00000
   -50.98800     0.00000     0.00000     0.00000     0.00000     0.00000     0.00000     0.00000     0.00000     0.00000     0.00000     0.00000     0.00000     0.00000     0.00000     0.00000     0.00000     0.00000
   -50.94300     0.00000     0.00000     0.00000     0.00000     0.00000     0.00000     0.00000     0.00000     0.00000     0.00000     0.00000     0.00000     0.00000     0.00000     0.00000     0.00000     0.00000
   -50.89800     0.00000     0.00000     0.00000     0.00000     0.00000     0.00000     0.00000     0.00000     0.00000     0.00000     0.00000     0.00000     0.00000     0.00000     0.00000     0.00000     0.00000
   -50.85200     0.00000     0.00000     0.00000     0.00000     0.00000     0.00000     0.00000     0.00000     0.00000     0.00000     0.00000     0.00000     0.00000     0.00000     0.00000     0.00000     0.00000
   -50.80700     0.00000     0.00000     0.00000     0.00000     0.00000     0.00000     0.00000     0.00000     0.00000     0.00000     0.00000     0.00000     0.00000     0.00000     0.00000     0.00000     0.00000
   -50.76200     0.00000     0.00000     0.00000     0.00000     0.00000     0.00000     0.00000     0.00000     0.00000     0.00000     0.00000     0.00000     0.00000     0.00000     0.00000     0.00000     0.00000
   -50.71700     0.00000     0.00000     0.00000     0.00000     0.00000     0.00000     0.00000     0.00000     0.00000     0.00000     0.00000     0.00000     0.00000     0.00000     0.00000     0.00000     0.00000
   -50.67100     0.00000     0.00000     0.00000     0.00000     0.00000     0.00000     0.00000     0.00000     0.00000     0.00000     0.00000     0.00000     0.00000     0.00000     0.00000     0.00000     0.00000
   -50.62600     0.00000     0.00000     0.00000     0.00000     0.00000     0.00000     0.00000     0.00000     0.00000     0.00000     0.00000     0.00000     0.00000     0.00000     0.00000     0.00000     0.00000
   -50.58100     0.00000     0.00000     0.00000     0.00000     0.00000     0.00000     0.00000     0.00000     0.00000     0.00000     0.00000     0.00000     0.00000     0.00000     0.00000     0.00000     0.00000
   -50.53500     0.00000     0.00000     0.00000     0.00000     0.00000     0.00000     0.00000     0.00000     0.00000     0.00000     0.00000     0.00000     0.00000     0.00000     0.00000     0.00000     0.00000
   -50.49000     0.00000     0.00000     0.00000     0.00000     0.00000     0.00000     0.00000     0.00000     0.00000     0.00000     0.00000     0.00000     0.00000     0.00000     0.00000     0.00000     0.00000
   -50.44500     0.00000     0.00000     0.00000     0.00000     0.00000     0.00000     0.00000     0.00000     0.00000     0.00000     0.00000     0.00000     0.00000     0.00000     0.00000     0.00000     0.00000
   -50.40000     0.00000     0.00000     0.00000     0.00000     0.00000     0.00000     0.00000     0.00000     0.00000     0.00000     0.00000     0.00000     0.00000     0.00000     0.00000     0.00000     0.00000
   -50.35400     0.00000     0.00000     0.00000     0.00000     0.00000     0.00000     0.00000     0.00000     0.00000     0.00000     0.00000     0.00000     0.00000     0.00000     0.00000     0.00000     0.00000
   -50.30900     0.00000     0.00000     0.00000     0.00000     0.00000     0.00000     0.00000     0.00000     0.00000     0.00000     0.00000     0.00000     0.00000     0.00000     0.00000     0.00000     0.00000
   -50.26400     0.00000     0.00000     0.00000     0.00000     0.00000     0.00000     0.00000     0.00000     0.00000     0.00000     0.00000     0.00000     0.00000     0.00000     0.00000     0.00000     0.00000
   -50.21800     0.00000     0.00000     0.00000     0.00000     0.00000     0.00000     0.00000     0.00000     0.00000     0.00000     0.00000     0.00000     0.00000     0.00000     0.00000     0.00000     0.00000
   -50.17300     0.00000     0.00000     0.00000     0.00000     0.00000     0.00000     0.00000     0.00000     0.00000     0.00000     0.00000     0.00000     0.00000     0.00000     0.00000     0.00000     0.00000
   -50.12800     0.00000     0.00000     0.00000     0.00000     0.00000     0.00000     0.00000     0.00000     0.00000     0.00000     0.00000     0.00000     0.00000     0.00000     0.00000     0.00000     0.00000
   -50.08300     0.00000     0.00000     0.00000     0.00000     0.00000     0.00000     0.00000     0.00000     0.00000     0.00000     0.00000     0.00000     0.00000     0.00000     0.00000     0.00000     0.00000
   -50.03700     0.00000     0.00000     0.00000     0.00000     0.00000     0.00000     0.00000     0.00000     0.00000     0.00000     0.00000     0.00000     0.00000     0.00000     0.00000     0.00000     0.00000
   -49.99200     0.00000     0.00000     0.00000     0.00000     0.00000     0.00000     0.00000     0.00000     0.00000     0.00000     0.00000     0.00000     0.00000     0.00000     0.00000     0.00000     0.00000
   -49.94700     0.00000     0.00000     0.00000     0.00000     0.00000     0.00000     0.00000     0.00000     0.00000     0.00000     0.00000     0.00000     0.00000     0.00000     0.00000     0.00000     0.00000
   -49.90100     0.00000     0.00000     0.00000     0.00000     0.00000     0.00000     0.00000     0.00000     0.00000     0.00000     0.00000     0.00000     0.00000     0.00000     0.00000     0.00000     0.00000
   -49.85600     0.00000     0.00000     0.00000     0.00000     0.00000     0.00000     0.00000     0.00000     0.00000     0.00000     0.00000     0.00000     0.00000     0.00000     0.00000     0.00000     0.00000
   -49.81100     0.00000     0.00000     0.00000     0.00000     0.00000     0.00000     0.00000     0.00000     0.00000     0.00000     0.00000     0.00000     0.00000     0.00000     0.00000     0.00000     0.00000
   -49.76600     0.00000     0.00000     0.00000     0.00000     0.00000     0.00000     0.00000     0.00000     0.00000     0.00000     0.00000     0.00000     0.00000     0.00000     0.00000     0.00000     0.00000
   -49.72000     0.00000     0.00000     0.00000     0.00000     0.00000     0.00000     0.00000     0.00000     0.00000     0.00000     0.00000     0.00000     0.00000     0.00000     0.00000     0.00000     0.00000
   -49.67500     0.00000     0.00000     0.00000     0.00000     0.00000     0.00000     0.00000     0.00000     0.00000     0.00000     0.00000     0.00000     0.00000     0.00000     0.00000     0.00000     0.00000
   -49.63000     0.00000     0.00000     0.00000     0.00000     0.00000     0.00000     0.00000     0.00000     0.00000     0.00000     0.00000     0.00000     0.00000     0.00000     0.00000     0.00000     0.00000
   -49.58500     0.00000     0.00000     0.00000     0.00000     0.00000     0.00000     0.00000     0.00000     0.00000     0.00000     0.00000     0.00000     0.00000     0.00000     0.00000     0.00000     0.00000
   -49.53900     0.00000     0.00000     0.00000     0.00000     0.00000     0.00000     0.00000     0.00000     0.00000     0.00000     0.00000     0.00000     0.00000     0.00000     0.00000     0.00000     0.00000
   -49.49400     0.00000     0.00000     0.00000     0.00000     0.00000     0.00000     0.00000     0.00000     0.00000     0.00000     0.00000     0.00000     0.00000     0.00000     0.00000     0.00000     0.00000
   -49.44900     0.00000     0.00000     0.00000     0.00000     0.00000     0.00000     0.00000     0.00000     0.00000     0.00000     0.00000     0.00000     0.00000     0.00000     0.00000     0.00000     0.00000
   -49.40300     0.00000     0.00000     0.00000     0.00000     0.00000     0.00000     0.00000     0.00000     0.00000     0.00000     0.00000     0.00000     0.00000     0.00000     0.00000     0.00000     0.00000
   -49.35800     0.00000     0.00000     0.00000     0.00000     0.00000     0.00000     0.00000     0.00000     0.00000     0.00000     0.00000     0.00000     0.00000     0.00000     0.00000     0.00000     0.00000
   -49.31300     0.00000     0.00000     0.00000     0.00000     0.00000     0.00000     0.00000     0.00000     0.00000     0.00000     0.00000     0.00000     0.00000     0.00000     0.00000     0.00000     0.00000
   -49.26800     0.00000     0.00000     0.00000     0.00000     0.00000     0.00000     0.00000     0.00000     0.00000     0.00000     0.00000     0.00000     0.00000     0.00000     0.00000     0.00000     0.00000
   -49.22200     0.00000     0.00000     0.00000     0.00000     0.00000     0.00000     0.00000     0.00000     0.00000     0.00000     0.00000     0.00000     0.00000     0.00000     0.00000     0.00000     0.00000
   -49.17700     0.00000     0.00000     0.00000     0.00000     0.00000     0.00000     0.00000     0.00000     0.00000     0.00000     0.00000     0.00000     0.00000     0.00000     0.00000     0.00000     0.00000
   -49.13200     0.00331     0.00075     0.00084     0.00049     0.00008     0.00015     0.00001     0.00011     0.00003     0.00000     0.00000     0.00000     0.00000     0.00000     0.00000     0.00000     0.00577
   -49.08600     0.00000     0.00000     0.00000     0.00000     0.00000     0.00000     0.00000     0.00000     0.00000     0.00000     0.00000     0.00000     0.00000     0.00000     0.00000     0.00000     0.00000
   -49.04100     0.00000     0.00000     0.00000     0.00000     0.00000     0.00000     0.00000     0.00000     0.00000     0.00000     0.00000     0.00000     0.00000     0.00000     0.00000     0.00000     0.00000
   -48.99600     0.00000     0.00000     0.00000     0.00000     0.00000     0.00000     0.00000     0.00000     0.00000     0.00000     0.00000     0.00000     0.00000     0.00000     0.00000     0.00000     0.00000
   -48.95100     0.00000     0.00000     0.00000     0.00000     0.00000     0.00000     0.00000     0.00000     0.00000     0.00000     0.00000     0.00000     0.00000     0.00000     0.00000     0.00000     0.00000
   -48.90500     0.00000     0.00000     0.00000     0.00000     0.00000     0.00000     0.00000     0.00000     0.00000     0.00000     0.00000     0.00000     0.00000     0.00000     0.00000     0.00000     0.00000
   -48.86000     0.00000     0.00000     0.00000     0.00000     0.00000     0.00000     0.00000     0.00000     0.00000     0.00000     0.00000     0.00000     0.00000     0.00000     0.00000     0.00000     0.00000
   -48.81500     0.00000     0.00000     0.00000     0.00000     0.00000     0.00000     0.00000     0.00000     0.00000     0.00000     0.00000     0.00000     0.00000     0.00000     0.00000     0.00000     0.00000
   -48.76900     0.00000     0.00000     0.00000     0.00000     0.00000     0.00000     0.00000     0.00000     0.00000     0.00000     0.00000     0.00000     0.00000     0.00000     0.00000     0.00000     0.00000
   -48.72400     0.00000     0.00000     0.00000     0.00000     0.00000     0.00000     0.00000     0.00000     0.00000     0.00000     0.00000     0.00000     0.00000     0.00000     0.00000     0.00000     0.00000
   -48.67900     0.00000     0.00000     0.00000     0.00000     0.00000     0.00000     0.00000     0.00000     0.00000     0.00000     0.00000     0.00000     0.00000     0.00000     0.00000     0.00000     0.00000
   -48.63400     0.00000     0.00000     0.00000     0.00000     0.00000     0.00000     0.00000     0.00000     0.00000     0.00000     0.00000     0.00000     0.00000     0.00000     0.00000     0.00000     0.00000
   -48.58800     0.00000     0.00000     0.00000     0.00000     0.00000     0.00000     0.00000     0.00000     0.00000     0.00000     0.00000     0.00000     0.00000     0.00000     0.00000     0.00000     0.00000
   -48.54300     0.00000     0.00000     0.00000     0.00000     0.00000     0.00000     0.00000     0.00000     0.00000     0.00000     0.00000     0.00000     0.00000     0.00000     0.00000     0.00000     0.00000
   -48.49800     0.00000     0.00000     0.00000     0.00000     0.00000     0.00000     0.00000     0.00000     0.00000     0.00000     0.00000     0.00000     0.00000     0.00000     0.00000     0.00000     0.00000
   -48.45200     0.00000     0.00000     0.00000     0.00000     0.00000     0.00000     0.00000     0.00000     0.00000     0.00000     0.00000     0.00000     0.00000     0.00000     0.00000     0.00000     0.00000
   -48.40700     0.00000     0.00000     0.00000     0.00000     0.00000     0.00000     0.00000     0.00000     0.00000     0.00000     0.00000     0.00000     0.00000     0.00000     0.00000     0.00000     0.00000
   -48.36200     0.00000     0.00000     0.00000     0.00000     0.00000     0.00000     0.00000     0.00000     0.00000     0.00000     0.00000     0.00000     0.00000     0.00000     0.00000     0.00000     0.00000
   -48.31700     0.00000     0.00000     0.00000     0.00000     0.00000     0.00000     0.00000     0.00000     0.00000     0.00000     0.00000     0.00000     0.00000     0.00000     0.00000     0.00000     0.00000
   -48.27100     0.00000     0.00000     0.00000     0.00000     0.00000     0.00000     0.00000     0.00000     0.00000     0.00000     0.00000     0.00000     0.00000     0.00000     0.00000     0.00000     0.00000
   -48.22600     0.00000     0.00000     0.00000     0.00000     0.00000     0.00000     0.00000     0.00000     0.00000     0.00000     0.00000     0.00000     0.00000     0.00000     0.00000     0.00000     0.00000
   -48.18100     0.00000     0.00000     0.00000     0.00000     0.00000     0.00000     0.00000     0.00000     0.00000     0.00000     0.00000     0.00000     0.00000     0.00000     0.00000     0.00000     0.00000
   -48.13500     0.00000     0.00000     0.00000     0.00000     0.00000     0.00000     0.00000     0.00000     0.00000     0.00000     0.00000     0.00000     0.00000     0.00000     0.00000     0.00000     0.00000
   -48.09000     0.00000     0.00000     0.00000     0.00000     0.00000     0.00000     0.00000     0.00000     0.00000     0.00000     0.00000     0.00000     0.00000     0.00000     0.00000     0.00000     0.00000
   -48.04500     0.00000     0.00000     0.00000     0.00000     0.00000     0.00000     0.00000     0.00000     0.00000     0.00000     0.00000     0.00000     0.00000     0.00000     0.00000     0.00000     0.00000
   -48.00000     0.00000     0.00000     0.00000     0.00000     0.00000     0.00000     0.00000     0.00000     0.00000     0.00000     0.00000     0.00000     0.00000     0.00000     0.00000     0.00000     0.00000
   -47.95400     0.00000     0.00000     0.00000     0.00000     0.00000     0.00000     0.00000     0.00000     0.00000     0.00000     0.00000     0.00000     0.00000     0.00000     0.00000     0.00000     0.00000
   -47.90900     0.00000     0.00000     0.00000     0.00000     0.00000     0.00000     0.00000     0.00000     0.00000     0.00000     0.00000     0.00000     0.00000     0.00000     0.00000     0.00000     0.00000
   -47.86400     0.00000     0.00000     0.00000     0.00000     0.00000     0.00000     0.00000     0.00000     0.00000     0.00000     0.00000     0.00000     0.00000     0.00000     0.00000     0.00000     0.00000
   -47.81800     0.00000     0.00000     0.00000     0.00000     0.00000     0.00000     0.00000     0.00000     0.00000     0.00000     0.00000     0.00000     0.00000     0.00000     0.00000     0.00000     0.00000
   -47.77300     0.00000     0.00000     0.00000     0.00000     0.00000     0.00000     0.00000     0.00000     0.00000     0.00000     0.00000     0.00000     0.00000     0.00000     0.00000     0.00000     0.00000
   -47.72800     0.00000     0.00000     0.00000     0.00000     0.00000     0.00000     0.00000     0.00000     0.00000     0.00000     0.00000     0.00000     0.00000     0.00000     0.00000     0.00000     0.00000
   -47.68300     0.00000     0.00000     0.00000     0.00000     0.00000     0.00000     0.00000     0.00000     0.00000     0.00000     0.00000     0.00000     0.00000     0.00000     0.00000     0.00000     0.00000
   -47.63700     0.00000     0.00000     0.00000     0.00000     0.00000     0.00000     0.00000     0.00000     0.00000     0.00000     0.00000     0.00000     0.00000     0.00000     0.00000     0.00000     0.00000
   -47.59200     0.00000     0.00000     0.00000     0.00000     0.00000     0.00000     0.00000     0.00000     0.00000     0.00000     0.00000     0.00000     0.00000     0.00000     0.00000     0.00000     0.00000
   -47.54700     0.00000     0.00000     0.00000     0.00000     0.00000     0.00000     0.00000     0.00000     0.00000     0.00000     0.00000     0.00000     0.00000     0.00000     0.00000     0.00000     0.00000
   -47.50100     0.00000     0.00000     0.00000     0.00000     0.00000     0.00000     0.00000     0.00000     0.00000     0.00000     0.00000     0.00000     0.00000     0.00000     0.00000     0.00000     0.00000
   -47.45600     0.00000     0.00000     0.00000     0.00000     0.00000     0.00000     0.00000     0.00000     0.00000     0.00000     0.00000     0.00000     0.00000     0.00000     0.00000     0.00000     0.00000
   -47.41100     0.00000     0.00000     0.00000     0.00000     0.00000     0.00000     0.00000     0.00000     0.00000     0.00000     0.00000     0.00000     0.00000     0.00000     0.00000     0.00000     0.00000
   -47.36600     0.00000     0.00000     0.00000     0.00000     0.00000     0.00000     0.00000     0.00000     0.00000     0.00000     0.00000     0.00000     0.00000     0.00000     0.00000     0.00000     0.00000
   -47.32000     0.00000     0.00000     0.00000     0.00000     0.00000     0.00000     0.00000     0.00000     0.00000     0.00000     0.00000     0.00000     0.00000     0.00000     0.00000     0.00000     0.00000
   -47.27500     0.00000     0.00000     0.00000     0.00000     0.00000     0.00000     0.00000     0.00000     0.00000     0.00000     0.00000     0.00000     0.00000     0.00000     0.00000     0.00000     0.00000
   -47.23000     0.00000     0.00000     0.00000     0.00000     0.00000     0.00000     0.00000     0.00000     0.00000     0.00000     0.00000     0.00000     0.00000     0.00000     0.00000     0.00000     0.00000
   -47.18400     0.00000     0.00000     0.00000     0.00000     0.00000     0.00000     0.00000     0.00000     0.00000     0.00000     0.00000     0.00000     0.00000     0.00000     0.00000     0.00000     0.00000
   -47.13900     0.00000     0.00000     0.00000     0.00000     0.00000     0.00000     0.00000     0.00000     0.00000     0.00000     0.00000     0.00000     0.00000     0.00000     0.00000     0.00000     0.00000
   -47.09400     0.00000     0.00000     0.00000     0.00000     0.00000     0.00000     0.00000     0.00000     0.00000     0.00000     0.00000     0.00000     0.00000     0.00000     0.00000     0.00000     0.00000
   -47.04900     0.00000     0.00000     0.00000     0.00000     0.00000     0.00000     0.00000     0.00000     0.00000     0.00000     0.00000     0.00000     0.00000     0.00000     0.00000     0.00000     0.00000
   -47.00300     0.00000     0.00000     0.00000     0.00000     0.00000     0.00000     0.00000     0.00000     0.00000     0.00000     0.00000     0.00000     0.00000     0.00000     0.00000     0.00000     0.00000
   -46.95800     0.00000     0.00000     0.00000     0.00000     0.00000     0.00000     0.00000     0.00000     0.00000     0.00000     0.00000     0.00000     0.00000     0.00000     0.00000     0.00000     0.00000
   -46.91300     0.00000     0.00000     0.00000     0.00000     0.00000     0.00000     0.00000     0.00000     0.00000     0.00000     0.00000     0.00000     0.00000     0.00000     0.00000     0.00000     0.00000
   -46.86700     0.00000     0.00000     0.00000     0.00000     0.00000     0.00000     0.00000     0.00000     0.00000     0.00000     0.00000     0.00000     0.00000     0.00000     0.00000     0.00000     0.00000
   -46.82200     0.00000     0.00000     0.00000     0.00000     0.00000     0.00000     0.00000     0.00000     0.00000     0.00000     0.00000     0.00000     0.00000     0.00000     0.00000     0.00000     0.00000
   -46.77700     0.00000     0.00000     0.00000     0.00000     0.00000     0.00000     0.00000     0.00000     0.00000     0.00000     0.00000     0.00000     0.00000     0.00000     0.00000     0.00000     0.00000
   -46.73200     0.00000     0.00000     0.00000     0.00000     0.00000     0.00000     0.00000     0.00000     0.00000     0.00000     0.00000     0.00000     0.00000     0.00000     0.00000     0.00000     0.00000
   -46.68600     0.00000     0.00000     0.00000     0.00000     0.00000     0.00000     0.00000     0.00000     0.00000     0.00000     0.00000     0.00000     0.00000     0.00000     0.00000     0.00000     0.00000
   -46.64100     0.00000     0.00000     0.00000     0.00000     0.00000     0.00000     0.00000     0.00000     0.00000     0.00000     0.00000     0.00000     0.00000     0.00000     0.00000     0.00000     0.00000
   -46.59600     0.00000     0.00000     0.00000     0.00000     0.00000     0.00000     0.00000     0.00000     0.00000     0.00000     0.00000     0.00000     0.00000     0.00000     0.00000     0.00000     0.00000
   -46.55000     0.00000     0.00000     0.00000     0.00000     0.00000     0.00000     0.00000     0.00000     0.00000     0.00000     0.00000     0.00000     0.00000     0.00000     0.00000     0.00000     0.00000
   -46.50500     0.00000     0.00000     0.00000     0.00000     0.00000     0.00000     0.00000     0.00000     0.00000     0.00000     0.00000     0.00000     0.00000     0.00000     0.00000     0.00000     0.00000
   -46.46000     0.00000     0.00000     0.00000     0.00000     0.00000     0.00000     0.00000     0.00000     0.00000     0.00000     0.00000     0.00000     0.00000     0.00000     0.00000     0.00000     0.00000
   -46.41500     0.00000     0.00000     0.00000     0.00000     0.00000     0.00000     0.00000     0.00000     0.00000     0.00000     0.00000     0.00000     0.00000     0.00000     0.00000     0.00000     0.00000
   -46.36900     0.00000     0.00000     0.00000     0.00000     0.00000     0.00000     0.00000     0.00000     0.00000     0.00000     0.00000     0.00000     0.00000     0.00000     0.00000     0.00000     0.00000
   -46.32400     0.00000     0.00000     0.00000     0.00000     0.00000     0.00000     0.00000     0.00000     0.00000     0.00000     0.00000     0.00000     0.00000     0.00000     0.00000     0.00000     0.00000
   -46.27900     0.00000     0.00000     0.00000     0.00000     0.00000     0.00000     0.00000     0.00000     0.00000     0.00000     0.00000     0.00000     0.00000     0.00000     0.00000     0.00000     0.00000
   -46.23400     0.00000     0.00000     0.00000     0.00000     0.00000     0.00000     0.00000     0.00000     0.00000     0.00000     0.00000     0.00000     0.00000     0.00000     0.00000     0.00000     0.00000
   -46.18800     0.00000     0.00000     0.00000     0.00000     0.00000     0.00000     0.00000     0.00000     0.00000     0.00000     0.00000     0.00000     0.00000     0.00000     0.00000     0.00000     0.00000
   -46.14300     0.00000     0.00000     0.00000     0.00000     0.00000     0.00000     0.00000     0.00000     0.00000     0.00000     0.00000     0.00000     0.00000     0.00000     0.00000     0.00000     0.00000
   -46.09800     0.00000     0.00000     0.00000     0.00000     0.00000     0.00000     0.00000     0.00000     0.00000     0.00000     0.00000     0.00000     0.00000     0.00000     0.00000     0.00000     0.00000
   -46.05200     0.00000     0.00000     0.00000     0.00000     0.00000     0.00000     0.00000     0.00000     0.00000     0.00000     0.00000     0.00000     0.00000     0.00000     0.00000     0.00000     0.00000
   -46.00700     0.00000     0.00000     0.00000     0.00000     0.00000     0.00000     0.00000     0.00000     0.00000     0.00000     0.00000     0.00000     0.00000     0.00000     0.00000     0.00000     0.00000
   -45.96200     0.00000     0.00000     0.00000     0.00000     0.00000     0.00000     0.00000     0.00000     0.00000     0.00000     0.00000     0.00000     0.00000     0.00000     0.00000     0.00000     0.00000
   -45.91700     0.00000     0.00000     0.00000     0.00000     0.00000     0.00000     0.00000     0.00000     0.00000     0.00000     0.00000     0.00000     0.00000     0.00000     0.00000     0.00000     0.00000
   -45.87100     0.00000     0.00000     0.00000     0.00000     0.00000     0.00000     0.00000     0.00000     0.00000     0.00000     0.00000     0.00000     0.00000     0.00000     0.00000     0.00000     0.00000
   -45.82600     0.00000     0.00000     0.00000     0.00000     0.00000     0.00000     0.00000     0.00000     0.00000     0.00000     0.00000     0.00000     0.00000     0.00000     0.00000     0.00000     0.00000
   -45.78100     0.00000     0.00000     0.00000     0.00000     0.00000     0.00000     0.00000     0.00000     0.00000     0.00000     0.00000     0.00000     0.00000     0.00000     0.00000     0.00000     0.00000
   -45.73500     0.00000     0.00000     0.00000     0.00000     0.00000     0.00000     0.00000     0.00000     0.00000     0.00000     0.00000     0.00000     0.00000     0.00000     0.00000     0.00000     0.00000
   -45.69000     0.00000     0.00000     0.00000     0.00000     0.00000     0.00000     0.00000     0.00000     0.00000     0.00000     0.00000     0.00000     0.00000     0.00000     0.00000     0.00000     0.00000
   -45.64500     0.00000     0.00000     0.00000     0.00000     0.00000     0.00000     0.00000     0.00000     0.00000     0.00000     0.00000     0.00000     0.00000     0.00000     0.00000     0.00000     0.00000
   -45.60000     0.00000     0.00000     0.00000     0.00000     0.00000     0.00000     0.00000     0.00000     0.00000     0.00000     0.00000     0.00000     0.00000     0.00000     0.00000     0.00000     0.00000
   -45.55400     0.00000     0.00000     0.00000     0.00000     0.00000     0.00000     0.00000     0.00000     0.00000     0.00000     0.00000     0.00000     0.00000     0.00000     0.00000     0.00000     0.00000
   -45.50900     0.00000     0.00000     0.00000     0.00000     0.00000     0.00000     0.00000     0.00000     0.00000     0.00000     0.00000     0.00000     0.00000     0.00000     0.00000     0.00000     0.00000
   -45.46400     0.00000     0.00000     0.00000     0.00000     0.00000     0.00000     0.00000     0.00000     0.00000     0.00000     0.00000     0.00000     0.00000     0.00000     0.00000     0.00000     0.00000
   -45.41800     0.00000     0.00000     0.00000     0.00000     0.00000     0.00000     0.00000     0.00000     0.00000     0.00000     0.00000     0.00000     0.00000     0.00000     0.00000     0.00000     0.00000
   -45.37300     0.00000     0.00000     0.00000     0.00000     0.00000     0.00000     0.00000     0.00000     0.00000     0.00000     0.00000     0.00000     0.00000     0.00000     0.00000     0.00000     0.00000
   -45.32800     0.00000     0.00000     0.00000     0.00000     0.00000     0.00000     0.00000     0.00000     0.00000     0.00000     0.00000     0.00000     0.00000     0.00000     0.00000     0.00000     0.00000
   -45.28300     0.00000     0.00000     0.00000     0.00000     0.00000     0.00000     0.00000     0.00000     0.00000     0.00000     0.00000     0.00000     0.00000     0.00000     0.00000     0.00000     0.00000
   -45.23700     0.00000     0.00000     0.00000     0.00000     0.00000     0.00000     0.00000     0.00000     0.00000     0.00000     0.00000     0.00000     0.00000     0.00000     0.00000     0.00000     0.00000
   -45.19200     0.00000     0.00000     0.00000     0.00000     0.00000     0.00000     0.00000     0.00000     0.00000     0.00000     0.00000     0.00000     0.00000     0.00000     0.00000     0.00000     0.00000
   -45.14700     0.00000     0.00000     0.00000     0.00000     0.00000     0.00000     0.00000     0.00000     0.00000     0.00000     0.00000     0.00000     0.00000     0.00000     0.00000     0.00000     0.00000
   -45.10100     0.00000     0.00000     0.00000     0.00000     0.00000     0.00000     0.00000     0.00000     0.00000     0.00000     0.00000     0.00000     0.00000     0.00000     0.00000     0.00000     0.00000
   -45.05600     0.00000     0.00000     0.00000     0.00000     0.00000     0.00000     0.00000     0.00000     0.00000     0.00000     0.00000     0.00000     0.00000     0.00000     0.00000     0.00000     0.00000
   -45.01100     0.00000     0.00000     0.00000     0.00000     0.00000     0.00000     0.00000     0.00000     0.00000     0.00000     0.00000     0.00000     0.00000     0.00000     0.00000     0.00000     0.00000
   -44.96600     0.00000     0.00000     0.00000     0.00000     0.00000     0.00000     0.00000     0.00000     0.00000     0.00000     0.00000     0.00000     0.00000     0.00000     0.00000     0.00000     0.00000
   -44.92000     0.00000     0.00000     0.00000     0.00000     0.00000     0.00000     0.00000     0.00000     0.00000     0.00000     0.00000     0.00000     0.00000     0.00000     0.00000     0.00000     0.00000
   -44.87500     0.00000     0.00000     0.00000     0.00000     0.00000     0.00000     0.00000     0.00000     0.00000     0.00000     0.00000     0.00000     0.00000     0.00000     0.00000     0.00000     0.00000
   -44.83000     0.00000     0.00000     0.00000     0.00000     0.00000     0.00000     0.00000     0.00000     0.00000     0.00000     0.00000     0.00000     0.00000     0.00000     0.00000     0.00000     0.00000
   -44.78400     0.00000     0.00000     0.00000     0.00000     0.00000     0.00000     0.00000     0.00000     0.00000     0.00000     0.00000     0.00000     0.00000     0.00000     0.00000     0.00000     0.00000
   -44.73900     0.00000     0.00000     0.00000     0.00000     0.00000     0.00000     0.00000     0.00000     0.00000     0.00000     0.00000     0.00000     0.00000     0.00000     0.00000     0.00000     0.00000
   -44.69400     0.00000     0.00000     0.00000     0.00000     0.00000     0.00000     0.00000     0.00000     0.00000     0.00000     0.00000     0.00000     0.00000     0.00000     0.00000     0.00000     0.00000
   -44.64900     0.00000     0.00000     0.00000     0.00000     0.00000     0.00000     0.00000     0.00000     0.00000     0.00000     0.00000     0.00000     0.00000     0.00000     0.00000     0.00000     0.00000
   -44.60300     0.00000     0.00000     0.00000     0.00000     0.00000     0.00000     0.00000     0.00000     0.00000     0.00000     0.00000     0.00000     0.00000     0.00000     0.00000     0.00000     0.00000
   -44.55800     0.00000     0.00000     0.00000     0.00000     0.00000     0.00000     0.00000     0.00000     0.00000     0.00000     0.00000     0.00000     0.00000     0.00000     0.00000     0.00000     0.00000
   -44.51300     0.00000     0.00000     0.00000     0.00000     0.00000     0.00000     0.00000     0.00000     0.00000     0.00000     0.00000     0.00000     0.00000     0.00000     0.00000     0.00000     0.00000
   -44.46700     0.00000     0.00000     0.00000     0.00000     0.00000     0.00000     0.00000     0.00000     0.00000     0.00000     0.00000     0.00000     0.00000     0.00000     0.00000     0.00000     0.00000
   -44.42200     0.00000     0.00000     0.00000     0.00000     0.00000     0.00000     0.00000     0.00000     0.00000     0.00000     0.00000     0.00000     0.00000     0.00000     0.00000     0.00000     0.00000
   -44.37700     0.00000     0.00000     0.00000     0.00000     0.00000     0.00000     0.00000     0.00000     0.00000     0.00000     0.00000     0.00000     0.00000     0.00000     0.00000     0.00000     0.00000
   -44.33200     0.00000     0.00000     0.00000     0.00000     0.00000     0.00000     0.00000     0.00000     0.00000     0.00000     0.00000     0.00000     0.00000     0.00000     0.00000     0.00000     0.00000
   -44.28600     0.00000     0.00000     0.00000     0.00000     0.00000     0.00000     0.00000     0.00000     0.00000     0.00000     0.00000     0.00000     0.00000     0.00000     0.00000     0.00000     0.00000
   -44.24100     0.00000     0.00000     0.00000     0.00000     0.00000     0.00000     0.00000     0.00000     0.00000     0.00000     0.00000     0.00000     0.00000     0.00000     0.00000     0.00000     0.00000
   -44.19600     0.00000     0.00000     0.00000     0.00000     0.00000     0.00000     0.00000     0.00000     0.00000     0.00000     0.00000     0.00000     0.00000     0.00000     0.00000     0.00000     0.00000
   -44.15000     0.00000     0.00000     0.00000     0.00000     0.00000     0.00000     0.00000     0.00000     0.00000     0.00000     0.00000     0.00000     0.00000     0.00000     0.00000     0.00000     0.00000
   -44.10500     0.00000     0.00000     0.00000     0.00000     0.00000     0.00000     0.00000     0.00000     0.00000     0.00000     0.00000     0.00000     0.00000     0.00000     0.00000     0.00000     0.00000
   -44.06000     0.00000     0.00000     0.00000     0.00000     0.00000     0.00000     0.00000     0.00000     0.00000     0.00000     0.00000     0.00000     0.00000     0.00000     0.00000     0.00000     0.00000
   -44.01500     0.00000     0.00000     0.00000     0.00000     0.00000     0.00000     0.00000     0.00000     0.00000     0.00000     0.00000     0.00000     0.00000     0.00000     0.00000     0.00000     0.00000
   -43.96900     0.00000     0.00000     0.00000     0.00000     0.00000     0.00000     0.00000     0.00000     0.00000     0.00000     0.00000     0.00000     0.00000     0.00000     0.00000     0.00000     0.00000
   -43.92400     0.00000     0.00000     0.00000     0.00000     0.00000     0.00000     0.00000     0.00000     0.00000     0.00000     0.00000     0.00000     0.00000     0.00000     0.00000     0.00000     0.00000
   -43.87900     0.00000     0.00000     0.00000     0.00000     0.00000     0.00000     0.00000     0.00000     0.00000     0.00000     0.00000     0.00000     0.00000     0.00000     0.00000     0.00000     0.00000
   -43.83300     0.00000     0.00000     0.00000     0.00000     0.00000     0.00000     0.00000     0.00000     0.00000     0.00000     0.00000     0.00000     0.00000     0.00000     0.00000     0.00000     0.00000
   -43.78800     0.00000     0.00000     0.00000     0.00000     0.00000     0.00000     0.00000     0.00000     0.00000     0.00000     0.00000     0.00000     0.00000     0.00000     0.00000     0.00000     0.00000
   -43.74300     0.00000     0.00000     0.00000     0.00000     0.00000     0.00000     0.00000     0.00000     0.00000     0.00000     0.00000     0.00000     0.00000     0.00000     0.00000     0.00000     0.00000
   -43.69800     0.00000     0.00000     0.00000     0.00000     0.00000     0.00000     0.00000     0.00000     0.00000     0.00000     0.00000     0.00000     0.00000     0.00000     0.00000     0.00000     0.00000
   -43.65200     0.00000     0.00000     0.00000     0.00000     0.00000     0.00000     0.00000     0.00000     0.00000     0.00000     0.00000     0.00000     0.00000     0.00000     0.00000     0.00000     0.00000
   -43.60700     0.00000     0.00000     0.00000     0.00000     0.00000     0.00000     0.00000     0.00000     0.00000     0.00000     0.00000     0.00000     0.00000     0.00000     0.00000     0.00000     0.00000
   -43.56200     0.00000     0.00000     0.00000     0.00000     0.00000     0.00000     0.00000     0.00000     0.00000     0.00000     0.00000     0.00000     0.00000     0.00000     0.00000     0.00000     0.00000
   -43.51600     0.00000     0.00000     0.00000     0.00000     0.00000     0.00000     0.00000     0.00000     0.00000     0.00000     0.00000     0.00000     0.00000     0.00000     0.00000     0.00000     0.00000
   -43.47100     0.00000     0.00000     0.00000     0.00000     0.00000     0.00000     0.00000     0.00000     0.00000     0.00000     0.00000     0.00000     0.00000     0.00000     0.00000     0.00000     0.00000
   -43.42600     0.00000     0.00000     0.00000     0.00000     0.00000     0.00000     0.00000     0.00000     0.00000     0.00000     0.00000     0.00000     0.00000     0.00000     0.00000     0.00000     0.00000
   -43.38100     0.00000     0.00000     0.00000     0.00000     0.00000     0.00000     0.00000     0.00000     0.00000     0.00000     0.00000     0.00000     0.00000     0.00000     0.00000     0.00000     0.00000
   -43.33500     0.00000     0.00000     0.00000     0.00000     0.00000     0.00000     0.00000     0.00000     0.00000     0.00000     0.00000     0.00000     0.00000     0.00000     0.00000     0.00000     0.00000
   -43.29000     0.00000     0.00000     0.00000     0.00000     0.00000     0.00000     0.00000     0.00000     0.00000     0.00000     0.00000     0.00000     0.00000     0.00000     0.00000     0.00000     0.00000
   -43.24500     0.00000     0.00000     0.00000     0.00000     0.00000     0.00000     0.00000     0.00000     0.00000     0.00000     0.00000     0.00000     0.00000     0.00000     0.00000     0.00000     0.00000
   -43.19900     0.00000     0.00000     0.00000     0.00000     0.00000     0.00000     0.00000     0.00000     0.00000     0.00000     0.00000     0.00000     0.00000     0.00000     0.00000     0.00000     0.00000
   -43.15400     0.00000     0.00000     0.00000     0.00000     0.00000     0.00000     0.00000     0.00000     0.00000     0.00000     0.00000     0.00000     0.00000     0.00000     0.00000     0.00000     0.00000
   -43.10900     0.00000     0.00000     0.00000     0.00000     0.00000     0.00000     0.00000     0.00000     0.00000     0.00000     0.00000     0.00000     0.00000     0.00000     0.00000     0.00000     0.00000
   -43.06400     0.00000     0.00000     0.00000     0.00000     0.00000     0.00000     0.00000     0.00000     0.00000     0.00000     0.00000     0.00000     0.00000     0.00000     0.00000     0.00000     0.00000
   -43.01800     0.00000     0.00000     0.00000     0.00000     0.00000     0.00000     0.00000     0.00000     0.00000     0.00000     0.00000     0.00000     0.00000     0.00000     0.00000     0.00000     0.00000
   -42.97300     0.00000     0.00000     0.00000     0.00000     0.00000     0.00000     0.00000     0.00000     0.00000     0.00000     0.00000     0.00000     0.00000     0.00000     0.00000     0.00000     0.00000
   -42.92800     0.00000     0.00000     0.00000     0.00000     0.00000     0.00000     0.00000     0.00000     0.00000     0.00000     0.00000     0.00000     0.00000     0.00000     0.00000     0.00000     0.00000
   -42.88300     0.00000     0.00000     0.00000     0.00000     0.00000     0.00000     0.00000     0.00000     0.00000     0.00000     0.00000     0.00000     0.00000     0.00000     0.00000     0.00000     0.00000
   -42.83700     0.00000     0.00000     0.00000     0.00000     0.00000     0.00000     0.00000     0.00000     0.00000     0.00000     0.00000     0.00000     0.00000     0.00000     0.00000     0.00000     0.00000
   -42.79200     0.00000     0.00000     0.00000     0.00000     0.00000     0.00000     0.00000     0.00000     0.00000     0.00000     0.00000     0.00000     0.00000     0.00000     0.00000     0.00000     0.00000
   -42.74700     0.00000     0.00000     0.00000     0.00000     0.00000     0.00000     0.00000     0.00000     0.00000     0.00000     0.00000     0.00000     0.00000     0.00000     0.00000     0.00000     0.00000
   -42.70100     0.00000     0.00000     0.00000     0.00000     0.00000     0.00000     0.00000     0.00000     0.00000     0.00000     0.00000     0.00000     0.00000     0.00000     0.00000     0.00000     0.00000
   -42.65600     0.00000     0.00000     0.00000     0.00000     0.00000     0.00000     0.00000     0.00000     0.00000     0.00000     0.00000     0.00000     0.00000     0.00000     0.00000     0.00000     0.00000
   -42.61100     0.00000     0.00000     0.00000     0.00000     0.00000     0.00000     0.00000     0.00000     0.00000     0.00000     0.00000     0.00000     0.00000     0.00000     0.00000     0.00000     0.00000
   -42.56600     0.00000     0.00000     0.00000     0.00000     0.00000     0.00000     0.00000     0.00000     0.00000     0.00000     0.00000     0.00000     0.00000     0.00000     0.00000     0.00000     0.00000
   -42.52000     0.00000     0.00000     0.00000     0.00000     0.00000     0.00000     0.00000     0.00000     0.00000     0.00000     0.00000     0.00000     0.00000     0.00000     0.00000     0.00000     0.00000
   -42.47500     0.00000     0.00000     0.00000     0.00000     0.00000     0.00000     0.00000     0.00000     0.00000     0.00000     0.00000     0.00000     0.00000     0.00000     0.00000     0.00000     0.00000
   -42.43000     0.00000     0.00000     0.00000     0.00000     0.00000     0.00000     0.00000     0.00000     0.00000     0.00000     0.00000     0.00000     0.00000     0.00000     0.00000     0.00000     0.00000
   -42.38400     0.00000     0.00000     0.00000     0.00000     0.00000     0.00000     0.00000     0.00000     0.00000     0.00000     0.00000     0.00000     0.00000     0.00000     0.00000     0.00000     0.00000
   -42.33900     0.00000     0.00000     0.00000     0.00000     0.00000     0.00000     0.00000     0.00000     0.00000     0.00000     0.00000     0.00000     0.00000     0.00000     0.00000     0.00000     0.00000
   -42.29400     0.00000     0.00000     0.00000     0.00000     0.00000     0.00000     0.00000     0.00000     0.00000     0.00000     0.00000     0.00000     0.00000     0.00000     0.00000     0.00000     0.00000
   -42.24900     0.00000     0.00000     0.00000     0.00000     0.00000     0.00000     0.00000     0.00000     0.00000     0.00000     0.00000     0.00000     0.00000     0.00000     0.00000     0.00000     0.00000
   -42.20300     0.00000     0.00000     0.00000     0.00000     0.00000     0.00000     0.00000     0.00000     0.00000     0.00000     0.00000     0.00000     0.00000     0.00000     0.00000     0.00000     0.00000
   -42.15800     0.00000     0.00000     0.00000     0.00000     0.00000     0.00000     0.00000     0.00000     0.00000     0.00000     0.00000     0.00000     0.00000     0.00000     0.00000     0.00000     0.00000
   -42.11300     0.00000     0.00000     0.00000     0.00000     0.00000     0.00000     0.00000     0.00000     0.00000     0.00000     0.00000     0.00000     0.00000     0.00000     0.00000     0.00000     0.00000
   -42.06700     0.00000     0.00000     0.00000     0.00000     0.00000     0.00000     0.00000     0.00000     0.00000     0.00000     0.00000     0.00000     0.00000     0.00000     0.00000     0.00000     0.00000
   -42.02200     0.00000     0.00000     0.00000     0.00000     0.00000     0.00000     0.00000     0.00000     0.00000     0.00000     0.00000     0.00000     0.00000     0.00000     0.00000     0.00000     0.00000
   -41.97700     0.00000     0.00000     0.00000     0.00000     0.00000     0.00000     0.00000     0.00000     0.00000     0.00000     0.00000     0.00000     0.00000     0.00000     0.00000     0.00000     0.00000
   -41.93200     0.00000     0.00000     0.00000     0.00000     0.00000     0.00000     0.00000     0.00000     0.00000     0.00000     0.00000     0.00000     0.00000     0.00000     0.00000     0.00000     0.00000
   -41.88600     0.00000     0.00000     0.00000     0.00000     0.00000     0.00000     0.00000     0.00000     0.00000     0.00000     0.00000     0.00000     0.00000     0.00000     0.00000     0.00000     0.00000
   -41.84100     0.00000     0.00000     0.00000     0.00000     0.00000     0.00000     0.00000     0.00000     0.00000     0.00000     0.00000     0.00000     0.00000     0.00000     0.00000     0.00000     0.00000
   -41.79600     0.00000     0.00000     0.00000     0.00000     0.00000     0.00000     0.00000     0.00000     0.00000     0.00000     0.00000     0.00000     0.00000     0.00000     0.00000     0.00000     0.00000
   -41.75000     0.00000     0.00000     0.00000     0.00000     0.00000     0.00000     0.00000     0.00000     0.00000     0.00000     0.00000     0.00000     0.00000     0.00000     0.00000     0.00000     0.00000
   -41.70500     0.00000     0.00000     0.00000     0.00000     0.00000     0.00000     0.00000     0.00000     0.00000     0.00000     0.00000     0.00000     0.00000     0.00000     0.00000     0.00000     0.00000
   -41.66000     0.00000     0.00000     0.00000     0.00000     0.00000     0.00000     0.00000     0.00000     0.00000     0.00000     0.00000     0.00000     0.00000     0.00000     0.00000     0.00000     0.00000
   -41.61500     0.00000     0.00000     0.00000     0.00000     0.00000     0.00000     0.00000     0.00000     0.00000     0.00000     0.00000     0.00000     0.00000     0.00000     0.00000     0.00000     0.00000
   -41.56900     0.00000     0.00000     0.00000     0.00000     0.00000     0.00000     0.00000     0.00000     0.00000     0.00000     0.00000     0.00000     0.00000     0.00000     0.00000     0.00000     0.00000
   -41.52400     0.00000     0.00000     0.00000     0.00000     0.00000     0.00000     0.00000     0.00000     0.00000     0.00000     0.00000     0.00000     0.00000     0.00000     0.00000     0.00000     0.00000
   -41.47900     0.00000     0.00000     0.00000     0.00000     0.00000     0.00000     0.00000     0.00000     0.00000     0.00000     0.00000     0.00000     0.00000     0.00000     0.00000     0.00000     0.00000
   -41.43300     0.00000     0.00000     0.00000     0.00000     0.00000     0.00000     0.00000     0.00000     0.00000     0.00000     0.00000     0.00000     0.00000     0.00000     0.00000     0.00000     0.00000
   -41.38800     0.00000     0.00000     0.00000     0.00000     0.00000     0.00000     0.00000     0.00000     0.00000     0.00000     0.00000     0.00000     0.00000     0.00000     0.00000     0.00000     0.00000
   -41.34300     0.00000     0.00000     0.00000     0.00000     0.00000     0.00000     0.00000     0.00000     0.00000     0.00000     0.00000     0.00000     0.00000     0.00000     0.00000     0.00000     0.00000
   -41.29800     0.00000     0.00000     0.00000     0.00000     0.00000     0.00000     0.00000     0.00000     0.00000     0.00000     0.00000     0.00000     0.00000     0.00000     0.00000     0.00000     0.00000
   -41.25200     0.00000     0.00000     0.00000     0.00000     0.00000     0.00000     0.00000     0.00000     0.00000     0.00000     0.00000     0.00000     0.00000     0.00000     0.00000     0.00000     0.00000
   -41.20700     0.00000     0.00000     0.00000     0.00000     0.00000     0.00000     0.00000     0.00000     0.00000     0.00000     0.00000     0.00000     0.00000     0.00000     0.00000     0.00000     0.00000
   -41.16200     0.00000     0.00000     0.00000     0.00000     0.00000     0.00000     0.00000     0.00000     0.00000     0.00000     0.00000     0.00000     0.00000     0.00000     0.00000     0.00000     0.00000
   -41.11600     0.00000     0.00000     0.00000     0.00000     0.00000     0.00000     0.00000     0.00000     0.00000     0.00000     0.00000     0.00000     0.00000     0.00000     0.00000     0.00000     0.00000
   -41.07100     0.00000     0.00000     0.00000     0.00000     0.00000     0.00000     0.00000     0.00000     0.00000     0.00000     0.00000     0.00000     0.00000     0.00000     0.00000     0.00000     0.00000
   -41.02600     0.00000     0.00000     0.00000     0.00000     0.00000     0.00000     0.00000     0.00000     0.00000     0.00000     0.00000     0.00000     0.00000     0.00000     0.00000     0.00000     0.00000
   -40.98100     0.00000     0.00000     0.00000     0.00000     0.00000     0.00000     0.00000     0.00000     0.00000     0.00000     0.00000     0.00000     0.00000     0.00000     0.00000     0.00000     0.00000
   -40.93500     0.00000     0.00000     0.00000     0.00000     0.00000     0.00000     0.00000     0.00000     0.00000     0.00000     0.00000     0.00000     0.00000     0.00000     0.00000     0.00000     0.00000
   -40.89000     0.00000     0.00000     0.00000     0.00000     0.00000     0.00000     0.00000     0.00000     0.00000     0.00000     0.00000     0.00000     0.00000     0.00000     0.00000     0.00000     0.00000
   -40.84500     0.00000     0.00000     0.00000     0.00000     0.00000     0.00000     0.00000     0.00000     0.00000     0.00000     0.00000     0.00000     0.00000     0.00000     0.00000     0.00000     0.00000
   -40.79900     0.00000     0.00000     0.00000     0.00000     0.00000     0.00000     0.00000     0.00000     0.00000     0.00000     0.00000     0.00000     0.00000     0.00000     0.00000     0.00000     0.00000
   -40.75400     0.00000     0.00000     0.00000     0.00000     0.00000     0.00000     0.00000     0.00000     0.00000     0.00000     0.00000     0.00000     0.00000     0.00000     0.00000     0.00000     0.00000
   -40.70900     0.00000     0.00000     0.00000     0.00000     0.00000     0.00000     0.00000     0.00000     0.00000     0.00000     0.00000     0.00000     0.00000     0.00000     0.00000     0.00000     0.00000
   -40.66400     0.00000     0.00000     0.00000     0.00000     0.00000     0.00000     0.00000     0.00000     0.00000     0.00000     0.00000     0.00000     0.00000     0.00000     0.00000     0.00000     0.00000
   -40.61800     0.00000     0.00000     0.00000     0.00000     0.00000     0.00000     0.00000     0.00000     0.00000     0.00000     0.00000     0.00000     0.00000     0.00000     0.00000     0.00000     0.00000
   -40.57300     0.00000     0.00000     0.00000     0.00000     0.00000     0.00000     0.00000     0.00000     0.00000     0.00000     0.00000     0.00000     0.00000     0.00000     0.00000     0.00000     0.00000
   -40.52800     0.00000     0.00000     0.00000     0.00000     0.00000     0.00000     0.00000     0.00000     0.00000     0.00000     0.00000     0.00000     0.00000     0.00000     0.00000     0.00000     0.00000
   -40.48200     0.00000     0.00000     0.00000     0.00000     0.00000     0.00000     0.00000     0.00000     0.00000     0.00000     0.00000     0.00000     0.00000     0.00000     0.00000     0.00000     0.00000
   -40.43700     0.00000     0.00000     0.00000     0.00000     0.00000     0.00000     0.00000     0.00000     0.00000     0.00000     0.00000     0.00000     0.00000     0.00000     0.00000     0.00000     0.00000
   -40.39200     0.00000     0.00000     0.00000     0.00000     0.00000     0.00000     0.00000     0.00000     0.00000     0.00000     0.00000     0.00000     0.00000     0.00000     0.00000     0.00000     0.00000
   -40.34700     0.00000     0.00000     0.00000     0.00000     0.00000     0.00000     0.00000     0.00000     0.00000     0.00000     0.00000     0.00000     0.00000     0.00000     0.00000     0.00000     0.00000
   -40.30100     0.00000     0.00000     0.00000     0.00000     0.00000     0.00000     0.00000     0.00000     0.00000     0.00000     0.00000     0.00000     0.00000     0.00000     0.00000     0.00000     0.00000
   -40.25600     0.00000     0.00000     0.00000     0.00000     0.00000     0.00000     0.00000     0.00000     0.00000     0.00000     0.00000     0.00000     0.00000     0.00000     0.00000     0.00000     0.00000
   -40.21100     0.00000     0.00000     0.00000     0.00000     0.00000     0.00000     0.00000     0.00000     0.00000     0.00000     0.00000     0.00000     0.00000     0.00000     0.00000     0.00000     0.00000
   -40.16500     0.00000     0.00000     0.00000     0.00000     0.00000     0.00000     0.00000     0.00000     0.00000     0.00000     0.00000     0.00000     0.00000     0.00000     0.00000     0.00000     0.00000
   -40.12000     0.00000     0.00000     0.00000     0.00000     0.00000     0.00000     0.00000     0.00000     0.00000     0.00000     0.00000     0.00000     0.00000     0.00000     0.00000     0.00000     0.00000
   -40.07500     0.00000     0.00000     0.00000     0.00000     0.00000     0.00000     0.00000     0.00000     0.00000     0.00000     0.00000     0.00000     0.00000     0.00000     0.00000     0.00000     0.00000
   -40.03000     0.00000     0.00000     0.00000     0.00000     0.00000     0.00000     0.00000     0.00000     0.00000     0.00000     0.00000     0.00000     0.00000     0.00000     0.00000     0.00000     0.00000
   -39.98400     0.00000     0.00000     0.00000     0.00000     0.00000     0.00000     0.00000     0.00000     0.00000     0.00000     0.00000     0.00000     0.00000     0.00000     0.00000     0.00000     0.00000
   -39.93900     0.00000     0.00000     0.00000     0.00000     0.00000     0.00000     0.00000     0.00000     0.00000     0.00000     0.00000     0.00000     0.00000     0.00000     0.00000     0.00000     0.00000
   -39.89400     0.00000     0.00000     0.00000     0.00000     0.00000     0.00000     0.00000     0.00000     0.00000     0.00000     0.00000     0.00000     0.00000     0.00000     0.00000     0.00000     0.00000
   -39.84900     0.00000     0.00000     0.00000     0.00000     0.00000     0.00000     0.00000     0.00000     0.00000     0.00000     0.00000     0.00000     0.00000     0.00000     0.00000     0.00000     0.00000
   -39.80300     0.00000     0.00000     0.00000     0.00000     0.00000     0.00000     0.00000     0.00000     0.00000     0.00000     0.00000     0.00000     0.00000     0.00000     0.00000     0.00000     0.00000
   -39.75800     0.00000     0.00000     0.00000     0.00000     0.00000     0.00000     0.00000     0.00000     0.00000     0.00000     0.00000     0.00000     0.00000     0.00000     0.00000     0.00000     0.00000
   -39.71300     0.00000     0.00000     0.00000     0.00000     0.00000     0.00000     0.00000     0.00000     0.00000     0.00000     0.00000     0.00000     0.00000     0.00000     0.00000     0.00000     0.00000
   -39.66700     0.00000     0.00000     0.00000     0.00000     0.00000     0.00000     0.00000     0.00000     0.00000     0.00000     0.00000     0.00000     0.00000     0.00000     0.00000     0.00000     0.00000
   -39.62200     0.00000     0.00000     0.00000     0.00000     0.00000     0.00000     0.00000     0.00000     0.00000     0.00000     0.00000     0.00000     0.00000     0.00000     0.00000     0.00000     0.00000
   -39.57700     0.00000     0.00000     0.00000     0.00000     0.00000     0.00000     0.00000     0.00000     0.00000     0.00000     0.00000     0.00000     0.00000     0.00000     0.00000     0.00000     0.00000
   -39.53200     0.00000     0.00000     0.00000     0.00000     0.00000     0.00000     0.00000     0.00000     0.00000     0.00000     0.00000     0.00000     0.00000     0.00000     0.00000     0.00000     0.00000
   -39.48600     0.00000     0.00000     0.00000     0.00000     0.00000     0.00000     0.00000     0.00000     0.00000     0.00000     0.00000     0.00000     0.00000     0.00000     0.00000     0.00000     0.00000
   -39.44100     0.00000     0.00000     0.00000     0.00000     0.00000     0.00000     0.00000     0.00000     0.00000     0.00000     0.00000     0.00000     0.00000     0.00000     0.00000     0.00000     0.00000
   -39.39600     0.00000     0.00000     0.00000     0.00000     0.00000     0.00000     0.00000     0.00000     0.00000     0.00000     0.00000     0.00000     0.00000     0.00000     0.00000     0.00000     0.00000
   -39.35000     0.00000     0.00000     0.00000     0.00000     0.00000     0.00000     0.00000     0.00000     0.00000     0.00000     0.00000     0.00000     0.00000     0.00000     0.00000     0.00000     0.00000
   -39.30500     0.00000     0.00000     0.00000     0.00000     0.00000     0.00000     0.00000     0.00000     0.00000     0.00000     0.00000     0.00000     0.00000     0.00000     0.00000     0.00000     0.00000
   -39.26000     0.00000     0.00000     0.00000     0.00000     0.00000     0.00000     0.00000     0.00000     0.00000     0.00000     0.00000     0.00000     0.00000     0.00000     0.00000     0.00000     0.00000
   -39.21500     0.00000     0.00000     0.00000     0.00000     0.00000     0.00000     0.00000     0.00000     0.00000     0.00000     0.00000     0.00000     0.00000     0.00000     0.00000     0.00000     0.00000
   -39.16900     0.00000     0.00000     0.00000     0.00000     0.00000     0.00000     0.00000     0.00000     0.00000     0.00000     0.00000     0.00000     0.00000     0.00000     0.00000     0.00000     0.00000
   -39.12400     0.00000     0.00000     0.00000     0.00000     0.00000     0.00000     0.00000     0.00000     0.00000     0.00000     0.00000     0.00000     0.00000     0.00000     0.00000     0.00000     0.00000
   -39.07900     0.00000     0.00000     0.00000     0.00000     0.00000     0.00000     0.00000     0.00000     0.00000     0.00000     0.00000     0.00000     0.00000     0.00000     0.00000     0.00000     0.00000
   -39.03300     0.00000     0.00000     0.00000     0.00000     0.00000     0.00000     0.00000     0.00000     0.00000     0.00000     0.00000     0.00000     0.00000     0.00000     0.00000     0.00000     0.00000
   -38.98800     0.00000     0.00000     0.00000     0.00000     0.00000     0.00000     0.00000     0.00000     0.00000     0.00000     0.00000     0.00000     0.00000     0.00000     0.00000     0.00000     0.00000
   -38.94300     0.00000     0.00000     0.00000     0.00000     0.00000     0.00000     0.00000     0.00000     0.00000     0.00000     0.00000     0.00000     0.00000     0.00000     0.00000     0.00000     0.00000
   -38.89800     0.00000     0.00000     0.00000     0.00000     0.00000     0.00000     0.00000     0.00000     0.00000     0.00000     0.00000     0.00000     0.00000     0.00000     0.00000     0.00000     0.00000
   -38.85200     0.00000     0.00000     0.00000     0.00000     0.00000     0.00000     0.00000     0.00000     0.00000     0.00000     0.00000     0.00000     0.00000     0.00000     0.00000     0.00000     0.00000
   -38.80700     0.00000     0.00000     0.00000     0.00000     0.00000     0.00000     0.00000     0.00000     0.00000     0.00000     0.00000     0.00000     0.00000     0.00000     0.00000     0.00000     0.00000
   -38.76200     0.00000     0.00000     0.00000     0.00000     0.00000     0.00000     0.00000     0.00000     0.00000     0.00000     0.00000     0.00000     0.00000     0.00000     0.00000     0.00000     0.00000
   -38.71600     0.00000     0.00000     0.00000     0.00000     0.00000     0.00000     0.00000     0.00000     0.00000     0.00000     0.00000     0.00000     0.00000     0.00000     0.00000     0.00000     0.00000
   -38.67100     0.00000     0.00000     0.00000     0.00000     0.00000     0.00000     0.00000     0.00000     0.00000     0.00000     0.00000     0.00000     0.00000     0.00000     0.00000     0.00000     0.00000
   -38.62600     0.00000     0.00000     0.00000     0.00000     0.00000     0.00000     0.00000     0.00000     0.00000     0.00000     0.00000     0.00000     0.00000     0.00000     0.00000     0.00000     0.00000
   -38.58100     0.00000     0.00000     0.00000     0.00000     0.00000     0.00000     0.00000     0.00000     0.00000     0.00000     0.00000     0.00000     0.00000     0.00000     0.00000     0.00000     0.00000
   -38.53500     0.00000     0.00000     0.00000     0.00000     0.00000     0.00000     0.00000     0.00000     0.00000     0.00000     0.00000     0.00000     0.00000     0.00000     0.00000     0.00000     0.00000
   -38.49000     0.00000     0.00000     0.00000     0.00000     0.00000     0.00000     0.00000     0.00000     0.00000     0.00000     0.00000     0.00000     0.00000     0.00000     0.00000     0.00000     0.00000
   -38.44500     0.00000     0.00000     0.00000     0.00000     0.00000     0.00000     0.00000     0.00000     0.00000     0.00000     0.00000     0.00000     0.00000     0.00000     0.00000     0.00000     0.00000
   -38.39900     0.00000     0.00000     0.00000     0.00000     0.00000     0.00000     0.00000     0.00000     0.00000     0.00000     0.00000     0.00000     0.00000     0.00000     0.00000     0.00000     0.00000
   -38.35400     0.00000     0.00000     0.00000     0.00000     0.00000     0.00000     0.00000     0.00000     0.00000     0.00000     0.00000     0.00000     0.00000     0.00000     0.00000     0.00000     0.00000
   -38.30900     0.00000     0.00000     0.00000     0.00000     0.00000     0.00000     0.00000     0.00000     0.00000     0.00000     0.00000     0.00000     0.00000     0.00000     0.00000     0.00000     0.00000
   -38.26400     0.00000     0.00000     0.00000     0.00000     0.00000     0.00000     0.00000     0.00000     0.00000     0.00000     0.00000     0.00000     0.00000     0.00000     0.00000     0.00000     0.00000
   -38.21800     0.00000     0.00000     0.00000     0.00000     0.00000     0.00000     0.00000     0.00000     0.00000     0.00000     0.00000     0.00000     0.00000     0.00000     0.00000     0.00000     0.00000
   -38.17300     0.00000     0.00000     0.00000     0.00000     0.00000     0.00000     0.00000     0.00000     0.00000     0.00000     0.00000     0.00000     0.00000     0.00000     0.00000     0.00000     0.00000
   -38.12800     0.00000     0.00000     0.00000     0.00000     0.00000     0.00000     0.00000     0.00000     0.00000     0.00000     0.00000     0.00000     0.00000     0.00000     0.00000     0.00000     0.00000
   -38.08200     0.00000     0.00000     0.00000     0.00000     0.00000     0.00000     0.00000     0.00000     0.00000     0.00000     0.00000     0.00000     0.00000     0.00000     0.00000     0.00000     0.00000
   -38.03700     0.00000     0.00000     0.00000     0.00000     0.00000     0.00000     0.00000     0.00000     0.00000     0.00000     0.00000     0.00000     0.00000     0.00000     0.00000     0.00000     0.00000
   -37.99200     0.00000     0.00000     0.00000     0.00000     0.00000     0.00000     0.00000     0.00000     0.00000     0.00000     0.00000     0.00000     0.00000     0.00000     0.00000     0.00000     0.00000
   -37.94700     0.00000     0.00000     0.00000     0.00000     0.00000     0.00000     0.00000     0.00000     0.00000     0.00000     0.00000     0.00000     0.00000     0.00000     0.00000     0.00000     0.00000
   -37.90100     0.00000     0.00000     0.00000     0.00000     0.00000     0.00000     0.00000     0.00000     0.00000     0.00000     0.00000     0.00000     0.00000     0.00000     0.00000     0.00000     0.00000
   -37.85600     0.00000     0.00000     0.00000     0.00000     0.00000     0.00000     0.00000     0.00000     0.00000     0.00000     0.00000     0.00000     0.00000     0.00000     0.00000     0.00000     0.00000
   -37.81100     0.00000     0.00000     0.00000     0.00000     0.00000     0.00000     0.00000     0.00000     0.00000     0.00000     0.00000     0.00000     0.00000     0.00000     0.00000     0.00000     0.00000
   -37.76500     0.00000     0.00000     0.00000     0.00000     0.00000     0.00000     0.00000     0.00000     0.00000     0.00000     0.00000     0.00000     0.00000     0.00000     0.00000     0.00000     0.00000
   -37.72000     0.00000     0.00000     0.00000     0.00000     0.00000     0.00000     0.00000     0.00000     0.00000     0.00000     0.00000     0.00000     0.00000     0.00000     0.00000     0.00000     0.00000
   -37.67500     0.00000     0.00000     0.00000     0.00000     0.00000     0.00000     0.00000     0.00000     0.00000     0.00000     0.00000     0.00000     0.00000     0.00000     0.00000     0.00000     0.00000
   -37.63000     0.00000     0.00000     0.00000     0.00000     0.00000     0.00000     0.00000     0.00000     0.00000     0.00000     0.00000     0.00000     0.00000     0.00000     0.00000     0.00000     0.00000
   -37.58400     0.00000     0.00000     0.00000     0.00000     0.00000     0.00000     0.00000     0.00000     0.00000     0.00000     0.00000     0.00000     0.00000     0.00000     0.00000     0.00000     0.00000
   -37.53900     0.00000     0.00000     0.00000     0.00000     0.00000     0.00000     0.00000     0.00000     0.00000     0.00000     0.00000     0.00000     0.00000     0.00000     0.00000     0.00000     0.00000
   -37.49400     0.00000     0.00000     0.00000     0.00000     0.00000     0.00000     0.00000     0.00000     0.00000     0.00000     0.00000     0.00000     0.00000     0.00000     0.00000     0.00000     0.00000
   -37.44800     0.00000     0.00000     0.00000     0.00000     0.00000     0.00000     0.00000     0.00000     0.00000     0.00000     0.00000     0.00000     0.00000     0.00000     0.00000     0.00000     0.00000
   -37.40300     0.00000     0.00000     0.00000     0.00000     0.00000     0.00000     0.00000     0.00000     0.00000     0.00000     0.00000     0.00000     0.00000     0.00000     0.00000     0.00000     0.00000
   -37.35800     0.00000     0.00000     0.00000     0.00000     0.00000     0.00000     0.00000     0.00000     0.00000     0.00000     0.00000     0.00000     0.00000     0.00000     0.00000     0.00000     0.00000
   -37.31300     0.00000     0.00000     0.00000     0.00000     0.00000     0.00000     0.00000     0.00000     0.00000     0.00000     0.00000     0.00000     0.00000     0.00000     0.00000     0.00000     0.00000
   -37.26700     0.00000     0.00000     0.00000     0.00000     0.00000     0.00000     0.00000     0.00000     0.00000     0.00000     0.00000     0.00000     0.00000     0.00000     0.00000     0.00000     0.00000
   -37.22200     0.00000     0.00000     0.00000     0.00000     0.00000     0.00000     0.00000     0.00000     0.00000     0.00000     0.00000     0.00000     0.00000     0.00000     0.00000     0.00000     0.00000
   -37.17700     0.00000     0.00000     0.00000     0.00000     0.00000     0.00000     0.00000     0.00000     0.00000     0.00000     0.00000     0.00000     0.00000     0.00000     0.00000     0.00000     0.00000
   -37.13100     0.00000     0.00000     0.00000     0.00000     0.00000     0.00000     0.00000     0.00000     0.00000     0.00000     0.00000     0.00000     0.00000     0.00000     0.00000     0.00000     0.00000
   -37.08600     0.00000     0.00000     0.00000     0.00000     0.00000     0.00000     0.00000     0.00000     0.00000     0.00000     0.00000     0.00000     0.00000     0.00000     0.00000     0.00000     0.00000
   -37.04100     0.00000     0.00000     0.00000     0.00000     0.00000     0.00000     0.00000     0.00000     0.00000     0.00000     0.00000     0.00000     0.00000     0.00000     0.00000     0.00000     0.00000
   -36.99600     0.00000     0.00000     0.00000     0.00000     0.00000     0.00000     0.00000     0.00000     0.00000     0.00000     0.00000     0.00000     0.00000     0.00000     0.00000     0.00000     0.00000
   -36.95000     0.00000     0.00000     0.00000     0.00000     0.00000     0.00000     0.00000     0.00000     0.00000     0.00000     0.00000     0.00000     0.00000     0.00000     0.00000     0.00000     0.00000
   -36.90500     0.00000     0.00000     0.00000     0.00000     0.00000     0.00000     0.00000     0.00000     0.00000     0.00000     0.00000     0.00000     0.00000     0.00000     0.00000     0.00000     0.00000
   -36.86000     0.00000     0.00000     0.00000     0.00000     0.00000     0.00000     0.00000     0.00000     0.00000     0.00000     0.00000     0.00000     0.00000     0.00000     0.00000     0.00000     0.00000
   -36.81400     0.00000     0.00000     0.00000     0.00000     0.00000     0.00000     0.00000     0.00000     0.00000     0.00000     0.00000     0.00000     0.00000     0.00000     0.00000     0.00000     0.00000
   -36.76900     0.00000     0.00000     0.00000     0.00000     0.00000     0.00000     0.00000     0.00000     0.00000     0.00000     0.00000     0.00000     0.00000     0.00000     0.00000     0.00000     0.00000
   -36.72400     0.00000     0.00000     0.00000     0.00000     0.00000     0.00000     0.00000     0.00000     0.00000     0.00000     0.00000     0.00000     0.00000     0.00000     0.00000     0.00000     0.00000
   -36.67900     0.00000     0.00000     0.00000     0.00000     0.00000     0.00000     0.00000     0.00000     0.00000     0.00000     0.00000     0.00000     0.00000     0.00000     0.00000     0.00000     0.00000
   -36.63300     0.00000     0.00000     0.00000     0.00000     0.00000     0.00000     0.00000     0.00000     0.00000     0.00000     0.00000     0.00000     0.00000     0.00000     0.00000     0.00000     0.00000
   -36.58800     0.00000     0.00000     0.00000     0.00000     0.00000     0.00000     0.00000     0.00000     0.00000     0.00000     0.00000     0.00000     0.00000     0.00000     0.00000     0.00000     0.00000
   -36.54300     0.00000     0.00000     0.00000     0.00000     0.00000     0.00000     0.00000     0.00000     0.00000     0.00000     0.00000     0.00000     0.00000     0.00000     0.00000     0.00000     0.00000
   -36.49800     0.00000     0.00000     0.00000     0.00000     0.00000     0.00000     0.00000     0.00000     0.00000     0.00000     0.00000     0.00000     0.00000     0.00000     0.00000     0.00000     0.00000
   -36.45200     0.00000     0.00000     0.00000     0.00000     0.00000     0.00000     0.00000     0.00000     0.00000     0.00000     0.00000     0.00000     0.00000     0.00000     0.00000     0.00000     0.00000
   -36.40700     0.00000     0.00000     0.00000     0.00000     0.00000     0.00000     0.00000     0.00000     0.00000     0.00000     0.00000     0.00000     0.00000     0.00000     0.00000     0.00000     0.00000
   -36.36200     0.00000     0.00000     0.00000     0.00000     0.00000     0.00000     0.00000     0.00000     0.00000     0.00000     0.00000     0.00000     0.00000     0.00000     0.00000     0.00000     0.00000
   -36.31600     0.00000     0.00000     0.00000     0.00000     0.00000     0.00000     0.00000     0.00000     0.00000     0.00000     0.00000     0.00000     0.00000     0.00000     0.00000     0.00000     0.00000
   -36.27100     0.00000     0.00000     0.00000     0.00000     0.00000     0.00000     0.00000     0.00000     0.00000     0.00000     0.00000     0.00000     0.00000     0.00000     0.00000     0.00000     0.00000
   -36.22600     0.00000     0.00000     0.00000     0.00000     0.00000     0.00000     0.00000     0.00000     0.00000     0.00000     0.00000     0.00000     0.00000     0.00000     0.00000     0.00000     0.00000
   -36.18100     0.00000     0.00000     0.00000     0.00000     0.00000     0.00000     0.00000     0.00000     0.00000     0.00000     0.00000     0.00000     0.00000     0.00000     0.00000     0.00000     0.00000
   -36.13500     0.00000     0.00000     0.00000     0.00000     0.00000     0.00000     0.00000     0.00000     0.00000     0.00000     0.00000     0.00000     0.00000     0.00000     0.00000     0.00000     0.00000
   -36.09000     0.00000     0.00000     0.00000     0.00000     0.00000     0.00000     0.00000     0.00000     0.00000     0.00000     0.00000     0.00000     0.00000     0.00000     0.00000     0.00000     0.00000
   -36.04500     0.00000     0.00000     0.00000     0.00000     0.00000     0.00000     0.00000     0.00000     0.00000     0.00000     0.00000     0.00000     0.00000     0.00000     0.00000     0.00000     0.00000
   -35.99900     0.00000     0.00000     0.00000     0.00000     0.00000     0.00000     0.00000     0.00000     0.00000     0.00000     0.00000     0.00000     0.00000     0.00000     0.00000     0.00000     0.00000
   -35.95400     0.00000     0.00000     0.00000     0.00000     0.00000     0.00000     0.00000     0.00000     0.00000     0.00000     0.00000     0.00000     0.00000     0.00000     0.00000     0.00000     0.00000
   -35.90900     0.00000     0.00000     0.00000     0.00000     0.00000     0.00000     0.00000     0.00000     0.00000     0.00000     0.00000     0.00000     0.00000     0.00000     0.00000     0.00000     0.00000
   -35.86400     0.00000     0.00000     0.00000     0.00000     0.00000     0.00000     0.00000     0.00000     0.00000     0.00000     0.00000     0.00000     0.00000     0.00000     0.00000     0.00000     0.00000
   -35.81800     0.00000     0.00000     0.00000     0.00000     0.00000     0.00000     0.00000     0.00000     0.00000     0.00000     0.00000     0.00000     0.00000     0.00000     0.00000     0.00000     0.00000
   -35.77300     0.00000     0.00000     0.00000     0.00000     0.00000     0.00000     0.00000     0.00000     0.00000     0.00000     0.00000     0.00000     0.00000     0.00000     0.00000     0.00000     0.00000
   -35.72800     0.00000     0.00000     0.00000     0.00000     0.00000     0.00000     0.00000     0.00000     0.00000     0.00000     0.00000     0.00000     0.00000     0.00000     0.00000     0.00000     0.00000
   -35.68200     0.00000     0.00000     0.00000     0.00000     0.00000     0.00000     0.00000     0.00000     0.00000     0.00000     0.00000     0.00000     0.00000     0.00000     0.00000     0.00000     0.00000
   -35.63700     0.00000     0.00000     0.00000     0.00000     0.00000     0.00000     0.00000     0.00000     0.00000     0.00000     0.00000     0.00000     0.00000     0.00000     0.00000     0.00000     0.00000
   -35.59200     0.00000     0.00000     0.00000     0.00000     0.00000     0.00000     0.00000     0.00000     0.00000     0.00000     0.00000     0.00000     0.00000     0.00000     0.00000     0.00000     0.00000
   -35.54700     0.00000     0.00000     0.00000     0.00000     0.00000     0.00000     0.00000     0.00000     0.00000     0.00000     0.00000     0.00000     0.00000     0.00000     0.00000     0.00000     0.00000
   -35.50100     0.00000     0.00000     0.00000     0.00000     0.00000     0.00000     0.00000     0.00000     0.00000     0.00000     0.00000     0.00000     0.00000     0.00000     0.00000     0.00000     0.00000
   -35.45600     0.00000     0.00000     0.00000     0.00000     0.00000     0.00000     0.00000     0.00000     0.00000     0.00000     0.00000     0.00000     0.00000     0.00000     0.00000     0.00000     0.00000
   -35.41100     0.00000     0.00000     0.00000     0.00000     0.00000     0.00000     0.00000     0.00000     0.00000     0.00000     0.00000     0.00000     0.00000     0.00000     0.00000     0.00000     0.00000
   -35.36500     0.00000     0.00000     0.00000     0.00000     0.00000     0.00000     0.00000     0.00000     0.00000     0.00000     0.00000     0.00000     0.00000     0.00000     0.00000     0.00000     0.00000
   -35.32000     0.00000     0.00000     0.00000     0.00000     0.00000     0.00000     0.00000     0.00000     0.00000     0.00000     0.00000     0.00000     0.00000     0.00000     0.00000     0.00000     0.00000
   -35.27500     0.00000     0.00000     0.00000     0.00000     0.00000     0.00000     0.00000     0.00000     0.00000     0.00000     0.00000     0.00000     0.00000     0.00000     0.00000     0.00000     0.00000
   -35.23000     0.00000     0.00000     0.00000     0.00000     0.00000     0.00000     0.00000     0.00000     0.00000     0.00000     0.00000     0.00000     0.00000     0.00000     0.00000     0.00000     0.00000
   -35.18400     0.00000     0.00000     0.00000     0.00000     0.00000     0.00000     0.00000     0.00000     0.00000     0.00000     0.00000     0.00000     0.00000     0.00000     0.00000     0.00000     0.00000
   -35.13900     0.00000     0.00000     0.00000     0.00000     0.00000     0.00000     0.00000     0.00000     0.00000     0.00000     0.00000     0.00000     0.00000     0.00000     0.00000     0.00000     0.00000
   -35.09400     0.00000     0.00000     0.00000     0.00000     0.00000     0.00000     0.00000     0.00000     0.00000     0.00000     0.00000     0.00000     0.00000     0.00000     0.00000     0.00000     0.00000
   -35.04800     0.00000     0.00000     0.00000     0.00000     0.00000     0.00000     0.00000     0.00000     0.00000     0.00000     0.00000     0.00000     0.00000     0.00000     0.00000     0.00000     0.00000
   -35.00300     0.00000     0.00000     0.00000     0.00000     0.00000     0.00000     0.00000     0.00000     0.00000     0.00000     0.00000     0.00000     0.00000     0.00000     0.00000     0.00000     0.00000
   -34.95800     0.00000     0.00000     0.00000     0.00000     0.00000     0.00000     0.00000     0.00000     0.00000     0.00000     0.00000     0.00000     0.00000     0.00000     0.00000     0.00000     0.00000
   -34.91300     0.00000     0.00000     0.00000     0.00000     0.00000     0.00000     0.00000     0.00000     0.00000     0.00000     0.00000     0.00000     0.00000     0.00000     0.00000     0.00000     0.00000
   -34.86700     0.00000     0.00000     0.00000     0.00000     0.00000     0.00000     0.00000     0.00000     0.00000     0.00000     0.00000     0.00000     0.00000     0.00000     0.00000     0.00000     0.00000
   -34.82200     0.00000     0.00000     0.00000     0.00000     0.00000     0.00000     0.00000     0.00000     0.00000     0.00000     0.00000     0.00000     0.00000     0.00000     0.00000     0.00000     0.00000
   -34.77700     0.00000     0.00000     0.00000     0.00000     0.00000     0.00000     0.00000     0.00000     0.00000     0.00000     0.00000     0.00000     0.00000     0.00000     0.00000     0.00000     0.00000
   -34.73100     0.00000     0.00000     0.00000     0.00000     0.00000     0.00000     0.00000     0.00000     0.00000     0.00000     0.00000     0.00000     0.00000     0.00000     0.00000     0.00000     0.00000
   -34.68600     0.00000     0.00000     0.00000     0.00000     0.00000     0.00000     0.00000     0.00000     0.00000     0.00000     0.00000     0.00000     0.00000     0.00000     0.00000     0.00000     0.00000
   -34.64100     0.00000     0.00000     0.00000     0.00000     0.00000     0.00000     0.00000     0.00000     0.00000     0.00000     0.00000     0.00000     0.00000     0.00000     0.00000     0.00000     0.00000
   -34.59600     0.00000     0.00000     0.00000     0.00000     0.00000     0.00000     0.00000     0.00000     0.00000     0.00000     0.00000     0.00000     0.00000     0.00000     0.00000     0.00000     0.00000
   -34.55000     0.00000     0.00000     0.00000     0.00000     0.00000     0.00000     0.00000     0.00000     0.00000     0.00000     0.00000     0.00000     0.00000     0.00000     0.00000     0.00000     0.00000
   -34.50500     0.00000     0.00000     0.00000     0.00000     0.00000     0.00000     0.00000     0.00000     0.00000     0.00000     0.00000     0.00000     0.00000     0.00000     0.00000     0.00000     0.00000
   -34.46000     0.00000     0.00000     0.00000     0.00000     0.00000     0.00000     0.00000     0.00000     0.00000     0.00000     0.00000     0.00000     0.00000     0.00000     0.00000     0.00000     0.00000
   -34.41400     0.00000     0.00000     0.00000     0.00000     0.00000     0.00000     0.00000     0.00000     0.00000     0.00000     0.00000     0.00000     0.00000     0.00000     0.00000     0.00000     0.00000
   -34.36900     0.00000     0.00000     0.00000     0.00000     0.00000     0.00000     0.00000     0.00000     0.00000     0.00000     0.00000     0.00000     0.00000     0.00000     0.00000     0.00000     0.00000
   -34.32400     0.00000     0.00000     0.00000     0.00000     0.00000     0.00000     0.00000     0.00000     0.00000     0.00000     0.00000     0.00000     0.00000     0.00000     0.00000     0.00000     0.00000
   -34.27900     0.00000     0.00000     0.00000     0.00000     0.00000     0.00000     0.00000     0.00000     0.00000     0.00000     0.00000     0.00000     0.00000     0.00000     0.00000     0.00000     0.00000
   -34.23300     0.00000     0.00000     0.00000     0.00000     0.00000     0.00000     0.00000     0.00000     0.00000     0.00000     0.00000     0.00000     0.00000     0.00000     0.00000     0.00000     0.00000
   -34.18800     0.00000     0.00000     0.00000     0.00000     0.00000     0.00000     0.00000     0.00000     0.00000     0.00000     0.00000     0.00000     0.00000     0.00000     0.00000     0.00000     0.00000
   -34.14300     0.00000     0.00000     0.00000     0.00000     0.00000     0.00000     0.00000     0.00000     0.00000     0.00000     0.00000     0.00000     0.00000     0.00000     0.00000     0.00000     0.00000
   -34.09700     0.00000     0.00000     0.00000     0.00000     0.00000     0.00000     0.00000     0.00000     0.00000     0.00000     0.00000     0.00000     0.00000     0.00000     0.00000     0.00000     0.00000
   -34.05200     0.00000     0.00000     0.00000     0.00000     0.00000     0.00000     0.00000     0.00000     0.00000     0.00000     0.00000     0.00000     0.00000     0.00000     0.00000     0.00000     0.00000
   -34.00700     0.00000     0.00000     0.00000     0.00000     0.00000     0.00000     0.00000     0.00000     0.00000     0.00000     0.00000     0.00000     0.00000     0.00000     0.00000     0.00000     0.00000
   -33.96200     0.00000     0.00000     0.00000     0.00000     0.00000     0.00000     0.00000     0.00000     0.00000     0.00000     0.00000     0.00000     0.00000     0.00000     0.00000     0.00000     0.00000
   -33.91600     0.00000     0.00000     0.00000     0.00000     0.00000     0.00000     0.00000     0.00000     0.00000     0.00000     0.00000     0.00000     0.00000     0.00000     0.00000     0.00000     0.00000
   -33.87100     0.00000     0.00000     0.00000     0.00000     0.00000     0.00000     0.00000     0.00000     0.00000     0.00000     0.00000     0.00000     0.00000     0.00000     0.00000     0.00000     0.00000
   -33.82600     0.00000     0.00000     0.00000     0.00000     0.00000     0.00000     0.00000     0.00000     0.00000     0.00000     0.00000     0.00000     0.00000     0.00000     0.00000     0.00000     0.00000
   -33.78000     0.01486     0.01311     0.00915     0.02553     0.00040     0.00032     0.00022     0.00053     0.00026     0.00000     0.00000     0.00000     0.00000     0.00000     0.00000     0.00000     0.06439
   -33.73500     0.00436     0.00458     0.00921     0.00904     0.00013     0.00013     0.00006     0.00018     0.00009     0.00000     0.00000     0.00000     0.00000     0.00000     0.00000     0.00000     0.02778
   -33.69000     0.00284     0.00384     0.01351     0.00789     0.00010     0.00012     0.00004     0.00013     0.00007     0.00000     0.00000     0.00000     0.00000     0.00000     0.00000     0.00000     0.02854
   -33.64500     0.00319     0.00717     0.04177     0.01479     0.00017     0.00028     0.00007     0.00016     0.00012     0.00000     0.00000     0.00000     0.00000     0.00000     0.00000     0.00000     0.06771
   -33.59900     0.00000     0.00000     0.00000     0.00000     0.00000     0.00000     0.00000     0.00000     0.00000     0.00000     0.00000     0.00000     0.00000     0.00000     0.00000     0.00000     0.00000
   -33.55400     0.00000     0.00000     0.00000     0.00000     0.00000     0.00000     0.00000     0.00000     0.00000     0.00000     0.00000     0.00000     0.00000     0.00000     0.00000     0.00000     0.00000
   -33.50900     0.00000     0.00000     0.00000     0.00000     0.00000     0.00000     0.00000     0.00000     0.00000     0.00000     0.00000     0.00000     0.00000     0.00000     0.00000     0.00000     0.00000
   -33.46300     0.00000     0.00000     0.00000     0.00000     0.00000     0.00000     0.00000     0.00000     0.00000     0.00000     0.00000     0.00000     0.00000     0.00000     0.00000     0.00000     0.00000
   -33.41800     0.00000     0.00000     0.00000     0.00000     0.00000     0.00000     0.00000     0.00000     0.00000     0.00000     0.00000     0.00000     0.00000     0.00000     0.00000     0.00000     0.00000
   -33.37300     0.00000     0.00000     0.00000     0.00000     0.00000     0.00000     0.00000     0.00000     0.00000     0.00000     0.00000     0.00000     0.00000     0.00000     0.00000     0.00000     0.00000
   -33.32800     0.01237     0.04731     0.04298     0.09170     0.00136     0.00064     0.00079     0.00105     0.00038     0.00000     0.00000     0.00000     0.00000     0.00000     0.00000     0.00000     0.19858
   -33.28200     0.00676     0.01852     0.02307     0.03426     0.00052     0.00032     0.00019     0.00111     0.00020     0.00000     0.00000     0.00000     0.00000     0.00000     0.00000     0.00000     0.08496
   -33.23700     0.00000     0.00000     0.00000     0.00000     0.00000     0.00000     0.00000     0.00000     0.00000     0.00000     0.00000     0.00000     0.00000     0.00000     0.00000     0.00000     0.00000
   -33.19200     0.00000     0.00000     0.00000     0.00000     0.00000     0.00000     0.00000     0.00000     0.00000     0.00000     0.00000     0.00000     0.00000     0.00000     0.00000     0.00000     0.00000
   -33.14700     0.00000     0.00000     0.00000     0.00000     0.00000     0.00000     0.00000     0.00000     0.00000     0.00000     0.00000     0.00000     0.00000     0.00000     0.00000     0.00000     0.00000
   -33.10100     0.00000     0.00000     0.00000     0.00000     0.00000     0.00000     0.00000     0.00000     0.00000     0.00000     0.00000     0.00000     0.00000     0.00000     0.00000     0.00000     0.00000
   -33.05600     0.00000     0.00000     0.00000     0.00000     0.00000     0.00000     0.00000     0.00000     0.00000     0.00000     0.00000     0.00000     0.00000     0.00000     0.00000     0.00000     0.00000
   -33.01100     0.00471     0.02459     0.01659     0.03033     0.00084     0.00030     0.00038     0.00065     0.00033     0.00000     0.00000     0.00000     0.00000     0.00000     0.00000     0.00000     0.07872
   -32.96500     0.00441     0.02265     0.02262     0.04155     0.00072     0.00058     0.00016     0.00078     0.00033     0.00000     0.00000     0.00000     0.00000     0.00000     0.00000     0.00000     0.09380
   -32.92000     0.00000     0.00000     0.00000     0.00000     0.00000     0.00000     0.00000     0.00000     0.00000     0.00000     0.00000     0.00000     0.00000     0.00000     0.00000     0.00000     0.00000
   -32.87500     0.00000     0.00000     0.00000     0.00000     0.00000     0.00000     0.00000     0.00000     0.00000     0.00000     0.00000     0.00000     0.00000     0.00000     0.00000     0.00000     0.00000
   -32.83000     0.00000     0.00000     0.00000     0.00000     0.00000     0.00000     0.00000     0.00000     0.00000     0.00000     0.00000     0.00000     0.00000     0.00000     0.00000     0.00000     0.00000
   -32.78400     0.00184     0.01160     0.01968     0.01255     0.00051     0.00027     0.00010     0.00042     0.00016     0.00000     0.00000     0.00000     0.00000     0.00000     0.00000     0.00000     0.04715
   -32.73900     0.00126     0.00726     0.01329     0.01089     0.00027     0.00020     0.00010     0.00031     0.00012     0.00000     0.00000     0.00000     0.00000     0.00000     0.00000     0.00000     0.03372
   -32.69400     0.00300     0.01155     0.01909     0.02495     0.00042     0.00036     0.00021     0.00056     0.00028     0.00000     0.00000     0.00000     0.00000     0.00000     0.00000     0.00000     0.06041
   -32.64800     0.00576     0.01887     0.03112     0.05063     0.00083     0.00054     0.00031     0.00098     0.00048     0.00000     0.00000     0.00000     0.00000     0.00000     0.00000     0.00000     0.10953
   -32.60300     0.00307     0.01240     0.01694     0.02773     0.00049     0.00037     0.00014     0.00058     0.00031     0.00000     0.00000     0.00000     0.00000     0.00000     0.00000     0.00000     0.06203
   -32.55800     0.00116     0.00585     0.00962     0.01065     0.00024     0.00015     0.00011     0.00025     0.00012     0.00000     0.00000     0.00000     0.00000     0.00000     0.00000     0.00000     0.02816
   -32.51300     0.00063     0.00423     0.00733     0.00571     0.00016     0.00011     0.00011     0.00017     0.00007     0.00000     0.00000     0.00000     0.00000     0.00000     0.00000     0.00000     0.01853
   -32.46700     0.00063     0.00446     0.00762     0.00566     0.00016     0.00012     0.00013     0.00018     0.00007     0.00000     0.00000     0.00000     0.00000     0.00000     0.00000     0.00000     0.01904
   -32.42200     0.00102     0.00761     0.01191     0.00863     0.00025     0.00021     0.00025     0.00030     0.00011     0.00000     0.00000     0.00000     0.00000     0.00000     0.00000     0.00000     0.03029
   -32.37700     0.00173     0.01254     0.01697     0.01324     0.00041     0.00035     0.00045     0.00046     0.00017     0.00000     0.00000     0.00000     0.00000     0.00000     0.00000     0.00000     0.04632
   -32.33100     0.00076     0.00435     0.00688     0.00535     0.00014     0.00012     0.00005     0.00012     0.00005     0.00000     0.00000     0.00000     0.00000     0.00000     0.00000     0.00000     0.01781
   -32.28600     0.00706     0.03721     0.08217     0.08527     0.00127     0.00294     0.00129     0.00264     0.00104     0.00000     0.00000     0.00000     0.00000     0.00000     0.00000     0.00000     0.22090
   -32.24100     0.00194     0.02396     0.01271     0.01554     0.00066     0.00077     0.00011     0.00029     0.00024     0.00000     0.00000     0.00000     0.00000     0.00000     0.00000     0.00000     0.05622
   -32.19600     0.00165     0.02978     0.01067     0.01615     0.00076     0.00088     0.00015     0.00030     0.00029     0.00000     0.00000     0.00000     0.00000     0.00000     0.00000     0.00000     0.06063
   -32.15000     0.00263     0.07414     0.01800     0.03342     0.00164     0.00200     0.00031     0.00062     0.00068     0.00000     0.00000     0.00000     0.00000     0.00000     0.00000     0.00000     0.13344
   -32.10500     0.00000     0.00000     0.00000     0.00000     0.00000     0.00000     0.00000     0.00000     0.00000     0.00000     0.00000     0.00000     0.00000     0.00000     0.00000     0.00000     0.00000
   -32.06000     0.00000     0.00000     0.00000     0.00000     0.00000     0.00000     0.00000     0.00000     0.00000     0.00000     0.00000     0.00000     0.00000     0.00000     0.00000     0.00000     0.00000
   -32.01400     0.00000     0.00000     0.00000     0.00000     0.00000     0.00000     0.00000     0.00000     0.00000     0.00000     0.00000     0.00000     0.00000     0.00000     0.00000     0.00000     0.00000
   -31.96900     0.00110     0.01567     0.00908     0.02202     0.00068     0.00029     0.00069     0.00047     0.00020     0.00000     0.00000     0.00000     0.00000     0.00000     0.00000     0.00000     0.05020
   -31.92400     0.00133     0.01370     0.01457     0.02349     0.00090     0.00043     0.00048     0.00069     0.00027     0.00000     0.00000     0.00000     0.00000     0.00000     0.00000     0.00000     0.05585
   -31.87900     0.00046     0.00299     0.00344     0.00353     0.00022     0.00015     0.00002     0.00023     0.00005     0.00000     0.00000     0.00000     0.00000     0.00000     0.00000     0.00000     0.01111
   -31.83300     0.00000     0.00000     0.00000     0.00000     0.00000     0.00000     0.00000     0.00000     0.00000     0.00000     0.00000     0.00000     0.00000     0.00000     0.00000     0.00000     0.00000
   -31.78800     0.00417     0.03938     0.02571     0.04530     0.00070     0.00119     0.00029     0.00084     0.00031     0.00000     0.00000     0.00000     0.00000     0.00000     0.00000     0.00000     0.11789
   -31.74300     0.00331     0.03984     0.04281     0.03376     0.00083     0.00134     0.00072     0.00127     0.00035     0.00000     0.00000     0.00000     0.00000     0.00000     0.00000     0.00000     0.12423
   -31.69700     0.00000     0.00000     0.00000     0.00000     0.00000     0.00000     0.00000     0.00000     0.00000     0.00000     0.00000     0.00000     0.00000     0.00000     0.00000     0.00000     0.00000
   -31.65200     0.00000     0.00000     0.00000     0.00000     0.00000     0.00000     0.00000     0.00000     0.00000     0.00000     0.00000     0.00000     0.00000     0.00000     0.00000     0.00000     0.00000
   -31.60700     0.00000     0.00000     0.00000     0.00000     0.00000     0.00000     0.00000     0.00000     0.00000     0.00000     0.00000     0.00000     0.00000     0.00000     0.00000     0.00000     0.00000
   -31.56200     0.00000     0.00000     0.00000     0.00000     0.00000     0.00000     0.00000     0.00000     0.00000     0.00000     0.00000     0.00000     0.00000     0.00000     0.00000     0.00000     0.00000
   -31.51600     0.00000     0.00000     0.00000     0.00000     0.00000     0.00000     0.00000     0.00000     0.00000     0.00000     0.00000     0.00000     0.00000     0.00000     0.00000     0.00000     0.00000
   -31.47100     0.00000     0.00000     0.00000     0.00000     0.00000     0.00000     0.00000     0.00000     0.00000     0.00000     0.00000     0.00000     0.00000     0.00000     0.00000     0.00000     0.00000
   -31.42600     0.00000     0.00000     0.00000     0.00000     0.00000     0.00000     0.00000     0.00000     0.00000     0.00000     0.00000     0.00000     0.00000     0.00000     0.00000     0.00000     0.00000
   -31.38000     0.00000     0.00000     0.00000     0.00000     0.00000     0.00000     0.00000     0.00000     0.00000     0.00000     0.00000     0.00000     0.00000     0.00000     0.00000     0.00000     0.00000
   -31.33500     0.00000     0.00000     0.00000     0.00000     0.00000     0.00000     0.00000     0.00000     0.00000     0.00000     0.00000     0.00000     0.00000     0.00000     0.00000     0.00000     0.00000
   -31.29000     0.00000     0.00000     0.00000     0.00000     0.00000     0.00000     0.00000     0.00000     0.00000     0.00000     0.00000     0.00000     0.00000     0.00000     0.00000     0.00000     0.00000
   -31.24500     0.00000     0.00000     0.00000     0.00000     0.00000     0.00000     0.00000     0.00000     0.00000     0.00000     0.00000     0.00000     0.00000     0.00000     0.00000     0.00000     0.00000
   -31.19900     0.00000     0.00000     0.00000     0.00000     0.00000     0.00000     0.00000     0.00000     0.00000     0.00000     0.00000     0.00000     0.00000     0.00000     0.00000     0.00000     0.00000
   -31.15400     0.00000     0.00000     0.00000     0.00000     0.00000     0.00000     0.00000     0.00000     0.00000     0.00000     0.00000     0.00000     0.00000     0.00000     0.00000     0.00000     0.00000
   -31.10900     0.00000     0.00000     0.00000     0.00000     0.00000     0.00000     0.00000     0.00000     0.00000     0.00000     0.00000     0.00000     0.00000     0.00000     0.00000     0.00000     0.00000
   -31.06300     0.00000     0.00000     0.00000     0.00000     0.00000     0.00000     0.00000     0.00000     0.00000     0.00000     0.00000     0.00000     0.00000     0.00000     0.00000     0.00000     0.00000
   -31.01800     0.00000     0.00000     0.00000     0.00000     0.00000     0.00000     0.00000     0.00000     0.00000     0.00000     0.00000     0.00000     0.00000     0.00000     0.00000     0.00000     0.00000
   -30.97300     0.00000     0.00000     0.00000     0.00000     0.00000     0.00000     0.00000     0.00000     0.00000     0.00000     0.00000     0.00000     0.00000     0.00000     0.00000     0.00000     0.00000
   -30.92800     0.00000     0.00000     0.00000     0.00000     0.00000     0.00000     0.00000     0.00000     0.00000     0.00000     0.00000     0.00000     0.00000     0.00000     0.00000     0.00000     0.00000
   -30.88200     0.00000     0.00000     0.00000     0.00000     0.00000     0.00000     0.00000     0.00000     0.00000     0.00000     0.00000     0.00000     0.00000     0.00000     0.00000     0.00000     0.00000
   -30.83700     0.00000     0.00000     0.00000     0.00000     0.00000     0.00000     0.00000     0.00000     0.00000     0.00000     0.00000     0.00000     0.00000     0.00000     0.00000     0.00000     0.00000
   -30.79200     0.00000     0.00000     0.00000     0.00000     0.00000     0.00000     0.00000     0.00000     0.00000     0.00000     0.00000     0.00000     0.00000     0.00000     0.00000     0.00000     0.00000
   -30.74600     0.00000     0.00000     0.00000     0.00000     0.00000     0.00000     0.00000     0.00000     0.00000     0.00000     0.00000     0.00000     0.00000     0.00000     0.00000     0.00000     0.00000
   -30.70100     0.00000     0.00000     0.00000     0.00000     0.00000     0.00000     0.00000     0.00000     0.00000     0.00000     0.00000     0.00000     0.00000     0.00000     0.00000     0.00000     0.00000
   -30.65600     0.00000     0.00000     0.00000     0.00000     0.00000     0.00000     0.00000     0.00000     0.00000     0.00000     0.00000     0.00000     0.00000     0.00000     0.00000     0.00000     0.00000
   -30.61100     0.00000     0.00000     0.00000     0.00000     0.00000     0.00000     0.00000     0.00000     0.00000     0.00000     0.00000     0.00000     0.00000     0.00000     0.00000     0.00000     0.00000
   -30.56500     0.00000     0.00000     0.00000     0.00000     0.00000     0.00000     0.00000     0.00000     0.00000     0.00000     0.00000     0.00000     0.00000     0.00000     0.00000     0.00000     0.00000
   -30.52000     0.00000     0.00000     0.00000     0.00000     0.00000     0.00000     0.00000     0.00000     0.00000     0.00000     0.00000     0.00000     0.00000     0.00000     0.00000     0.00000     0.00000
   -30.47500     0.00000     0.00000     0.00000     0.00000     0.00000     0.00000     0.00000     0.00000     0.00000     0.00000     0.00000     0.00000     0.00000     0.00000     0.00000     0.00000     0.00000
   -30.42900     0.00000     0.00000     0.00000     0.00000     0.00000     0.00000     0.00000     0.00000     0.00000     0.00000     0.00000     0.00000     0.00000     0.00000     0.00000     0.00000     0.00000
   -30.38400     0.00000     0.00000     0.00000     0.00000     0.00000     0.00000     0.00000     0.00000     0.00000     0.00000     0.00000     0.00000     0.00000     0.00000     0.00000     0.00000     0.00000
   -30.33900     0.00439     0.10500     0.03268     0.06298     0.00053     0.00052     0.00008     0.00042     0.00029     0.00000     0.00000     0.00000     0.00000     0.00000     0.00000     0.00000     0.20690
   -30.29400     0.00218     0.05828     0.02408     0.03975     0.00028     0.00032     0.00006     0.00027     0.00018     0.00000     0.00000     0.00000     0.00000     0.00000     0.00000     0.00000     0.12540
   -30.24800     0.00165     0.04476     0.02269     0.02955     0.00020     0.00029     0.00006     0.00024     0.00014     0.00000     0.00000     0.00000     0.00000     0.00000     0.00000     0.00000     0.09959
   -30.20300     0.00155     0.04392     0.02936     0.02954     0.00019     0.00035     0.00007     0.00027     0.00014     0.00000     0.00000     0.00000     0.00000     0.00000     0.00000     0.00000     0.10539
   -30.15800     0.00235     0.06904     0.05913     0.04608     0.00027     0.00066     0.00015     0.00048     0.00023     0.00000     0.00000     0.00000     0.00000     0.00000     0.00000     0.00000     0.17840
   -30.11300     0.00050     0.01380     0.01370     0.01180     0.00007     0.00014     0.00003     0.00014     0.00007     0.00000     0.00000     0.00000     0.00000     0.00000     0.00000     0.00000     0.04024
   -30.06700     0.00000     0.00000     0.00000     0.00000     0.00000     0.00000     0.00000     0.00000     0.00000     0.00000     0.00000     0.00000     0.00000     0.00000     0.00000     0.00000     0.00000
   -30.02200     0.00099     0.01465     0.00977     0.01957     0.00009     0.00010     0.00003     0.00010     0.00008     0.00000     0.00000     0.00000     0.00000     0.00000     0.00000     0.00000     0.04539
   -29.97700     0.00437     0.06988     0.04864     0.09760     0.00040     0.00049     0.00017     0.00049     0.00051     0.00000     0.00000     0.00000     0.00000     0.00000     0.00000     0.00000     0.22254
   -29.93100     0.00429     0.07529     0.07289     0.09773     0.00037     0.00063     0.00022     0.00059     0.00060     0.00000     0.00000     0.00000     0.00000     0.00000     0.00000     0.00000     0.25262
   -29.88600     0.00523     0.13265     0.16442     0.11990     0.00045     0.00139     0.00033     0.00103     0.00074     0.00000     0.00000     0.00000     0.00000     0.00000     0.00000     0.00000     0.42615
   -29.84100     0.00085     0.05134     0.01848     0.02565     0.00007     0.00019     0.00003     0.00013     0.00011     0.00000     0.00000     0.00000     0.00000     0.00000     0.00000     0.00000     0.09686
   -29.79600     0.00452     0.15697     0.06960     0.07018     0.00043     0.00077     0.00025     0.00036     0.00050     0.00000     0.00000     0.00000     0.00000     0.00000     0.00000     0.00000     0.30358
   -29.75000     0.00667     0.16776     0.13960     0.10255     0.00052     0.00134     0.00066     0.00058     0.00081     0.00000     0.00000     0.00000     0.00000     0.00000     0.00000     0.00000     0.42050
   -29.70500     0.00159     0.04789     0.06043     0.03176     0.00011     0.00028     0.00028     0.00020     0.00016     0.00000     0.00000     0.00000     0.00000     0.00000     0.00000     0.00000     0.14272
   -29.66000     0.00279     0.11054     0.06836     0.06381     0.00031     0.00059     0.00042     0.00032     0.00053     0.00000     0.00000     0.00000     0.00000     0.00000     0.00000     0.00000     0.24766
   -29.61400     0.00392     0.16580     0.10483     0.10791     0.00048     0.00069     0.00058     0.00050     0.00074     0.00000     0.00000     0.00000     0.00000     0.00000     0.00000     0.00000     0.38546
   -29.56900     0.00220     0.13090     0.06605     0.06333     0.00027     0.00027     0.00037     0.00038     0.00048     0.00000     0.00000     0.00000     0.00000     0.00000     0.00000     0.00000     0.26425
   -29.52400     0.00065     0.02306     0.02344     0.01179     0.00006     0.00011     0.00011     0.00007     0.00011     0.00000     0.00000     0.00000     0.00000     0.00000     0.00000     0.00000     0.05940
   -29.47900     0.00378     0.15045     0.14049     0.08600     0.00038     0.00094     0.00081     0.00044     0.00085     0.00000     0.00000     0.00000     0.00000     0.00000     0.00000     0.00000     0.38415
   -29.43300     0.00248     0.07801     0.06535     0.07752     0.00030     0.00053     0.00045     0.00028     0.00060     0.00000     0.00000     0.00000     0.00000     0.00000     0.00000     0.00000     0.22552
   -29.38800     0.00434     0.12453     0.11093     0.12857     0.00072     0.00089     0.00062     0.00049     0.00107     0.00000     0.00000     0.00000     0.00000     0.00000     0.00000     0.00000     0.37217
   -29.34300     0.00492     0.17699     0.15396     0.17325     0.00093     0.00112     0.00082     0.00077     0.00142     0.00000     0.00000     0.00000     0.00000     0.00000     0.00000     0.00000     0.51417
   -29.29700     0.00209     0.07611     0.09546     0.06634     0.00034     0.00053     0.00035     0.00037     0.00055     0.00000     0.00000     0.00000     0.00000     0.00000     0.00000     0.00000     0.24213
   -29.25200     0.00644     0.10711     0.13766     0.16482     0.00075     0.00103     0.00090     0.00081     0.00116     0.00000     0.00000     0.00000     0.00000     0.00000     0.00000     0.00000     0.42068
   -29.20700     0.00529     0.23282     0.21930     0.20569     0.00061     0.00081     0.00102     0.00091     0.00081     0.00000     0.00000     0.00000     0.00000     0.00000     0.00000     0.00000     0.66725
   -29.16200     0.00183     0.08155     0.06279     0.05424     0.00024     0.00033     0.00030     0.00026     0.00030     0.00000     0.00000     0.00000     0.00000     0.00000     0.00000     0.00000     0.20183
   -29.11600     0.00579     0.25335     0.24094     0.20569     0.00089     0.00125     0.00068     0.00095     0.00106     0.00000     0.00000     0.00000     0.00000     0.00000     0.00000     0.00000     0.71059
   -29.07100     0.00919     0.21550     0.33014     0.25200     0.00122     0.00104     0.00094     0.00134     0.00077     0.00000     0.00000     0.00000     0.00000     0.00000     0.00000     0.00000     0.81214
   -29.02600     0.01070     0.38223     0.44646     0.49037     0.00197     0.00154     0.00143     0.00161     0.00126     0.00000     0.00000     0.00000     0.00000     0.00000     0.00000     0.00000     1.33758
   -28.98000     0.00212     0.12525     0.11585     0.12790     0.00050     0.00043     0.00027     0.00042     0.00032     0.00000     0.00000     0.00000     0.00000     0.00000     0.00000     0.00000     0.37306
   -28.93500     0.00485     0.46000     0.29614     0.34457     0.00147     0.00124     0.00079     0.00126     0.00110     0.00000     0.00000     0.00000     0.00000     0.00000     0.00000     0.00000     1.11143
   -28.89000     0.00432     0.30413     0.25505     0.23773     0.00103     0.00120     0.00067     0.00102     0.00085     0.00000     0.00000     0.00000     0.00000     0.00000     0.00000     0.00000     0.80601
   -28.84500     0.00916     0.56853     0.52302     0.39138     0.00182     0.00222     0.00107     0.00159     0.00111     0.00000     0.00000     0.00000     0.00000     0.00000     0.00000     0.00000     1.49990
   -28.79900     0.01240     0.75455     0.91992     0.64325     0.00302     0.00334     0.00126     0.00240     0.00160     0.00000     0.00000     0.00000     0.00000     0.00000     0.00000     0.00000     2.34174
   -28.75400     0.00646     0.42736     0.42739     0.44955     0.00132     0.00180     0.00089     0.00129     0.00128     0.00000     0.00000     0.00000     0.00000     0.00000     0.00000     0.00000     1.31734
   -28.70900     0.00672     0.53330     0.46169     0.58515     0.00150     0.00210     0.00113     0.00145     0.00156     0.00000     0.00000     0.00000     0.00000     0.00000     0.00000     0.00000     1.59459
   -28.66300     0.00445     0.34008     0.35650     0.37939     0.00098     0.00127     0.00083     0.00099     0.00090     0.00000     0.00000     0.00000     0.00000     0.00000     0.00000     0.00000     1.08539
   -28.61800     0.00478     0.37255     0.31605     0.35409     0.00110     0.00148     0.00083     0.00108     0.00091     0.00000     0.00000     0.00000     0.00000     0.00000     0.00000     0.00000     1.05285
   -28.57300     0.00488     0.36236     0.48970     0.39295     0.00139     0.00182     0.00110     0.00190     0.00110     0.00000     0.00000     0.00000     0.00000     0.00000     0.00000     0.00000     1.25719
   -28.52800     0.00475     0.40707     0.44772     0.42944     0.00175     0.00181     0.00096     0.00199     0.00125     0.00000     0.00000     0.00000     0.00000     0.00000     0.00000     0.00000     1.29674
   -28.48200     0.00247     0.21792     0.26783     0.24106     0.00108     0.00138     0.00069     0.00105     0.00068     0.00000     0.00000     0.00000     0.00000     0.00000     0.00000     0.00000     0.73416
   -28.43700     0.00211     0.23549     0.20722     0.24527     0.00084     0.00126     0.00045     0.00101     0.00057     0.00000     0.00000     0.00000     0.00000     0.00000     0.00000     0.00000     0.69423
   -28.39200     0.00132     0.18604     0.15130     0.20365     0.00072     0.00068     0.00041     0.00086     0.00033     0.00000     0.00000     0.00000     0.00000     0.00000     0.00000     0.00000     0.54531
   -28.34600     0.00190     0.27964     0.16969     0.25088     0.00099     0.00126     0.00041     0.00124     0.00040     0.00000     0.00000     0.00000     0.00000     0.00000     0.00000     0.00000     0.70641
   -28.30100     0.00386     0.55824     0.39533     0.74892     0.00308     0.00183     0.00060     0.00259     0.00074     0.00000     0.00000     0.00000     0.00000     0.00000     0.00000     0.00000     1.71518
   -28.25600     0.00385     0.58128     0.56262     0.84849     0.00307     0.00288     0.00095     0.00279     0.00089     0.00000     0.00000     0.00000     0.00000     0.00000     0.00000     0.00000     2.00682
   -28.21100     0.00528     0.64531     0.83052     1.25003     0.00520     0.00316     0.00131     0.00474     0.00109     0.00000     0.00000     0.00000     0.00000     0.00000     0.00000     0.00000     2.74665
   -28.16500     0.00492     0.62919     1.17014     1.93399     0.00651     0.00354     0.00139     0.00541     0.00116     0.00000     0.00000     0.00000     0.00000     0.00000     0.00000     0.00000     3.75625
   -28.12000     0.00060     0.09381     0.22147     0.14570     0.00053     0.00043     0.00022     0.00080     0.00023     0.00000     0.00000     0.00000     0.00000     0.00000     0.00000     0.00000     0.46379
   -28.07500     0.00159     0.23651     0.51632     0.18358     0.00075     0.00093     0.00027     0.00099     0.00036     0.00000     0.00000     0.00000     0.00000     0.00000     0.00000     0.00000     0.94130
   -28.02900     0.00037     0.04568     0.06874     0.03301     0.00015     0.00014     0.00004     0.00014     0.00006     0.00000     0.00000     0.00000     0.00000     0.00000     0.00000     0.00000     0.14832
   -27.98400     0.00239     0.46980     1.04350     0.71680     0.00129     0.00138     0.00059     0.00173     0.00085     0.00000     0.00000     0.00000     0.00000     0.00000     0.00000     0.00000     2.23833
   -27.93900     0.00669     0.96021     2.05554     1.81578     0.00261     0.00294     0.00103     0.00304     0.00110     0.00000     0.00000     0.00000     0.00000     0.00000     0.00000     0.00000     4.84892
   -27.89400     0.00000     0.00000     0.00000     0.00000     0.00000     0.00000     0.00000     0.00000     0.00000     0.00000     0.00000     0.00000     0.00000     0.00000     0.00000     0.00000     0.00000
   -27.84800     0.00093     0.11063     0.23952     0.22075     0.00022     0.00027     0.00015     0.00038     0.00012     0.00000     0.00000     0.00000     0.00000     0.00000     0.00000     0.00000     0.57297
   -27.80300     0.00163     0.36270     0.70409     0.38481     0.00076     0.00088     0.00027     0.00102     0.00020     0.00000     0.00000     0.00000     0.00000     0.00000     0.00000     0.00000     1.45636
   -27.75800     0.00283     0.94313     1.82489     1.30891     0.00166     0.00126     0.00087     0.00139     0.00071     0.00000     0.00000     0.00000     0.00000     0.00000     0.00000     0.00000     4.08565
   -27.71200     0.00080     0.23672     0.21229     0.32726     0.00029     0.00036     0.00017     0.00038     0.00014     0.00000     0.00000     0.00000     0.00000     0.00000     0.00000     0.00000     0.77840
   -27.66700     0.00204     0.66230     0.85556     0.99177     0.00087     0.00068     0.00039     0.00086     0.00033     0.00000     0.00000     0.00000     0.00000     0.00000     0.00000     0.00000     2.51481
   -27.62200     0.00181     0.71816     0.74873     0.98544     0.00055     0.00050     0.00028     0.00073     0.00021     0.00000     0.00000     0.00000     0.00000     0.00000     0.00000     0.00000     2.45642
   -27.57700     0.00000     0.00000     0.00000     0.00000     0.00000     0.00000     0.00000     0.00000     0.00000     0.00000     0.00000     0.00000     0.00000     0.00000     0.00000     0.00000     0.00000
   -27.53100     0.00252     1.70779     1.95587     3.58190     0.00125     0.00064     0.00034     0.00128     0.00063     0.00000     0.00000     0.00000     0.00000     0.00000     0.00000     0.00000     7.25222
   -27.48600     0.00002     0.01101     0.02164     0.03013     0.00001     0.00000     0.00000     0.00001     0.00001     0.00000     0.00000     0.00000     0.00000     0.00000     0.00000     0.00000     0.06283
   -27.44100     0.00000     0.00000     0.00000     0.00000     0.00000     0.00000     0.00000     0.00000     0.00000     0.00000     0.00000     0.00000     0.00000     0.00000     0.00000     0.00000     0.00000
   -27.39500     0.00000     0.00000     0.00000     0.00000     0.00000     0.00000     0.00000     0.00000     0.00000     0.00000     0.00000     0.00000     0.00000     0.00000     0.00000     0.00000     0.00000
   -27.35000     0.00541    37.93050     6.76270    22.35830     0.00205     0.00226     0.00146     0.00516     0.00264     0.00000     0.00000     0.00000     0.00000     0.00000     0.00000     0.00000    67.07049
   -27.30500     0.00461     8.45040    14.73870    10.80825     0.00233     0.00280     0.00027     0.00191     0.00043     0.00000     0.00000     0.00000     0.00000     0.00000     0.00000     0.00000    34.00970
   -27.26000     0.00295     8.52242    10.75320    11.35171     0.00176     0.00167     0.00031     0.00182     0.00058     0.00000     0.00000     0.00000     0.00000     0.00000     0.00000     0.00000    30.63643
   -27.21400     0.00545     7.08900    12.19780    25.05280     0.00184     0.00123     0.00057     0.00201     0.00055     0.00000     0.00000     0.00000     0.00000     0.00000     0.00000     0.00000    44.35126
   -27.16900     0.00450     7.47540     8.32280    16.92270     0.00118     0.00070     0.00045     0.00177     0.00048     0.00000     0.00000     0.00000     0.00000     0.00000     0.00000     0.00000    32.72998
   -27.12400     0.00554    14.22910    21.20410    16.71840     0.00240     0.00121     0.00088     0.00281     0.00095     0.00000     0.00000     0.00000     0.00000     0.00000     0.00000     0.00000    52.16539
   -27.07800     0.00212     7.89820     5.55488    10.31740     0.00124     0.00091     0.00036     0.00122     0.00035     0.00000     0.00000     0.00000     0.00000     0.00000     0.00000     0.00000    23.77667
   -27.03300     0.00022     0.60550     0.32482     0.68975     0.00005     0.00009     0.00002     0.00013     0.00004     0.00000     0.00000     0.00000     0.00000     0.00000     0.00000     0.00000     1.62062
   -26.98800     0.00642    48.55500    23.55850    74.01050     0.00280     0.00313     0.00173     0.00308     0.00107     0.00000     0.00000     0.00000     0.00000     0.00000     0.00000     0.00000   146.14223
   -26.94300     0.00428    40.77290    32.28670    37.89720     0.00256     0.00321     0.00110     0.00243     0.00114     0.00000     0.00000     0.00000     0.00000     0.00000     0.00000     0.00000   110.97152
   -26.89700     0.00258    44.14470    24.75040    29.62790     0.00182     0.00247     0.00113     0.00152     0.00082     0.00000     0.00000     0.00000     0.00000     0.00000     0.00000     0.00000    98.53334
   -26.85200     0.00605    33.21690    42.31360    44.02820     0.00208     0.00278     0.00162     0.00170     0.00141     0.00000     0.00000     0.00000     0.00000     0.00000     0.00000     0.00000   119.57434
   -26.80700     0.00382    10.85080    21.43410    25.51670     0.00189     0.00163     0.00048     0.00140     0.00050     0.00000     0.00000     0.00000     0.00000     0.00000     0.00000     0.00000    57.81133
   -26.76200     0.01322    76.58900    73.70000    45.19370     0.00273     0.00384     0.00199     0.00482     0.00220     0.00000     0.00000     0.00000     0.00000     0.00000     0.00000     0.00000   195.51150
   -26.71600     0.00245    19.68621    12.56740    18.75110     0.00212     0.00171     0.00028     0.00193     0.00053     0.00000     0.00000     0.00000     0.00000     0.00000     0.00000     0.00000    51.01372
   -26.67100     0.00237    20.90950    69.84700    21.49400     0.00323     0.00460     0.00108     0.00144     0.00060     0.00000     0.00000     0.00000     0.00000     0.00000     0.00000     0.00000   112.26381
   -26.62600     0.00028     1.58654     2.50792     0.42819     0.00012     0.00007     0.00004     0.00011     0.00003     0.00000     0.00000     0.00000     0.00000     0.00000     0.00000     0.00000     4.52329
   -26.58000     0.00000     0.00000     0.00000     0.00000     0.00000     0.00000     0.00000     0.00000     0.00000     0.00000     0.00000     0.00000     0.00000     0.00000     0.00000     0.00000     0.00000
   -26.53500     0.00000     0.00000     0.00000     0.00000     0.00000     0.00000     0.00000     0.00000     0.00000     0.00000     0.00000     0.00000     0.00000     0.00000     0.00000     0.00000     0.00000
   -26.49000     0.00000     0.00000     0.00000     0.00000     0.00000     0.00000     0.00000     0.00000     0.00000     0.00000     0.00000     0.00000     0.00000     0.00000     0.00000     0.00000     0.00000
   -26.44500     0.00000     0.00000     0.00000     0.00000     0.00000     0.00000     0.00000     0.00000     0.00000     0.00000     0.00000     0.00000     0.00000     0.00000     0.00000     0.00000     0.00000
   -26.39900     0.00000     0.00000     0.00000     0.00000     0.00000     0.00000     0.00000     0.00000     0.00000     0.00000     0.00000     0.00000     0.00000     0.00000     0.00000     0.00000     0.00000
   -26.35400     0.00000     0.00000     0.00000     0.00000     0.00000     0.00000     0.00000     0.00000     0.00000     0.00000     0.00000     0.00000     0.00000     0.00000     0.00000     0.00000     0.00000
   -26.30900     0.00000     0.00000     0.00000     0.00000     0.00000     0.00000     0.00000     0.00000     0.00000     0.00000     0.00000     0.00000     0.00000     0.00000     0.00000     0.00000     0.00000
   -26.26300     0.00000     0.00000     0.00000     0.00000     0.00000     0.00000     0.00000     0.00000     0.00000     0.00000     0.00000     0.00000     0.00000     0.00000     0.00000     0.00000     0.00000
   -26.21800     0.00000     0.00000     0.00000     0.00000     0.00000     0.00000     0.00000     0.00000     0.00000     0.00000     0.00000     0.00000     0.00000     0.00000     0.00000     0.00000     0.00000
   -26.17300     0.00000     0.00000     0.00000     0.00000     0.00000     0.00000     0.00000     0.00000     0.00000     0.00000     0.00000     0.00000     0.00000     0.00000     0.00000     0.00000     0.00000
   -26.12800     0.00000     0.00000     0.00000     0.00000     0.00000     0.00000     0.00000     0.00000     0.00000     0.00000     0.00000     0.00000     0.00000     0.00000     0.00000     0.00000     0.00000
   -26.08200     0.00000     0.00000     0.00000     0.00000     0.00000     0.00000     0.00000     0.00000     0.00000     0.00000     0.00000     0.00000     0.00000     0.00000     0.00000     0.00000     0.00000
   -26.03700     0.00000     0.00000     0.00000     0.00000     0.00000     0.00000     0.00000     0.00000     0.00000     0.00000     0.00000     0.00000     0.00000     0.00000     0.00000     0.00000     0.00000
   -25.99200     0.00000     0.00000     0.00000     0.00000     0.00000     0.00000     0.00000     0.00000     0.00000     0.00000     0.00000     0.00000     0.00000     0.00000     0.00000     0.00000     0.00000
   -25.94600     0.00000     0.00000     0.00000     0.00000     0.00000     0.00000     0.00000     0.00000     0.00000     0.00000     0.00000     0.00000     0.00000     0.00000     0.00000     0.00000     0.00000
   -25.90100     0.00000     0.00000     0.00000     0.00000     0.00000     0.00000     0.00000     0.00000     0.00000     0.00000     0.00000     0.00000     0.00000     0.00000     0.00000     0.00000     0.00000
   -25.85600     0.00000     0.00000     0.00000     0.00000     0.00000     0.00000     0.00000     0.00000     0.00000     0.00000     0.00000     0.00000     0.00000     0.00000     0.00000     0.00000     0.00000
   -25.81100     0.00000     0.00000     0.00000     0.00000     0.00000     0.00000     0.00000     0.00000     0.00000     0.00000     0.00000     0.00000     0.00000     0.00000     0.00000     0.00000     0.00000
   -25.76500     0.00000     0.00000     0.00000     0.00000     0.00000     0.00000     0.00000     0.00000     0.00000     0.00000     0.00000     0.00000     0.00000     0.00000     0.00000     0.00000     0.00000
   -25.72000     0.00000     0.00000     0.00000     0.00000     0.00000     0.00000     0.00000     0.00000     0.00000     0.00000     0.00000     0.00000     0.00000     0.00000     0.00000     0.00000     0.00000
   -25.67500     0.00000     0.00000     0.00000     0.00000     0.00000     0.00000     0.00000     0.00000     0.00000     0.00000     0.00000     0.00000     0.00000     0.00000     0.00000     0.00000     0.00000
   -25.62900     0.00000     0.00000     0.00000     0.00000     0.00000     0.00000     0.00000     0.00000     0.00000     0.00000     0.00000     0.00000     0.00000     0.00000     0.00000     0.00000     0.00000
   -25.58400     0.00000     0.00000     0.00000     0.00000     0.00000     0.00000     0.00000     0.00000     0.00000     0.00000     0.00000     0.00000     0.00000     0.00000     0.00000     0.00000     0.00000
   -25.53900     0.00000     0.00000     0.00000     0.00000     0.00000     0.00000     0.00000     0.00000     0.00000     0.00000     0.00000     0.00000     0.00000     0.00000     0.00000     0.00000     0.00000
   -25.49400     0.00000     0.00000     0.00000     0.00000     0.00000     0.00000     0.00000     0.00000     0.00000     0.00000     0.00000     0.00000     0.00000     0.00000     0.00000     0.00000     0.00000
   -25.44800     0.00000     0.00000     0.00000     0.00000     0.00000     0.00000     0.00000     0.00000     0.00000     0.00000     0.00000     0.00000     0.00000     0.00000     0.00000     0.00000     0.00000
   -25.40300     0.00000     0.00000     0.00000     0.00000     0.00000     0.00000     0.00000     0.00000     0.00000     0.00000     0.00000     0.00000     0.00000     0.00000     0.00000     0.00000     0.00000
   -25.35800     0.00000     0.00000     0.00000     0.00000     0.00000     0.00000     0.00000     0.00000     0.00000     0.00000     0.00000     0.00000     0.00000     0.00000     0.00000     0.00000     0.00000
   -25.31200     0.00000     0.00000     0.00000     0.00000     0.00000     0.00000     0.00000     0.00000     0.00000     0.00000     0.00000     0.00000     0.00000     0.00000     0.00000     0.00000     0.00000
   -25.26700     0.00000     0.00000     0.00000     0.00000     0.00000     0.00000     0.00000     0.00000     0.00000     0.00000     0.00000     0.00000     0.00000     0.00000     0.00000     0.00000     0.00000
   -25.22200     0.00000     0.00000     0.00000     0.00000     0.00000     0.00000     0.00000     0.00000     0.00000     0.00000     0.00000     0.00000     0.00000     0.00000     0.00000     0.00000     0.00000
   -25.17700     0.00000     0.00000     0.00000     0.00000     0.00000     0.00000     0.00000     0.00000     0.00000     0.00000     0.00000     0.00000     0.00000     0.00000     0.00000     0.00000     0.00000
   -25.13100     0.00000     0.00000     0.00000     0.00000     0.00000     0.00000     0.00000     0.00000     0.00000     0.00000     0.00000     0.00000     0.00000     0.00000     0.00000     0.00000     0.00000
   -25.08600     0.00000     0.00000     0.00000     0.00000     0.00000     0.00000     0.00000     0.00000     0.00000     0.00000     0.00000     0.00000     0.00000     0.00000     0.00000     0.00000     0.00000
   -25.04100     0.00000     0.00000     0.00000     0.00000     0.00000     0.00000     0.00000     0.00000     0.00000     0.00000     0.00000     0.00000     0.00000     0.00000     0.00000     0.00000     0.00000
   -24.99500     0.00000     0.00000     0.00000     0.00000     0.00000     0.00000     0.00000     0.00000     0.00000     0.00000     0.00000     0.00000     0.00000     0.00000     0.00000     0.00000     0.00000
   -24.95000     0.00000     0.00000     0.00000     0.00000     0.00000     0.00000     0.00000     0.00000     0.00000     0.00000     0.00000     0.00000     0.00000     0.00000     0.00000     0.00000     0.00000
   -24.90500     0.00000     0.00000     0.00000     0.00000     0.00000     0.00000     0.00000     0.00000     0.00000     0.00000     0.00000     0.00000     0.00000     0.00000     0.00000     0.00000     0.00000
   -24.86000     0.00000     0.00000     0.00000     0.00000     0.00000     0.00000     0.00000     0.00000     0.00000     0.00000     0.00000     0.00000     0.00000     0.00000     0.00000     0.00000     0.00000
   -24.81400     0.00000     0.00000     0.00000     0.00000     0.00000     0.00000     0.00000     0.00000     0.00000     0.00000     0.00000     0.00000     0.00000     0.00000     0.00000     0.00000     0.00000
   -24.76900     0.00000     0.00000     0.00000     0.00000     0.00000     0.00000     0.00000     0.00000     0.00000     0.00000     0.00000     0.00000     0.00000     0.00000     0.00000     0.00000     0.00000
   -24.72400     0.00000     0.00000     0.00000     0.00000     0.00000     0.00000     0.00000     0.00000     0.00000     0.00000     0.00000     0.00000     0.00000     0.00000     0.00000     0.00000     0.00000
   -24.67800     0.00000     0.00000     0.00000     0.00000     0.00000     0.00000     0.00000     0.00000     0.00000     0.00000     0.00000     0.00000     0.00000     0.00000     0.00000     0.00000     0.00000
   -24.63300     0.00000     0.00000     0.00000     0.00000     0.00000     0.00000     0.00000     0.00000     0.00000     0.00000     0.00000     0.00000     0.00000     0.00000     0.00000     0.00000     0.00000
   -24.58800     0.00000     0.00000     0.00000     0.00000     0.00000     0.00000     0.00000     0.00000     0.00000     0.00000     0.00000     0.00000     0.00000     0.00000     0.00000     0.00000     0.00000
   -24.54300     0.00000     0.00000     0.00000     0.00000     0.00000     0.00000     0.00000     0.00000     0.00000     0.00000     0.00000     0.00000     0.00000     0.00000     0.00000     0.00000     0.00000
   -24.49700     0.00000     0.00000     0.00000     0.00000     0.00000     0.00000     0.00000     0.00000     0.00000     0.00000     0.00000     0.00000     0.00000     0.00000     0.00000     0.00000     0.00000
   -24.45200     0.00000     0.00000     0.00000     0.00000     0.00000     0.00000     0.00000     0.00000     0.00000     0.00000     0.00000     0.00000     0.00000     0.00000     0.00000     0.00000     0.00000
   -24.40700     0.00000     0.00000     0.00000     0.00000     0.00000     0.00000     0.00000     0.00000     0.00000     0.00000     0.00000     0.00000     0.00000     0.00000     0.00000     0.00000     0.00000
   -24.36100     0.00000     0.00000     0.00000     0.00000     0.00000     0.00000     0.00000     0.00000     0.00000     0.00000     0.00000     0.00000     0.00000     0.00000     0.00000     0.00000     0.00000
   -24.31600     0.00000     0.00000     0.00000     0.00000     0.00000     0.00000     0.00000     0.00000     0.00000     0.00000     0.00000     0.00000     0.00000     0.00000     0.00000     0.00000     0.00000
   -24.27100     0.00000     0.00000     0.00000     0.00000     0.00000     0.00000     0.00000     0.00000     0.00000     0.00000     0.00000     0.00000     0.00000     0.00000     0.00000     0.00000     0.00000
   -24.22600     0.00000     0.00000     0.00000     0.00000     0.00000     0.00000     0.00000     0.00000     0.00000     0.00000     0.00000     0.00000     0.00000     0.00000     0.00000     0.00000     0.00000
   -24.18000     0.00000     0.00000     0.00000     0.00000     0.00000     0.00000     0.00000     0.00000     0.00000     0.00000     0.00000     0.00000     0.00000     0.00000     0.00000     0.00000     0.00000
   -24.13500     0.00000     0.00000     0.00000     0.00000     0.00000     0.00000     0.00000     0.00000     0.00000     0.00000     0.00000     0.00000     0.00000     0.00000     0.00000     0.00000     0.00000
   -24.09000     0.00000     0.00000     0.00000     0.00000     0.00000     0.00000     0.00000     0.00000     0.00000     0.00000     0.00000     0.00000     0.00000     0.00000     0.00000     0.00000     0.00000
   -24.04400     0.00000     0.00000     0.00000     0.00000     0.00000     0.00000     0.00000     0.00000     0.00000     0.00000     0.00000     0.00000     0.00000     0.00000     0.00000     0.00000     0.00000
   -23.99900     0.00000     0.00000     0.00000     0.00000     0.00000     0.00000     0.00000     0.00000     0.00000     0.00000     0.00000     0.00000     0.00000     0.00000     0.00000     0.00000     0.00000
   -23.95400     0.00000     0.00000     0.00000     0.00000     0.00000     0.00000     0.00000     0.00000     0.00000     0.00000     0.00000     0.00000     0.00000     0.00000     0.00000     0.00000     0.00000
   -23.90900     0.00000     0.00000     0.00000     0.00000     0.00000     0.00000     0.00000     0.00000     0.00000     0.00000     0.00000     0.00000     0.00000     0.00000     0.00000     0.00000     0.00000
   -23.86300     0.00000     0.00000     0.00000     0.00000     0.00000     0.00000     0.00000     0.00000     0.00000     0.00000     0.00000     0.00000     0.00000     0.00000     0.00000     0.00000     0.00000
   -23.81800     0.00000     0.00000     0.00000     0.00000     0.00000     0.00000     0.00000     0.00000     0.00000     0.00000     0.00000     0.00000     0.00000     0.00000     0.00000     0.00000     0.00000
   -23.77300     0.00000     0.00000     0.00000     0.00000     0.00000     0.00000     0.00000     0.00000     0.00000     0.00000     0.00000     0.00000     0.00000     0.00000     0.00000     0.00000     0.00000
   -23.72700     0.00000     0.00000     0.00000     0.00000     0.00000     0.00000     0.00000     0.00000     0.00000     0.00000     0.00000     0.00000     0.00000     0.00000     0.00000     0.00000     0.00000
   -23.68200     0.00000     0.00000     0.00000     0.00000     0.00000     0.00000     0.00000     0.00000     0.00000     0.00000     0.00000     0.00000     0.00000     0.00000     0.00000     0.00000     0.00000
   -23.63700     0.00000     0.00000     0.00000     0.00000     0.00000     0.00000     0.00000     0.00000     0.00000     0.00000     0.00000     0.00000     0.00000     0.00000     0.00000     0.00000     0.00000
   -23.59200     0.00000     0.00000     0.00000     0.00000     0.00000     0.00000     0.00000     0.00000     0.00000     0.00000     0.00000     0.00000     0.00000     0.00000     0.00000     0.00000     0.00000
   -23.54600     0.00000     0.00000     0.00000     0.00000     0.00000     0.00000     0.00000     0.00000     0.00000     0.00000     0.00000     0.00000     0.00000     0.00000     0.00000     0.00000     0.00000
   -23.50100     0.00000     0.00000     0.00000     0.00000     0.00000     0.00000     0.00000     0.00000     0.00000     0.00000     0.00000     0.00000     0.00000     0.00000     0.00000     0.00000     0.00000
   -23.45600     0.00000     0.00000     0.00000     0.00000     0.00000     0.00000     0.00000     0.00000     0.00000     0.00000     0.00000     0.00000     0.00000     0.00000     0.00000     0.00000     0.00000
   -23.41100     0.00000     0.00000     0.00000     0.00000     0.00000     0.00000     0.00000     0.00000     0.00000     0.00000     0.00000     0.00000     0.00000     0.00000     0.00000     0.00000     0.00000
   -23.36500     0.00000     0.00000     0.00000     0.00000     0.00000     0.00000     0.00000     0.00000     0.00000     0.00000     0.00000     0.00000     0.00000     0.00000     0.00000     0.00000     0.00000
   -23.32000     0.00000     0.00000     0.00000     0.00000     0.00000     0.00000     0.00000     0.00000     0.00000     0.00000     0.00000     0.00000     0.00000     0.00000     0.00000     0.00000     0.00000
   -23.27500     0.00000     0.00000     0.00000     0.00000     0.00000     0.00000     0.00000     0.00000     0.00000     0.00000     0.00000     0.00000     0.00000     0.00000     0.00000     0.00000     0.00000
   -23.22900     0.00000     0.00000     0.00000     0.00000     0.00000     0.00000     0.00000     0.00000     0.00000     0.00000     0.00000     0.00000     0.00000     0.00000     0.00000     0.00000     0.00000
   -23.18400     0.00000     0.00000     0.00000     0.00000     0.00000     0.00000     0.00000     0.00000     0.00000     0.00000     0.00000     0.00000     0.00000     0.00000     0.00000     0.00000     0.00000
   -23.13900     0.00000     0.00000     0.00000     0.00000     0.00000     0.00000     0.00000     0.00000     0.00000     0.00000     0.00000     0.00000     0.00000     0.00000     0.00000     0.00000     0.00000
   -23.09400     0.00000     0.00000     0.00000     0.00000     0.00000     0.00000     0.00000     0.00000     0.00000     0.00000     0.00000     0.00000     0.00000     0.00000     0.00000     0.00000     0.00000
   -23.04800     0.00000     0.00000     0.00000     0.00000     0.00000     0.00000     0.00000     0.00000     0.00000     0.00000     0.00000     0.00000     0.00000     0.00000     0.00000     0.00000     0.00000
   -23.00300     0.00000     0.00000     0.00000     0.00000     0.00000     0.00000     0.00000     0.00000     0.00000     0.00000     0.00000     0.00000     0.00000     0.00000     0.00000     0.00000     0.00000
   -22.95800     0.00000     0.00000     0.00000     0.00000     0.00000     0.00000     0.00000     0.00000     0.00000     0.00000     0.00000     0.00000     0.00000     0.00000     0.00000     0.00000     0.00000
   -22.91200     0.00022     0.00073     0.00019     0.00103     0.00001     0.00000     0.00001     0.00000     0.00001     0.00000     0.00000     0.00000     0.00000     0.00000     0.00000     0.00000     0.00219
   -22.86700     0.00676     0.02281     0.00592     0.03353     0.00021     0.00012     0.00019     0.00009     0.00021     0.00000     0.00000     0.00000     0.00000     0.00000     0.00000     0.00000     0.06985
   -22.82200     0.03057     0.09870     0.02502     0.12461     0.00117     0.00058     0.00077     0.00085     0.00087     0.00000     0.00000     0.00000     0.00000     0.00000     0.00000     0.00000     0.28315
   -22.77700     0.04854     0.16585     0.03884     0.23009     0.00230     0.00089     0.00114     0.00118     0.00129     0.00000     0.00000     0.00000     0.00000     0.00000     0.00000     0.00000     0.49013
   -22.73100     0.06013     0.21843     0.05007     0.30196     0.00377     0.00109     0.00142     0.00145     0.00133     0.00000     0.00000     0.00000     0.00000     0.00000     0.00000     0.00000     0.63966
   -22.68600     0.03507     0.14286     0.03355     0.20276     0.00302     0.00066     0.00096     0.00082     0.00070     0.00000     0.00000     0.00000     0.00000     0.00000     0.00000     0.00000     0.42040
   -22.64100     0.00557     0.02919     0.01185     0.02991     0.00084     0.00021     0.00030     0.00026     0.00015     0.00000     0.00000     0.00000     0.00000     0.00000     0.00000     0.00000     0.07828
   -22.59500     0.00455     0.02023     0.01067     0.01970     0.00057     0.00020     0.00023     0.00024     0.00011     0.00000     0.00000     0.00000     0.00000     0.00000     0.00000     0.00000     0.05651
   -22.55000     0.00465     0.01886     0.01169     0.01941     0.00050     0.00023     0.00023     0.00027     0.00012     0.00000     0.00000     0.00000     0.00000     0.00000     0.00000     0.00000     0.05597
   -22.50500     0.00481     0.01773     0.01360     0.01926     0.00044     0.00027     0.00025     0.00033     0.00014     0.00000     0.00000     0.00000     0.00000     0.00000     0.00000     0.00000     0.05684
   -22.46000     0.00531     0.01815     0.01746     0.02064     0.00040     0.00036     0.00031     0.00045     0.00019     0.00000     0.00000     0.00000     0.00000     0.00000     0.00000     0.00000     0.06328
   -22.41400     0.00856     0.02989     0.03616     0.04381     0.00057     0.00058     0.00053     0.00092     0.00053     0.00000     0.00000     0.00000     0.00000     0.00000     0.00000     0.00000     0.12154
   -22.36900     0.01645     0.05432     0.08799     0.08663     0.00102     0.00133     0.00123     0.00212     0.00134     0.00000     0.00000     0.00000     0.00000     0.00000     0.00000     0.00000     0.25241
   -22.32400     0.01843     0.05478     0.11229     0.08178     0.00128     0.00169     0.00159     0.00231     0.00156     0.00000     0.00000     0.00000     0.00000     0.00000     0.00000     0.00000     0.27570
   -22.27800     0.01122     0.02917     0.06958     0.04818     0.00080     0.00108     0.00128     0.00157     0.00101     0.00000     0.00000     0.00000     0.00000     0.00000     0.00000     0.00000     0.16390
   -22.23300     0.00783     0.01785     0.04881     0.03121     0.00054     0.00072     0.00089     0.00101     0.00075     0.00000     0.00000     0.00000     0.00000     0.00000     0.00000     0.00000     0.10961
   -22.18800     0.00753     0.01585     0.04352     0.02846     0.00048     0.00082     0.00081     0.00093     0.00072     0.00000     0.00000     0.00000     0.00000     0.00000     0.00000     0.00000     0.09913
   -22.14300     0.01707     0.05657     0.11834     0.07604     0.00174     0.00254     0.00178     0.00244     0.00201     0.00000     0.00000     0.00000     0.00000     0.00000     0.00000     0.00000     0.27853
   -22.09700     0.01746     0.07155     0.12139     0.10792     0.00228     0.00280     0.00197     0.00284     0.00185     0.00000     0.00000     0.00000     0.00000     0.00000     0.00000     0.00000     0.33005
   -22.05200     0.00905     0.06359     0.09971     0.08204     0.00201     0.00141     0.00133     0.00179     0.00150     0.00000     0.00000     0.00000     0.00000     0.00000     0.00000     0.00000     0.26241
   -22.00700     0.01564     0.06492     0.11868     0.10217     0.00213     0.00236     0.00173     0.00253     0.00203     0.00000     0.00000     0.00000     0.00000     0.00000     0.00000     0.00000     0.31220
   -21.96100     0.00826     0.02839     0.04729     0.04460     0.00098     0.00114     0.00085     0.00129     0.00100     0.00000     0.00000     0.00000     0.00000     0.00000     0.00000     0.00000     0.13380
   -21.91600     0.00365     0.01210     0.01734     0.01971     0.00042     0.00048     0.00050     0.00061     0.00043     0.00000     0.00000     0.00000     0.00000     0.00000     0.00000     0.00000     0.05524
   -21.87100     0.00561     0.02599     0.05618     0.02341     0.00075     0.00056     0.00073     0.00059     0.00083     0.00000     0.00000     0.00000     0.00000     0.00000     0.00000     0.00000     0.11466
   -21.82600     0.02275     0.08279     0.19926     0.06666     0.00270     0.00207     0.00192     0.00164     0.00226     0.00000     0.00000     0.00000     0.00000     0.00000     0.00000     0.00000     0.38205
   -21.78000     0.02282     0.07084     0.15402     0.06480     0.00245     0.00173     0.00154     0.00154     0.00142     0.00000     0.00000     0.00000     0.00000     0.00000     0.00000     0.00000     0.32116
   -21.73500     0.01945     0.07498     0.06970     0.05954     0.00225     0.00100     0.00117     0.00211     0.00145     0.00000     0.00000     0.00000     0.00000     0.00000     0.00000     0.00000     0.23166
   -21.69000     0.02327     0.10190     0.06582     0.07652     0.00260     0.00118     0.00190     0.00213     0.00173     0.00000     0.00000     0.00000     0.00000     0.00000     0.00000     0.00000     0.27705
   -21.64400     0.03337     0.13184     0.09301     0.10766     0.00334     0.00191     0.00324     0.00234     0.00209     0.00000     0.00000     0.00000     0.00000     0.00000     0.00000     0.00000     0.37879
   -21.59900     0.02484     0.06661     0.05029     0.07781     0.00196     0.00130     0.00272     0.00140     0.00188     0.00000     0.00000     0.00000     0.00000     0.00000     0.00000     0.00000     0.22881
   -21.55400     0.01823     0.04486     0.03761     0.06026     0.00131     0.00103     0.00182     0.00091     0.00136     0.00000     0.00000     0.00000     0.00000     0.00000     0.00000     0.00000     0.16740
   -21.50900     0.03687     0.09564     0.08867     0.12533     0.00237     0.00221     0.00284     0.00200     0.00253     0.00000     0.00000     0.00000     0.00000     0.00000     0.00000     0.00000     0.35846
   -21.46300     0.04658     0.12603     0.12486     0.14263     0.00328     0.00280     0.00396     0.00274     0.00335     0.00000     0.00000     0.00000     0.00000     0.00000     0.00000     0.00000     0.45623
   -21.41800     0.02841     0.09653     0.08061     0.09133     0.00239     0.00156     0.00306     0.00167     0.00185     0.00000     0.00000     0.00000     0.00000     0.00000     0.00000     0.00000     0.30741
   -21.37300     0.04289     0.14072     0.11306     0.13930     0.00309     0.00226     0.00457     0.00268     0.00348     0.00000     0.00000     0.00000     0.00000     0.00000     0.00000     0.00000     0.45207
   -21.32700     0.03933     0.12005     0.14090     0.14436     0.00321     0.00203     0.00514     0.00236     0.00354     0.00000     0.00000     0.00000     0.00000     0.00000     0.00000     0.00000     0.46090
   -21.28200     0.02554     0.08626     0.09248     0.10025     0.00229     0.00169     0.00347     0.00166     0.00233     0.00000     0.00000     0.00000     0.00000     0.00000     0.00000     0.00000     0.31597
   -21.23700     0.01896     0.07606     0.04962     0.08116     0.00171     0.00125     0.00288     0.00162     0.00177     0.00000     0.00000     0.00000     0.00000     0.00000     0.00000     0.00000     0.23505
   -21.19200     0.03939     0.13590     0.09485     0.15137     0.00276     0.00286     0.00367     0.00266     0.00462     0.00000     0.00000     0.00000     0.00000     0.00000     0.00000     0.00000     0.43809
   -21.14600     0.03953     0.12064     0.12913     0.17305     0.00293     0.00274     0.00421     0.00320     0.00414     0.00000     0.00000     0.00000     0.00000     0.00000     0.00000     0.00000     0.47956
   -21.10100     0.02049     0.06722     0.07575     0.10582     0.00196     0.00161     0.00305     0.00188     0.00257     0.00000     0.00000     0.00000     0.00000     0.00000     0.00000     0.00000     0.28036
   -21.05600     0.03003     0.13226     0.14663     0.16686     0.00324     0.00276     0.00631     0.00362     0.00526     0.00000     0.00000     0.00000     0.00000     0.00000     0.00000     0.00000     0.49698
   -21.01000     0.02959     0.11364     0.15591     0.15085     0.00316     0.00264     0.00531     0.00351     0.00510     0.00000     0.00000     0.00000     0.00000     0.00000     0.00000     0.00000     0.46969
   -20.96500     0.02279     0.10411     0.12806     0.12320     0.00284     0.00259     0.00505     0.00271     0.00470     0.00000     0.00000     0.00000     0.00000     0.00000     0.00000     0.00000     0.39605
   -20.92000     0.03050     0.14564     0.17800     0.19907     0.00438     0.00392     0.00662     0.00398     0.00827     0.00000     0.00000     0.00000     0.00000     0.00000     0.00000     0.00000     0.58038
   -20.87500     0.02005     0.09027     0.09774     0.11153     0.00263     0.00238     0.00375     0.00259     0.00436     0.00000     0.00000     0.00000     0.00000     0.00000     0.00000     0.00000     0.33529
   -20.82900     0.02183     0.09170     0.09003     0.11066     0.00264     0.00234     0.00475     0.00265     0.00433     0.00000     0.00000     0.00000     0.00000     0.00000     0.00000     0.00000     0.33092
   -20.78400     0.01947     0.06546     0.08339     0.09965     0.00220     0.00168     0.00279     0.00224     0.00284     0.00000     0.00000     0.00000     0.00000     0.00000     0.00000     0.00000     0.27973
   -20.73900     0.03430     0.12136     0.15081     0.17334     0.00459     0.00331     0.00466     0.00429     0.00571     0.00000     0.00000     0.00000     0.00000     0.00000     0.00000     0.00000     0.50235
   -20.69300     0.02405     0.08512     0.10010     0.12879     0.00344     0.00231     0.00365     0.00319     0.00445     0.00000     0.00000     0.00000     0.00000     0.00000     0.00000     0.00000     0.35510
   -20.64800     0.01608     0.05357     0.06083     0.09597     0.00234     0.00177     0.00241     0.00215     0.00280     0.00000     0.00000     0.00000     0.00000     0.00000     0.00000     0.00000     0.23791
   -20.60300     0.02113     0.08602     0.09789     0.11898     0.00296     0.00249     0.00357     0.00278     0.00365     0.00000     0.00000     0.00000     0.00000     0.00000     0.00000     0.00000     0.33948
   -20.55800     0.02415     0.09688     0.11317     0.12697     0.00335     0.00272     0.00383     0.00322     0.00393     0.00000     0.00000     0.00000     0.00000     0.00000     0.00000     0.00000     0.37822
   -20.51200     0.02107     0.08992     0.11452     0.11597     0.00335     0.00234     0.00333     0.00353     0.00395     0.00000     0.00000     0.00000     0.00000     0.00000     0.00000     0.00000     0.35797
   -20.46700     0.01883     0.07845     0.08387     0.09911     0.00272     0.00226     0.00406     0.00263     0.00355     0.00000     0.00000     0.00000     0.00000     0.00000     0.00000     0.00000     0.29547
   -20.42200     0.02328     0.10306     0.10450     0.12367     0.00329     0.00277     0.00396     0.00302     0.00453     0.00000     0.00000     0.00000     0.00000     0.00000     0.00000     0.00000     0.37208
   -20.37600     0.02084     0.09424     0.09054     0.11668     0.00302     0.00247     0.00437     0.00296     0.00424     0.00000     0.00000     0.00000     0.00000     0.00000     0.00000     0.00000     0.33935
   -20.33100     0.02141     0.10541     0.09677     0.12455     0.00331     0.00268     0.00461     0.00317     0.00452     0.00000     0.00000     0.00000     0.00000     0.00000     0.00000     0.00000     0.36643
   -20.28600     0.02401     0.12225     0.11496     0.14685     0.00357     0.00309     0.00553     0.00341     0.00496     0.00000     0.00000     0.00000     0.00000     0.00000     0.00000     0.00000     0.42863
   -20.24100     0.02641     0.13498     0.13830     0.16418     0.00418     0.00358     0.00637     0.00381     0.00559     0.00000     0.00000     0.00000     0.00000     0.00000     0.00000     0.00000     0.48740
   -20.19500     0.01905     0.09718     0.09695     0.11476     0.00311     0.00252     0.00481     0.00277     0.00457     0.00000     0.00000     0.00000     0.00000     0.00000     0.00000     0.00000     0.34571
   -20.15000     0.02241     0.11089     0.10425     0.12753     0.00373     0.00285     0.00545     0.00323     0.00532     0.00000     0.00000     0.00000     0.00000     0.00000     0.00000     0.00000     0.38564
   -20.10500     0.02630     0.11586     0.11367     0.15393     0.00419     0.00326     0.00610     0.00355     0.00625     0.00000     0.00000     0.00000     0.00000     0.00000     0.00000     0.00000     0.43312
   -20.06000     0.02182     0.09670     0.10948     0.14529     0.00362     0.00302     0.00585     0.00312     0.00577     0.00000     0.00000     0.00000     0.00000     0.00000     0.00000     0.00000     0.39468
   -20.01400     0.02616     0.11627     0.12617     0.14494     0.00444     0.00326     0.00642     0.00376     0.00656     0.00000     0.00000     0.00000     0.00000     0.00000     0.00000     0.00000     0.43798
   -19.96900     0.02432     0.11206     0.11117     0.15722     0.00489     0.00317     0.00659     0.00372     0.00616     0.00000     0.00000     0.00000     0.00000     0.00000     0.00000     0.00000     0.42929
   -19.92400     0.01967     0.09897     0.08403     0.12571     0.00421     0.00287     0.00562     0.00333     0.00576     0.00000     0.00000     0.00000     0.00000     0.00000     0.00000     0.00000     0.35018
   -19.87800     0.02394     0.11108     0.09583     0.12321     0.00459     0.00306     0.00547     0.00371     0.00623     0.00000     0.00000     0.00000     0.00000     0.00000     0.00000     0.00000     0.37713
   -19.83300     0.03105     0.14823     0.11521     0.15685     0.00530     0.00370     0.00576     0.00462     0.00751     0.00000     0.00000     0.00000     0.00000     0.00000     0.00000     0.00000     0.47823
   -19.78800     0.02437     0.11589     0.09153     0.13582     0.00427     0.00321     0.00542     0.00366     0.00650     0.00000     0.00000     0.00000     0.00000     0.00000     0.00000     0.00000     0.39068
   -19.74300     0.02307     0.12064     0.08952     0.12862     0.00473     0.00313     0.00450     0.00364     0.00592     0.00000     0.00000     0.00000     0.00000     0.00000     0.00000     0.00000     0.38377
   -19.69700     0.01369     0.08262     0.06032     0.08839     0.00309     0.00204     0.00328     0.00238     0.00393     0.00000     0.00000     0.00000     0.00000     0.00000     0.00000     0.00000     0.25976
   -19.65200     0.01416     0.09118     0.06299     0.08890     0.00297     0.00214     0.00352     0.00248     0.00426     0.00000     0.00000     0.00000     0.00000     0.00000     0.00000     0.00000     0.27261
   -19.60700     0.02378     0.14909     0.10055     0.15927     0.00432     0.00368     0.00557     0.00434     0.00743     0.00000     0.00000     0.00000     0.00000     0.00000     0.00000     0.00000     0.45804
   -19.56100     0.01592     0.10047     0.06511     0.09993     0.00306     0.00258     0.00381     0.00308     0.00571     0.00000     0.00000     0.00000     0.00000     0.00000     0.00000     0.00000     0.29968
   -19.51600     0.02211     0.14051     0.08321     0.13402     0.00409     0.00364     0.00522     0.00440     0.00865     0.00000     0.00000     0.00000     0.00000     0.00000     0.00000     0.00000     0.40584
   -19.47100     0.02367     0.13209     0.10620     0.13441     0.00472     0.00390     0.00588     0.00421     0.00698     0.00000     0.00000     0.00000     0.00000     0.00000     0.00000     0.00000     0.42206
   -19.42600     0.03109     0.13434     0.10905     0.13091     0.00487     0.00475     0.00540     0.00464     0.00658     0.00000     0.00000     0.00000     0.00000     0.00000     0.00000     0.00000     0.43162
   -19.38000     0.01641     0.07321     0.06046     0.06885     0.00228     0.00247     0.00353     0.00260     0.00344     0.00000     0.00000     0.00000     0.00000     0.00000     0.00000     0.00000     0.23324
   -19.33500     0.02709     0.12096     0.10420     0.12682     0.00414     0.00417     0.00708     0.00500     0.00569     0.00000     0.00000     0.00000     0.00000     0.00000     0.00000     0.00000     0.40517
   -19.29000     0.01718     0.07694     0.06991     0.08228     0.00256     0.00272     0.00434     0.00327     0.00403     0.00000     0.00000     0.00000     0.00000     0.00000     0.00000     0.00000     0.26323
   -19.24400     0.01582     0.06270     0.06039     0.06317     0.00247     0.00256     0.00375     0.00266     0.00342     0.00000     0.00000     0.00000     0.00000     0.00000     0.00000     0.00000     0.21693
   -19.19900     0.02845     0.11905     0.12085     0.12263     0.00514     0.00462     0.00882     0.00482     0.00599     0.00000     0.00000     0.00000     0.00000     0.00000     0.00000     0.00000     0.42036
   -19.15400     0.02159     0.09336     0.09411     0.09996     0.00386     0.00325     0.00587     0.00378     0.00505     0.00000     0.00000     0.00000     0.00000     0.00000     0.00000     0.00000     0.33083
   -19.10900     0.01819     0.07621     0.07383     0.08198     0.00319     0.00270     0.00466     0.00304     0.00427     0.00000     0.00000     0.00000     0.00000     0.00000     0.00000     0.00000     0.26808
   -19.06300     0.03471     0.16959     0.14025     0.16101     0.00656     0.00568     0.00897     0.00683     0.00829     0.00000     0.00000     0.00000     0.00000     0.00000     0.00000     0.00000     0.54190
   -19.01800     0.01918     0.09978     0.08318     0.08807     0.00369     0.00358     0.00555     0.00355     0.00450     0.00000     0.00000     0.00000     0.00000     0.00000     0.00000     0.00000     0.31108
   -18.97300     0.02404     0.11980     0.11565     0.10575     0.00462     0.00506     0.00613     0.00497     0.00643     0.00000     0.00000     0.00000     0.00000     0.00000     0.00000     0.00000     0.39245
   -18.92700     0.03114     0.16131     0.13795     0.13599     0.00565     0.00672     0.00703     0.00596     0.00838     0.00000     0.00000     0.00000     0.00000     0.00000     0.00000     0.00000     0.50013
   -18.88200     0.02004     0.10782     0.07916     0.08537     0.00369     0.00398     0.00468     0.00373     0.00586     0.00000     0.00000     0.00000     0.00000     0.00000     0.00000     0.00000     0.31432
   -18.83700     0.01896     0.09762     0.07273     0.07734     0.00380     0.00372     0.00423     0.00361     0.00533     0.00000     0.00000     0.00000     0.00000     0.00000     0.00000     0.00000     0.28733
   -18.79200     0.02796     0.15197     0.11797     0.11444     0.00557     0.00524     0.00659     0.00596     0.00786     0.00000     0.00000     0.00000     0.00000     0.00000     0.00000     0.00000     0.44357
   -18.74600     0.02924     0.14764     0.14119     0.12496     0.00611     0.00565     0.00921     0.00675     0.00856     0.00000     0.00000     0.00000     0.00000     0.00000     0.00000     0.00000     0.47930
   -18.70100     0.02327     0.11176     0.11049     0.11481     0.00506     0.00493     0.00746     0.00561     0.00732     0.00000     0.00000     0.00000     0.00000     0.00000     0.00000     0.00000     0.39072
   -18.65600     0.02418     0.10426     0.10664     0.12042     0.00500     0.00483     0.00754     0.00562     0.00771     0.00000     0.00000     0.00000     0.00000     0.00000     0.00000     0.00000     0.38618
   -18.61000     0.02382     0.10171     0.10653     0.11891     0.00494     0.00511     0.00705     0.00590     0.00769     0.00000     0.00000     0.00000     0.00000     0.00000     0.00000     0.00000     0.38167
   -18.56500     0.02906     0.12386     0.13864     0.14761     0.00671     0.00692     0.00983     0.00758     0.00958     0.00000     0.00000     0.00000     0.00000     0.00000     0.00000     0.00000     0.47980
   -18.52000     0.02685     0.11208     0.12109     0.13308     0.00630     0.00652     0.00888     0.00765     0.00874     0.00000     0.00000     0.00000     0.00000     0.00000     0.00000     0.00000     0.43119
   -18.47500     0.02499     0.10508     0.10547     0.11820     0.00591     0.00597     0.00776     0.00704     0.00785     0.00000     0.00000     0.00000     0.00000     0.00000     0.00000     0.00000     0.38827
   -18.42900     0.02612     0.11775     0.11000     0.13694     0.00696     0.00682     0.00843     0.00800     0.00805     0.00000     0.00000     0.00000     0.00000     0.00000     0.00000     0.00000     0.42907
   -18.38400     0.02344     0.09332     0.08563     0.11047     0.00559     0.00544     0.00666     0.00619     0.00662     0.00000     0.00000     0.00000     0.00000     0.00000     0.00000     0.00000     0.34336
   -18.33900     0.02776     0.11469     0.10337     0.13432     0.00686     0.00654     0.00773     0.00818     0.00825     0.00000     0.00000     0.00000     0.00000     0.00000     0.00000     0.00000     0.41770
   -18.29300     0.02549     0.11456     0.10096     0.12270     0.00692     0.00633     0.00708     0.00801     0.00815     0.00000     0.00000     0.00000     0.00000     0.00000     0.00000     0.00000     0.40020
   -18.24800     0.02077     0.09091     0.09091     0.10173     0.00601     0.00515     0.00584     0.00700     0.00741     0.00000     0.00000     0.00000     0.00000     0.00000     0.00000     0.00000     0.33574
   -18.20300     0.02263     0.10253     0.09623     0.11627     0.00708     0.00543     0.00634     0.00694     0.00764     0.00000     0.00000     0.00000     0.00000     0.00000     0.00000     0.00000     0.37108
   -18.15800     0.01908     0.09058     0.08933     0.09621     0.00689     0.00522     0.00603     0.00585     0.00726     0.00000     0.00000     0.00000     0.00000     0.00000     0.00000     0.00000     0.32644
   -18.11200     0.01853     0.09021     0.09058     0.09484     0.00685     0.00518     0.00581     0.00600     0.00759     0.00000     0.00000     0.00000     0.00000     0.00000     0.00000     0.00000     0.32559
   -18.06700     0.02287     0.10358     0.10497     0.11054     0.00799     0.00589     0.00708     0.00698     0.00798     0.00000     0.00000     0.00000     0.00000     0.00000     0.00000     0.00000     0.37787
   -18.02200     0.01788     0.08243     0.09076     0.08499     0.00653     0.00496     0.00606     0.00550     0.00701     0.00000     0.00000     0.00000     0.00000     0.00000     0.00000     0.00000     0.30612
   -17.97600     0.01851     0.08249     0.09936     0.08502     0.00696     0.00543     0.00626     0.00575     0.00779     0.00000     0.00000     0.00000     0.00000     0.00000     0.00000     0.00000     0.31756
   -17.93100     0.02253     0.09599     0.11410     0.10337     0.00865     0.00701     0.00727     0.00721     0.00975     0.00000     0.00000     0.00000     0.00000     0.00000     0.00000     0.00000     0.37586
   -17.88600     0.02194     0.09506     0.10831     0.10127     0.00839     0.00701     0.00726     0.00700     0.00963     0.00000     0.00000     0.00000     0.00000     0.00000     0.00000     0.00000     0.36587
   -17.84100     0.01999     0.09571     0.10508     0.10043     0.00809     0.00653     0.00745     0.00664     0.00923     0.00000     0.00000     0.00000     0.00000     0.00000     0.00000     0.00000     0.35916
   -17.79500     0.02328     0.10863     0.11850     0.11753     0.00938     0.00782     0.00844     0.00769     0.01139     0.00000     0.00000     0.00000     0.00000     0.00000     0.00000     0.00000     0.41267
   -17.75000     0.01735     0.08541     0.09252     0.09358     0.00723     0.00613     0.00654     0.00651     0.00955     0.00000     0.00000     0.00000     0.00000     0.00000     0.00000     0.00000     0.32479
   -17.70500     0.01595     0.07909     0.08809     0.08859     0.00692     0.00552     0.00649     0.00629     0.00917     0.00000     0.00000     0.00000     0.00000     0.00000     0.00000     0.00000     0.30612
   -17.65900     0.02110     0.09481     0.10651     0.10780     0.00860     0.00710     0.00840     0.00775     0.01107     0.00000     0.00000     0.00000     0.00000     0.00000     0.00000     0.00000     0.37314
   -17.61400     0.01963     0.07991     0.08749     0.09551     0.00756     0.00636     0.00719     0.00698     0.00962     0.00000     0.00000     0.00000     0.00000     0.00000     0.00000     0.00000     0.32025
   -17.56900     0.02223     0.09438     0.09893     0.11060     0.00895     0.00733     0.00914     0.00823     0.01215     0.00000     0.00000     0.00000     0.00000     0.00000     0.00000     0.00000     0.37193
   -17.52400     0.02145     0.08784     0.09216     0.09902     0.00815     0.00692     0.00832     0.00744     0.01037     0.00000     0.00000     0.00000     0.00000     0.00000     0.00000     0.00000     0.34167
   -17.47800     0.02067     0.07769     0.08052     0.08856     0.00740     0.00647     0.00732     0.00672     0.00906     0.00000     0.00000     0.00000     0.00000     0.00000     0.00000     0.00000     0.30440
   -17.43300     0.01677     0.05948     0.06324     0.06599     0.00576     0.00511     0.00591     0.00518     0.00704     0.00000     0.00000     0.00000     0.00000     0.00000     0.00000     0.00000     0.23447
   -17.38800     0.01766     0.06477     0.07492     0.07377     0.00638     0.00553     0.00655     0.00543     0.00737     0.00000     0.00000     0.00000     0.00000     0.00000     0.00000     0.00000     0.26237
   -17.34200     0.02353     0.08878     0.10910     0.09755     0.00888     0.00798     0.00853     0.00721     0.00920     0.00000     0.00000     0.00000     0.00000     0.00000     0.00000     0.00000     0.36076
   -17.29700     0.02367     0.08947     0.10757     0.09451     0.00843     0.00811     0.00869     0.00736     0.00871     0.00000     0.00000     0.00000     0.00000     0.00000     0.00000     0.00000     0.35651
   -17.25200     0.02113     0.08050     0.09233     0.08213     0.00692     0.00706     0.00714     0.00626     0.00737     0.00000     0.00000     0.00000     0.00000     0.00000     0.00000     0.00000     0.31086
   -17.20700     0.02366     0.09000     0.09918     0.09043     0.00734     0.00778     0.00770     0.00694     0.00830     0.00000     0.00000     0.00000     0.00000     0.00000     0.00000     0.00000     0.34134
   -17.16100     0.02950     0.11326     0.12723     0.11322     0.00899     0.00998     0.00951     0.00888     0.01062     0.00000     0.00000     0.00000     0.00000     0.00000     0.00000     0.00000     0.43118
   -17.11600     0.02193     0.09202     0.09402     0.08304     0.00691     0.00793     0.00781     0.00664     0.00879     0.00000     0.00000     0.00000     0.00000     0.00000     0.00000     0.00000     0.32908
   -17.07100     0.02080     0.08588     0.09772     0.07610     0.00693     0.00776     0.00752     0.00599     0.00760     0.00000     0.00000     0.00000     0.00000     0.00000     0.00000     0.00000     0.31631
   -17.02600     0.01925     0.07486     0.08564     0.07067     0.00630     0.00686     0.00688     0.00551     0.00688     0.00000     0.00000     0.00000     0.00000     0.00000     0.00000     0.00000     0.28284
   -16.98000     0.02149     0.08209     0.09202     0.08198     0.00711     0.00715     0.00744     0.00631     0.00747     0.00000     0.00000     0.00000     0.00000     0.00000     0.00000     0.00000     0.31306
   -16.93500     0.02140     0.08731     0.09602     0.08831     0.00738     0.00701     0.00771     0.00682     0.00780     0.00000     0.00000     0.00000     0.00000     0.00000     0.00000     0.00000     0.32975
   -16.89000     0.01843     0.07105     0.06811     0.06797     0.00578     0.00583     0.00640     0.00594     0.00598     0.00000     0.00000     0.00000     0.00000     0.00000     0.00000     0.00000     0.25548
   -16.84400     0.02416     0.09764     0.10015     0.08978     0.00778     0.00763     0.00796     0.00740     0.00866     0.00000     0.00000     0.00000     0.00000     0.00000     0.00000     0.00000     0.35116
   -16.79900     0.02777     0.11130     0.12357     0.09657     0.00873     0.00886     0.00873     0.00777     0.00926     0.00000     0.00000     0.00000     0.00000     0.00000     0.00000     0.00000     0.40257
   -16.75400     0.02266     0.08587     0.09010     0.08018     0.00707     0.00751     0.00734     0.00683     0.00792     0.00000     0.00000     0.00000     0.00000     0.00000     0.00000     0.00000     0.31548
   -16.70900     0.01856     0.07701     0.07888     0.07407     0.00650     0.00625     0.00686     0.00611     0.00709     0.00000     0.00000     0.00000     0.00000     0.00000     0.00000     0.00000     0.28133
   -16.66300     0.03012     0.12125     0.12612     0.12003     0.01034     0.00870     0.01081     0.00873     0.01148     0.00000     0.00000     0.00000     0.00000     0.00000     0.00000     0.00000     0.44758
   -16.61800     0.03070     0.11855     0.12845     0.11392     0.01030     0.00856     0.01042     0.00883     0.01071     0.00000     0.00000     0.00000     0.00000     0.00000     0.00000     0.00000     0.44043
   -16.57300     0.02143     0.08266     0.08213     0.08208     0.00747     0.00617     0.00756     0.00659     0.00805     0.00000     0.00000     0.00000     0.00000     0.00000     0.00000     0.00000     0.30414
   -16.52700     0.03396     0.12409     0.13455     0.12685     0.01162     0.00901     0.01157     0.00944     0.01150     0.00000     0.00000     0.00000     0.00000     0.00000     0.00000     0.00000     0.47259
   -16.48200     0.03606     0.11405     0.14162     0.13573     0.01194     0.00925     0.01271     0.01000     0.01145     0.00000     0.00000     0.00000     0.00000     0.00000     0.00000     0.00000     0.48282
   -16.43700     0.02357     0.07957     0.08069     0.08760     0.00748     0.00687     0.00744     0.00846     0.00769     0.00000     0.00000     0.00000     0.00000     0.00000     0.00000     0.00000     0.30937
   -16.39200     0.02966     0.10538     0.11381     0.11550     0.00907     0.00924     0.00991     0.00959     0.00962     0.00000     0.00000     0.00000     0.00000     0.00000     0.00000     0.00000     0.41178
   -16.34600     0.02979     0.10186     0.13612     0.12101     0.00926     0.00874     0.01140     0.00964     0.00952     0.00000     0.00000     0.00000     0.00000     0.00000     0.00000     0.00000     0.43734
   -16.30100     0.03062     0.10540     0.12742     0.11621     0.01000     0.00863     0.01160     0.00940     0.00965     0.00000     0.00000     0.00000     0.00000     0.00000     0.00000     0.00000     0.42894
   -16.25600     0.03259     0.12274     0.14988     0.12836     0.01036     0.00961     0.01204     0.00986     0.01073     0.00000     0.00000     0.00000     0.00000     0.00000     0.00000     0.00000     0.48616
   -16.21000     0.03314     0.12129     0.14965     0.13560     0.01224     0.00968     0.01249     0.01092     0.01172     0.00000     0.00000     0.00000     0.00000     0.00000     0.00000     0.00000     0.49673
   -16.16500     0.03001     0.11814     0.13526     0.12306     0.01179     0.00904     0.01224     0.01097     0.01081     0.00000     0.00000     0.00000     0.00000     0.00000     0.00000     0.00000     0.46131
   -16.12000     0.01308     0.05742     0.04705     0.05504     0.00445     0.00428     0.00543     0.00516     0.00466     0.00000     0.00000     0.00000     0.00000     0.00000     0.00000     0.00000     0.19657
   -16.07500     0.02940     0.13566     0.13173     0.13851     0.01101     0.00917     0.01211     0.01173     0.01155     0.00000     0.00000     0.00000     0.00000     0.00000     0.00000     0.00000     0.49086
   -16.02900     0.03906     0.18419     0.18320     0.17701     0.01514     0.01214     0.01699     0.01490     0.01570     0.00000     0.00000     0.00000     0.00000     0.00000     0.00000     0.00000     0.65832
   -15.98400     0.02242     0.10154     0.10227     0.09836     0.00807     0.00708     0.00967     0.00869     0.00917     0.00000     0.00000     0.00000     0.00000     0.00000     0.00000     0.00000     0.36728
   -15.93900     0.02965     0.14209     0.14836     0.14694     0.01106     0.00981     0.01331     0.01223     0.01422     0.00000     0.00000     0.00000     0.00000     0.00000     0.00000     0.00000     0.52767
   -15.89300     0.02604     0.12449     0.13021     0.12336     0.01091     0.00902     0.01131     0.01120     0.01229     0.00000     0.00000     0.00000     0.00000     0.00000     0.00000     0.00000     0.45882
   -15.84800     0.02298     0.10188     0.11203     0.10503     0.00965     0.00777     0.01007     0.00973     0.01094     0.00000     0.00000     0.00000     0.00000     0.00000     0.00000     0.00000     0.39008
   -15.80300     0.03405     0.15671     0.17891     0.15697     0.01546     0.01156     0.01442     0.01373     0.01701     0.00000     0.00000     0.00000     0.00000     0.00000     0.00000     0.00000     0.59881
   -15.75800     0.02595     0.11596     0.13544     0.11620     0.01084     0.00896     0.01136     0.01034     0.01276     0.00000     0.00000     0.00000     0.00000     0.00000     0.00000     0.00000     0.44780
   -15.71200     0.02712     0.11362     0.12963     0.11273     0.01156     0.00903     0.01137     0.01082     0.01420     0.00000     0.00000     0.00000     0.00000     0.00000     0.00000     0.00000     0.44006
   -15.66700     0.02687     0.12146     0.11795     0.12151     0.01182     0.00874     0.01061     0.01076     0.01284     0.00000     0.00000     0.00000     0.00000     0.00000     0.00000     0.00000     0.44256
   -15.62200     0.02174     0.10717     0.10811     0.10446     0.00992     0.00766     0.00916     0.00947     0.01123     0.00000     0.00000     0.00000     0.00000     0.00000     0.00000     0.00000     0.38890
   -15.57600     0.03036     0.13730     0.12707     0.14049     0.01271     0.01001     0.01140     0.01160     0.01410     0.00000     0.00000     0.00000     0.00000     0.00000     0.00000     0.00000     0.49504
   -15.53100     0.02757     0.12179     0.10751     0.13909     0.01098     0.00877     0.00989     0.01046     0.01260     0.00000     0.00000     0.00000     0.00000     0.00000     0.00000     0.00000     0.44865
   -15.48600     0.03405     0.14354     0.13477     0.16692     0.01379     0.01046     0.01286     0.01301     0.01567     0.00000     0.00000     0.00000     0.00000     0.00000     0.00000     0.00000     0.54507
   -15.44100     0.03129     0.14769     0.13206     0.16640     0.01348     0.01058     0.01247     0.01266     0.01505     0.00000     0.00000     0.00000     0.00000     0.00000     0.00000     0.00000     0.54166
   -15.39500     0.03013     0.14347     0.13611     0.17960     0.01302     0.01026     0.01273     0.01312     0.01468     0.00000     0.00000     0.00000     0.00000     0.00000     0.00000     0.00000     0.55312
   -15.35000     0.03206     0.14965     0.13559     0.18045     0.01342     0.01018     0.01400     0.01322     0.01478     0.00000     0.00000     0.00000     0.00000     0.00000     0.00000     0.00000     0.56335
   -15.30500     0.02834     0.12120     0.11874     0.14243     0.01136     0.00882     0.01271     0.01193     0.01352     0.00000     0.00000     0.00000     0.00000     0.00000     0.00000     0.00000     0.46906
   -15.25900     0.02672     0.12115     0.11832     0.14852     0.01160     0.00838     0.01295     0.01283     0.01394     0.00000     0.00000     0.00000     0.00000     0.00000     0.00000     0.00000     0.47442
   -15.21400     0.02823     0.13408     0.13117     0.15179     0.01275     0.00908     0.01415     0.01441     0.01423     0.00000     0.00000     0.00000     0.00000     0.00000     0.00000     0.00000     0.50989
   -15.16900     0.03494     0.14755     0.14870     0.16448     0.01461     0.01066     0.01708     0.01654     0.01599     0.00000     0.00000     0.00000     0.00000     0.00000     0.00000     0.00000     0.57054
   -15.12400     0.03909     0.16060     0.16482     0.17738     0.01640     0.01181     0.01888     0.01823     0.01806     0.00000     0.00000     0.00000     0.00000     0.00000     0.00000     0.00000     0.62526
   -15.07800     0.03479     0.13683     0.14681     0.13708     0.01427     0.01010     0.01580     0.01448     0.01716     0.00000     0.00000     0.00000     0.00000     0.00000     0.00000     0.00000     0.52732
   -15.03300     0.03308     0.13371     0.13209     0.13096     0.01277     0.00950     0.01842     0.01321     0.01516     0.00000     0.00000     0.00000     0.00000     0.00000     0.00000     0.00000     0.49889
   -14.98800     0.03220     0.13314     0.12681     0.11925     0.01377     0.00932     0.01886     0.01294     0.01451     0.00000     0.00000     0.00000     0.00000     0.00000     0.00000     0.00000     0.48079
   -14.94200     0.03604     0.15896     0.15222     0.13230     0.01670     0.01129     0.02367     0.01519     0.01790     0.00000     0.00000     0.00000     0.00000     0.00000     0.00000     0.00000     0.56427
   -14.89700     0.03105     0.16285     0.13678     0.12195     0.01527     0.01089     0.02273     0.01406     0.01797     0.00000     0.00000     0.00000     0.00000     0.00000     0.00000     0.00000     0.53355
   -14.85200     0.03952     0.21040     0.17459     0.15285     0.01874     0.01478     0.03208     0.01906     0.02384     0.00000     0.00000     0.00000     0.00000     0.00000     0.00000     0.00000     0.68588
   -14.80700     0.03769     0.20470     0.17735     0.15291     0.01915     0.01385     0.03050     0.01894     0.02381     0.00000     0.00000     0.00000     0.00000     0.00000     0.00000     0.00000     0.67891
   -14.76100     0.03683     0.21114     0.17506     0.16081     0.01933     0.01439     0.03107     0.01840     0.02565     0.00000     0.00000     0.00000     0.00000     0.00000     0.00000     0.00000     0.69269
   -14.71600     0.03475     0.18161     0.16506     0.15627     0.01841     0.01399     0.02918     0.01764     0.02530     0.00000     0.00000     0.00000     0.00000     0.00000     0.00000     0.00000     0.64221
   -14.67100     0.03083     0.19138     0.16577     0.15609     0.01809     0.01398     0.03397     0.01827     0.02699     0.00000     0.00000     0.00000     0.00000     0.00000     0.00000     0.00000     0.65537
   -14.62500     0.03731     0.21776     0.18487     0.17205     0.02300     0.01594     0.04610     0.02135     0.03293     0.00000     0.00000     0.00000     0.00000     0.00000     0.00000     0.00000     0.75131
   -14.58000     0.03200     0.19805     0.17526     0.15704     0.01998     0.01416     0.04161     0.01955     0.03028     0.00000     0.00000     0.00000     0.00000     0.00000     0.00000     0.00000     0.68794
   -14.53500     0.03680     0.23221     0.21507     0.18194     0.02315     0.01676     0.04598     0.02298     0.03685     0.00000     0.00000     0.00000     0.00000     0.00000     0.00000     0.00000     0.81173
   -14.49000     0.02595     0.16273     0.15868     0.13678     0.01807     0.01254     0.03795     0.01803     0.02965     0.00000     0.00000     0.00000     0.00000     0.00000     0.00000     0.00000     0.60038
   -14.44400     0.02924     0.18928     0.20539     0.15862     0.02220     0.01546     0.04540     0.02192     0.03770     0.00000     0.00000     0.00000     0.00000     0.00000     0.00000     0.00000     0.72520
   -14.39900     0.02758     0.17735     0.15617     0.14765     0.02051     0.01490     0.04410     0.02104     0.03677     0.00000     0.00000     0.00000     0.00000     0.00000     0.00000     0.00000     0.64607
   -14.35400     0.03131     0.20048     0.20748     0.16773     0.02379     0.01742     0.05087     0.02432     0.04201     0.00000     0.00000     0.00000     0.00000     0.00000     0.00000     0.00000     0.76541
   -14.30800     0.02875     0.17275     0.18247     0.14720     0.02133     0.01537     0.04888     0.02221     0.03850     0.00000     0.00000     0.00000     0.00000     0.00000     0.00000     0.00000     0.67746
   -14.26300     0.02792     0.16084     0.17919     0.13679     0.01995     0.01457     0.05150     0.02073     0.03745     0.00000     0.00000     0.00000     0.00000     0.00000     0.00000     0.00000     0.64895
   -14.21800     0.03073     0.17830     0.18945     0.15797     0.02252     0.01699     0.05450     0.02385     0.04025     0.00000     0.00000     0.00000     0.00000     0.00000     0.00000     0.00000     0.71455
   -14.17300     0.02543     0.15977     0.18359     0.15591     0.01987     0.01544     0.05059     0.02153     0.03997     0.00000     0.00000     0.00000     0.00000     0.00000     0.00000     0.00000     0.67211
   -14.12700     0.02880     0.18386     0.18961     0.16748     0.02485     0.01850     0.05376     0.02508     0.04639     0.00000     0.00000     0.00000     0.00000     0.00000     0.00000     0.00000     0.73832
   -14.08200     0.02722     0.18012     0.18046     0.15879     0.02257     0.01618     0.04910     0.02271     0.03988     0.00000     0.00000     0.00000     0.00000     0.00000     0.00000     0.00000     0.69703
   -14.03700     0.02433     0.16351     0.15375     0.13876     0.02008     0.01340     0.04774     0.02009     0.03440     0.00000     0.00000     0.00000     0.00000     0.00000     0.00000     0.00000     0.61605
   -13.99100     0.03326     0.20772     0.21994     0.17802     0.02545     0.01803     0.05961     0.02585     0.04670     0.00000     0.00000     0.00000     0.00000     0.00000     0.00000     0.00000     0.81457
   -13.94600     0.02323     0.14076     0.15407     0.12141     0.01987     0.01201     0.04305     0.01935     0.03488     0.00000     0.00000     0.00000     0.00000     0.00000     0.00000     0.00000     0.56863
   -13.90100     0.03009     0.18661     0.20488     0.16170     0.02578     0.01797     0.06047     0.02474     0.04589     0.00000     0.00000     0.00000     0.00000     0.00000     0.00000     0.00000     0.75814
   -13.85600     0.02580     0.15799     0.16419     0.13403     0.02387     0.01530     0.05184     0.02274     0.04038     0.00000     0.00000     0.00000     0.00000     0.00000     0.00000     0.00000     0.63614
   -13.81000     0.02712     0.16263     0.15309     0.14815     0.02375     0.01571     0.04918     0.02373     0.04030     0.00000     0.00000     0.00000     0.00000     0.00000     0.00000     0.00000     0.64366
   -13.76500     0.03156     0.20202     0.19634     0.15985     0.02801     0.02016     0.05635     0.02832     0.05147     0.00000     0.00000     0.00000     0.00000     0.00000     0.00000     0.00000     0.77408
   -13.72000     0.02624     0.17971     0.16162     0.15484     0.02491     0.01720     0.05481     0.02499     0.04160     0.00000     0.00000     0.00000     0.00000     0.00000     0.00000     0.00000     0.68593
   -13.67500     0.02330     0.15873     0.13149     0.13597     0.02130     0.01558     0.04753     0.02321     0.03974     0.00000     0.00000     0.00000     0.00000     0.00000     0.00000     0.00000     0.59685
   -13.62900     0.02745     0.17913     0.14862     0.15666     0.02518     0.01854     0.05293     0.02665     0.04736     0.00000     0.00000     0.00000     0.00000     0.00000     0.00000     0.00000     0.68252
   -13.58400     0.02539     0.17790     0.14340     0.15445     0.02451     0.01770     0.04808     0.02563     0.04242     0.00000     0.00000     0.00000     0.00000     0.00000     0.00000     0.00000     0.65948
   -13.53900     0.02283     0.15352     0.13397     0.14474     0.02264     0.01800     0.04756     0.02338     0.03860     0.00000     0.00000     0.00000     0.00000     0.00000     0.00000     0.00000     0.60524
   -13.49300     0.02105     0.14958     0.12482     0.13945     0.02162     0.01708     0.04450     0.02312     0.03403     0.00000     0.00000     0.00000     0.00000     0.00000     0.00000     0.00000     0.57524
   -13.44800     0.02169     0.14779     0.12771     0.13564     0.02455     0.01777     0.04999     0.02473     0.03575     0.00000     0.00000     0.00000     0.00000     0.00000     0.00000     0.00000     0.58563
   -13.40300     0.02682     0.17631     0.15549     0.17434     0.02870     0.02192     0.05213     0.03136     0.04311     0.00000     0.00000     0.00000     0.00000     0.00000     0.00000     0.00000     0.71018
   -13.35800     0.02567     0.17164     0.14915     0.16861     0.03017     0.02331     0.06028     0.02998     0.04394     0.00000     0.00000     0.00000     0.00000     0.00000     0.00000     0.00000     0.70276
   -13.31200     0.02390     0.16609     0.14620     0.15547     0.02913     0.02127     0.05101     0.02830     0.04067     0.00000     0.00000     0.00000     0.00000     0.00000     0.00000     0.00000     0.66204
   -13.26700     0.02429     0.16119     0.15759     0.16351     0.02919     0.02205     0.05111     0.03092     0.04310     0.00000     0.00000     0.00000     0.00000     0.00000     0.00000     0.00000     0.68295
   -13.22200     0.02257     0.14839     0.13892     0.14644     0.02613     0.02014     0.04607     0.02798     0.03970     0.00000     0.00000     0.00000     0.00000     0.00000     0.00000     0.00000     0.61634
   -13.17600     0.02273     0.14484     0.13017     0.14296     0.02611     0.02130     0.04821     0.02675     0.03796     0.00000     0.00000     0.00000     0.00000     0.00000     0.00000     0.00000     0.60102
   -13.13100     0.02293     0.13915     0.12469     0.14105     0.02583     0.02019     0.04471     0.02603     0.03955     0.00000     0.00000     0.00000     0.00000     0.00000     0.00000     0.00000     0.58413
   -13.08600     0.02702     0.14944     0.13756     0.16037     0.02999     0.02163     0.04939     0.02933     0.04253     0.00000     0.00000     0.00000     0.00000     0.00000     0.00000     0.00000     0.64726
   -13.04100     0.02413     0.13844     0.12674     0.13669     0.02844     0.02147     0.04754     0.02873     0.04030     0.00000     0.00000     0.00000     0.00000     0.00000     0.00000     0.00000     0.59247
   -12.99500     0.02241     0.13956     0.12232     0.13443     0.02789     0.02176     0.04797     0.02735     0.03876     0.00000     0.00000     0.00000     0.00000     0.00000     0.00000     0.00000     0.58246
   -12.95000     0.02738     0.14626     0.13064     0.14958     0.02891     0.02432     0.04963     0.03272     0.04234     0.00000     0.00000     0.00000     0.00000     0.00000     0.00000     0.00000     0.63178
   -12.90500     0.02342     0.13174     0.11720     0.13091     0.02633     0.02114     0.04747     0.02903     0.03911     0.00000     0.00000     0.00000     0.00000     0.00000     0.00000     0.00000     0.56635
   -12.85900     0.02557     0.14319     0.12776     0.14329     0.02845     0.02302     0.05030     0.03257     0.04363     0.00000     0.00000     0.00000     0.00000     0.00000     0.00000     0.00000     0.61778
   -12.81400     0.02597     0.14774     0.13980     0.14969     0.03024     0.02514     0.05208     0.03415     0.04597     0.00000     0.00000     0.00000     0.00000     0.00000     0.00000     0.00000     0.65077
   -12.76900     0.01951     0.11397     0.10795     0.12052     0.02422     0.01927     0.04203     0.02532     0.03606     0.00000     0.00000     0.00000     0.00000     0.00000     0.00000     0.00000     0.50885
   -12.72400     0.02279     0.13224     0.11941     0.14528     0.02785     0.02254     0.04496     0.03043     0.04220     0.00000     0.00000     0.00000     0.00000     0.00000     0.00000     0.00000     0.58770
   -12.67800     0.02503     0.15627     0.12229     0.17869     0.03065     0.02509     0.04594     0.03409     0.04697     0.00000     0.00000     0.00000     0.00000     0.00000     0.00000     0.00000     0.66502
   -12.63300     0.02558     0.15147     0.12395     0.16176     0.02937     0.02426     0.04473     0.03374     0.04627     0.00000     0.00000     0.00000     0.00000     0.00000     0.00000     0.00000     0.64114
   -12.58800     0.01958     0.12448     0.10046     0.13504     0.02404     0.02038     0.03782     0.02562     0.03597     0.00000     0.00000     0.00000     0.00000     0.00000     0.00000     0.00000     0.52339
   -12.54200     0.02171     0.14174     0.12226     0.15805     0.02949     0.02384     0.04514     0.02993     0.04037     0.00000     0.00000     0.00000     0.00000     0.00000     0.00000     0.00000     0.61254
   -12.49700     0.02117     0.14117     0.12255     0.14017     0.02841     0.02300     0.04106     0.03023     0.03939     0.00000     0.00000     0.00000     0.00000     0.00000     0.00000     0.00000     0.58716
   -12.45200     0.02220     0.13813     0.12509     0.15077     0.03170     0.02452     0.04192     0.03092     0.04128     0.00000     0.00000     0.00000     0.00000     0.00000     0.00000     0.00000     0.60653
   -12.40700     0.02004     0.12258     0.11107     0.14192     0.02690     0.02158     0.03979     0.02710     0.04021     0.00000     0.00000     0.00000     0.00000     0.00000     0.00000     0.00000     0.55120
   -12.36100     0.01993     0.11897     0.10502     0.12894     0.02437     0.02090     0.03820     0.02443     0.03545     0.00000     0.00000     0.00000     0.00000     0.00000     0.00000     0.00000     0.51620
   -12.31600     0.02050     0.13883     0.11531     0.14394     0.02699     0.02246     0.04428     0.02625     0.04200     0.00000     0.00000     0.00000     0.00000     0.00000     0.00000     0.00000     0.58056
   -12.27100     0.02295     0.15375     0.12099     0.14691     0.02782     0.02442     0.04572     0.02993     0.04360     0.00000     0.00000     0.00000     0.00000     0.00000     0.00000     0.00000     0.61609
   -12.22500     0.02434     0.15631     0.11668     0.15150     0.02899     0.02594     0.04635     0.03066     0.04632     0.00000     0.00000     0.00000     0.00000     0.00000     0.00000     0.00000     0.62708
   -12.18000     0.02038     0.13631     0.10767     0.14500     0.02566     0.02361     0.04090     0.03087     0.04310     0.00000     0.00000     0.00000     0.00000     0.00000     0.00000     0.00000     0.57350
   -12.13500     0.02008     0.12231     0.10572     0.13010     0.02548     0.02188     0.03823     0.02735     0.04132     0.00000     0.00000     0.00000     0.00000     0.00000     0.00000     0.00000     0.53248
   -12.09000     0.02211     0.13722     0.12707     0.15148     0.02866     0.02423     0.04475     0.03003     0.04428     0.00000     0.00000     0.00000     0.00000     0.00000     0.00000     0.00000     0.60984
   -12.04400     0.02237     0.13349     0.13667     0.14933     0.03089     0.02379     0.05059     0.03033     0.04319     0.00000     0.00000     0.00000     0.00000     0.00000     0.00000     0.00000     0.62064
   -11.99900     0.02188     0.12639     0.12586     0.14718     0.02999     0.02273     0.04653     0.02934     0.04035     0.00000     0.00000     0.00000     0.00000     0.00000     0.00000     0.00000     0.59025
   -11.95400     0.02562     0.14581     0.14781     0.17148     0.03487     0.02710     0.05246     0.03522     0.05002     0.00000     0.00000     0.00000     0.00000     0.00000     0.00000     0.00000     0.69039
   -11.90800     0.01868     0.11416     0.11597     0.13064     0.02574     0.02056     0.04013     0.02703     0.04011     0.00000     0.00000     0.00000     0.00000     0.00000     0.00000     0.00000     0.53303
   -11.86300     0.02249     0.14599     0.15507     0.16937     0.03312     0.02709     0.05248     0.03432     0.05351     0.00000     0.00000     0.00000     0.00000     0.00000     0.00000     0.00000     0.69343
   -11.81800     0.01848     0.12024     0.13590     0.15314     0.02962     0.02243     0.04713     0.02812     0.04928     0.00000     0.00000     0.00000     0.00000     0.00000     0.00000     0.00000     0.60433
   -11.77300     0.01362     0.08844     0.09143     0.11038     0.02209     0.01610     0.03324     0.02049     0.03639     0.00000     0.00000     0.00000     0.00000     0.00000     0.00000     0.00000     0.43218
   -11.72700     0.02481     0.15713     0.15979     0.17798     0.03861     0.02958     0.05776     0.03757     0.06613     0.00000     0.00000     0.00000     0.00000     0.00000     0.00000     0.00000     0.74936
   -11.68200     0.02041     0.12880     0.13798     0.15697     0.02955     0.02471     0.04744     0.03076     0.05685     0.00000     0.00000     0.00000     0.00000     0.00000     0.00000     0.00000     0.63347
   -11.63700     0.02276     0.13231     0.15417     0.16448     0.03159     0.02693     0.05168     0.03429     0.06064     0.00000     0.00000     0.00000     0.00000     0.00000     0.00000     0.00000     0.67884
   -11.59100     0.01925     0.11357     0.12452     0.13808     0.02867     0.02342     0.04443     0.02990     0.05121     0.00000     0.00000     0.00000     0.00000     0.00000     0.00000     0.00000     0.57306
   -11.54600     0.01782     0.11503     0.12332     0.13635     0.02900     0.02323     0.04752     0.03104     0.04854     0.00000     0.00000     0.00000     0.00000     0.00000     0.00000     0.00000     0.57184
   -11.50100     0.01684     0.11007     0.11755     0.12899     0.02764     0.02289     0.04605     0.03047     0.04784     0.00000     0.00000     0.00000     0.00000     0.00000     0.00000     0.00000     0.54834
   -11.45600     0.02042     0.13570     0.12942     0.16122     0.03088     0.02837     0.05237     0.03601     0.05338     0.00000     0.00000     0.00000     0.00000     0.00000     0.00000     0.00000     0.64775
   -11.41000     0.02006     0.12291     0.11709     0.14701     0.02901     0.02799     0.04779     0.03588     0.05142     0.00000     0.00000     0.00000     0.00000     0.00000     0.00000     0.00000     0.59918
   -11.36500     0.01902     0.12776     0.11541     0.14263     0.03016     0.02716     0.04798     0.03439     0.05066     0.00000     0.00000     0.00000     0.00000     0.00000     0.00000     0.00000     0.59517
   -11.32000     0.02186     0.14616     0.11504     0.16581     0.03369     0.03286     0.05323     0.04189     0.05823     0.00000     0.00000     0.00000     0.00000     0.00000     0.00000     0.00000     0.66878
   -11.27400     0.01667     0.11593     0.09405     0.13058     0.02780     0.02508     0.03999     0.03181     0.04541     0.00000     0.00000     0.00000     0.00000     0.00000     0.00000     0.00000     0.52733
   -11.22900     0.02036     0.14493     0.12146     0.15653     0.03621     0.03141     0.05222     0.04066     0.05618     0.00000     0.00000     0.00000     0.00000     0.00000     0.00000     0.00000     0.65996
   -11.18400     0.01781     0.12522     0.09651     0.13878     0.03059     0.02841     0.04492     0.03645     0.04832     0.00000     0.00000     0.00000     0.00000     0.00000     0.00000     0.00000     0.56701
   -11.13900     0.01998     0.14109     0.13261     0.16598     0.03639     0.03306     0.05364     0.04091     0.05840     0.00000     0.00000     0.00000     0.00000     0.00000     0.00000     0.00000     0.68208
   -11.09300     0.01832     0.12706     0.10763     0.15808     0.03420     0.03294     0.05048     0.03925     0.05778     0.00000     0.00000     0.00000     0.00000     0.00000     0.00000     0.00000     0.62574
   -11.04800     0.01639     0.12126     0.10207     0.14842     0.03204     0.02957     0.04509     0.03576     0.05335     0.00000     0.00000     0.00000     0.00000     0.00000     0.00000     0.00000     0.58394
   -11.00300     0.02041     0.15200     0.12726     0.17704     0.03947     0.03586     0.05709     0.04312     0.06819     0.00000     0.00000     0.00000     0.00000     0.00000     0.00000     0.00000     0.72044
   -10.95700     0.01579     0.11531     0.10402     0.13789     0.03333     0.02909     0.04141     0.03595     0.05547     0.00000     0.00000     0.00000     0.00000     0.00000     0.00000     0.00000     0.56826
   -10.91200     0.01556     0.11005     0.11005     0.13172     0.03245     0.02916     0.04655     0.03649     0.05378     0.00000     0.00000     0.00000     0.00000     0.00000     0.00000     0.00000     0.56581
   -10.86700     0.01735     0.12698     0.11769     0.14139     0.03740     0.03359     0.05227     0.04304     0.05885     0.00000     0.00000     0.00000     0.00000     0.00000     0.00000     0.00000     0.62855
   -10.82200     0.01713     0.12083     0.12306     0.13811     0.03837     0.03288     0.05265     0.04124     0.06152     0.00000     0.00000     0.00000     0.00000     0.00000     0.00000     0.00000     0.62581
   -10.77600     0.01916     0.13280     0.12611     0.15849     0.04215     0.03592     0.06075     0.04409     0.07221     0.00000     0.00000     0.00000     0.00000     0.00000     0.00000     0.00000     0.69167
   -10.73100     0.01821     0.13963     0.12784     0.16100     0.04353     0.03700     0.06227     0.04737     0.07710     0.00000     0.00000     0.00000     0.00000     0.00000     0.00000     0.00000     0.71395
   -10.68600     0.01622     0.11811     0.09795     0.13907     0.03594     0.03282     0.05076     0.04008     0.06230     0.00000     0.00000     0.00000     0.00000     0.00000     0.00000     0.00000     0.59325
   -10.64000     0.02016     0.14234     0.12902     0.15682     0.04450     0.03980     0.06122     0.04813     0.07590     0.00000     0.00000     0.00000     0.00000     0.00000     0.00000     0.00000     0.71789
   -10.59500     0.01832     0.12579     0.10776     0.14109     0.03894     0.03735     0.05569     0.04486     0.06771     0.00000     0.00000     0.00000     0.00000     0.00000     0.00000     0.00000     0.63750
   -10.55000     0.01982     0.14314     0.11326     0.16049     0.04554     0.04234     0.06595     0.04624     0.07556     0.00000     0.00000     0.00000     0.00000     0.00000     0.00000     0.00000     0.71234
   -10.50500     0.01971     0.12638     0.11307     0.15628     0.04356     0.04159     0.06375     0.04502     0.06944     0.00000     0.00000     0.00000     0.00000     0.00000     0.00000     0.00000     0.67879
   -10.45900     0.01921     0.11650     0.10794     0.14447     0.04145     0.04046     0.05822     0.04294     0.06434     0.00000     0.00000     0.00000     0.00000     0.00000     0.00000     0.00000     0.63552
   -10.41400     0.01988     0.11932     0.11149     0.15001     0.04093     0.04075     0.05841     0.04412     0.06729     0.00000     0.00000     0.00000     0.00000     0.00000     0.00000     0.00000     0.65221
   -10.36900     0.02231     0.13109     0.09982     0.15442     0.04032     0.04253     0.05872     0.04514     0.07230     0.00000     0.00000     0.00000     0.00000     0.00000     0.00000     0.00000     0.66665
   -10.32400     0.02282     0.13306     0.12429     0.16217     0.04532     0.04379     0.06547     0.04918     0.07856     0.00000     0.00000     0.00000     0.00000     0.00000     0.00000     0.00000     0.72467
   -10.27800     0.01828     0.10402     0.09181     0.13039     0.03689     0.03588     0.05110     0.04047     0.06222     0.00000     0.00000     0.00000     0.00000     0.00000     0.00000     0.00000     0.57105
   -10.23300     0.02412     0.13565     0.13315     0.16363     0.04778     0.04888     0.07076     0.05483     0.08225     0.00000     0.00000     0.00000     0.00000     0.00000     0.00000     0.00000     0.76105
   -10.18800     0.01864     0.10906     0.09859     0.14060     0.04070     0.03821     0.05148     0.04538     0.06573     0.00000     0.00000     0.00000     0.00000     0.00000     0.00000     0.00000     0.60840
   -10.14200     0.01655     0.10362     0.08747     0.12028     0.03759     0.03609     0.04760     0.04170     0.06105     0.00000     0.00000     0.00000     0.00000     0.00000     0.00000     0.00000     0.55194
   -10.09700     0.02013     0.12228     0.10789     0.13551     0.04413     0.04294     0.05618     0.04824     0.07342     0.00000     0.00000     0.00000     0.00000     0.00000     0.00000     0.00000     0.65071
   -10.05200     0.01899     0.12263     0.10372     0.13795     0.04058     0.03948     0.05697     0.04663     0.07371     0.00000     0.00000     0.00000     0.00000     0.00000     0.00000     0.00000     0.64066
   -10.00700     0.01731     0.11238     0.09054     0.13695     0.03930     0.03872     0.05586     0.04532     0.06731     0.00000     0.00000     0.00000     0.00000     0.00000     0.00000     0.00000     0.60368
    -9.96100     0.01894     0.11243     0.09628     0.13434     0.04188     0.04317     0.05864     0.04670     0.07284     0.00000     0.00000     0.00000     0.00000     0.00000     0.00000     0.00000     0.62522
    -9.91600     0.01830     0.11968     0.10945     0.13965     0.04454     0.04246     0.05705     0.04832     0.07584     0.00000     0.00000     0.00000     0.00000     0.00000     0.00000     0.00000     0.65531
    -9.87100     0.01634     0.10861     0.09678     0.12529     0.04054     0.03881     0.05376     0.04825     0.06796     0.00000     0.00000     0.00000     0.00000     0.00000     0.00000     0.00000     0.59633
    -9.82500     0.01716     0.10981     0.10327     0.13216     0.04402     0.03995     0.05885     0.04907     0.07101     0.00000     0.00000     0.00000     0.00000     0.00000     0.00000     0.00000     0.62529
    -9.78000     0.01738     0.11507     0.10700     0.13178     0.04129     0.04158     0.05834     0.05178     0.07191     0.00000     0.00000     0.00000     0.00000     0.00000     0.00000     0.00000     0.63611
    -9.73500     0.01707     0.11791     0.10292     0.12907     0.04256     0.04005     0.05930     0.05005     0.07671     0.00000     0.00000     0.00000     0.00000     0.00000     0.00000     0.00000     0.63563
    -9.69000     0.01696     0.11092     0.09647     0.12325     0.04014     0.03930     0.05799     0.04792     0.06961     0.00000     0.00000     0.00000     0.00000     0.00000     0.00000     0.00000     0.60256
    -9.64400     0.01866     0.12493     0.11425     0.13962     0.04630     0.04676     0.06357     0.05717     0.07850     0.00000     0.00000     0.00000     0.00000     0.00000     0.00000     0.00000     0.68977
    -9.59900     0.01833     0.11974     0.10574     0.13557     0.04423     0.04684     0.06343     0.05297     0.07700     0.00000     0.00000     0.00000     0.00000     0.00000     0.00000     0.00000     0.66384
    -9.55400     0.01694     0.11598     0.09434     0.12833     0.04435     0.04198     0.06396     0.05086     0.07272     0.00000     0.00000     0.00000     0.00000     0.00000     0.00000     0.00000     0.62945
    -9.50800     0.01967     0.14166     0.11051     0.15299     0.05123     0.05079     0.07586     0.06280     0.08371     0.00000     0.00000     0.00000     0.00000     0.00000     0.00000     0.00000     0.74922
    -9.46300     0.01825     0.12428     0.10303     0.12900     0.04660     0.04395     0.06960     0.05919     0.07609     0.00000     0.00000     0.00000     0.00000     0.00000     0.00000     0.00000     0.66998
    -9.41800     0.01586     0.11558     0.09217     0.11991     0.04343     0.04337     0.05991     0.05613     0.07080     0.00000     0.00000     0.00000     0.00000     0.00000     0.00000     0.00000     0.61716
    -9.37300     0.01637     0.11952     0.08816     0.12903     0.04260     0.04828     0.06112     0.05509     0.06928     0.00000     0.00000     0.00000     0.00000     0.00000     0.00000     0.00000     0.62946
    -9.32700     0.01331     0.09797     0.07336     0.11213     0.03856     0.04259     0.05349     0.04809     0.06627     0.00000     0.00000     0.00000     0.00000     0.00000     0.00000     0.00000     0.54578
    -9.28200     0.01556     0.12556     0.08642     0.13203     0.04732     0.04845     0.05926     0.05632     0.07098     0.00000     0.00000     0.00000     0.00000     0.00000     0.00000     0.00000     0.64190
    -9.23700     0.01275     0.09832     0.07431     0.10788     0.04163     0.03921     0.04791     0.04637     0.06272     0.00000     0.00000     0.00000     0.00000     0.00000     0.00000     0.00000     0.53110
    -9.19100     0.01803     0.13144     0.10798     0.14388     0.05659     0.05386     0.06176     0.06167     0.08307     0.00000     0.00000     0.00000     0.00000     0.00000     0.00000     0.00000     0.71827
    -9.14600     0.01386     0.10382     0.08522     0.11559     0.04468     0.04084     0.05023     0.04923     0.06621     0.00000     0.00000     0.00000     0.00000     0.00000     0.00000     0.00000     0.56967
    -9.10100     0.01608     0.10608     0.09495     0.12824     0.05123     0.04615     0.05633     0.05704     0.07013     0.00000     0.00000     0.00000     0.00000     0.00000     0.00000     0.00000     0.62622
    -9.05600     0.01470     0.11150     0.08647     0.12196     0.04636     0.04417     0.05156     0.05683     0.07231     0.00000     0.00000     0.00000     0.00000     0.00000     0.00000     0.00000     0.60586
    -9.01000     0.01423     0.09708     0.07610     0.11514     0.04659     0.04389     0.05019     0.05473     0.06179     0.00000     0.00000     0.00000     0.00000     0.00000     0.00000     0.00000     0.55974
    -8.96500     0.01431     0.10249     0.08114     0.11897     0.05183     0.04791     0.05124     0.05926     0.06537     0.00000     0.00000     0.00000     0.00000     0.00000     0.00000     0.00000     0.59253
    -8.92000     0.01441     0.09392     0.07665     0.10747     0.04576     0.04263     0.05021     0.05134     0.06023     0.00000     0.00000     0.00000     0.00000     0.00000     0.00000     0.00000     0.54263
    -8.87400     0.01354     0.09326     0.07153     0.11532     0.04297     0.04336     0.04942     0.05222     0.06153     0.00000     0.00000     0.00000     0.00000     0.00000     0.00000     0.00000     0.54315
    -8.82900     0.01285     0.09759     0.07357     0.11196     0.04578     0.04447     0.05092     0.05268     0.06022     0.00000     0.00000     0.00000     0.00000     0.00000     0.00000     0.00000     0.55004
    -8.78400     0.01510     0.10597     0.07697     0.12364     0.05018     0.04640     0.05585     0.05544     0.06856     0.00000     0.00000     0.00000     0.00000     0.00000     0.00000     0.00000     0.59810
    -8.73900     0.01333     0.09361     0.06778     0.10905     0.04297     0.04061     0.05111     0.04853     0.05967     0.00000     0.00000     0.00000     0.00000     0.00000     0.00000     0.00000     0.52665
    -8.69300     0.01672     0.11598     0.08685     0.13529     0.05360     0.04884     0.06480     0.06222     0.07494     0.00000     0.00000     0.00000     0.00000     0.00000     0.00000     0.00000     0.65925
    -8.64800     0.01511     0.10636     0.07712     0.12125     0.04967     0.04659     0.05818     0.05662     0.06851     0.00000     0.00000     0.00000     0.00000     0.00000     0.00000     0.00000     0.59940
    -8.60300     0.01449     0.09551     0.06938     0.11989     0.04865     0.04389     0.05477     0.05518     0.06463     0.00000     0.00000     0.00000     0.00000     0.00000     0.00000     0.00000     0.56639
    -8.55700     0.01624     0.10097     0.08040     0.12764     0.05398     0.04698     0.05400     0.05630     0.07043     0.00000     0.00000     0.00000     0.00000     0.00000     0.00000     0.00000     0.60694
    -8.51200     0.01339     0.08511     0.06628     0.11597     0.04673     0.04408     0.04730     0.04866     0.06428     0.00000     0.00000     0.00000     0.00000     0.00000     0.00000     0.00000     0.53179
    -8.46700     0.01228     0.08057     0.05962     0.11033     0.04527     0.04139     0.04748     0.04571     0.05714     0.00000     0.00000     0.00000     0.00000     0.00000     0.00000     0.00000     0.49981
    -8.42200     0.01761     0.12840     0.09192     0.16247     0.07233     0.06418     0.06764     0.07451     0.09417     0.00000     0.00000     0.00000     0.00000     0.00000     0.00000     0.00000     0.77323
    -8.37600     0.01281     0.09301     0.06494     0.10512     0.05000     0.04151     0.04624     0.04550     0.05861     0.00000     0.00000     0.00000     0.00000     0.00000     0.00000     0.00000     0.51776
    -8.33100     0.01210     0.08813     0.06628     0.10714     0.05307     0.04506     0.04836     0.04965     0.05966     0.00000     0.00000     0.00000     0.00000     0.00000     0.00000     0.00000     0.52946
    -8.28600     0.00951     0.06718     0.05182     0.08073     0.04122     0.03709     0.04044     0.03837     0.04759     0.00000     0.00000     0.00000     0.00000     0.00000     0.00000     0.00000     0.41394
    -8.24000     0.01198     0.09201     0.06701     0.10136     0.05266     0.04638     0.04988     0.04968     0.06649     0.00000     0.00000     0.00000     0.00000     0.00000     0.00000     0.00000     0.53743
    -8.19500     0.01085     0.08325     0.05743     0.09505     0.04508     0.04153     0.04611     0.04716     0.05874     0.00000     0.00000     0.00000     0.00000     0.00000     0.00000     0.00000     0.48521
    -8.15000     0.01397     0.10302     0.07658     0.12474     0.06072     0.05388     0.05946     0.06250     0.07439     0.00000     0.00000     0.00000     0.00000     0.00000     0.00000     0.00000     0.62925
    -8.10500     0.01151     0.07774     0.05973     0.10791     0.04920     0.04426     0.04762     0.05055     0.05965     0.00000     0.00000     0.00000     0.00000     0.00000     0.00000     0.00000     0.50817
    -8.05900     0.01192     0.08390     0.06828     0.11310     0.05517     0.05046     0.04694     0.05768     0.06095     0.00000     0.00000     0.00000     0.00000     0.00000     0.00000     0.00000     0.54840
    -8.01400     0.01047     0.07470     0.05480     0.09450     0.04796     0.04551     0.04166     0.05033     0.05304     0.00000     0.00000     0.00000     0.00000     0.00000     0.00000     0.00000     0.47297
    -7.96900     0.01223     0.08916     0.06884     0.11351     0.05827     0.05744     0.04824     0.06298     0.06512     0.00000     0.00000     0.00000     0.00000     0.00000     0.00000     0.00000     0.57579
    -7.92300     0.01333     0.08870     0.07231     0.12298     0.06205     0.06027     0.05304     0.06482     0.06738     0.00000     0.00000     0.00000     0.00000     0.00000     0.00000     0.00000     0.60490
    -7.87800     0.01242     0.07978     0.06623     0.11536     0.05890     0.05552     0.04565     0.06619     0.06544     0.00000     0.00000     0.00000     0.00000     0.00000     0.00000     0.00000     0.56550
    -7.83300     0.01222     0.08201     0.06331     0.10801     0.05720     0.05440     0.04295     0.06761     0.06409     0.00000     0.00000     0.00000     0.00000     0.00000     0.00000     0.00000     0.55180
    -7.78800     0.01221     0.08295     0.06525     0.10626     0.06083     0.05574     0.04346     0.06631     0.06302     0.00000     0.00000     0.00000     0.00000     0.00000     0.00000     0.00000     0.55602
    -7.74200     0.01165     0.07924     0.06263     0.10014     0.05703     0.05461     0.04085     0.06246     0.05823     0.00000     0.00000     0.00000     0.00000     0.00000     0.00000     0.00000     0.52684
    -7.69700     0.01158     0.07634     0.06290     0.09846     0.05526     0.05348     0.03960     0.05975     0.05531     0.00000     0.00000     0.00000     0.00000     0.00000     0.00000     0.00000     0.51268
    -7.65200     0.01239     0.07203     0.06247     0.10203     0.05619     0.05332     0.04101     0.05889     0.05504     0.00000     0.00000     0.00000     0.00000     0.00000     0.00000     0.00000     0.51335
    -7.60600     0.01326     0.07604     0.07078     0.10592     0.06101     0.05772     0.04410     0.06354     0.06023     0.00000     0.00000     0.00000     0.00000     0.00000     0.00000     0.00000     0.55262
    -7.56100     0.01224     0.06944     0.06077     0.10207     0.05778     0.05462     0.04252     0.05726     0.05786     0.00000     0.00000     0.00000     0.00000     0.00000     0.00000     0.00000     0.51456
    -7.51600     0.01280     0.06889     0.06255     0.10465     0.06017     0.05650     0.04478     0.05907     0.05983     0.00000     0.00000     0.00000     0.00000     0.00000     0.00000     0.00000     0.52924
    -7.47100     0.01459     0.07551     0.07349     0.11274     0.06745     0.06173     0.05075     0.06529     0.06389     0.00000     0.00000     0.00000     0.00000     0.00000     0.00000     0.00000     0.58544
    -7.42500     0.01354     0.07018     0.06397     0.10105     0.06310     0.05922     0.04585     0.06021     0.05929     0.00000     0.00000     0.00000     0.00000     0.00000     0.00000     0.00000     0.53642
    -7.38000     0.01262     0.06382     0.05871     0.09169     0.05902     0.05631     0.04225     0.05450     0.05597     0.00000     0.00000     0.00000     0.00000     0.00000     0.00000     0.00000     0.49490
    -7.33500     0.01294     0.06773     0.05703     0.09349     0.06281     0.05887     0.04700     0.05795     0.05980     0.00000     0.00000     0.00000     0.00000     0.00000     0.00000     0.00000     0.51762
    -7.28900     0.01341     0.07410     0.05728     0.09469     0.06676     0.06157     0.05146     0.05943     0.06335     0.00000     0.00000     0.00000     0.00000     0.00000     0.00000     0.00000     0.54205
    -7.24400     0.01408     0.07838     0.05961     0.10175     0.07204     0.06567     0.05292     0.06215     0.06710     0.00000     0.00000     0.00000     0.00000     0.00000     0.00000     0.00000     0.57372
    -7.19900     0.01399     0.07675     0.06208     0.10100     0.07111     0.06826     0.04935     0.06430     0.06314     0.00000     0.00000     0.00000     0.00000     0.00000     0.00000     0.00000     0.57000
    -7.15400     0.01359     0.07343     0.06140     0.09105     0.06638     0.06523     0.04688     0.06352     0.05904     0.00000     0.00000     0.00000     0.00000     0.00000     0.00000     0.00000     0.54052
    -7.10800     0.01296     0.06867     0.05716     0.08522     0.06593     0.05941     0.04297     0.05870     0.05579     0.00000     0.00000     0.00000     0.00000     0.00000     0.00000     0.00000     0.50682
    -7.06300     0.01230     0.06764     0.05719     0.08512     0.06918     0.05784     0.04295     0.05901     0.05517     0.00000     0.00000     0.00000     0.00000     0.00000     0.00000     0.00000     0.50640
    -7.01800     0.01211     0.06775     0.05765     0.08527     0.06745     0.05837     0.04191     0.06063     0.05414     0.00000     0.00000     0.00000     0.00000     0.00000     0.00000     0.00000     0.50529
    -6.97300     0.01317     0.06729     0.06340     0.08260     0.06963     0.06327     0.03961     0.06578     0.05283     0.00000     0.00000     0.00000     0.00000     0.00000     0.00000     0.00000     0.51757
    -6.92700     0.01477     0.07266     0.06220     0.09255     0.07453     0.06574     0.04347     0.06503     0.05812     0.00000     0.00000     0.00000     0.00000     0.00000     0.00000     0.00000     0.54907
    -6.88200     0.01232     0.06237     0.05528     0.08360     0.06327     0.05804     0.03731     0.05943     0.04900     0.00000     0.00000     0.00000     0.00000     0.00000     0.00000     0.00000     0.48061
    -6.83700     0.01603     0.07951     0.07702     0.10159     0.08549     0.07582     0.04635     0.08099     0.06148     0.00000     0.00000     0.00000     0.00000     0.00000     0.00000     0.00000     0.62430
    -6.79100     0.01226     0.06333     0.05730     0.08530     0.06926     0.05931     0.03713     0.06198     0.05242     0.00000     0.00000     0.00000     0.00000     0.00000     0.00000     0.00000     0.49828
    -6.74600     0.01465     0.07007     0.06830     0.09320     0.08072     0.07107     0.04209     0.07571     0.05954     0.00000     0.00000     0.00000     0.00000     0.00000     0.00000     0.00000     0.57535
    -6.70100     0.01547     0.06796     0.07104     0.09237     0.08089     0.07380     0.04210     0.07895     0.06234     0.00000     0.00000     0.00000     0.00000     0.00000     0.00000     0.00000     0.58493
    -6.65600     0.01353     0.06653     0.06424     0.08872     0.06939     0.06630     0.03936     0.07047     0.05741     0.00000     0.00000     0.00000     0.00000     0.00000     0.00000     0.00000     0.53594
    -6.61000     0.01677     0.07686     0.07637     0.10683     0.07967     0.07593     0.04362     0.08300     0.06699     0.00000     0.00000     0.00000     0.00000     0.00000     0.00000     0.00000     0.62604
    -6.56500     0.01213     0.06150     0.05101     0.08322     0.06064     0.05229     0.03544     0.05732     0.05166     0.00000     0.00000     0.00000     0.00000     0.00000     0.00000     0.00000     0.46520
    -6.52000     0.01685     0.07917     0.07332     0.10997     0.07835     0.07544     0.04460     0.07899     0.06853     0.00000     0.00000     0.00000     0.00000     0.00000     0.00000     0.00000     0.62521
    -6.47400     0.01142     0.05524     0.04861     0.07809     0.05916     0.05058     0.03366     0.05407     0.04548     0.00000     0.00000     0.00000     0.00000     0.00000     0.00000     0.00000     0.43630
    -6.42900     0.01673     0.07257     0.07071     0.09525     0.07649     0.07162     0.04243     0.07664     0.06095     0.00000     0.00000     0.00000     0.00000     0.00000     0.00000     0.00000     0.58338
    -6.38400     0.01426     0.06450     0.06511     0.08264     0.07009     0.06888     0.03894     0.07336     0.05483     0.00000     0.00000     0.00000     0.00000     0.00000     0.00000     0.00000     0.53262
    -6.33900     0.01382     0.06167     0.05888     0.07758     0.06738     0.06344     0.03793     0.06536     0.05123     0.00000     0.00000     0.00000     0.00000     0.00000     0.00000     0.00000     0.49727
    -6.29300     0.01435     0.06384     0.05985     0.07952     0.07384     0.06563     0.03738     0.07097     0.04974     0.00000     0.00000     0.00000     0.00000     0.00000     0.00000     0.00000     0.51511
    -6.24800     0.01066     0.05009     0.04722     0.06307     0.06075     0.05067     0.02993     0.05167     0.03888     0.00000     0.00000     0.00000     0.00000     0.00000     0.00000     0.00000     0.40293
    -6.20300     0.01631     0.07062     0.07438     0.09276     0.08447     0.07067     0.04222     0.08083     0.05493     0.00000     0.00000     0.00000     0.00000     0.00000     0.00000     0.00000     0.58720
    -6.15700     0.01012     0.04657     0.04452     0.05922     0.05439     0.04466     0.02850     0.04884     0.03848     0.00000     0.00000     0.00000     0.00000     0.00000     0.00000     0.00000     0.37529
    -6.11200     0.01716     0.07434     0.07528     0.09736     0.08798     0.07793     0.04441     0.07711     0.06302     0.00000     0.00000     0.00000     0.00000     0.00000     0.00000     0.00000     0.61459
    -6.06700     0.01226     0.05384     0.05596     0.07059     0.06551     0.05927     0.03102     0.05983     0.04781     0.00000     0.00000     0.00000     0.00000     0.00000     0.00000     0.00000     0.45609
    -6.02200     0.01318     0.05675     0.05401     0.07236     0.07099     0.05899     0.03749     0.06191     0.04762     0.00000     0.00000     0.00000     0.00000     0.00000     0.00000     0.00000     0.47330
    -5.97600     0.01309     0.05847     0.05727     0.07392     0.06547     0.06166     0.03383     0.06341     0.04560     0.00000     0.00000     0.00000     0.00000     0.00000     0.00000     0.00000     0.47272
    -5.93100     0.01259     0.05588     0.05510     0.07441     0.06610     0.06036     0.03296     0.05772     0.04260     0.00000     0.00000     0.00000     0.00000     0.00000     0.00000     0.00000     0.45771
    -5.88600     0.01014     0.04593     0.04142     0.06030     0.05340     0.04837     0.02753     0.04436     0.03521     0.00000     0.00000     0.00000     0.00000     0.00000     0.00000     0.00000     0.36667
    -5.84000     0.01365     0.05902     0.05720     0.07868     0.06523     0.06272     0.03512     0.06009     0.04833     0.00000     0.00000     0.00000     0.00000     0.00000     0.00000     0.00000     0.48003
    -5.79500     0.01364     0.06533     0.05427     0.08137     0.06572     0.06204     0.03564     0.05702     0.04693     0.00000     0.00000     0.00000     0.00000     0.00000     0.00000     0.00000     0.48196
    -5.75000     0.01531     0.06267     0.05984     0.08577     0.07176     0.06430     0.03582     0.06043     0.04509     0.00000     0.00000     0.00000     0.00000     0.00000     0.00000     0.00000     0.50099
    -5.70500     0.01276     0.05143     0.05308     0.06511     0.06046     0.05594     0.02935     0.05233     0.04089     0.00000     0.00000     0.00000     0.00000     0.00000     0.00000     0.00000     0.42134
    -5.65900     0.01624     0.06099     0.06475     0.08366     0.06998     0.06689     0.03383     0.06599     0.04610     0.00000     0.00000     0.00000     0.00000     0.00000     0.00000     0.00000     0.50842
    -5.61400     0.01337     0.05102     0.05868     0.07054     0.06168     0.05777     0.03089     0.05483     0.04084     0.00000     0.00000     0.00000     0.00000     0.00000     0.00000     0.00000     0.43962
    -5.56900     0.01510     0.05905     0.06543     0.08917     0.07325     0.06806     0.03399     0.06242     0.04449     0.00000     0.00000     0.00000     0.00000     0.00000     0.00000     0.00000     0.51096
    -5.52300     0.01359     0.05009     0.05874     0.07388     0.06607     0.05878     0.02706     0.05393     0.04076     0.00000     0.00000     0.00000     0.00000     0.00000     0.00000     0.00000     0.44289
    -5.47800     0.01471     0.05917     0.06294     0.07897     0.07260     0.06418     0.03059     0.06002     0.04648     0.00000     0.00000     0.00000     0.00000     0.00000     0.00000     0.00000     0.48967
    -5.43300     0.01380     0.05926     0.05889     0.07465     0.06683     0.05982     0.02699     0.05710     0.04386     0.00000     0.00000     0.00000     0.00000     0.00000     0.00000     0.00000     0.46120
    -5.38800     0.01383     0.05829     0.05527     0.06729     0.06303     0.05335     0.02911     0.05216     0.04111     0.00000     0.00000     0.00000     0.00000     0.00000     0.00000     0.00000     0.43343
    -5.34200     0.01424     0.05442     0.05789     0.06652     0.06338     0.05367     0.02728     0.05500     0.04011     0.00000     0.00000     0.00000     0.00000     0.00000     0.00000     0.00000     0.43251
    -5.29700     0.01618     0.06523     0.06522     0.07380     0.06991     0.06391     0.03024     0.06004     0.04594     0.00000     0.00000     0.00000     0.00000     0.00000     0.00000     0.00000     0.49048
    -5.25200     0.01489     0.05857     0.06174     0.06575     0.06785     0.05801     0.02936     0.05423     0.04158     0.00000     0.00000     0.00000     0.00000     0.00000     0.00000     0.00000     0.45198
    -5.20600     0.01568     0.06135     0.07012     0.07791     0.07389     0.06220     0.03110     0.05696     0.04580     0.00000     0.00000     0.00000     0.00000     0.00000     0.00000     0.00000     0.49502
    -5.16100     0.01509     0.05743     0.06925     0.07707     0.07543     0.06392     0.02924     0.05860     0.04457     0.00000     0.00000     0.00000     0.00000     0.00000     0.00000     0.00000     0.49059
    -5.11600     0.01232     0.05007     0.05652     0.06493     0.06120     0.05403     0.02330     0.04851     0.03671     0.00000     0.00000     0.00000     0.00000     0.00000     0.00000     0.00000     0.40759
    -5.07100     0.01362     0.05687     0.06346     0.07222     0.06961     0.05655     0.02840     0.05325     0.04255     0.00000     0.00000     0.00000     0.00000     0.00000     0.00000     0.00000     0.45654
    -5.02500     0.01429     0.05527     0.06679     0.07463     0.07525     0.06171     0.02610     0.05849     0.04026     0.00000     0.00000     0.00000     0.00000     0.00000     0.00000     0.00000     0.47279
    -4.98000     0.01416     0.05111     0.06364     0.07259     0.06783     0.06034     0.02947     0.05576     0.04045     0.00000     0.00000     0.00000     0.00000     0.00000     0.00000     0.00000     0.45534
    -4.93500     0.01257     0.04603     0.05969     0.07005     0.07064     0.06156     0.02614     0.05486     0.03739     0.00000     0.00000     0.00000     0.00000     0.00000     0.00000     0.00000     0.43893
    -4.88900     0.01287     0.04834     0.05825     0.06376     0.06907     0.05671     0.02741     0.05256     0.03831     0.00000     0.00000     0.00000     0.00000     0.00000     0.00000     0.00000     0.42727
    -4.84400     0.01341     0.04876     0.06534     0.06623     0.06948     0.06011     0.02573     0.05472     0.03838     0.00000     0.00000     0.00000     0.00000     0.00000     0.00000     0.00000     0.44217
    -4.79900     0.01424     0.05009     0.06999     0.06916     0.07177     0.06156     0.02780     0.05486     0.03754     0.00000     0.00000     0.00000     0.00000     0.00000     0.00000     0.00000     0.45701
    -4.75400     0.01441     0.04848     0.06651     0.06748     0.07120     0.05865     0.02696     0.05599     0.03685     0.00000     0.00000     0.00000     0.00000     0.00000     0.00000     0.00000     0.44653
    -4.70800     0.01433     0.05029     0.06525     0.06392     0.07249     0.05935     0.02546     0.05426     0.03820     0.00000     0.00000     0.00000     0.00000     0.00000     0.00000     0.00000     0.44356
    -4.66300     0.01232     0.04498     0.05964     0.05650     0.06239     0.05741     0.02184     0.05001     0.03224     0.00000     0.00000     0.00000     0.00000     0.00000     0.00000     0.00000     0.39732
    -4.61800     0.01216     0.04433     0.05909     0.05316     0.06055     0.05691     0.02150     0.04856     0.03119     0.00000     0.00000     0.00000     0.00000     0.00000     0.00000     0.00000     0.38744
    -4.57200     0.01473     0.05489     0.07120     0.06322     0.06876     0.06792     0.02567     0.06036     0.03925     0.00000     0.00000     0.00000     0.00000     0.00000     0.00000     0.00000     0.46600
    -4.52700     0.01463     0.05941     0.07588     0.06832     0.07021     0.06974     0.02517     0.06162     0.03802     0.00000     0.00000     0.00000     0.00000     0.00000     0.00000     0.00000     0.48298
    -4.48200     0.01193     0.04912     0.06436     0.05420     0.05716     0.05543     0.02110     0.04861     0.03240     0.00000     0.00000     0.00000     0.00000     0.00000     0.00000     0.00000     0.39432
    -4.43700     0.01334     0.05389     0.07148     0.05917     0.06334     0.06426     0.02294     0.05848     0.03539     0.00000     0.00000     0.00000     0.00000     0.00000     0.00000     0.00000     0.44229
    -4.39100     0.01351     0.05460     0.06800     0.05960     0.06383     0.06400     0.02233     0.05945     0.03400     0.00000     0.00000     0.00000     0.00000     0.00000     0.00000     0.00000     0.43932
    -4.34600     0.01480     0.05937     0.07217     0.06335     0.07265     0.07082     0.02391     0.06693     0.04051     0.00000     0.00000     0.00000     0.00000     0.00000     0.00000     0.00000     0.48451
    -4.30100     0.01406     0.05698     0.07305     0.05646     0.06365     0.06516     0.02359     0.06146     0.03517     0.00000     0.00000     0.00000     0.00000     0.00000     0.00000     0.00000     0.44958
    -4.25500     0.01393     0.05362     0.07055     0.05548     0.06149     0.06311     0.02449     0.06096     0.03222     0.00000     0.00000     0.00000     0.00000     0.00000     0.00000     0.00000     0.43585
    -4.21000     0.01245     0.04979     0.06842     0.05207     0.05754     0.05859     0.02440     0.05608     0.03102     0.00000     0.00000     0.00000     0.00000     0.00000     0.00000     0.00000     0.41036
    -4.16500     0.01300     0.05249     0.06538     0.05420     0.05923     0.05993     0.02327     0.05895     0.03210     0.00000     0.00000     0.00000     0.00000     0.00000     0.00000     0.00000     0.41856
    -4.12000     0.01335     0.04914     0.06227     0.05180     0.05610     0.05529     0.02304     0.05617     0.02956     0.00000     0.00000     0.00000     0.00000     0.00000     0.00000     0.00000     0.39672
    -4.07400     0.01313     0.05125     0.06262     0.05257     0.05855     0.05529     0.02410     0.05789     0.02853     0.00000     0.00000     0.00000     0.00000     0.00000     0.00000     0.00000     0.40393
    -4.02900     0.01455     0.05757     0.06622     0.05670     0.06268     0.05799     0.02514     0.05850     0.03014     0.00000     0.00000     0.00000     0.00000     0.00000     0.00000     0.00000     0.42950
    -3.98400     0.01272     0.05325     0.06428     0.05014     0.05887     0.05380     0.02312     0.05133     0.02731     0.00000     0.00000     0.00000     0.00000     0.00000     0.00000     0.00000     0.39481
    -3.93900     0.01301     0.05382     0.07209     0.05468     0.06454     0.05712     0.02485     0.05252     0.03027     0.00000     0.00000     0.00000     0.00000     0.00000     0.00000     0.00000     0.42292
    -3.89300     0.01203     0.05193     0.06767     0.05448     0.05772     0.05184     0.02349     0.05070     0.02839     0.00000     0.00000     0.00000     0.00000     0.00000     0.00000     0.00000     0.39825
    -3.84800     0.01340     0.05803     0.07175     0.05718     0.06214     0.05510     0.02550     0.05429     0.03050     0.00000     0.00000     0.00000     0.00000     0.00000     0.00000     0.00000     0.42788
    -3.80300     0.01309     0.05749     0.06515     0.05656     0.05623     0.05376     0.02418     0.05008     0.03050     0.00000     0.00000     0.00000     0.00000     0.00000     0.00000     0.00000     0.40704
    -3.75700     0.01392     0.06140     0.06745     0.05474     0.06004     0.05397     0.02507     0.05199     0.03106     0.00000     0.00000     0.00000     0.00000     0.00000     0.00000     0.00000     0.41965
    -3.71200     0.01369     0.05875     0.06745     0.05243     0.05468     0.05220     0.02534     0.04948     0.02929     0.00000     0.00000     0.00000     0.00000     0.00000     0.00000     0.00000     0.40331
    -3.66700     0.01355     0.05993     0.06680     0.05227     0.05450     0.05371     0.02534     0.04888     0.03092     0.00000     0.00000     0.00000     0.00000     0.00000     0.00000     0.00000     0.40591
    -3.62200     0.01351     0.05831     0.06925     0.05464     0.05439     0.05413     0.02612     0.05145     0.03112     0.00000     0.00000     0.00000     0.00000     0.00000     0.00000     0.00000     0.41291
    -3.57600     0.01381     0.05956     0.06943     0.05678     0.05485     0.05547     0.02663     0.05289     0.03158     0.00000     0.00000     0.00000     0.00000     0.00000     0.00000     0.00000     0.42100
    -3.53100     0.01326     0.05631     0.06901     0.05401     0.05317     0.05163     0.02569     0.05172     0.03026     0.00000     0.00000     0.00000     0.00000     0.00000     0.00000     0.00000     0.40505
    -3.48600     0.01355     0.05759     0.06860     0.05387     0.05303     0.05185     0.02601     0.05307     0.02873     0.00000     0.00000     0.00000     0.00000     0.00000     0.00000     0.00000     0.40631
    -3.44000     0.01295     0.05326     0.06723     0.05153     0.05072     0.04908     0.02514     0.04847     0.02685     0.00000     0.00000     0.00000     0.00000     0.00000     0.00000     0.00000     0.38522
    -3.39500     0.01373     0.06094     0.07489     0.05899     0.05854     0.05390     0.02811     0.05211     0.03087     0.00000     0.00000     0.00000     0.00000     0.00000     0.00000     0.00000     0.43208
    -3.35000     0.01340     0.05911     0.07170     0.05608     0.05560     0.05066     0.02653     0.04951     0.02814     0.00000     0.00000     0.00000     0.00000     0.00000     0.00000     0.00000     0.41073
    -3.30500     0.01472     0.06677     0.07954     0.06222     0.06116     0.05528     0.03007     0.05551     0.03097     0.00000     0.00000     0.00000     0.00000     0.00000     0.00000     0.00000     0.45625
    -3.25900     0.01363     0.06341     0.07571     0.05933     0.05695     0.05278     0.02766     0.05399     0.02820     0.00000     0.00000     0.00000     0.00000     0.00000     0.00000     0.00000     0.43167
    -3.21400     0.01457     0.06118     0.07218     0.06094     0.05853     0.05006     0.02763     0.05463     0.02891     0.00000     0.00000     0.00000     0.00000     0.00000     0.00000     0.00000     0.42863
    -3.16900     0.01496     0.06134     0.07569     0.06130     0.05931     0.04843     0.02868     0.05286     0.03113     0.00000     0.00000     0.00000     0.00000     0.00000     0.00000     0.00000     0.43370
    -3.12300     0.01346     0.05983     0.07462     0.05704     0.05677     0.04546     0.02651     0.04892     0.02737     0.00000     0.00000     0.00000     0.00000     0.00000     0.00000     0.00000     0.40998
    -3.07800     0.01251     0.05605     0.06893     0.05449     0.05255     0.04156     0.02419     0.04339     0.02694     0.00000     0.00000     0.00000     0.00000     0.00000     0.00000     0.00000     0.38060
    -3.03300     0.01353     0.06118     0.07280     0.06136     0.05716     0.04458     0.02565     0.04680     0.02757     0.00000     0.00000     0.00000     0.00000     0.00000     0.00000     0.00000     0.41066
    -2.98800     0.01480     0.07054     0.08485     0.06859     0.06197     0.04835     0.02946     0.05344     0.03035     0.00000     0.00000     0.00000     0.00000     0.00000     0.00000     0.00000     0.46235
    -2.94200     0.01340     0.06845     0.07990     0.06133     0.05475     0.04446     0.02672     0.05061     0.02819     0.00000     0.00000     0.00000     0.00000     0.00000     0.00000     0.00000     0.42781
    -2.89700     0.01360     0.06785     0.08096     0.05561     0.05166     0.04363     0.02579     0.05072     0.02575     0.00000     0.00000     0.00000     0.00000     0.00000     0.00000     0.00000     0.41557
    -2.85200     0.01453     0.07160     0.08058     0.06004     0.05430     0.04269     0.02670     0.05342     0.02620     0.00000     0.00000     0.00000     0.00000     0.00000     0.00000     0.00000     0.43006
    -2.80600     0.01250     0.06438     0.06931     0.05036     0.04737     0.03602     0.02305     0.04756     0.02249     0.00000     0.00000     0.00000     0.00000     0.00000     0.00000     0.00000     0.37305
    -2.76100     0.01364     0.07245     0.07730     0.05923     0.05318     0.03843     0.02526     0.05062     0.02585     0.00000     0.00000     0.00000     0.00000     0.00000     0.00000     0.00000     0.41597
    -2.71600     0.01363     0.07147     0.08203     0.05730     0.05143     0.03871     0.02482     0.05038     0.02637     0.00000     0.00000     0.00000     0.00000     0.00000     0.00000     0.00000     0.41614
    -2.67100     0.01270     0.06706     0.07386     0.05207     0.04759     0.03558     0.02302     0.04672     0.02404     0.00000     0.00000     0.00000     0.00000     0.00000     0.00000     0.00000     0.38264
    -2.62500     0.01347     0.06938     0.07160     0.05197     0.04954     0.03705     0.02298     0.04727     0.02373     0.00000     0.00000     0.00000     0.00000     0.00000     0.00000     0.00000     0.38698
    -2.58000     0.01313     0.06350     0.06894     0.04820     0.04612     0.03497     0.02257     0.04505     0.02258     0.00000     0.00000     0.00000     0.00000     0.00000     0.00000     0.00000     0.36507
    -2.53500     0.01296     0.06511     0.07124     0.04853     0.04543     0.03469     0.02234     0.04357     0.02244     0.00000     0.00000     0.00000     0.00000     0.00000     0.00000     0.00000     0.36631
    -2.48900     0.01128     0.05688     0.06845     0.04403     0.04083     0.03231     0.02098     0.03882     0.01946     0.00000     0.00000     0.00000     0.00000     0.00000     0.00000     0.00000     0.33305
    -2.44400     0.01349     0.06261     0.06450     0.05227     0.04552     0.03629     0.02174     0.04283     0.02169     0.00000     0.00000     0.00000     0.00000     0.00000     0.00000     0.00000     0.36094
    -2.39900     0.01129     0.05550     0.05907     0.04246     0.04132     0.03063     0.01913     0.03856     0.01909     0.00000     0.00000     0.00000     0.00000     0.00000     0.00000     0.00000     0.31706
    -2.35400     0.01425     0.07270     0.06865     0.05394     0.05308     0.03698     0.02279     0.04620     0.02362     0.00000     0.00000     0.00000     0.00000     0.00000     0.00000     0.00000     0.39221
    -2.30800     0.01243     0.06559     0.05973     0.04635     0.04624     0.03355     0.01916     0.04075     0.02063     0.00000     0.00000     0.00000     0.00000     0.00000     0.00000     0.00000     0.34443
    -2.26300     0.01430     0.06987     0.06661     0.04944     0.05251     0.03493     0.02316     0.04538     0.02355     0.00000     0.00000     0.00000     0.00000     0.00000     0.00000     0.00000     0.37974
    -2.21800     0.01294     0.06634     0.06488     0.04587     0.05025     0.03192     0.02256     0.04119     0.02165     0.00000     0.00000     0.00000     0.00000     0.00000     0.00000     0.00000     0.35759
    -2.17200     0.01169     0.05985     0.05488     0.04181     0.04374     0.02931     0.01964     0.03749     0.01918     0.00000     0.00000     0.00000     0.00000     0.00000     0.00000     0.00000     0.31758
    -2.12700     0.01181     0.06511     0.05869     0.04457     0.04580     0.03097     0.01991     0.03863     0.02091     0.00000     0.00000     0.00000     0.00000     0.00000     0.00000     0.00000     0.33639
    -2.08200     0.01065     0.06031     0.05472     0.04206     0.04383     0.02966     0.01902     0.03574     0.01925     0.00000     0.00000     0.00000     0.00000     0.00000     0.00000     0.00000     0.31525
    -2.03700     0.00983     0.05523     0.05047     0.03885     0.04021     0.02831     0.01896     0.03296     0.01828     0.00000     0.00000     0.00000     0.00000     0.00000     0.00000     0.00000     0.29310
    -1.99100     0.01198     0.06035     0.05796     0.04467     0.04560     0.03239     0.02220     0.03793     0.02189     0.00000     0.00000     0.00000     0.00000     0.00000     0.00000     0.00000     0.33497
    -1.94600     0.01120     0.05708     0.05610     0.04522     0.04392     0.03031     0.02133     0.03757     0.02058     0.00000     0.00000     0.00000     0.00000     0.00000     0.00000     0.00000     0.32332
    -1.90100     0.01107     0.06037     0.05135     0.04578     0.04307     0.03105     0.02000     0.03858     0.02188     0.00000     0.00000     0.00000     0.00000     0.00000     0.00000     0.00000     0.32315
    -1.85500     0.00979     0.05911     0.05498     0.04557     0.03996     0.03137     0.02120     0.03709     0.02040     0.00000     0.00000     0.00000     0.00000     0.00000     0.00000     0.00000     0.31948
    -1.81000     0.00981     0.05820     0.05131     0.04373     0.03703     0.03140     0.02076     0.03462     0.02044     0.00000     0.00000     0.00000     0.00000     0.00000     0.00000     0.00000     0.30729
    -1.76500     0.00990     0.05853     0.05401     0.04255     0.03823     0.03094     0.02143     0.03485     0.02206     0.00000     0.00000     0.00000     0.00000     0.00000     0.00000     0.00000     0.31248
    -1.72000     0.00969     0.05425     0.05102     0.04034     0.03443     0.02764     0.01988     0.03180     0.02092     0.00000     0.00000     0.00000     0.00000     0.00000     0.00000     0.00000     0.28998
    -1.67400     0.00982     0.05260     0.04716     0.03778     0.03171     0.02520     0.01870     0.03078     0.01991     0.00000     0.00000     0.00000     0.00000     0.00000     0.00000     0.00000     0.27367
    -1.62900     0.01085     0.05954     0.04982     0.04290     0.03544     0.02855     0.02076     0.03590     0.02075     0.00000     0.00000     0.00000     0.00000     0.00000     0.00000     0.00000     0.30452
    -1.58400     0.01115     0.05642     0.04944     0.04218     0.03423     0.02872     0.02089     0.03446     0.01931     0.00000     0.00000     0.00000     0.00000     0.00000     0.00000     0.00000     0.29680
    -1.53800     0.01330     0.06716     0.06120     0.05132     0.04123     0.03417     0.02563     0.03799     0.02359     0.00000     0.00000     0.00000     0.00000     0.00000     0.00000     0.00000     0.35559
    -1.49300     0.00995     0.05043     0.04436     0.03765     0.02993     0.02423     0.01851     0.02781     0.01852     0.00000     0.00000     0.00000     0.00000     0.00000     0.00000     0.00000     0.26138
    -1.44800     0.01222     0.06574     0.05702     0.04835     0.03603     0.02968     0.02328     0.03225     0.02576     0.00000     0.00000     0.00000     0.00000     0.00000     0.00000     0.00000     0.33033
    -1.40300     0.01166     0.05809     0.04949     0.04309     0.03608     0.02623     0.02113     0.02822     0.02120     0.00000     0.00000     0.00000     0.00000     0.00000     0.00000     0.00000     0.29520
    -1.35700     0.01090     0.05746     0.05096     0.04448     0.03781     0.02817     0.02139     0.02917     0.01983     0.00000     0.00000     0.00000     0.00000     0.00000     0.00000     0.00000     0.30016
    -1.31200     0.01212     0.06090     0.05389     0.04691     0.03771     0.02990     0.02317     0.03030     0.02026     0.00000     0.00000     0.00000     0.00000     0.00000     0.00000     0.00000     0.31516
    -1.26700     0.01221     0.05859     0.04864     0.04338     0.03577     0.02616     0.02253     0.02885     0.01932     0.00000     0.00000     0.00000     0.00000     0.00000     0.00000     0.00000     0.29544
    -1.22100     0.01102     0.04660     0.03988     0.03873     0.03133     0.02168     0.02066     0.02433     0.01593     0.00000     0.00000     0.00000     0.00000     0.00000     0.00000     0.00000     0.25017
    -1.17600     0.01420     0.05748     0.05103     0.04945     0.03943     0.02862     0.02615     0.03165     0.01905     0.00000     0.00000     0.00000     0.00000     0.00000     0.00000     0.00000     0.31707
    -1.13100     0.01274     0.05049     0.04357     0.04746     0.03228     0.02350     0.02218     0.02648     0.01740     0.00000     0.00000     0.00000     0.00000     0.00000     0.00000     0.00000     0.27611
    -1.08600     0.01132     0.04735     0.04110     0.04278     0.02958     0.02126     0.01965     0.02499     0.01632     0.00000     0.00000     0.00000     0.00000     0.00000     0.00000     0.00000     0.25435
    -1.04000     0.01253     0.05444     0.04276     0.04648     0.03107     0.02204     0.02150     0.02740     0.01882     0.00000     0.00000     0.00000     0.00000     0.00000     0.00000     0.00000     0.27704
    -0.99500     0.01208     0.04953     0.04254     0.04921     0.02990     0.02195     0.02110     0.02548     0.01836     0.00000     0.00000     0.00000     0.00000     0.00000     0.00000     0.00000     0.27015
    -0.95000     0.01304     0.05668     0.04500     0.05232     0.03196     0.02534     0.02468     0.02811     0.02196     0.00000     0.00000     0.00000     0.00000     0.00000     0.00000     0.00000     0.29909
    -0.90400     0.01174     0.04586     0.03651     0.04545     0.02770     0.02102     0.02087     0.02354     0.02028     0.00000     0.00000     0.00000     0.00000     0.00000     0.00000     0.00000     0.25298
    -0.85900     0.01213     0.04840     0.03948     0.05177     0.02975     0.02284     0.02294     0.02442     0.02157     0.00000     0.00000     0.00000     0.00000     0.00000     0.00000     0.00000     0.27330
    -0.81400     0.01118     0.04909     0.04335     0.04931     0.03135     0.02353     0.02374     0.02511     0.02035     0.00000     0.00000     0.00000     0.00000     0.00000     0.00000     0.00000     0.27700
    -0.76900     0.01130     0.04582     0.03752     0.04152     0.02879     0.02074     0.02175     0.02330     0.01960     0.00000     0.00000     0.00000     0.00000     0.00000     0.00000     0.00000     0.25034
    -0.72300     0.01290     0.05015     0.04144     0.04563     0.03193     0.02333     0.02645     0.02607     0.02269     0.00000     0.00000     0.00000     0.00000     0.00000     0.00000     0.00000     0.28060
    -0.67800     0.01108     0.04754     0.04551     0.04551     0.02940     0.02305     0.02486     0.02458     0.02075     0.00000     0.00000     0.00000     0.00000     0.00000     0.00000     0.00000     0.27228
    -0.63300     0.01348     0.04854     0.04383     0.04167     0.02988     0.02188     0.02584     0.02521     0.02112     0.00000     0.00000     0.00000     0.00000     0.00000     0.00000     0.00000     0.27145
    -0.58800     0.01063     0.04144     0.03927     0.03620     0.02671     0.02098     0.02319     0.02193     0.01728     0.00000     0.00000     0.00000     0.00000     0.00000     0.00000     0.00000     0.23763
    -0.54200     0.01274     0.05093     0.04679     0.04166     0.03334     0.02645     0.02769     0.02622     0.01965     0.00000     0.00000     0.00000     0.00000     0.00000     0.00000     0.00000     0.28548
    -0.49700     0.01276     0.04673     0.04255     0.03997     0.02836     0.02377     0.02563     0.02369     0.02111     0.00000     0.00000     0.00000     0.00000     0.00000     0.00000     0.00000     0.26458
    -0.45200     0.01266     0.04763     0.04734     0.04114     0.03143     0.02662     0.02704     0.02641     0.02315     0.00000     0.00000     0.00000     0.00000     0.00000     0.00000     0.00000     0.28341
    -0.40600     0.01181     0.04221     0.04356     0.03694     0.02805     0.02411     0.02472     0.02256     0.01996     0.00000     0.00000     0.00000     0.00000     0.00000     0.00000     0.00000     0.25394
    -0.36100     0.01078     0.03846     0.03850     0.03461     0.02444     0.02002     0.02353     0.01945     0.01795     0.00000     0.00000     0.00000     0.00000     0.00000     0.00000     0.00000     0.22774
    -0.31600     0.01123     0.03738     0.03538     0.03398     0.02461     0.01850     0.02390     0.01757     0.01813     0.00000     0.00000     0.00000     0.00000     0.00000     0.00000     0.00000     0.22068
    -0.27100     0.00988     0.03881     0.04485     0.03888     0.02623     0.01953     0.02627     0.01907     0.01874     0.00000     0.00000     0.00000     0.00000     0.00000     0.00000     0.00000     0.24227
    -0.22500     0.00934     0.03588     0.03716     0.03303     0.02425     0.01732     0.02334     0.01599     0.01684     0.00000     0.00000     0.00000     0.00000     0.00000     0.00000     0.00000     0.21315
    -0.18000     0.00914     0.03503     0.03480     0.03179     0.02329     0.01632     0.02308     0.01386     0.01642     0.00000     0.00000     0.00000     0.00000     0.00000     0.00000     0.00000     0.20374
    -0.13500     0.00945     0.03824     0.04126     0.03562     0.02491     0.01787     0.02480     0.01467     0.01780     0.00000     0.00000     0.00000     0.00000     0.00000     0.00000     0.00000     0.22461
    -0.08900     0.00849     0.03344     0.03640     0.03099     0.02257     0.01581     0.02101     0.01308     0.01522     0.00000     0.00000     0.00000     0.00000     0.00000     0.00000     0.00000     0.19701
    -0.04400     0.01216     0.04579     0.04940     0.04146     0.03287     0.02279     0.02810     0.01814     0.02048     0.00000     0.00000     0.00000     0.00000     0.00000     0.00000     0.00000     0.27118
     0.00100     0.01194     0.04732     0.05008     0.04310     0.03120     0.02274     0.02833     0.01884     0.01929     0.00000     0.00000     0.00000     0.00000     0.00000     0.00000     0.00000     0.27282
     0.04600     0.01075     0.03980     0.04304     0.03686     0.02792     0.01966     0.02608     0.01880     0.01795     0.00000     0.00000     0.00000     0.00000     0.00000     0.00000     0.00000     0.24085
     0.09200     0.01594     0.05971     0.06016     0.05950     0.04198     0.03019     0.03687     0.02685     0.02681     0.00000     0.00000     0.00000     0.00000     0.00000     0.00000     0.00000     0.35801
     0.13700     0.01049     0.04782     0.04256     0.04559     0.02988     0.02283     0.02752     0.01950     0.02255     0.00000     0.00000     0.00000     0.00000     0.00000     0.00000     0.00000     0.26874
     0.18200     0.01520     0.05543     0.05618     0.05154     0.03605     0.02960     0.03401     0.02502     0.02844     0.00000     0.00000     0.00000     0.00000     0.00000     0.00000     0.00000     0.33148
     0.22800     0.01112     0.05015     0.04238     0.04455     0.03026     0.02423     0.02955     0.02061     0.02544     0.00000     0.00000     0.00000     0.00000     0.00000     0.00000     0.00000     0.27829
     0.27300     0.01151     0.04761     0.04549     0.04442     0.03044     0.02598     0.03131     0.02135     0.02650     0.00000     0.00000     0.00000     0.00000     0.00000     0.00000     0.00000     0.28460
     0.31800     0.01439     0.05347     0.05492     0.04695     0.03540     0.03094     0.03603     0.02536     0.02898     0.00000     0.00000     0.00000     0.00000     0.00000     0.00000     0.00000     0.32643
     0.36300     0.01124     0.04579     0.04253     0.04381     0.02843     0.02551     0.02994     0.02120     0.02340     0.00000     0.00000     0.00000     0.00000     0.00000     0.00000     0.00000     0.27185
     0.40900     0.01325     0.04959     0.05090     0.04669     0.03257     0.03027     0.03446     0.02394     0.02739     0.00000     0.00000     0.00000     0.00000     0.00000     0.00000     0.00000     0.30905
     0.45400     0.01775     0.05593     0.05462     0.05755     0.04176     0.03567     0.03987     0.02857     0.03423     0.00000     0.00000     0.00000     0.00000     0.00000     0.00000     0.00000     0.36595
     0.49900     0.01344     0.05017     0.04631     0.04911     0.03225     0.03053     0.03302     0.02640     0.02884     0.00000     0.00000     0.00000     0.00000     0.00000     0.00000     0.00000     0.31007
     0.54500     0.01487     0.05562     0.04680     0.05284     0.03310     0.03430     0.03428     0.02815     0.03030     0.00000     0.00000     0.00000     0.00000     0.00000     0.00000     0.00000     0.33026
     0.59000     0.01757     0.05501     0.04659     0.05627     0.03689     0.03601     0.03617     0.03068     0.03187     0.00000     0.00000     0.00000     0.00000     0.00000     0.00000     0.00000     0.34706
     0.63500     0.01756     0.05850     0.05164     0.06179     0.03723     0.03802     0.03936     0.03268     0.03392     0.00000     0.00000     0.00000     0.00000     0.00000     0.00000     0.00000     0.37070
     0.68000     0.01646     0.04885     0.04567     0.05320     0.03316     0.03311     0.03329     0.02887     0.02787     0.00000     0.00000     0.00000     0.00000     0.00000     0.00000     0.00000     0.32046
     0.72600     0.01629     0.05204     0.04115     0.05500     0.03419     0.03405     0.03454     0.02935     0.03165     0.00000     0.00000     0.00000     0.00000     0.00000     0.00000     0.00000     0.32827
     0.77100     0.01316     0.04178     0.03828     0.05045     0.02960     0.02972     0.02725     0.02532     0.02708     0.00000     0.00000     0.00000     0.00000     0.00000     0.00000     0.00000     0.28264
     0.81600     0.01432     0.04784     0.04075     0.05695     0.03421     0.03303     0.02925     0.02963     0.03160     0.00000     0.00000     0.00000     0.00000     0.00000     0.00000     0.00000     0.31759
     0.86200     0.01396     0.04716     0.04222     0.05585     0.03361     0.03335     0.02919     0.03009     0.03265     0.00000     0.00000     0.00000     0.00000     0.00000     0.00000     0.00000     0.31808
     0.90700     0.01476     0.04977     0.04286     0.05574     0.03320     0.03354     0.02986     0.03224     0.03459     0.00000     0.00000     0.00000     0.00000     0.00000     0.00000     0.00000     0.32656
     0.95200     0.01659     0.05871     0.04886     0.05817     0.04203     0.03921     0.03444     0.03587     0.04069     0.00000     0.00000     0.00000     0.00000     0.00000     0.00000     0.00000     0.37457
     0.99700     0.01635     0.05724     0.04820     0.05519     0.04115     0.04027     0.03271     0.03805     0.03888     0.00000     0.00000     0.00000     0.00000     0.00000     0.00000     0.00000     0.36803
     1.04300     0.01543     0.05072     0.04484     0.04916     0.04009     0.03794     0.02986     0.03466     0.03406     0.00000     0.00000     0.00000     0.00000     0.00000     0.00000     0.00000     0.33676
     1.08800     0.01739     0.05749     0.05334     0.05092     0.04154     0.04624     0.03232     0.03813     0.03807     0.00000     0.00000     0.00000     0.00000     0.00000     0.00000     0.00000     0.37545
     1.13300     0.01461     0.05034     0.04157     0.04642     0.03839     0.04092     0.02757     0.03201     0.03083     0.00000     0.00000     0.00000     0.00000     0.00000     0.00000     0.00000     0.32266
     1.17900     0.01778     0.05443     0.05081     0.05132     0.04275     0.04389     0.03322     0.03834     0.03652     0.00000     0.00000     0.00000     0.00000     0.00000     0.00000     0.00000     0.36906
     1.22400     0.02015     0.06049     0.05280     0.05630     0.04359     0.04589     0.03620     0.04057     0.04242     0.00000     0.00000     0.00000     0.00000     0.00000     0.00000     0.00000     0.39841
     1.26900     0.02210     0.06848     0.06051     0.06259     0.05132     0.05052     0.03901     0.04269     0.04460     0.00000     0.00000     0.00000     0.00000     0.00000     0.00000     0.00000     0.44182
     1.31400     0.01797     0.05766     0.04811     0.05092     0.04017     0.04209     0.03179     0.03675     0.03638     0.00000     0.00000     0.00000     0.00000     0.00000     0.00000     0.00000     0.36185
     1.36000     0.02145     0.06397     0.05750     0.05653     0.04718     0.04988     0.03645     0.04311     0.04223     0.00000     0.00000     0.00000     0.00000     0.00000     0.00000     0.00000     0.41830
     1.40500     0.02044     0.06320     0.05710     0.05935     0.04508     0.04870     0.03753     0.04163     0.04205     0.00000     0.00000     0.00000     0.00000     0.00000     0.00000     0.00000     0.41508
     1.45000     0.02310     0.06704     0.06042     0.06401     0.04840     0.05251     0.04101     0.04327     0.04565     0.00000     0.00000     0.00000     0.00000     0.00000     0.00000     0.00000     0.44541
     1.49600     0.01932     0.05482     0.05416     0.05475     0.03842     0.04392     0.03511     0.03767     0.03629     0.00000     0.00000     0.00000     0.00000     0.00000     0.00000     0.00000     0.37446
     1.54100     0.02384     0.06321     0.05907     0.06231     0.04445     0.04835     0.03946     0.04450     0.04003     0.00000     0.00000     0.00000     0.00000     0.00000     0.00000     0.00000     0.42522
     1.58600     0.02183     0.06190     0.05643     0.05710     0.04017     0.04734     0.03763     0.04619     0.03867     0.00000     0.00000     0.00000     0.00000     0.00000     0.00000     0.00000     0.40726
     1.63100     0.02534     0.07239     0.06730     0.06794     0.04891     0.05593     0.04507     0.05423     0.04582     0.00000     0.00000     0.00000     0.00000     0.00000     0.00000     0.00000     0.48292
     1.67700     0.02126     0.06000     0.06249     0.05999     0.04170     0.04976     0.03959     0.05096     0.03827     0.00000     0.00000     0.00000     0.00000     0.00000     0.00000     0.00000     0.42402
     1.72200     0.02722     0.07660     0.07485     0.07321     0.05316     0.06263     0.05085     0.06569     0.05042     0.00000     0.00000     0.00000     0.00000     0.00000     0.00000     0.00000     0.53462
     1.76700     0.02530     0.07399     0.07083     0.06884     0.05447     0.05605     0.04582     0.05712     0.04720     0.00000     0.00000     0.00000     0.00000     0.00000     0.00000     0.00000     0.49962
     1.81300     0.02073     0.05783     0.05666     0.05518     0.04523     0.04371     0.03935     0.04863     0.03617     0.00000     0.00000     0.00000     0.00000     0.00000     0.00000     0.00000     0.40348
     1.85800     0.02490     0.07210     0.07166     0.07223     0.05604     0.05435     0.04891     0.05961     0.04511     0.00000     0.00000     0.00000     0.00000     0.00000     0.00000     0.00000     0.50491
     1.90300     0.02310     0.06595     0.06055     0.06292     0.05085     0.04731     0.04381     0.05380     0.04052     0.00000     0.00000     0.00000     0.00000     0.00000     0.00000     0.00000     0.44880
     1.94800     0.02338     0.06649     0.06448     0.06479     0.05220     0.04695     0.04374     0.05678     0.04121     0.00000     0.00000     0.00000     0.00000     0.00000     0.00000     0.00000     0.46001
     1.99400     0.01947     0.05572     0.05760     0.05237     0.04447     0.04325     0.03710     0.04962     0.03648     0.00000     0.00000     0.00000     0.00000     0.00000     0.00000     0.00000     0.39607
     2.03900     0.02259     0.06407     0.06818     0.05745     0.05156     0.05143     0.04228     0.05750     0.04129     0.00000     0.00000     0.00000     0.00000     0.00000     0.00000     0.00000     0.45635
     2.08400     0.02375     0.06274     0.07067     0.05941     0.05334     0.05229     0.04604     0.05469     0.03856     0.00000     0.00000     0.00000     0.00000     0.00000     0.00000     0.00000     0.46148
     2.13000     0.02683     0.07081     0.07458     0.06494     0.05494     0.05542     0.04701     0.05823     0.04206     0.00000     0.00000     0.00000     0.00000     0.00000     0.00000     0.00000     0.49483
     2.17500     0.02634     0.07003     0.07460     0.06320     0.05614     0.05598     0.04518     0.05970     0.04229     0.00000     0.00000     0.00000     0.00000     0.00000     0.00000     0.00000     0.49346
     2.22000     0.02382     0.06286     0.06722     0.05694     0.05266     0.05260     0.04131     0.05434     0.03887     0.00000     0.00000     0.00000     0.00000     0.00000     0.00000     0.00000     0.45063
     2.26500     0.02494     0.06936     0.06904     0.05993     0.05559     0.05381     0.04371     0.05419     0.04047     0.00000     0.00000     0.00000     0.00000     0.00000     0.00000     0.00000     0.47104
     2.31100     0.02432     0.07089     0.06994     0.06031     0.05455     0.05589     0.04425     0.05385     0.04159     0.00000     0.00000     0.00000     0.00000     0.00000     0.00000     0.00000     0.47559
     2.35600     0.02378     0.06554     0.07013     0.05871     0.05618     0.05525     0.04288     0.05447     0.04397     0.00000     0.00000     0.00000     0.00000     0.00000     0.00000     0.00000     0.47089
     2.40100     0.02294     0.06934     0.07076     0.05951     0.06015     0.05484     0.04400     0.05747     0.04218     0.00000     0.00000     0.00000     0.00000     0.00000     0.00000     0.00000     0.48118
     2.44700     0.02286     0.06171     0.06431     0.05235     0.05356     0.04877     0.04051     0.05285     0.03955     0.00000     0.00000     0.00000     0.00000     0.00000     0.00000     0.00000     0.43647
     2.49200     0.03045     0.07709     0.08252     0.06307     0.06517     0.06184     0.05137     0.05987     0.04859     0.00000     0.00000     0.00000     0.00000     0.00000     0.00000     0.00000     0.53997
     2.53700     0.02686     0.07002     0.07762     0.05811     0.05993     0.05117     0.04682     0.05248     0.04135     0.00000     0.00000     0.00000     0.00000     0.00000     0.00000     0.00000     0.48435
     2.58200     0.02542     0.06567     0.07090     0.05736     0.05775     0.04785     0.04486     0.05373     0.03995     0.00000     0.00000     0.00000     0.00000     0.00000     0.00000     0.00000     0.46347
     2.62800     0.02748     0.07161     0.07529     0.06209     0.06278     0.05746     0.04824     0.05872     0.04244     0.00000     0.00000     0.00000     0.00000     0.00000     0.00000     0.00000     0.50611
     2.67300     0.02565     0.06275     0.06714     0.05786     0.05769     0.04709     0.04491     0.05106     0.03923     0.00000     0.00000     0.00000     0.00000     0.00000     0.00000     0.00000     0.45338
     2.71800     0.02509     0.06370     0.06713     0.05891     0.05466     0.04832     0.04469     0.05125     0.03929     0.00000     0.00000     0.00000     0.00000     0.00000     0.00000     0.00000     0.45305
     2.76300     0.02886     0.07786     0.07421     0.06454     0.06081     0.05690     0.04954     0.06040     0.04424     0.00000     0.00000     0.00000     0.00000     0.00000     0.00000     0.00000     0.51736
     2.80900     0.02963     0.07822     0.07820     0.06680     0.06467     0.05876     0.05271     0.06320     0.04655     0.00000     0.00000     0.00000     0.00000     0.00000     0.00000     0.00000     0.53874
     2.85400     0.02938     0.07220     0.07567     0.06420     0.05900     0.05444     0.05236     0.05897     0.04768     0.00000     0.00000     0.00000     0.00000     0.00000     0.00000     0.00000     0.51390
     2.89900     0.02567     0.06812     0.07556     0.05910     0.05398     0.04880     0.04677     0.05432     0.04282     0.00000     0.00000     0.00000     0.00000     0.00000     0.00000     0.00000     0.47513
     2.94500     0.02672     0.06881     0.07058     0.05999     0.05591     0.05032     0.04580     0.05231     0.03909     0.00000     0.00000     0.00000     0.00000     0.00000     0.00000     0.00000     0.46953
     2.99000     0.02941     0.08140     0.08599     0.07101     0.06040     0.05634     0.05216     0.06026     0.04985     0.00000     0.00000     0.00000     0.00000     0.00000     0.00000     0.00000     0.54682
     3.03500     0.03363     0.10244     0.09606     0.08154     0.06953     0.06693     0.05989     0.07168     0.05905     0.00000     0.00000     0.00000     0.00000     0.00000     0.00000     0.00000     0.64076
     3.08000     0.02903     0.08300     0.08229     0.06673     0.05978     0.05724     0.05070     0.05428     0.04821     0.00000     0.00000     0.00000     0.00000     0.00000     0.00000     0.00000     0.53127
     3.12600     0.02623     0.07668     0.07438     0.06127     0.05426     0.05217     0.04585     0.05267     0.04671     0.00000     0.00000     0.00000     0.00000     0.00000     0.00000     0.00000     0.49020
     3.17100     0.02873     0.08260     0.07834     0.06514     0.05786     0.05632     0.05098     0.05280     0.04593     0.00000     0.00000     0.00000     0.00000     0.00000     0.00000     0.00000     0.51869
     3.21600     0.02614     0.07890     0.07298     0.06036     0.05043     0.05070     0.04716     0.05205     0.04374     0.00000     0.00000     0.00000     0.00000     0.00000     0.00000     0.00000     0.48246
     3.26200     0.03756     0.11380     0.10437     0.08455     0.06704     0.06681     0.06502     0.07078     0.05840     0.00000     0.00000     0.00000     0.00000     0.00000     0.00000     0.00000     0.66834
     3.30700     0.03011     0.09765     0.09401     0.07444     0.06189     0.05782     0.05252     0.05922     0.04920     0.00000     0.00000     0.00000     0.00000     0.00000     0.00000     0.00000     0.57686
     3.35200     0.03429     0.10335     0.09752     0.07572     0.06502     0.06406     0.05595     0.06269     0.05276     0.00000     0.00000     0.00000     0.00000     0.00000     0.00000     0.00000     0.61136
     3.39700     0.02955     0.09927     0.08883     0.07749     0.06030     0.05609     0.05128     0.05763     0.04741     0.00000     0.00000     0.00000     0.00000     0.00000     0.00000     0.00000     0.56785
     3.44300     0.03073     0.09882     0.09337     0.07927     0.06610     0.05328     0.05670     0.06269     0.04767     0.00000     0.00000     0.00000     0.00000     0.00000     0.00000     0.00000     0.58862
     3.48800     0.03454     0.10875     0.10038     0.08197     0.07072     0.05755     0.06835     0.06462     0.05752     0.00000     0.00000     0.00000     0.00000     0.00000     0.00000     0.00000     0.64440
     3.53300     0.03040     0.09617     0.08857     0.06992     0.06056     0.05204     0.05359     0.05379     0.04574     0.00000     0.00000     0.00000     0.00000     0.00000     0.00000     0.00000     0.55079
     3.57900     0.03636     0.11044     0.10724     0.08449     0.07349     0.06100     0.06556     0.06353     0.05719     0.00000     0.00000     0.00000     0.00000     0.00000     0.00000     0.00000     0.65931
     3.62400     0.02831     0.08182     0.08391     0.06697     0.05580     0.04852     0.04684     0.05334     0.04237     0.00000     0.00000     0.00000     0.00000     0.00000     0.00000     0.00000     0.50788
     3.66900     0.03685     0.10201     0.10345     0.08396     0.06715     0.06006     0.05874     0.06629     0.05478     0.00000     0.00000     0.00000     0.00000     0.00000     0.00000     0.00000     0.63330
     3.71400     0.03715     0.11489     0.11109     0.09528     0.07321     0.06902     0.06171     0.07469     0.05878     0.00000     0.00000     0.00000     0.00000     0.00000     0.00000     0.00000     0.69581
     3.76000     0.03402     0.09725     0.09637     0.08115     0.06134     0.05855     0.05584     0.06218     0.05064     0.00000     0.00000     0.00000     0.00000     0.00000     0.00000     0.00000     0.59734
     3.80500     0.04028     0.11251     0.11848     0.09266     0.07677     0.06954     0.06330     0.07341     0.05970     0.00000     0.00000     0.00000     0.00000     0.00000     0.00000     0.00000     0.70664
     3.85000     0.04497     0.12390     0.13408     0.10093     0.07850     0.07409     0.07072     0.08229     0.06568     0.00000     0.00000     0.00000     0.00000     0.00000     0.00000     0.00000     0.77516
     3.89600     0.04326     0.10694     0.11795     0.09040     0.07048     0.06958     0.06745     0.07711     0.06171     0.00000     0.00000     0.00000     0.00000     0.00000     0.00000     0.00000     0.70488
     3.94100     0.04791     0.12892     0.13536     0.11531     0.08232     0.08210     0.07473     0.09089     0.07542     0.00000     0.00000     0.00000     0.00000     0.00000     0.00000     0.00000     0.83295
     3.98600     0.03856     0.10651     0.10955     0.08983     0.06243     0.06646     0.05952     0.07188     0.06294     0.00000     0.00000     0.00000     0.00000     0.00000     0.00000     0.00000     0.66768
     4.03100     0.04282     0.11374     0.11783     0.10175     0.07367     0.07591     0.06867     0.07741     0.06449     0.00000     0.00000     0.00000     0.00000     0.00000     0.00000     0.00000     0.73630
     4.07700     0.03980     0.10177     0.10878     0.09477     0.07206     0.07083     0.06517     0.06882     0.06148     0.00000     0.00000     0.00000     0.00000     0.00000     0.00000     0.00000     0.68349
     4.12200     0.04071     0.10172     0.11406     0.09297     0.07166     0.06996     0.06573     0.06877     0.06243     0.00000     0.00000     0.00000     0.00000     0.00000     0.00000     0.00000     0.68801
     4.16700     0.03305     0.08770     0.09937     0.08254     0.06141     0.06292     0.05538     0.06048     0.05155     0.00000     0.00000     0.00000     0.00000     0.00000     0.00000     0.00000     0.59438
     4.21300     0.02804     0.07537     0.08533     0.07343     0.05213     0.05163     0.04842     0.04991     0.04415     0.00000     0.00000     0.00000     0.00000     0.00000     0.00000     0.00000     0.50840
     4.25800     0.03763     0.09770     0.10638     0.08612     0.06754     0.06373     0.06176     0.06769     0.05555     0.00000     0.00000     0.00000     0.00000     0.00000     0.00000     0.00000     0.64411
     4.30300     0.04287     0.10271     0.11432     0.09876     0.07610     0.07024     0.07026     0.07720     0.06964     0.00000     0.00000     0.00000     0.00000     0.00000     0.00000     0.00000     0.72209
     4.34800     0.04769     0.11757     0.12986     0.10686     0.08825     0.07853     0.07860     0.08888     0.08050     0.00000     0.00000     0.00000     0.00000     0.00000     0.00000     0.00000     0.81674
     4.39400     0.04733     0.11350     0.13036     0.11023     0.07974     0.07751     0.07356     0.08330     0.07063     0.00000     0.00000     0.00000     0.00000     0.00000     0.00000     0.00000     0.78616
     4.43900     0.03694     0.08238     0.10415     0.08770     0.06495     0.06216     0.05605     0.06472     0.05631     0.00000     0.00000     0.00000     0.00000     0.00000     0.00000     0.00000     0.61535
     4.48400     0.04149     0.08405     0.10422     0.08253     0.06217     0.06354     0.05752     0.06279     0.05780     0.00000     0.00000     0.00000     0.00000     0.00000     0.00000     0.00000     0.61611
     4.53000     0.04140     0.08756     0.10722     0.08820     0.06033     0.06344     0.05376     0.05914     0.06152     0.00000     0.00000     0.00000     0.00000     0.00000     0.00000     0.00000     0.62257
     4.57500     0.04073     0.09415     0.11019     0.08949     0.06418     0.06268     0.05974     0.06200     0.05987     0.00000     0.00000     0.00000     0.00000     0.00000     0.00000     0.00000     0.64302
     4.62000     0.04004     0.08736     0.10534     0.08589     0.06130     0.06205     0.05754     0.05721     0.05622     0.00000     0.00000     0.00000     0.00000     0.00000     0.00000     0.00000     0.61294
     4.66500     0.04550     0.08555     0.12198     0.09245     0.06339     0.06232     0.06086     0.06703     0.06181     0.00000     0.00000     0.00000     0.00000     0.00000     0.00000     0.00000     0.66089
     4.71100     0.03206     0.07255     0.08236     0.06979     0.04520     0.04428     0.04816     0.04302     0.04808     0.00000     0.00000     0.00000     0.00000     0.00000     0.00000     0.00000     0.48550
     4.75600     0.04325     0.09955     0.11837     0.09788     0.06405     0.06140     0.06849     0.06772     0.06841     0.00000     0.00000     0.00000     0.00000     0.00000     0.00000     0.00000     0.68911
     4.80100     0.03785     0.08030     0.09904     0.08355     0.05357     0.04994     0.05166     0.05761     0.05293     0.00000     0.00000     0.00000     0.00000     0.00000     0.00000     0.00000     0.56646
     4.84700     0.03784     0.08674     0.10516     0.08685     0.05864     0.05142     0.05455     0.05942     0.05527     0.00000     0.00000     0.00000     0.00000     0.00000     0.00000     0.00000     0.59589
     4.89200     0.04815     0.10543     0.12015     0.09913     0.06677     0.06491     0.07372     0.06982     0.07100     0.00000     0.00000     0.00000     0.00000     0.00000     0.00000     0.00000     0.71907
     4.93700     0.03643     0.08324     0.09076     0.07862     0.05567     0.04963     0.05792     0.05721     0.05581     0.00000     0.00000     0.00000     0.00000     0.00000     0.00000     0.00000     0.56529
     4.98200     0.04142     0.08011     0.09684     0.08155     0.05123     0.05335     0.06736     0.05259     0.06129     0.00000     0.00000     0.00000     0.00000     0.00000     0.00000     0.00000     0.58575
     5.02800     0.03678     0.07359     0.09148     0.07578     0.04942     0.04795     0.04957     0.05120     0.05589     0.00000     0.00000     0.00000     0.00000     0.00000     0.00000     0.00000     0.53166
     5.07300     0.05961     0.11106     0.13990     0.11110     0.07399     0.06999     0.08354     0.07899     0.07923     0.00000     0.00000     0.00000     0.00000     0.00000     0.00000     0.00000     0.80742
     5.11800     0.04708     0.09405     0.12123     0.09712     0.05958     0.06002     0.06768     0.06445     0.06420     0.00000     0.00000     0.00000     0.00000     0.00000     0.00000     0.00000     0.67541
     5.16400     0.04194     0.08567     0.10617     0.08828     0.05373     0.05791     0.06161     0.05844     0.06554     0.00000     0.00000     0.00000     0.00000     0.00000     0.00000     0.00000     0.61928
     5.20900     0.04267     0.09186     0.11806     0.08575     0.05428     0.05597     0.06306     0.06300     0.06170     0.00000     0.00000     0.00000     0.00000     0.00000     0.00000     0.00000     0.63636
     5.25400     0.04281     0.08741     0.09905     0.08031     0.05050     0.05719     0.06168     0.06039     0.05791     0.00000     0.00000     0.00000     0.00000     0.00000     0.00000     0.00000     0.59724
     5.29900     0.03862     0.07920     0.09461     0.07889     0.04809     0.05334     0.05810     0.05963     0.05564     0.00000     0.00000     0.00000     0.00000     0.00000     0.00000     0.00000     0.56614
     5.34500     0.05104     0.09605     0.12637     0.10025     0.06435     0.06743     0.07332     0.07667     0.07632     0.00000     0.00000     0.00000     0.00000     0.00000     0.00000     0.00000     0.73180
     5.39000     0.05695     0.10406     0.13340     0.11313     0.06476     0.06827     0.08038     0.07869     0.08125     0.00000     0.00000     0.00000     0.00000     0.00000     0.00000     0.00000     0.78088
     5.43500     0.05099     0.09572     0.12869     0.10564     0.06073     0.06123     0.07329     0.07248     0.08224     0.00000     0.00000     0.00000     0.00000     0.00000     0.00000     0.00000     0.73100
     5.48100     0.05071     0.09992     0.11555     0.09801     0.06328     0.06292     0.07390     0.07091     0.07302     0.00000     0.00000     0.00000     0.00000     0.00000     0.00000     0.00000     0.70823
     5.52600     0.03952     0.08764     0.10188     0.08781     0.05302     0.05387     0.06293     0.06302     0.07275     0.00000     0.00000     0.00000     0.00000     0.00000     0.00000     0.00000     0.62243
     5.57100     0.05653     0.11803     0.13494     0.11472     0.07929     0.06939     0.08879     0.08032     0.10341     0.00000     0.00000     0.00000     0.00000     0.00000     0.00000     0.00000     0.84541
     5.61600     0.04819     0.10194     0.11026     0.09692     0.06569     0.05966     0.07773     0.06584     0.08863     0.00000     0.00000     0.00000     0.00000     0.00000     0.00000     0.00000     0.71485
     5.66200     0.05835     0.11416     0.12460     0.11229     0.07277     0.06792     0.09157     0.07395     0.09380     0.00000     0.00000     0.00000     0.00000     0.00000     0.00000     0.00000     0.80940
     5.70700     0.03702     0.08990     0.09858     0.07755     0.05689     0.05449     0.05559     0.04594     0.06342     0.00000     0.00000     0.00000     0.00000     0.00000     0.00000     0.00000     0.57937
     5.75200     0.05010     0.11385     0.13457     0.10076     0.07513     0.06510     0.08059     0.07455     0.08988     0.00000     0.00000     0.00000     0.00000     0.00000     0.00000     0.00000     0.78453
     5.79800     0.05267     0.11179     0.12706     0.09835     0.07046     0.06959     0.08452     0.06886     0.08791     0.00000     0.00000     0.00000     0.00000     0.00000     0.00000     0.00000     0.77119
     5.84300     0.06792     0.12400     0.17144     0.13081     0.09381     0.07910     0.11106     0.08064     0.10941     0.00000     0.00000     0.00000     0.00000     0.00000     0.00000     0.00000     0.96820
     5.88800     0.05628     0.10243     0.13893     0.11746     0.07377     0.07025     0.09939     0.07220     0.08578     0.00000     0.00000     0.00000     0.00000     0.00000     0.00000     0.00000     0.81649
     5.93300     0.05884     0.10715     0.13563     0.10647     0.06872     0.07104     0.10142     0.06610     0.08682     0.00000     0.00000     0.00000     0.00000     0.00000     0.00000     0.00000     0.80219
     5.97900     0.05704     0.10714     0.14384     0.11509     0.06777     0.07190     0.10007     0.06605     0.08940     0.00000     0.00000     0.00000     0.00000     0.00000     0.00000     0.00000     0.81830
     6.02400     0.05719     0.09972     0.15398     0.11272     0.07344     0.07203     0.09446     0.06748     0.08803     0.00000     0.00000     0.00000     0.00000     0.00000     0.00000     0.00000     0.81906
     6.06900     0.05938     0.10315     0.14382     0.11054     0.06679     0.06907     0.08762     0.06351     0.08340     0.00000     0.00000     0.00000     0.00000     0.00000     0.00000     0.00000     0.78728
     6.11400     0.05896     0.11160     0.14331     0.11864     0.06630     0.07089     0.10169     0.06920     0.08659     0.00000     0.00000     0.00000     0.00000     0.00000     0.00000     0.00000     0.82718
     6.16000     0.04819     0.07499     0.10623     0.08971     0.04888     0.05149     0.07406     0.04908     0.05949     0.00000     0.00000     0.00000     0.00000     0.00000     0.00000     0.00000     0.60211
     6.20500     0.05545     0.08481     0.11637     0.09413     0.05149     0.05237     0.08211     0.05257     0.06488     0.00000     0.00000     0.00000     0.00000     0.00000     0.00000     0.00000     0.65418
     6.25000     0.06557     0.09868     0.14214     0.10708     0.05858     0.06002     0.09070     0.05868     0.07270     0.00000     0.00000     0.00000     0.00000     0.00000     0.00000     0.00000     0.75416
     6.29600     0.05611     0.08774     0.12771     0.10123     0.05464     0.05349     0.08707     0.05478     0.06522     0.00000     0.00000     0.00000     0.00000     0.00000     0.00000     0.00000     0.68798
     6.34100     0.05937     0.09518     0.13048     0.10909     0.05557     0.05809     0.09154     0.05543     0.07359     0.00000     0.00000     0.00000     0.00000     0.00000     0.00000     0.00000     0.72834
     6.38600     0.04933     0.07386     0.10356     0.08740     0.04625     0.04506     0.06597     0.04160     0.05582     0.00000     0.00000     0.00000     0.00000     0.00000     0.00000     0.00000     0.56884
     6.43100     0.05141     0.07554     0.09922     0.08907     0.04465     0.04608     0.07231     0.04466     0.05732     0.00000     0.00000     0.00000     0.00000     0.00000     0.00000     0.00000     0.58027
     6.47700     0.04899     0.07844     0.09513     0.08896     0.04406     0.04324     0.06642     0.04233     0.05231     0.00000     0.00000     0.00000     0.00000     0.00000     0.00000     0.00000     0.55987
     6.52200     0.03293     0.05112     0.06688     0.05692     0.02985     0.02963     0.03986     0.02891     0.03502     0.00000     0.00000     0.00000     0.00000     0.00000     0.00000     0.00000     0.37111
     6.56700     0.03438     0.05538     0.06810     0.06038     0.03061     0.02936     0.04443     0.03235     0.03522     0.00000     0.00000     0.00000     0.00000     0.00000     0.00000     0.00000     0.39023
     6.61300     0.03014     0.05070     0.06784     0.05935     0.02877     0.02776     0.03891     0.03022     0.03329     0.00000     0.00000     0.00000     0.00000     0.00000     0.00000     0.00000     0.36698
     6.65800     0.00645     0.01033     0.01243     0.01238     0.00535     0.00527     0.00636     0.00581     0.00609     0.00000     0.00000     0.00000     0.00000     0.00000     0.00000     0.00000     0.07046
     6.70300     0.00041     0.00074     0.00073     0.00066     0.00030     0.00029     0.00044     0.00034     0.00037     0.00000     0.00000     0.00000     0.00000     0.00000     0.00000     0.00000     0.00427
     6.74800     0.00000     0.00000     0.00000     0.00000     0.00000     0.00000     0.00000     0.00000     0.00000     0.00000     0.00000     0.00000     0.00000     0.00000     0.00000     0.00000     0.00000
     6.79400     0.00000     0.00000     0.00000     0.00000     0.00000     0.00000     0.00000     0.00000     0.00000     0.00000     0.00000     0.00000     0.00000     0.00000     0.00000     0.00000     0.00000
     6.83900     0.00000     0.00000     0.00000     0.00000     0.00000     0.00000     0.00000     0.00000     0.00000     0.00000     0.00000     0.00000     0.00000     0.00000     0.00000     0.00000     0.00000
     6.88400     0.00000     0.00000     0.00000     0.00000     0.00000     0.00000     0.00000     0.00000     0.00000     0.00000     0.00000     0.00000     0.00000     0.00000     0.00000     0.00000     0.00000
     6.93000     0.00000     0.00000     0.00000     0.00000     0.00000     0.00000     0.00000     0.00000     0.00000     0.00000     0.00000     0.00000     0.00000     0.00000     0.00000     0.00000     0.00000
     6.97500     0.00000     0.00000     0.00000     0.00000     0.00000     0.00000     0.00000     0.00000     0.00000     0.00000     0.00000     0.00000     0.00000     0.00000     0.00000     0.00000     0.00000
     7.02000     0.00000     0.00000     0.00000     0.00000     0.00000     0.00000     0.00000     0.00000     0.00000     0.00000     0.00000     0.00000     0.00000     0.00000     0.00000     0.00000     0.00000
     7.06500     0.00000     0.00000     0.00000     0.00000     0.00000     0.00000     0.00000     0.00000     0.00000     0.00000     0.00000     0.00000     0.00000     0.00000     0.00000     0.00000     0.00000
     7.11100     0.00000     0.00000     0.00000     0.00000     0.00000     0.00000     0.00000     0.00000     0.00000     0.00000     0.00000     0.00000     0.00000     0.00000     0.00000     0.00000     0.00000
     7.15600     0.00000     0.00000     0.00000     0.00000     0.00000     0.00000     0.00000     0.00000     0.00000     0.00000     0.00000     0.00000     0.00000     0.00000     0.00000     0.00000     0.00000
     7.20100     0.00000     0.00000     0.00000     0.00000     0.00000     0.00000     0.00000     0.00000     0.00000     0.00000     0.00000     0.00000     0.00000     0.00000     0.00000     0.00000     0.00000
     7.24700     0.00000     0.00000     0.00000     0.00000     0.00000     0.00000     0.00000     0.00000     0.00000     0.00000     0.00000     0.00000     0.00000     0.00000     0.00000     0.00000     0.00000
     7.29200     0.00000     0.00000     0.00000     0.00000     0.00000     0.00000     0.00000     0.00000     0.00000     0.00000     0.00000     0.00000     0.00000     0.00000     0.00000     0.00000     0.00000
     7.33700     0.00000     0.00000     0.00000     0.00000     0.00000     0.00000     0.00000     0.00000     0.00000     0.00000     0.00000     0.00000     0.00000     0.00000     0.00000     0.00000     0.00000
     7.38200     0.00000     0.00000     0.00000     0.00000     0.00000     0.00000     0.00000     0.00000     0.00000     0.00000     0.00000     0.00000     0.00000     0.00000     0.00000     0.00000     0.00000
     7.42800     0.00000     0.00000     0.00000     0.00000     0.00000     0.00000     0.00000     0.00000     0.00000     0.00000     0.00000     0.00000     0.00000     0.00000     0.00000     0.00000     0.00000
     7.47300     0.00000     0.00000     0.00000     0.00000     0.00000     0.00000     0.00000     0.00000     0.00000     0.00000     0.00000     0.00000     0.00000     0.00000     0.00000     0.00000     0.00000
     7.51800     0.00000     0.00000     0.00000     0.00000     0.00000     0.00000     0.00000     0.00000     0.00000     0.00000     0.00000     0.00000     0.00000     0.00000     0.00000     0.00000     0.00000
     7.56400     0.00000     0.00000     0.00000     0.00000     0.00000     0.00000     0.00000     0.00000     0.00000     0.00000     0.00000     0.00000     0.00000     0.00000     0.00000     0.00000     0.00000
     7.60900     0.00000     0.00000     0.00000     0.00000     0.00000     0.00000     0.00000     0.00000     0.00000     0.00000     0.00000     0.00000     0.00000     0.00000     0.00000     0.00000     0.00000
     7.65400     0.00000     0.00000     0.00000     0.00000     0.00000     0.00000     0.00000     0.00000     0.00000     0.00000     0.00000     0.00000     0.00000     0.00000     0.00000     0.00000     0.00000
     7.69900     0.00000     0.00000     0.00000     0.00000     0.00000     0.00000     0.00000     0.00000     0.00000     0.00000     0.00000     0.00000     0.00000     0.00000     0.00000     0.00000     0.00000
     7.74500     0.00000     0.00000     0.00000     0.00000     0.00000     0.00000     0.00000     0.00000     0.00000     0.00000     0.00000     0.00000     0.00000     0.00000     0.00000     0.00000     0.00000
     7.79000     0.00000     0.00000     0.00000     0.00000     0.00000     0.00000     0.00000     0.00000     0.00000     0.00000     0.00000     0.00000     0.00000     0.00000     0.00000     0.00000     0.00000
     7.83500     0.00000     0.00000     0.00000     0.00000     0.00000     0.00000     0.00000     0.00000     0.00000     0.00000     0.00000     0.00000     0.00000     0.00000     0.00000     0.00000     0.00000
     7.88100     0.00000     0.00000     0.00000     0.00000     0.00000     0.00000     0.00000     0.00000     0.00000     0.00000     0.00000     0.00000     0.00000     0.00000     0.00000     0.00000     0.00000
     7.92600     0.00000     0.00000     0.00000     0.00000     0.00000     0.00000     0.00000     0.00000     0.00000     0.00000     0.00000     0.00000     0.00000     0.00000     0.00000     0.00000     0.00000
     7.97100     0.00000     0.00000     0.00000     0.00000     0.00000     0.00000     0.00000     0.00000     0.00000     0.00000     0.00000     0.00000     0.00000     0.00000     0.00000     0.00000     0.00000
     8.01600     0.00000     0.00000     0.00000     0.00000     0.00000     0.00000     0.00000     0.00000     0.00000     0.00000     0.00000     0.00000     0.00000     0.00000     0.00000     0.00000     0.00000
     8.06200     0.00000     0.00000     0.00000     0.00000     0.00000     0.00000     0.00000     0.00000     0.00000     0.00000     0.00000     0.00000     0.00000     0.00000     0.00000     0.00000     0.00000
     8.10700     0.00000     0.00000     0.00000     0.00000     0.00000     0.00000     0.00000     0.00000     0.00000     0.00000     0.00000     0.00000     0.00000     0.00000     0.00000     0.00000     0.00000
     8.15200     0.00000     0.00000     0.00000     0.00000     0.00000     0.00000     0.00000     0.00000     0.00000     0.00000     0.00000     0.00000     0.00000     0.00000     0.00000     0.00000     0.00000
     8.19800     0.00000     0.00000     0.00000     0.00000     0.00000     0.00000     0.00000     0.00000     0.00000     0.00000     0.00000     0.00000     0.00000     0.00000     0.00000     0.00000     0.00000
     8.24300     0.00000     0.00000     0.00000     0.00000     0.00000     0.00000     0.00000     0.00000     0.00000     0.00000     0.00000     0.00000     0.00000     0.00000     0.00000     0.00000     0.00000
     8.28800     0.00000     0.00000     0.00000     0.00000     0.00000     0.00000     0.00000     0.00000     0.00000     0.00000     0.00000     0.00000     0.00000     0.00000     0.00000     0.00000     0.00000
     8.33300     0.00000     0.00000     0.00000     0.00000     0.00000     0.00000     0.00000     0.00000     0.00000     0.00000     0.00000     0.00000     0.00000     0.00000     0.00000     0.00000     0.00000
     8.37900     0.00000     0.00000     0.00000     0.00000     0.00000     0.00000     0.00000     0.00000     0.00000     0.00000     0.00000     0.00000     0.00000     0.00000     0.00000     0.00000     0.00000
     8.42400     0.00000     0.00000     0.00000     0.00000     0.00000     0.00000     0.00000     0.00000     0.00000     0.00000     0.00000     0.00000     0.00000     0.00000     0.00000     0.00000     0.00000
     8.46900     0.00000     0.00000     0.00000     0.00000     0.00000     0.00000     0.00000     0.00000     0.00000     0.00000     0.00000     0.00000     0.00000     0.00000     0.00000     0.00000     0.00000
     8.51500     0.00000     0.00000     0.00000     0.00000     0.00000     0.00000     0.00000     0.00000     0.00000     0.00000     0.00000     0.00000     0.00000     0.00000     0.00000     0.00000     0.00000
     8.56000     0.00000     0.00000     0.00000     0.00000     0.00000     0.00000     0.00000     0.00000     0.00000     0.00000     0.00000     0.00000     0.00000     0.00000     0.00000     0.00000     0.00000
     8.60500     0.00000     0.00000     0.00000     0.00000     0.00000     0.00000     0.00000     0.00000     0.00000     0.00000     0.00000     0.00000     0.00000     0.00000     0.00000     0.00000     0.00000
     8.65000     0.00000     0.00000     0.00000     0.00000     0.00000     0.00000     0.00000     0.00000     0.00000     0.00000     0.00000     0.00000     0.00000     0.00000     0.00000     0.00000     0.00000
     8.69600     0.00000     0.00000     0.00000     0.00000     0.00000     0.00000     0.00000     0.00000     0.00000     0.00000     0.00000     0.00000     0.00000     0.00000     0.00000     0.00000     0.00000
     8.74100     0.00000     0.00000     0.00000     0.00000     0.00000     0.00000     0.00000     0.00000     0.00000     0.00000     0.00000     0.00000     0.00000     0.00000     0.00000     0.00000     0.00000
     8.78600     0.00000     0.00000     0.00000     0.00000     0.00000     0.00000     0.00000     0.00000     0.00000     0.00000     0.00000     0.00000     0.00000     0.00000     0.00000     0.00000     0.00000
     8.83200     0.00000     0.00000     0.00000     0.00000     0.00000     0.00000     0.00000     0.00000     0.00000     0.00000     0.00000     0.00000     0.00000     0.00000     0.00000     0.00000     0.00000
     8.87700     0.00000     0.00000     0.00000     0.00000     0.00000     0.00000     0.00000     0.00000     0.00000     0.00000     0.00000     0.00000     0.00000     0.00000     0.00000     0.00000     0.00000
     8.92200     0.00000     0.00000     0.00000     0.00000     0.00000     0.00000     0.00000     0.00000     0.00000     0.00000     0.00000     0.00000     0.00000     0.00000     0.00000     0.00000     0.00000
     8.96700     0.00000     0.00000     0.00000     0.00000     0.00000     0.00000     0.00000     0.00000     0.00000     0.00000     0.00000     0.00000     0.00000     0.00000     0.00000     0.00000     0.00000
     9.01300     0.00000     0.00000     0.00000     0.00000     0.00000     0.00000     0.00000     0.00000     0.00000     0.00000     0.00000     0.00000     0.00000     0.00000     0.00000     0.00000     0.00000
     9.05800     0.00000     0.00000     0.00000     0.00000     0.00000     0.00000     0.00000     0.00000     0.00000     0.00000     0.00000     0.00000     0.00000     0.00000     0.00000     0.00000     0.00000
     9.10300     0.00000     0.00000     0.00000     0.00000     0.00000     0.00000     0.00000     0.00000     0.00000     0.00000     0.00000     0.00000     0.00000     0.00000     0.00000     0.00000     0.00000
     9.14800     0.00000     0.00000     0.00000     0.00000     0.00000     0.00000     0.00000     0.00000     0.00000     0.00000     0.00000     0.00000     0.00000     0.00000     0.00000     0.00000     0.00000
     9.19400     0.00000     0.00000     0.00000     0.00000     0.00000     0.00000     0.00000     0.00000     0.00000     0.00000     0.00000     0.00000     0.00000     0.00000     0.00000     0.00000     0.00000
     9.23900     0.00000     0.00000     0.00000     0.00000     0.00000     0.00000     0.00000     0.00000     0.00000     0.00000     0.00000     0.00000     0.00000     0.00000     0.00000     0.00000     0.00000
     9.28400     0.00000     0.00000     0.00000     0.00000     0.00000     0.00000     0.00000     0.00000     0.00000     0.00000     0.00000     0.00000     0.00000     0.00000     0.00000     0.00000     0.00000
     9.33000     0.00000     0.00000     0.00000     0.00000     0.00000     0.00000     0.00000     0.00000     0.00000     0.00000     0.00000     0.00000     0.00000     0.00000     0.00000     0.00000     0.00000
     9.37500     0.00000     0.00000     0.00000     0.00000     0.00000     0.00000     0.00000     0.00000     0.00000     0.00000     0.00000     0.00000     0.00000     0.00000     0.00000     0.00000     0.00000
     9.42000     0.00000     0.00000     0.00000     0.00000     0.00000     0.00000     0.00000     0.00000     0.00000     0.00000     0.00000     0.00000     0.00000     0.00000     0.00000     0.00000     0.00000
     9.46500     0.00000     0.00000     0.00000     0.00000     0.00000     0.00000     0.00000     0.00000     0.00000     0.00000     0.00000     0.00000     0.00000     0.00000     0.00000     0.00000     0.00000
     9.51100     0.00000     0.00000     0.00000     0.00000     0.00000     0.00000     0.00000     0.00000     0.00000     0.00000     0.00000     0.00000     0.00000     0.00000     0.00000     0.00000     0.00000
     9.55600     0.00000     0.00000     0.00000     0.00000     0.00000     0.00000     0.00000     0.00000     0.00000     0.00000     0.00000     0.00000     0.00000     0.00000     0.00000     0.00000     0.00000
     9.60100     0.00000     0.00000     0.00000     0.00000     0.00000     0.00000     0.00000     0.00000     0.00000     0.00000     0.00000     0.00000     0.00000     0.00000     0.00000     0.00000     0.00000
     9.64700     0.00000     0.00000     0.00000     0.00000     0.00000     0.00000     0.00000     0.00000     0.00000     0.00000     0.00000     0.00000     0.00000     0.00000     0.00000     0.00000     0.00000
     9.69200     0.00000     0.00000     0.00000     0.00000     0.00000     0.00000     0.00000     0.00000     0.00000     0.00000     0.00000     0.00000     0.00000     0.00000     0.00000     0.00000     0.00000
     9.73700     0.00000     0.00000     0.00000     0.00000     0.00000     0.00000     0.00000     0.00000     0.00000     0.00000     0.00000     0.00000     0.00000     0.00000     0.00000     0.00000     0.00000
     9.78200     0.00000     0.00000     0.00000     0.00000     0.00000     0.00000     0.00000     0.00000     0.00000     0.00000     0.00000     0.00000     0.00000     0.00000     0.00000     0.00000     0.00000
     9.82800     0.00000     0.00000     0.00000     0.00000     0.00000     0.00000     0.00000     0.00000     0.00000     0.00000     0.00000     0.00000     0.00000     0.00000     0.00000     0.00000     0.00000
