     #Energy           s          py          pz          px         dxy         dyz         dz2         dxz         dx2       fy3x2        fxyz        fyz2         fz3        fxz2        fzx2         fx3       tot  
   -66.11230     0.00000     0.00000     0.00000     0.00000     0.00000     0.00000     0.00000     0.00000     0.00000     0.00000     0.00000     0.00000     0.00000     0.00000     0.00000     0.00000     0.00000
   -66.05830     0.00000     0.00000     0.00000     0.00000     0.00000     0.00000     0.00000     0.00000     0.00000     0.00000     0.00000     0.00000     0.00000     0.00000     0.00000     0.00000     0.00000
   -66.00530     0.00000     0.00000     0.00000     0.00000     0.00000     0.00000     0.00000     0.00000     0.00000     0.00000     0.00000     0.00000     0.00000     0.00000     0.00000     0.00000     0.00000
   -65.95130     0.00000     0.00000     0.00000     0.00000     0.00000     0.00000     0.00000     0.00000     0.00000     0.00000     0.00000     0.00000     0.00000     0.00000     0.00000     0.00000     0.00000
   -65.89730     0.00000     0.00000     0.00000     0.00000     0.00000     0.00000     0.00000     0.00000     0.00000     0.00000     0.00000     0.00000     0.00000     0.00000     0.00000     0.00000     0.00000
   -65.84430     0.00000     0.00000     0.00000     0.00000     0.00000     0.00000     0.00000     0.00000     0.00000     0.00000     0.00000     0.00000     0.00000     0.00000     0.00000     0.00000     0.00000
   -65.79030     0.00000     0.00000     0.00000     0.00000     0.00000     0.00000     0.00000     0.00000     0.00000     0.00000     0.00000     0.00000     0.00000     0.00000     0.00000     0.00000     0.00000
   -65.73730     0.00000     0.00000     0.00000     0.00000     0.00000     0.00000     0.00000     0.00000     0.00000     0.00000     0.00000     0.00000     0.00000     0.00000     0.00000     0.00000     0.00000
   -65.68330     0.00000     0.00000     0.00000     0.00000     0.00000     0.00000     0.00000     0.00000     0.00000     0.00000     0.00000     0.00000     0.00000     0.00000     0.00000     0.00000     0.00000
   -65.63030     0.00000     0.00000     0.00000     0.00000     0.00000     0.00000     0.00000     0.00000     0.00000     0.00000     0.00000     0.00000     0.00000     0.00000     0.00000     0.00000     0.00000
   -65.57630     0.00000     0.00000     0.00000     0.00000     0.00000     0.00000     0.00000     0.00000     0.00000     0.00000     0.00000     0.00000     0.00000     0.00000     0.00000     0.00000     0.00000
   -65.52230     0.00000     0.00000     0.00000     0.00000     0.00000     0.00000     0.00000     0.00000     0.00000     0.00000     0.00000     0.00000     0.00000     0.00000     0.00000     0.00000     0.00000
   -65.46930     0.00000     0.00000     0.00000     0.00000     0.00000     0.00000     0.00000     0.00000     0.00000     0.00000     0.00000     0.00000     0.00000     0.00000     0.00000     0.00000     0.00000
   -65.41530     0.00000     0.00000     0.00000     0.00000     0.00000     0.00000     0.00000     0.00000     0.00000     0.00000     0.00000     0.00000     0.00000     0.00000     0.00000     0.00000     0.00000
   -65.36230     0.00000     0.00000     0.00000     0.00000     0.00000     0.00000     0.00000     0.00000     0.00000     0.00000     0.00000     0.00000     0.00000     0.00000     0.00000     0.00000     0.00000
   -65.30830     0.00000     0.00000     0.00000     0.00000     0.00000     0.00000     0.00000     0.00000     0.00000     0.00000     0.00000     0.00000     0.00000     0.00000     0.00000     0.00000     0.00000
   -65.25430     0.00000     0.00000     0.00000     0.00000     0.00000     0.00000     0.00000     0.00000     0.00000     0.00000     0.00000     0.00000     0.00000     0.00000     0.00000     0.00000     0.00000
   -65.20130     0.00000     0.00000     0.00000     0.00000     0.00000     0.00000     0.00000     0.00000     0.00000     0.00000     0.00000     0.00000     0.00000     0.00000     0.00000     0.00000     0.00000
   -65.14730     0.00000     0.00000     0.00000     0.00000     0.00000     0.00000     0.00000     0.00000     0.00000     0.00000     0.00000     0.00000     0.00000     0.00000     0.00000     0.00000     0.00000
   -65.09430     0.00000     0.00000     0.00000     0.00000     0.00000     0.00000     0.00000     0.00000     0.00000     0.00000     0.00000     0.00000     0.00000     0.00000     0.00000     0.00000     0.00000
   -65.04030     0.00000     0.00000     0.00000     0.00000     0.00000     0.00000     0.00000     0.00000     0.00000     0.00000     0.00000     0.00000     0.00000     0.00000     0.00000     0.00000     0.00000
   -64.98730     0.00000     0.00000     0.00000     0.00000     0.00000     0.00000     0.00000     0.00000     0.00000     0.00000     0.00000     0.00000     0.00000     0.00000     0.00000     0.00000     0.00000
   -64.93330     0.00000     0.00000     0.00000     0.00000     0.00000     0.00000     0.00000     0.00000     0.00000     0.00000     0.00000     0.00000     0.00000     0.00000     0.00000     0.00000     0.00000
   -64.87930     0.00000     0.00000     0.00000     0.00000     0.00000     0.00000     0.00000     0.00000     0.00000     0.00000     0.00000     0.00000     0.00000     0.00000     0.00000     0.00000     0.00000
   -64.82630     0.00000     0.00000     0.00000     0.00000     0.00000     0.00000     0.00000     0.00000     0.00000     0.00000     0.00000     0.00000     0.00000     0.00000     0.00000     0.00000     0.00000
   -64.77230     0.00000     0.00000     0.00000     0.00000     0.00000     0.00000     0.00000     0.00000     0.00000     0.00000     0.00000     0.00000     0.00000     0.00000     0.00000     0.00000     0.00000
   -64.71930     0.00000     0.00000     0.00000     0.00000     0.00000     0.00000     0.00000     0.00000     0.00000     0.00000     0.00000     0.00000     0.00000     0.00000     0.00000     0.00000     0.00000
   -64.66530     0.00000     0.00000     0.00000     0.00000     0.00000     0.00000     0.00000     0.00000     0.00000     0.00000     0.00000     0.00000     0.00000     0.00000     0.00000     0.00000     0.00000
   -64.61230     0.00000     0.00000     0.00000     0.00000     0.00000     0.00000     0.00000     0.00000     0.00000     0.00000     0.00000     0.00000     0.00000     0.00000     0.00000     0.00000     0.00000
   -64.55830     0.00000     0.00000     0.00000     0.00000     0.00000     0.00000     0.00000     0.00000     0.00000     0.00000     0.00000     0.00000     0.00000     0.00000     0.00000     0.00000     0.00000
   -64.50430     0.00000     0.00000     0.00000     0.00000     0.00000     0.00000     0.00000     0.00000     0.00000     0.00000     0.00000     0.00000     0.00000     0.00000     0.00000     0.00000     0.00000
   -64.45130     0.00000     0.00000     0.00000     0.00000     0.00000     0.00000     0.00000     0.00000     0.00000     0.00000     0.00000     0.00000     0.00000     0.00000     0.00000     0.00000     0.00000
   -64.39730     0.00000     0.00000     0.00000     0.00000     0.00000     0.00000     0.00000     0.00000     0.00000     0.00000     0.00000     0.00000     0.00000     0.00000     0.00000     0.00000     0.00000
   -64.34430     0.00000     0.00000     0.00000     0.00000     0.00000     0.00000     0.00000     0.00000     0.00000     0.00000     0.00000     0.00000     0.00000     0.00000     0.00000     0.00000     0.00000
   -64.29030     0.00000     0.00000     0.00000     0.00000     0.00000     0.00000     0.00000     0.00000     0.00000     0.00000     0.00000     0.00000     0.00000     0.00000     0.00000     0.00000     0.00000
   -64.23730     0.00000     0.00000     0.00000     0.00000     0.00000     0.00000     0.00000     0.00000     0.00000     0.00000     0.00000     0.00000     0.00000     0.00000     0.00000     0.00000     0.00000
   -64.18330     0.00000     0.00000     0.00000     0.00000     0.00000     0.00000     0.00000     0.00000     0.00000     0.00000     0.00000     0.00000     0.00000     0.00000     0.00000     0.00000     0.00000
   -64.12930     0.00000     0.00000     0.00000     0.00000     0.00000     0.00000     0.00000     0.00000     0.00000     0.00000     0.00000     0.00000     0.00000     0.00000     0.00000     0.00000     0.00000
   -64.07630     0.00000     0.00000     0.00000     0.00000     0.00000     0.00000     0.00000     0.00000     0.00000     0.00000     0.00000     0.00000     0.00000     0.00000     0.00000     0.00000     0.00000
   -64.02230     0.00000     0.00000     0.00000     0.00000     0.00000     0.00000     0.00000     0.00000     0.00000     0.00000     0.00000     0.00000     0.00000     0.00000     0.00000     0.00000     0.00000
   -63.96930     0.00000     0.00000     0.00000     0.00000     0.00000     0.00000     0.00000     0.00000     0.00000     0.00000     0.00000     0.00000     0.00000     0.00000     0.00000     0.00000     0.00000
   -63.91530     0.00000     0.00000     0.00000     0.00000     0.00000     0.00000     0.00000     0.00000     0.00000     0.00000     0.00000     0.00000     0.00000     0.00000     0.00000     0.00000     0.00000
   -63.86130     0.00000     0.00000     0.00000     0.00000     0.00000     0.00000     0.00000     0.00000     0.00000     0.00000     0.00000     0.00000     0.00000     0.00000     0.00000     0.00000     0.00000
   -63.80830     0.00000     0.00000     0.00000     0.00000     0.00000     0.00000     0.00000     0.00000     0.00000     0.00000     0.00000     0.00000     0.00000     0.00000     0.00000     0.00000     0.00000
   -63.75430     0.00000     0.00000     0.00000     0.00000     0.00000     0.00000     0.00000     0.00000     0.00000     0.00000     0.00000     0.00000     0.00000     0.00000     0.00000     0.00000     0.00000
   -63.70130     0.00000     0.00000     0.00000     0.00000     0.00000     0.00000     0.00000     0.00000     0.00000     0.00000     0.00000     0.00000     0.00000     0.00000     0.00000     0.00000     0.00000
   -63.64730     0.00000     0.00000     0.00000     0.00000     0.00000     0.00000     0.00000     0.00000     0.00000     0.00000     0.00000     0.00000     0.00000     0.00000     0.00000     0.00000     0.00000
   -63.59430     0.00000     0.00000     0.00000     0.00000     0.00000     0.00000     0.00000     0.00000     0.00000     0.00000     0.00000     0.00000     0.00000     0.00000     0.00000     0.00000     0.00000
   -63.54030     0.00000     0.00000     0.00000     0.00000     0.00000     0.00000     0.00000     0.00000     0.00000     0.00000     0.00000     0.00000     0.00000     0.00000     0.00000     0.00000     0.00000
   -63.48630     0.00000     0.00000     0.00000     0.00000     0.00000     0.00000     0.00000     0.00000     0.00000     0.00000     0.00000     0.00000     0.00000     0.00000     0.00000     0.00000     0.00000
   -63.43330     0.00000     0.00000     0.00000     0.00000     0.00000     0.00000     0.00000     0.00000     0.00000     0.00000     0.00000     0.00000     0.00000     0.00000     0.00000     0.00000     0.00000
   -63.37930     0.00000     0.00000     0.00000     0.00000     0.00000     0.00000     0.00000     0.00000     0.00000     0.00000     0.00000     0.00000     0.00000     0.00000     0.00000     0.00000     0.00000
   -63.32630     0.00000     0.00000     0.00000     0.00000     0.00000     0.00000     0.00000     0.00000     0.00000     0.00000     0.00000     0.00000     0.00000     0.00000     0.00000     0.00000     0.00000
   -63.27230     0.00000     0.00000     0.00000     0.00000     0.00000     0.00000     0.00000     0.00000     0.00000     0.00000     0.00000     0.00000     0.00000     0.00000     0.00000     0.00000     0.00000
   -63.21930     0.00000     0.00000     0.00000     0.00000     0.00000     0.00000     0.00000     0.00000     0.00000     0.00000     0.00000     0.00000     0.00000     0.00000     0.00000     0.00000     0.00000
   -63.16530     0.00000     0.00000     0.00000     0.00000     0.00000     0.00000     0.00000     0.00000     0.00000     0.00000     0.00000     0.00000     0.00000     0.00000     0.00000     0.00000     0.00000
   -63.11130     0.00000     0.00000     0.00000     0.00000     0.00000     0.00000     0.00000     0.00000     0.00000     0.00000     0.00000     0.00000     0.00000     0.00000     0.00000     0.00000     0.00000
   -63.05830     0.00000     0.00000     0.00000     0.00000     0.00000     0.00000     0.00000     0.00000     0.00000     0.00000     0.00000     0.00000     0.00000     0.00000     0.00000     0.00000     0.00000
   -63.00430     0.00000     0.00000     0.00000     0.00000     0.00000     0.00000     0.00000     0.00000     0.00000     0.00000     0.00000     0.00000     0.00000     0.00000     0.00000     0.00000     0.00000
   -62.95130     0.00000     0.00000     0.00000     0.00000     0.00000     0.00000     0.00000     0.00000     0.00000     0.00000     0.00000     0.00000     0.00000     0.00000     0.00000     0.00000     0.00000
   -62.89730     0.00000     0.00000     0.00000     0.00000     0.00000     0.00000     0.00000     0.00000     0.00000     0.00000     0.00000     0.00000     0.00000     0.00000     0.00000     0.00000     0.00000
   -62.84330     0.00000     0.00000     0.00000     0.00000     0.00000     0.00000     0.00000     0.00000     0.00000     0.00000     0.00000     0.00000     0.00000     0.00000     0.00000     0.00000     0.00000
   -62.79030     0.00000     0.00000     0.00000     0.00000     0.00000     0.00000     0.00000     0.00000     0.00000     0.00000     0.00000     0.00000     0.00000     0.00000     0.00000     0.00000     0.00000
   -62.73630     0.00000     0.00000     0.00000     0.00000     0.00000     0.00000     0.00000     0.00000     0.00000     0.00000     0.00000     0.00000     0.00000     0.00000     0.00000     0.00000     0.00000
   -62.68330     0.00000     0.00000     0.00000     0.00000     0.00000     0.00000     0.00000     0.00000     0.00000     0.00000     0.00000     0.00000     0.00000     0.00000     0.00000     0.00000     0.00000
   -62.62930     0.00000     0.00000     0.00000     0.00000     0.00000     0.00000     0.00000     0.00000     0.00000     0.00000     0.00000     0.00000     0.00000     0.00000     0.00000     0.00000     0.00000
   -62.57630     0.00000     0.00000     0.00000     0.00000     0.00000     0.00000     0.00000     0.00000     0.00000     0.00000     0.00000     0.00000     0.00000     0.00000     0.00000     0.00000     0.00000
   -62.52230     0.00000     0.00000     0.00000     0.00000     0.00000     0.00000     0.00000     0.00000     0.00000     0.00000     0.00000     0.00000     0.00000     0.00000     0.00000     0.00000     0.00000
   -62.46830     0.00000     0.00000     0.00000     0.00000     0.00000     0.00000     0.00000     0.00000     0.00000     0.00000     0.00000     0.00000     0.00000     0.00000     0.00000     0.00000     0.00000
   -62.41530     0.00000     0.00000     0.00000     0.00000     0.00000     0.00000     0.00000     0.00000     0.00000     0.00000     0.00000     0.00000     0.00000     0.00000     0.00000     0.00000     0.00000
   -62.36130     0.00000     0.00000     0.00000     0.00000     0.00000     0.00000     0.00000     0.00000     0.00000     0.00000     0.00000     0.00000     0.00000     0.00000     0.00000     0.00000     0.00000
   -62.30830     0.00000     0.00000     0.00000     0.00000     0.00000     0.00000     0.00000     0.00000     0.00000     0.00000     0.00000     0.00000     0.00000     0.00000     0.00000     0.00000     0.00000
   -62.25430     0.00000     0.00000     0.00000     0.00000     0.00000     0.00000     0.00000     0.00000     0.00000     0.00000     0.00000     0.00000     0.00000     0.00000     0.00000     0.00000     0.00000
   -62.20130     0.00000     0.00000     0.00000     0.00000     0.00000     0.00000     0.00000     0.00000     0.00000     0.00000     0.00000     0.00000     0.00000     0.00000     0.00000     0.00000     0.00000
   -62.14730     0.00000     0.00000     0.00000     0.00000     0.00000     0.00000     0.00000     0.00000     0.00000     0.00000     0.00000     0.00000     0.00000     0.00000     0.00000     0.00000     0.00000
   -62.09330     0.00000     0.00000     0.00000     0.00000     0.00000     0.00000     0.00000     0.00000     0.00000     0.00000     0.00000     0.00000     0.00000     0.00000     0.00000     0.00000     0.00000
   -62.04030     0.00000     0.00000     0.00000     0.00000     0.00000     0.00000     0.00000     0.00000     0.00000     0.00000     0.00000     0.00000     0.00000     0.00000     0.00000     0.00000     0.00000
   -61.98630     0.00000     0.00000     0.00000     0.00000     0.00000     0.00000     0.00000     0.00000     0.00000     0.00000     0.00000     0.00000     0.00000     0.00000     0.00000     0.00000     0.00000
   -61.93330     0.00000     0.00000     0.00000     0.00000     0.00000     0.00000     0.00000     0.00000     0.00000     0.00000     0.00000     0.00000     0.00000     0.00000     0.00000     0.00000     0.00000
   -61.87930     0.00000     0.00000     0.00000     0.00000     0.00000     0.00000     0.00000     0.00000     0.00000     0.00000     0.00000     0.00000     0.00000     0.00000     0.00000     0.00000     0.00000
   -61.82630     0.00000     0.00000     0.00000     0.00000     0.00000     0.00000     0.00000     0.00000     0.00000     0.00000     0.00000     0.00000     0.00000     0.00000     0.00000     0.00000     0.00000
   -61.77230     0.00000     0.00000     0.00000     0.00000     0.00000     0.00000     0.00000     0.00000     0.00000     0.00000     0.00000     0.00000     0.00000     0.00000     0.00000     0.00000     0.00000
   -61.71830     0.00000     0.00000     0.00000     0.00000     0.00000     0.00000     0.00000     0.00000     0.00000     0.00000     0.00000     0.00000     0.00000     0.00000     0.00000     0.00000     0.00000
   -61.66530     0.00000     0.00000     0.00000     0.00000     0.00000     0.00000     0.00000     0.00000     0.00000     0.00000     0.00000     0.00000     0.00000     0.00000     0.00000     0.00000     0.00000
   -61.61130     0.00000     0.00000     0.00000     0.00000     0.00000     0.00000     0.00000     0.00000     0.00000     0.00000     0.00000     0.00000     0.00000     0.00000     0.00000     0.00000     0.00000
   -61.55830     0.00000     0.00000     0.00000     0.00000     0.00000     0.00000     0.00000     0.00000     0.00000     0.00000     0.00000     0.00000     0.00000     0.00000     0.00000     0.00000     0.00000
   -61.50430     0.00000     0.00000     0.00000     0.00000     0.00000     0.00000     0.00000     0.00000     0.00000     0.00000     0.00000     0.00000     0.00000     0.00000     0.00000     0.00000     0.00000
   -61.45030     0.00000     0.00000     0.00000     0.00000     0.00000     0.00000     0.00000     0.00000     0.00000     0.00000     0.00000     0.00000     0.00000     0.00000     0.00000     0.00000     0.00000
   -61.39730     0.00000     0.00000     0.00000     0.00000     0.00000     0.00000     0.00000     0.00000     0.00000     0.00000     0.00000     0.00000     0.00000     0.00000     0.00000     0.00000     0.00000
   -61.34330     0.00000     0.00000     0.00000     0.00000     0.00000     0.00000     0.00000     0.00000     0.00000     0.00000     0.00000     0.00000     0.00000     0.00000     0.00000     0.00000     0.00000
   -61.29030     0.00000     0.00000     0.00000     0.00000     0.00000     0.00000     0.00000     0.00000     0.00000     0.00000     0.00000     0.00000     0.00000     0.00000     0.00000     0.00000     0.00000
   -61.23630     0.00000     0.00000     0.00000     0.00000     0.00000     0.00000     0.00000     0.00000     0.00000     0.00000     0.00000     0.00000     0.00000     0.00000     0.00000     0.00000     0.00000
   -61.18330     0.00000     0.00000     0.00000     0.00000     0.00000     0.00000     0.00000     0.00000     0.00000     0.00000     0.00000     0.00000     0.00000     0.00000     0.00000     0.00000     0.00000
   -61.12930     0.00000     0.00000     0.00000     0.00000     0.00000     0.00000     0.00000     0.00000     0.00000     0.00000     0.00000     0.00000     0.00000     0.00000     0.00000     0.00000     0.00000
   -61.07530     0.00000     0.00000     0.00000     0.00000     0.00000     0.00000     0.00000     0.00000     0.00000     0.00000     0.00000     0.00000     0.00000     0.00000     0.00000     0.00000     0.00000
   -61.02230     0.00000     0.00000     0.00000     0.00000     0.00000     0.00000     0.00000     0.00000     0.00000     0.00000     0.00000     0.00000     0.00000     0.00000     0.00000     0.00000     0.00000
   -60.96830     0.00000     0.00000     0.00000     0.00000     0.00000     0.00000     0.00000     0.00000     0.00000     0.00000     0.00000     0.00000     0.00000     0.00000     0.00000     0.00000     0.00000
   -60.91530     0.00000     0.00000     0.00000     0.00000     0.00000     0.00000     0.00000     0.00000     0.00000     0.00000     0.00000     0.00000     0.00000     0.00000     0.00000     0.00000     0.00000
   -60.86130     0.00000     0.00000     0.00000     0.00000     0.00000     0.00000     0.00000     0.00000     0.00000     0.00000     0.00000     0.00000     0.00000     0.00000     0.00000     0.00000     0.00000
   -60.80830     0.00000     0.00000     0.00000     0.00000     0.00000     0.00000     0.00000     0.00000     0.00000     0.00000     0.00000     0.00000     0.00000     0.00000     0.00000     0.00000     0.00000
   -60.75430     0.00000     0.00000     0.00000     0.00000     0.00000     0.00000     0.00000     0.00000     0.00000     0.00000     0.00000     0.00000     0.00000     0.00000     0.00000     0.00000     0.00000
   -60.70030     0.00000     0.00000     0.00000     0.00000     0.00000     0.00000     0.00000     0.00000     0.00000     0.00000     0.00000     0.00000     0.00000     0.00000     0.00000     0.00000     0.00000
   -60.64730     0.00000     0.00000     0.00000     0.00000     0.00000     0.00000     0.00000     0.00000     0.00000     0.00000     0.00000     0.00000     0.00000     0.00000     0.00000     0.00000     0.00000
   -60.59330     0.00000     0.00000     0.00000     0.00000     0.00000     0.00000     0.00000     0.00000     0.00000     0.00000     0.00000     0.00000     0.00000     0.00000     0.00000     0.00000     0.00000
   -60.54030     0.00000     0.00000     0.00000     0.00000     0.00000     0.00000     0.00000     0.00000     0.00000     0.00000     0.00000     0.00000     0.00000     0.00000     0.00000     0.00000     0.00000
   -60.48630     0.00000     0.00000     0.00000     0.00000     0.00000     0.00000     0.00000     0.00000     0.00000     0.00000     0.00000     0.00000     0.00000     0.00000     0.00000     0.00000     0.00000
   -60.43230     0.00000     0.00000     0.00000     0.00000     0.00000     0.00000     0.00000     0.00000     0.00000     0.00000     0.00000     0.00000     0.00000     0.00000     0.00000     0.00000     0.00000
   -60.37930     0.00000     0.00000     0.00000     0.00000     0.00000     0.00000     0.00000     0.00000     0.00000     0.00000     0.00000     0.00000     0.00000     0.00000     0.00000     0.00000     0.00000
   -60.32530     0.00000     0.00000     0.00000     0.00000     0.00000     0.00000     0.00000     0.00000     0.00000     0.00000     0.00000     0.00000     0.00000     0.00000     0.00000     0.00000     0.00000
   -60.27230     0.00000     0.00000     0.00000     0.00000     0.00000     0.00000     0.00000     0.00000     0.00000     0.00000     0.00000     0.00000     0.00000     0.00000     0.00000     0.00000     0.00000
   -60.21830     0.00000     0.00000     0.00000     0.00000     0.00000     0.00000     0.00000     0.00000     0.00000     0.00000     0.00000     0.00000     0.00000     0.00000     0.00000     0.00000     0.00000
   -60.16530     0.00000     0.00000     0.00000     0.00000     0.00000     0.00000     0.00000     0.00000     0.00000     0.00000     0.00000     0.00000     0.00000     0.00000     0.00000     0.00000     0.00000
   -60.11130     0.00000     0.00000     0.00000     0.00000     0.00000     0.00000     0.00000     0.00000     0.00000     0.00000     0.00000     0.00000     0.00000     0.00000     0.00000     0.00000     0.00000
   -60.05730     0.00000     0.00000     0.00000     0.00000     0.00000     0.00000     0.00000     0.00000     0.00000     0.00000     0.00000     0.00000     0.00000     0.00000     0.00000     0.00000     0.00000
   -60.00430     0.00000     0.00000     0.00000     0.00000     0.00000     0.00000     0.00000     0.00000     0.00000     0.00000     0.00000     0.00000     0.00000     0.00000     0.00000     0.00000     0.00000
   -59.95030     0.00000     0.00000     0.00000     0.00000     0.00000     0.00000     0.00000     0.00000     0.00000     0.00000     0.00000     0.00000     0.00000     0.00000     0.00000     0.00000     0.00000
   -59.89730     0.00000     0.00000     0.00000     0.00000     0.00000     0.00000     0.00000     0.00000     0.00000     0.00000     0.00000     0.00000     0.00000     0.00000     0.00000     0.00000     0.00000
   -59.84330     0.00000     0.00000     0.00000     0.00000     0.00000     0.00000     0.00000     0.00000     0.00000     0.00000     0.00000     0.00000     0.00000     0.00000     0.00000     0.00000     0.00000
   -59.79030     0.00000     0.00000     0.00000     0.00000     0.00000     0.00000     0.00000     0.00000     0.00000     0.00000     0.00000     0.00000     0.00000     0.00000     0.00000     0.00000     0.00000
   -59.73630     0.00000     0.00000     0.00000     0.00000     0.00000     0.00000     0.00000     0.00000     0.00000     0.00000     0.00000     0.00000     0.00000     0.00000     0.00000     0.00000     0.00000
   -59.68230     0.00000     0.00000     0.00000     0.00000     0.00000     0.00000     0.00000     0.00000     0.00000     0.00000     0.00000     0.00000     0.00000     0.00000     0.00000     0.00000     0.00000
   -59.62930     0.00000     0.00000     0.00000     0.00000     0.00000     0.00000     0.00000     0.00000     0.00000     0.00000     0.00000     0.00000     0.00000     0.00000     0.00000     0.00000     0.00000
   -59.57530     0.00000     0.00000     0.00000     0.00000     0.00000     0.00000     0.00000     0.00000     0.00000     0.00000     0.00000     0.00000     0.00000     0.00000     0.00000     0.00000     0.00000
   -59.52230     0.00000     0.00000     0.00000     0.00000     0.00000     0.00000     0.00000     0.00000     0.00000     0.00000     0.00000     0.00000     0.00000     0.00000     0.00000     0.00000     0.00000
   -59.46830     0.00000     0.00000     0.00000     0.00000     0.00000     0.00000     0.00000     0.00000     0.00000     0.00000     0.00000     0.00000     0.00000     0.00000     0.00000     0.00000     0.00000
   -59.41530     0.00000     0.00000     0.00000     0.00000     0.00000     0.00000     0.00000     0.00000     0.00000     0.00000     0.00000     0.00000     0.00000     0.00000     0.00000     0.00000     0.00000
   -59.36130     0.00000     0.00000     0.00000     0.00000     0.00000     0.00000     0.00000     0.00000     0.00000     0.00000     0.00000     0.00000     0.00000     0.00000     0.00000     0.00000     0.00000
   -59.30730     0.00000     0.00000     0.00000     0.00000     0.00000     0.00000     0.00000     0.00000     0.00000     0.00000     0.00000     0.00000     0.00000     0.00000     0.00000     0.00000     0.00000
   -59.25430     0.00000     0.00000     0.00000     0.00000     0.00000     0.00000     0.00000     0.00000     0.00000     0.00000     0.00000     0.00000     0.00000     0.00000     0.00000     0.00000     0.00000
   -59.20030     0.00000     0.00000     0.00000     0.00000     0.00000     0.00000     0.00000     0.00000     0.00000     0.00000     0.00000     0.00000     0.00000     0.00000     0.00000     0.00000     0.00000
   -59.14730     0.00000     0.00000     0.00000     0.00000     0.00000     0.00000     0.00000     0.00000     0.00000     0.00000     0.00000     0.00000     0.00000     0.00000     0.00000     0.00000     0.00000
   -59.09330     0.00000     0.00000     0.00000     0.00000     0.00000     0.00000     0.00000     0.00000     0.00000     0.00000     0.00000     0.00000     0.00000     0.00000     0.00000     0.00000     0.00000
   -59.03930     0.00000     0.00000     0.00000     0.00000     0.00000     0.00000     0.00000     0.00000     0.00000     0.00000     0.00000     0.00000     0.00000     0.00000     0.00000     0.00000     0.00000
   -58.98630     0.00000     0.00000     0.00000     0.00000     0.00000     0.00000     0.00000     0.00000     0.00000     0.00000     0.00000     0.00000     0.00000     0.00000     0.00000     0.00000     0.00000
   -58.93230     0.00000     0.00000     0.00000     0.00000     0.00000     0.00000     0.00000     0.00000     0.00000     0.00000     0.00000     0.00000     0.00000     0.00000     0.00000     0.00000     0.00000
   -58.87930     0.00000     0.00000     0.00000     0.00000     0.00000     0.00000     0.00000     0.00000     0.00000     0.00000     0.00000     0.00000     0.00000     0.00000     0.00000     0.00000     0.00000
   -58.82530     0.00000     0.00000     0.00000     0.00000     0.00000     0.00000     0.00000     0.00000     0.00000     0.00000     0.00000     0.00000     0.00000     0.00000     0.00000     0.00000     0.00000
   -58.77230     0.00000     0.00000     0.00000     0.00000     0.00000     0.00000     0.00000     0.00000     0.00000     0.00000     0.00000     0.00000     0.00000     0.00000     0.00000     0.00000     0.00000
   -58.71830     0.00000     0.00000     0.00000     0.00000     0.00000     0.00000     0.00000     0.00000     0.00000     0.00000     0.00000     0.00000     0.00000     0.00000     0.00000     0.00000     0.00000
   -58.66430     0.00000     0.00000     0.00000     0.00000     0.00000     0.00000     0.00000     0.00000     0.00000     0.00000     0.00000     0.00000     0.00000     0.00000     0.00000     0.00000     0.00000
   -58.61130     0.00000     0.00000     0.00000     0.00000     0.00000     0.00000     0.00000     0.00000     0.00000     0.00000     0.00000     0.00000     0.00000     0.00000     0.00000     0.00000     0.00000
   -58.55730     0.00000     0.00000     0.00000     0.00000     0.00000     0.00000     0.00000     0.00000     0.00000     0.00000     0.00000     0.00000     0.00000     0.00000     0.00000     0.00000     0.00000
   -58.50430     0.00000     0.00000     0.00000     0.00000     0.00000     0.00000     0.00000     0.00000     0.00000     0.00000     0.00000     0.00000     0.00000     0.00000     0.00000     0.00000     0.00000
   -58.45030     0.00000     0.00000     0.00000     0.00000     0.00000     0.00000     0.00000     0.00000     0.00000     0.00000     0.00000     0.00000     0.00000     0.00000     0.00000     0.00000     0.00000
   -58.39730     0.00000     0.00000     0.00000     0.00000     0.00000     0.00000     0.00000     0.00000     0.00000     0.00000     0.00000     0.00000     0.00000     0.00000     0.00000     0.00000     0.00000
   -58.34330     0.00000     0.00000     0.00000     0.00000     0.00000     0.00000     0.00000     0.00000     0.00000     0.00000     0.00000     0.00000     0.00000     0.00000     0.00000     0.00000     0.00000
   -58.28930     0.00000     0.00000     0.00000     0.00000     0.00000     0.00000     0.00000     0.00000     0.00000     0.00000     0.00000     0.00000     0.00000     0.00000     0.00000     0.00000     0.00000
   -58.23630     0.00000     0.00000     0.00000     0.00000     0.00000     0.00000     0.00000     0.00000     0.00000     0.00000     0.00000     0.00000     0.00000     0.00000     0.00000     0.00000     0.00000
   -58.18230     0.00000     0.00000     0.00000     0.00000     0.00000     0.00000     0.00000     0.00000     0.00000     0.00000     0.00000     0.00000     0.00000     0.00000     0.00000     0.00000     0.00000
   -58.12930     0.00000     0.00000     0.00000     0.00000     0.00000     0.00000     0.00000     0.00000     0.00000     0.00000     0.00000     0.00000     0.00000     0.00000     0.00000     0.00000     0.00000
   -58.07530     0.00000     0.00000     0.00000     0.00000     0.00000     0.00000     0.00000     0.00000     0.00000     0.00000     0.00000     0.00000     0.00000     0.00000     0.00000     0.00000     0.00000
   -58.02130     0.00000     0.00000     0.00000     0.00000     0.00000     0.00000     0.00000     0.00000     0.00000     0.00000     0.00000     0.00000     0.00000     0.00000     0.00000     0.00000     0.00000
   -57.96830     0.00000     0.00000     0.00000     0.00000     0.00000     0.00000     0.00000     0.00000     0.00000     0.00000     0.00000     0.00000     0.00000     0.00000     0.00000     0.00000     0.00000
   -57.91430     0.00000     0.00000     0.00000     0.00000     0.00000     0.00000     0.00000     0.00000     0.00000     0.00000     0.00000     0.00000     0.00000     0.00000     0.00000     0.00000     0.00000
   -57.86130     0.00000     0.00000     0.00000     0.00000     0.00000     0.00000     0.00000     0.00000     0.00000     0.00000     0.00000     0.00000     0.00000     0.00000     0.00000     0.00000     0.00000
   -57.80730     0.00000     0.00000     0.00000     0.00000     0.00000     0.00000     0.00000     0.00000     0.00000     0.00000     0.00000     0.00000     0.00000     0.00000     0.00000     0.00000     0.00000
   -57.75430     0.00000     0.00000     0.00000     0.00000     0.00000     0.00000     0.00000     0.00000     0.00000     0.00000     0.00000     0.00000     0.00000     0.00000     0.00000     0.00000     0.00000
   -57.70030     0.00000     0.00000     0.00000     0.00000     0.00000     0.00000     0.00000     0.00000     0.00000     0.00000     0.00000     0.00000     0.00000     0.00000     0.00000     0.00000     0.00000
   -57.64630     0.00000     0.00000     0.00000     0.00000     0.00000     0.00000     0.00000     0.00000     0.00000     0.00000     0.00000     0.00000     0.00000     0.00000     0.00000     0.00000     0.00000
   -57.59330     0.00000     0.00000     0.00000     0.00000     0.00000     0.00000     0.00000     0.00000     0.00000     0.00000     0.00000     0.00000     0.00000     0.00000     0.00000     0.00000     0.00000
   -57.53930     0.00000     0.00000     0.00000     0.00000     0.00000     0.00000     0.00000     0.00000     0.00000     0.00000     0.00000     0.00000     0.00000     0.00000     0.00000     0.00000     0.00000
   -57.48630     0.00000     0.00000     0.00000     0.00000     0.00000     0.00000     0.00000     0.00000     0.00000     0.00000     0.00000     0.00000     0.00000     0.00000     0.00000     0.00000     0.00000
   -57.43230     0.00000     0.00000     0.00000     0.00000     0.00000     0.00000     0.00000     0.00000     0.00000     0.00000     0.00000     0.00000     0.00000     0.00000     0.00000     0.00000     0.00000
   -57.37930     0.00000     0.00000     0.00000     0.00000     0.00000     0.00000     0.00000     0.00000     0.00000     0.00000     0.00000     0.00000     0.00000     0.00000     0.00000     0.00000     0.00000
   -57.32530     0.00000     0.00000     0.00000     0.00000     0.00000     0.00000     0.00000     0.00000     0.00000     0.00000     0.00000     0.00000     0.00000     0.00000     0.00000     0.00000     0.00000
   -57.27130     0.00000     0.00000     0.00000     0.00000     0.00000     0.00000     0.00000     0.00000     0.00000     0.00000     0.00000     0.00000     0.00000     0.00000     0.00000     0.00000     0.00000
   -57.21830     0.00000     0.00000     0.00000     0.00000     0.00000     0.00000     0.00000     0.00000     0.00000     0.00000     0.00000     0.00000     0.00000     0.00000     0.00000     0.00000     0.00000
   -57.16430     0.00000     0.00000     0.00000     0.00000     0.00000     0.00000     0.00000     0.00000     0.00000     0.00000     0.00000     0.00000     0.00000     0.00000     0.00000     0.00000     0.00000
   -57.11130     0.00000     0.00000     0.00000     0.00000     0.00000     0.00000     0.00000     0.00000     0.00000     0.00000     0.00000     0.00000     0.00000     0.00000     0.00000     0.00000     0.00000
   -57.05730     0.00000     0.00000     0.00000     0.00000     0.00000     0.00000     0.00000     0.00000     0.00000     0.00000     0.00000     0.00000     0.00000     0.00000     0.00000     0.00000     0.00000
   -57.00430     0.00000     0.00000     0.00000     0.00000     0.00000     0.00000     0.00000     0.00000     0.00000     0.00000     0.00000     0.00000     0.00000     0.00000     0.00000     0.00000     0.00000
   -56.95030     0.00000     0.00000     0.00000     0.00000     0.00000     0.00000     0.00000     0.00000     0.00000     0.00000     0.00000     0.00000     0.00000     0.00000     0.00000     0.00000     0.00000
   -56.89630     0.00000     0.00000     0.00000     0.00000     0.00000     0.00000     0.00000     0.00000     0.00000     0.00000     0.00000     0.00000     0.00000     0.00000     0.00000     0.00000     0.00000
   -56.84330     0.00000     0.00000     0.00000     0.00000     0.00000     0.00000     0.00000     0.00000     0.00000     0.00000     0.00000     0.00000     0.00000     0.00000     0.00000     0.00000     0.00000
   -56.78930     0.00000     0.00000     0.00000     0.00000     0.00000     0.00000     0.00000     0.00000     0.00000     0.00000     0.00000     0.00000     0.00000     0.00000     0.00000     0.00000     0.00000
   -56.73630     0.00000     0.00000     0.00000     0.00000     0.00000     0.00000     0.00000     0.00000     0.00000     0.00000     0.00000     0.00000     0.00000     0.00000     0.00000     0.00000     0.00000
   -56.68230     0.00000     0.00000     0.00000     0.00000     0.00000     0.00000     0.00000     0.00000     0.00000     0.00000     0.00000     0.00000     0.00000     0.00000     0.00000     0.00000     0.00000
   -56.62830     0.00000     0.00000     0.00000     0.00000     0.00000     0.00000     0.00000     0.00000     0.00000     0.00000     0.00000     0.00000     0.00000     0.00000     0.00000     0.00000     0.00000
   -56.57530     0.00000     0.00000     0.00000     0.00000     0.00000     0.00000     0.00000     0.00000     0.00000     0.00000     0.00000     0.00000     0.00000     0.00000     0.00000     0.00000     0.00000
   -56.52130     0.00000     0.00000     0.00000     0.00000     0.00000     0.00000     0.00000     0.00000     0.00000     0.00000     0.00000     0.00000     0.00000     0.00000     0.00000     0.00000     0.00000
   -56.46830     0.00000     0.00000     0.00000     0.00000     0.00000     0.00000     0.00000     0.00000     0.00000     0.00000     0.00000     0.00000     0.00000     0.00000     0.00000     0.00000     0.00000
   -56.41430     0.00000     0.00000     0.00000     0.00000     0.00000     0.00000     0.00000     0.00000     0.00000     0.00000     0.00000     0.00000     0.00000     0.00000     0.00000     0.00000     0.00000
   -56.36130     0.00000     0.00000     0.00000     0.00000     0.00000     0.00000     0.00000     0.00000     0.00000     0.00000     0.00000     0.00000     0.00000     0.00000     0.00000     0.00000     0.00000
   -56.30730     0.00000     0.00000     0.00000     0.00000     0.00000     0.00000     0.00000     0.00000     0.00000     0.00000     0.00000     0.00000     0.00000     0.00000     0.00000     0.00000     0.00000
   -56.25330     0.00000     0.00000     0.00000     0.00000     0.00000     0.00000     0.00000     0.00000     0.00000     0.00000     0.00000     0.00000     0.00000     0.00000     0.00000     0.00000     0.00000
   -56.20030     0.00000     0.00000     0.00000     0.00000     0.00000     0.00000     0.00000     0.00000     0.00000     0.00000     0.00000     0.00000     0.00000     0.00000     0.00000     0.00000     0.00000
   -56.14630     0.00000     0.00000     0.00000     0.00000     0.00000     0.00000     0.00000     0.00000     0.00000     0.00000     0.00000     0.00000     0.00000     0.00000     0.00000     0.00000     0.00000
   -56.09330     0.00000     0.00000     0.00000     0.00000     0.00000     0.00000     0.00000     0.00000     0.00000     0.00000     0.00000     0.00000     0.00000     0.00000     0.00000     0.00000     0.00000
   -56.03930     0.00000     0.00000     0.00000     0.00000     0.00000     0.00000     0.00000     0.00000     0.00000     0.00000     0.00000     0.00000     0.00000     0.00000     0.00000     0.00000     0.00000
   -55.98630     0.00000     0.00000     0.00000     0.00000     0.00000     0.00000     0.00000     0.00000     0.00000     0.00000     0.00000     0.00000     0.00000     0.00000     0.00000     0.00000     0.00000
   -55.93230     0.00000     0.00000     0.00000     0.00000     0.00000     0.00000     0.00000     0.00000     0.00000     0.00000     0.00000     0.00000     0.00000     0.00000     0.00000     0.00000     0.00000
   -55.87830     0.00000     0.00000     0.00000     0.00000     0.00000     0.00000     0.00000     0.00000     0.00000     0.00000     0.00000     0.00000     0.00000     0.00000     0.00000     0.00000     0.00000
   -55.82530     0.00000     0.00000     0.00000     0.00000     0.00000     0.00000     0.00000     0.00000     0.00000     0.00000     0.00000     0.00000     0.00000     0.00000     0.00000     0.00000     0.00000
   -55.77130     0.00000     0.00000     0.00000     0.00000     0.00000     0.00000     0.00000     0.00000     0.00000     0.00000     0.00000     0.00000     0.00000     0.00000     0.00000     0.00000     0.00000
   -55.71830     0.00000     0.00000     0.00000     0.00000     0.00000     0.00000     0.00000     0.00000     0.00000     0.00000     0.00000     0.00000     0.00000     0.00000     0.00000     0.00000     0.00000
   -55.66430     0.00000     0.00000     0.00000     0.00000     0.00000     0.00000     0.00000     0.00000     0.00000     0.00000     0.00000     0.00000     0.00000     0.00000     0.00000     0.00000     0.00000
   -55.61030     0.00000     0.00000     0.00000     0.00000     0.00000     0.00000     0.00000     0.00000     0.00000     0.00000     0.00000     0.00000     0.00000     0.00000     0.00000     0.00000     0.00000
   -55.55730     0.00000     0.00000     0.00000     0.00000     0.00000     0.00000     0.00000     0.00000     0.00000     0.00000     0.00000     0.00000     0.00000     0.00000     0.00000     0.00000     0.00000
   -55.50330     0.00000     0.00000     0.00000     0.00000     0.00000     0.00000     0.00000     0.00000     0.00000     0.00000     0.00000     0.00000     0.00000     0.00000     0.00000     0.00000     0.00000
   -55.45030     0.00000     0.00000     0.00000     0.00000     0.00000     0.00000     0.00000     0.00000     0.00000     0.00000     0.00000     0.00000     0.00000     0.00000     0.00000     0.00000     0.00000
   -55.39630     0.00000     0.00000     0.00000     0.00000     0.00000     0.00000     0.00000     0.00000     0.00000     0.00000     0.00000     0.00000     0.00000     0.00000     0.00000     0.00000     0.00000
   -55.34330     0.00000     0.00000     0.00000     0.00000     0.00000     0.00000     0.00000     0.00000     0.00000     0.00000     0.00000     0.00000     0.00000     0.00000     0.00000     0.00000     0.00000
   -55.28930     0.00000     0.00000     0.00000     0.00000     0.00000     0.00000     0.00000     0.00000     0.00000     0.00000     0.00000     0.00000     0.00000     0.00000     0.00000     0.00000     0.00000
   -55.23530     0.00000     0.00000     0.00000     0.00000     0.00000     0.00000     0.00000     0.00000     0.00000     0.00000     0.00000     0.00000     0.00000     0.00000     0.00000     0.00000     0.00000
   -55.18230     0.00000     0.00000     0.00000     0.00000     0.00000     0.00000     0.00000     0.00000     0.00000     0.00000     0.00000     0.00000     0.00000     0.00000     0.00000     0.00000     0.00000
   -55.12830     0.00000     0.00000     0.00000     0.00000     0.00000     0.00000     0.00000     0.00000     0.00000     0.00000     0.00000     0.00000     0.00000     0.00000     0.00000     0.00000     0.00000
   -55.07530     0.00000     0.00000     0.00000     0.00000     0.00000     0.00000     0.00000     0.00000     0.00000     0.00000     0.00000     0.00000     0.00000     0.00000     0.00000     0.00000     0.00000
   -55.02130     0.00000     0.00000     0.00000     0.00000     0.00000     0.00000     0.00000     0.00000     0.00000     0.00000     0.00000     0.00000     0.00000     0.00000     0.00000     0.00000     0.00000
   -54.96830     0.00000     0.00000     0.00000     0.00000     0.00000     0.00000     0.00000     0.00000     0.00000     0.00000     0.00000     0.00000     0.00000     0.00000     0.00000     0.00000     0.00000
   -54.91430     0.00000     0.00000     0.00000     0.00000     0.00000     0.00000     0.00000     0.00000     0.00000     0.00000     0.00000     0.00000     0.00000     0.00000     0.00000     0.00000     0.00000
   -54.86030     0.00000     0.00000     0.00000     0.00000     0.00000     0.00000     0.00000     0.00000     0.00000     0.00000     0.00000     0.00000     0.00000     0.00000     0.00000     0.00000     0.00000
   -54.80730     0.00000     0.00000     0.00000     0.00000     0.00000     0.00000     0.00000     0.00000     0.00000     0.00000     0.00000     0.00000     0.00000     0.00000     0.00000     0.00000     0.00000
   -54.75330     0.00000     0.00000     0.00000     0.00000     0.00000     0.00000     0.00000     0.00000     0.00000     0.00000     0.00000     0.00000     0.00000     0.00000     0.00000     0.00000     0.00000
   -54.70030     0.00000     0.00000     0.00000     0.00000     0.00000     0.00000     0.00000     0.00000     0.00000     0.00000     0.00000     0.00000     0.00000     0.00000     0.00000     0.00000     0.00000
   -54.64630     0.00000     0.00000     0.00000     0.00000     0.00000     0.00000     0.00000     0.00000     0.00000     0.00000     0.00000     0.00000     0.00000     0.00000     0.00000     0.00000     0.00000
   -54.59330     0.00000     0.00000     0.00000     0.00000     0.00000     0.00000     0.00000     0.00000     0.00000     0.00000     0.00000     0.00000     0.00000     0.00000     0.00000     0.00000     0.00000
   -54.53930     0.00000     0.00000     0.00000     0.00000     0.00000     0.00000     0.00000     0.00000     0.00000     0.00000     0.00000     0.00000     0.00000     0.00000     0.00000     0.00000     0.00000
   -54.48530     0.00000     0.00000     0.00000     0.00000     0.00000     0.00000     0.00000     0.00000     0.00000     0.00000     0.00000     0.00000     0.00000     0.00000     0.00000     0.00000     0.00000
   -54.43230     0.00000     0.00000     0.00000     0.00000     0.00000     0.00000     0.00000     0.00000     0.00000     0.00000     0.00000     0.00000     0.00000     0.00000     0.00000     0.00000     0.00000
   -54.37830     0.00000     0.00000     0.00000     0.00000     0.00000     0.00000     0.00000     0.00000     0.00000     0.00000     0.00000     0.00000     0.00000     0.00000     0.00000     0.00000     0.00000
   -54.32530     0.00000     0.00000     0.00000     0.00000     0.00000     0.00000     0.00000     0.00000     0.00000     0.00000     0.00000     0.00000     0.00000     0.00000     0.00000     0.00000     0.00000
   -54.27130     0.00000     0.00000     0.00000     0.00000     0.00000     0.00000     0.00000     0.00000     0.00000     0.00000     0.00000     0.00000     0.00000     0.00000     0.00000     0.00000     0.00000
   -54.21730     0.00000     0.00000     0.00000     0.00000     0.00000     0.00000     0.00000     0.00000     0.00000     0.00000     0.00000     0.00000     0.00000     0.00000     0.00000     0.00000     0.00000
   -54.16430     0.00000     0.00000     0.00000     0.00000     0.00000     0.00000     0.00000     0.00000     0.00000     0.00000     0.00000     0.00000     0.00000     0.00000     0.00000     0.00000     0.00000
   -54.11030     0.00000     0.00000     0.00000     0.00000     0.00000     0.00000     0.00000     0.00000     0.00000     0.00000     0.00000     0.00000     0.00000     0.00000     0.00000     0.00000     0.00000
   -54.05730     0.00000     0.00000     0.00000     0.00000     0.00000     0.00000     0.00000     0.00000     0.00000     0.00000     0.00000     0.00000     0.00000     0.00000     0.00000     0.00000     0.00000
   -54.00330     0.00000     0.00000     0.00000     0.00000     0.00000     0.00000     0.00000     0.00000     0.00000     0.00000     0.00000     0.00000     0.00000     0.00000     0.00000     0.00000     0.00000
   -53.95030     0.00000     0.00000     0.00000     0.00000     0.00000     0.00000     0.00000     0.00000     0.00000     0.00000     0.00000     0.00000     0.00000     0.00000     0.00000     0.00000     0.00000
   -53.89630     0.00000     0.00000     0.00000     0.00000     0.00000     0.00000     0.00000     0.00000     0.00000     0.00000     0.00000     0.00000     0.00000     0.00000     0.00000     0.00000     0.00000
   -53.84230     0.00000     0.00000     0.00000     0.00000     0.00000     0.00000     0.00000     0.00000     0.00000     0.00000     0.00000     0.00000     0.00000     0.00000     0.00000     0.00000     0.00000
   -53.78930     0.00000     0.00000     0.00000     0.00000     0.00000     0.00000     0.00000     0.00000     0.00000     0.00000     0.00000     0.00000     0.00000     0.00000     0.00000     0.00000     0.00000
   -53.73530     0.00000     0.00000     0.00000     0.00000     0.00000     0.00000     0.00000     0.00000     0.00000     0.00000     0.00000     0.00000     0.00000     0.00000     0.00000     0.00000     0.00000
   -53.68230     0.00000     0.00000     0.00000     0.00000     0.00000     0.00000     0.00000     0.00000     0.00000     0.00000     0.00000     0.00000     0.00000     0.00000     0.00000     0.00000     0.00000
   -53.62830     0.00000     0.00000     0.00000     0.00000     0.00000     0.00000     0.00000     0.00000     0.00000     0.00000     0.00000     0.00000     0.00000     0.00000     0.00000     0.00000     0.00000
   -53.57530     0.00000     0.00000     0.00000     0.00000     0.00000     0.00000     0.00000     0.00000     0.00000     0.00000     0.00000     0.00000     0.00000     0.00000     0.00000     0.00000     0.00000
   -53.52130     0.00000     0.00000     0.00000     0.00000     0.00000     0.00000     0.00000     0.00000     0.00000     0.00000     0.00000     0.00000     0.00000     0.00000     0.00000     0.00000     0.00000
   -53.46730     0.00000     0.00000     0.00000     0.00000     0.00000     0.00000     0.00000     0.00000     0.00000     0.00000     0.00000     0.00000     0.00000     0.00000     0.00000     0.00000     0.00000
   -53.41430     0.00000     0.00000     0.00000     0.00000     0.00000     0.00000     0.00000     0.00000     0.00000     0.00000     0.00000     0.00000     0.00000     0.00000     0.00000     0.00000     0.00000
   -53.36030     0.00000     0.00000     0.00000     0.00000     0.00000     0.00000     0.00000     0.00000     0.00000     0.00000     0.00000     0.00000     0.00000     0.00000     0.00000     0.00000     0.00000
   -53.30730     0.00000     0.00000     0.00000     0.00000     0.00000     0.00000     0.00000     0.00000     0.00000     0.00000     0.00000     0.00000     0.00000     0.00000     0.00000     0.00000     0.00000
   -53.25330     0.00000     0.00000     0.00000     0.00000     0.00000     0.00000     0.00000     0.00000     0.00000     0.00000     0.00000     0.00000     0.00000     0.00000     0.00000     0.00000     0.00000
   -53.20030     0.00000     0.00000     0.00000     0.00000     0.00000     0.00000     0.00000     0.00000     0.00000     0.00000     0.00000     0.00000     0.00000     0.00000     0.00000     0.00000     0.00000
   -53.14630     0.00000     0.00000     0.00000     0.00000     0.00000     0.00000     0.00000     0.00000     0.00000     0.00000     0.00000     0.00000     0.00000     0.00000     0.00000     0.00000     0.00000
   -53.09230     0.00000     0.00000     0.00000     0.00000     0.00000     0.00000     0.00000     0.00000     0.00000     0.00000     0.00000     0.00000     0.00000     0.00000     0.00000     0.00000     0.00000
   -53.03930     0.00000     0.00000     0.00000     0.00000     0.00000     0.00000     0.00000     0.00000     0.00000     0.00000     0.00000     0.00000     0.00000     0.00000     0.00000     0.00000     0.00000
   -52.98530     0.00000     0.00000     0.00000     0.00000     0.00000     0.00000     0.00000     0.00000     0.00000     0.00000     0.00000     0.00000     0.00000     0.00000     0.00000     0.00000     0.00000
   -52.93230     0.00000     0.00000     0.00000     0.00000     0.00000     0.00000     0.00000     0.00000     0.00000     0.00000     0.00000     0.00000     0.00000     0.00000     0.00000     0.00000     0.00000
   -52.87830     0.00000     0.00000     0.00000     0.00000     0.00000     0.00000     0.00000     0.00000     0.00000     0.00000     0.00000     0.00000     0.00000     0.00000     0.00000     0.00000     0.00000
   -52.82430     0.00000     0.00000     0.00000     0.00000     0.00000     0.00000     0.00000     0.00000     0.00000     0.00000     0.00000     0.00000     0.00000     0.00000     0.00000     0.00000     0.00000
   -52.77130     0.00000     0.00000     0.00000     0.00000     0.00000     0.00000     0.00000     0.00000     0.00000     0.00000     0.00000     0.00000     0.00000     0.00000     0.00000     0.00000     0.00000
   -52.71730     0.00000     0.00000     0.00000     0.00000     0.00000     0.00000     0.00000     0.00000     0.00000     0.00000     0.00000     0.00000     0.00000     0.00000     0.00000     0.00000     0.00000
   -52.66430     0.00000     0.00000     0.00000     0.00000     0.00000     0.00000     0.00000     0.00000     0.00000     0.00000     0.00000     0.00000     0.00000     0.00000     0.00000     0.00000     0.00000
   -52.61030     0.00000     0.00000     0.00000     0.00000     0.00000     0.00000     0.00000     0.00000     0.00000     0.00000     0.00000     0.00000     0.00000     0.00000     0.00000     0.00000     0.00000
   -52.55730     0.00000     0.00000     0.00000     0.00000     0.00000     0.00000     0.00000     0.00000     0.00000     0.00000     0.00000     0.00000     0.00000     0.00000     0.00000     0.00000     0.00000
   -52.50330     0.00000     0.00000     0.00000     0.00000     0.00000     0.00000     0.00000     0.00000     0.00000     0.00000     0.00000     0.00000     0.00000     0.00000     0.00000     0.00000     0.00000
   -52.44930     0.00000     0.00000     0.00000     0.00000     0.00000     0.00000     0.00000     0.00000     0.00000     0.00000     0.00000     0.00000     0.00000     0.00000     0.00000     0.00000     0.00000
   -52.39630     0.00000     0.00000     0.00000     0.00000     0.00000     0.00000     0.00000     0.00000     0.00000     0.00000     0.00000     0.00000     0.00000     0.00000     0.00000     0.00000     0.00000
   -52.34230     0.00000     0.00000     0.00000     0.00000     0.00000     0.00000     0.00000     0.00000     0.00000     0.00000     0.00000     0.00000     0.00000     0.00000     0.00000     0.00000     0.00000
   -52.28930     0.00000     0.00000     0.00000     0.00000     0.00000     0.00000     0.00000     0.00000     0.00000     0.00000     0.00000     0.00000     0.00000     0.00000     0.00000     0.00000     0.00000
   -52.23530     0.00000     0.00000     0.00000     0.00000     0.00000     0.00000     0.00000     0.00000     0.00000     0.00000     0.00000     0.00000     0.00000     0.00000     0.00000     0.00000     0.00000
   -52.18230     0.00000     0.00000     0.00000     0.00000     0.00000     0.00000     0.00000     0.00000     0.00000     0.00000     0.00000     0.00000     0.00000     0.00000     0.00000     0.00000     0.00000
   -52.12830     0.00000     0.00000     0.00000     0.00000     0.00000     0.00000     0.00000     0.00000     0.00000     0.00000     0.00000     0.00000     0.00000     0.00000     0.00000     0.00000     0.00000
   -52.07430     0.00000     0.00000     0.00000     0.00000     0.00000     0.00000     0.00000     0.00000     0.00000     0.00000     0.00000     0.00000     0.00000     0.00000     0.00000     0.00000     0.00000
   -52.02130     0.00000     0.00000     0.00000     0.00000     0.00000     0.00000     0.00000     0.00000     0.00000     0.00000     0.00000     0.00000     0.00000     0.00000     0.00000     0.00000     0.00000
   -51.96730     0.00000     0.00000     0.00000     0.00000     0.00000     0.00000     0.00000     0.00000     0.00000     0.00000     0.00000     0.00000     0.00000     0.00000     0.00000     0.00000     0.00000
   -51.91430     0.00000     0.00000     0.00000     0.00000     0.00000     0.00000     0.00000     0.00000     0.00000     0.00000     0.00000     0.00000     0.00000     0.00000     0.00000     0.00000     0.00000
   -51.86030     0.00000     0.00000     0.00000     0.00000     0.00000     0.00000     0.00000     0.00000     0.00000     0.00000     0.00000     0.00000     0.00000     0.00000     0.00000     0.00000     0.00000
   -51.80630     0.00000     0.00000     0.00000     0.00000     0.00000     0.00000     0.00000     0.00000     0.00000     0.00000     0.00000     0.00000     0.00000     0.00000     0.00000     0.00000     0.00000
   -51.75330     0.00000     0.00000     0.00000     0.00000     0.00000     0.00000     0.00000     0.00000     0.00000     0.00000     0.00000     0.00000     0.00000     0.00000     0.00000     0.00000     0.00000
   -51.69930     0.00000     0.00000     0.00000     0.00000     0.00000     0.00000     0.00000     0.00000     0.00000     0.00000     0.00000     0.00000     0.00000     0.00000     0.00000     0.00000     0.00000
   -51.64630     0.00000     0.00000     0.00000     0.00000     0.00000     0.00000     0.00000     0.00000     0.00000     0.00000     0.00000     0.00000     0.00000     0.00000     0.00000     0.00000     0.00000
   -51.59230     0.00000     0.00000     0.00000     0.00000     0.00000     0.00000     0.00000     0.00000     0.00000     0.00000     0.00000     0.00000     0.00000     0.00000     0.00000     0.00000     0.00000
   -51.53930     0.00000     0.00000     0.00000     0.00000     0.00000     0.00000     0.00000     0.00000     0.00000     0.00000     0.00000     0.00000     0.00000     0.00000     0.00000     0.00000     0.00000
   -51.48530     0.00000     0.00000     0.00000     0.00000     0.00000     0.00000     0.00000     0.00000     0.00000     0.00000     0.00000     0.00000     0.00000     0.00000     0.00000     0.00000     0.00000
   -51.43130     0.00000     0.00000     0.00000     0.00000     0.00000     0.00000     0.00000     0.00000     0.00000     0.00000     0.00000     0.00000     0.00000     0.00000     0.00000     0.00000     0.00000
   -51.37830     0.00000     0.00000     0.00000     0.00000     0.00000     0.00000     0.00000     0.00000     0.00000     0.00000     0.00000     0.00000     0.00000     0.00000     0.00000     0.00000     0.00000
   -51.32430     0.00000     0.00000     0.00000     0.00000     0.00000     0.00000     0.00000     0.00000     0.00000     0.00000     0.00000     0.00000     0.00000     0.00000     0.00000     0.00000     0.00000
   -51.27130     0.00000     0.00000     0.00000     0.00000     0.00000     0.00000     0.00000     0.00000     0.00000     0.00000     0.00000     0.00000     0.00000     0.00000     0.00000     0.00000     0.00000
   -51.21730     0.00000     0.00000     0.00000     0.00000     0.00000     0.00000     0.00000     0.00000     0.00000     0.00000     0.00000     0.00000     0.00000     0.00000     0.00000     0.00000     0.00000
   -51.16430     0.00000     0.00000     0.00000     0.00000     0.00000     0.00000     0.00000     0.00000     0.00000     0.00000     0.00000     0.00000     0.00000     0.00000     0.00000     0.00000     0.00000
   -51.11030     0.00000     0.00000     0.00000     0.00000     0.00000     0.00000     0.00000     0.00000     0.00000     0.00000     0.00000     0.00000     0.00000     0.00000     0.00000     0.00000     0.00000
   -51.05630     0.00000     0.00000     0.00000     0.00000     0.00000     0.00000     0.00000     0.00000     0.00000     0.00000     0.00000     0.00000     0.00000     0.00000     0.00000     0.00000     0.00000
   -51.00330     0.00000     0.00000     0.00000     0.00000     0.00000     0.00000     0.00000     0.00000     0.00000     0.00000     0.00000     0.00000     0.00000     0.00000     0.00000     0.00000     0.00000
   -50.94930     0.00000     0.00000     0.00000     0.00000     0.00000     0.00000     0.00000     0.00000     0.00000     0.00000     0.00000     0.00000     0.00000     0.00000     0.00000     0.00000     0.00000
   -50.89630     0.00000     0.00000     0.00000     0.00000     0.00000     0.00000     0.00000     0.00000     0.00000     0.00000     0.00000     0.00000     0.00000     0.00000     0.00000     0.00000     0.00000
   -50.84230     0.00000     0.00000     0.00000     0.00000     0.00000     0.00000     0.00000     0.00000     0.00000     0.00000     0.00000     0.00000     0.00000     0.00000     0.00000     0.00000     0.00000
   -50.78930     0.00000     0.00000     0.00000     0.00000     0.00000     0.00000     0.00000     0.00000     0.00000     0.00000     0.00000     0.00000     0.00000     0.00000     0.00000     0.00000     0.00000
   -50.73530     0.00000     0.00000     0.00000     0.00000     0.00000     0.00000     0.00000     0.00000     0.00000     0.00000     0.00000     0.00000     0.00000     0.00000     0.00000     0.00000     0.00000
   -50.68130     0.00000     0.00000     0.00000     0.00000     0.00000     0.00000     0.00000     0.00000     0.00000     0.00000     0.00000     0.00000     0.00000     0.00000     0.00000     0.00000     0.00000
   -50.62830     0.00000     0.00000     0.00000     0.00000     0.00000     0.00000     0.00000     0.00000     0.00000     0.00000     0.00000     0.00000     0.00000     0.00000     0.00000     0.00000     0.00000
   -50.57430     0.00000     0.00000     0.00000     0.00000     0.00000     0.00000     0.00000     0.00000     0.00000     0.00000     0.00000     0.00000     0.00000     0.00000     0.00000     0.00000     0.00000
   -50.52130     0.00000     0.00000     0.00000     0.00000     0.00000     0.00000     0.00000     0.00000     0.00000     0.00000     0.00000     0.00000     0.00000     0.00000     0.00000     0.00000     0.00000
   -50.46730     0.00000     0.00000     0.00000     0.00000     0.00000     0.00000     0.00000     0.00000     0.00000     0.00000     0.00000     0.00000     0.00000     0.00000     0.00000     0.00000     0.00000
   -50.41330     0.00000     0.00000     0.00000     0.00000     0.00000     0.00000     0.00000     0.00000     0.00000     0.00000     0.00000     0.00000     0.00000     0.00000     0.00000     0.00000     0.00000
   -50.36030     0.00000     0.00000     0.00000     0.00000     0.00000     0.00000     0.00000     0.00000     0.00000     0.00000     0.00000     0.00000     0.00000     0.00000     0.00000     0.00000     0.00000
   -50.30630     0.00000     0.00000     0.00000     0.00000     0.00000     0.00000     0.00000     0.00000     0.00000     0.00000     0.00000     0.00000     0.00000     0.00000     0.00000     0.00000     0.00000
   -50.25330     0.00000     0.00000     0.00000     0.00000     0.00000     0.00000     0.00000     0.00000     0.00000     0.00000     0.00000     0.00000     0.00000     0.00000     0.00000     0.00000     0.00000
   -50.19930     0.00000     0.00000     0.00000     0.00000     0.00000     0.00000     0.00000     0.00000     0.00000     0.00000     0.00000     0.00000     0.00000     0.00000     0.00000     0.00000     0.00000
   -50.14630     0.00000     0.00000     0.00000     0.00000     0.00000     0.00000     0.00000     0.00000     0.00000     0.00000     0.00000     0.00000     0.00000     0.00000     0.00000     0.00000     0.00000
   -50.09230     0.00000     0.00000     0.00000     0.00000     0.00000     0.00000     0.00000     0.00000     0.00000     0.00000     0.00000     0.00000     0.00000     0.00000     0.00000     0.00000     0.00000
   -50.03830     0.00000     0.00000     0.00000     0.00000     0.00000     0.00000     0.00000     0.00000     0.00000     0.00000     0.00000     0.00000     0.00000     0.00000     0.00000     0.00000     0.00000
   -49.98530     0.00000     0.00000     0.00000     0.00000     0.00000     0.00000     0.00000     0.00000     0.00000     0.00000     0.00000     0.00000     0.00000     0.00000     0.00000     0.00000     0.00000
   -49.93130     0.00000     0.00000     0.00000     0.00000     0.00000     0.00000     0.00000     0.00000     0.00000     0.00000     0.00000     0.00000     0.00000     0.00000     0.00000     0.00000     0.00000
   -49.87830     0.00000     0.00000     0.00000     0.00000     0.00000     0.00000     0.00000     0.00000     0.00000     0.00000     0.00000     0.00000     0.00000     0.00000     0.00000     0.00000     0.00000
   -49.82430     0.00000     0.00000     0.00000     0.00000     0.00000     0.00000     0.00000     0.00000     0.00000     0.00000     0.00000     0.00000     0.00000     0.00000     0.00000     0.00000     0.00000
   -49.77130     0.00000     0.00000     0.00000     0.00000     0.00000     0.00000     0.00000     0.00000     0.00000     0.00000     0.00000     0.00000     0.00000     0.00000     0.00000     0.00000     0.00000
   -49.71730     0.00000     0.00000     0.00000     0.00000     0.00000     0.00000     0.00000     0.00000     0.00000     0.00000     0.00000     0.00000     0.00000     0.00000     0.00000     0.00000     0.00000
   -49.66330     0.00000     0.00000     0.00000     0.00000     0.00000     0.00000     0.00000     0.00000     0.00000     0.00000     0.00000     0.00000     0.00000     0.00000     0.00000     0.00000     0.00000
   -49.61030     0.00000     0.00000     0.00000     0.00000     0.00000     0.00000     0.00000     0.00000     0.00000     0.00000     0.00000     0.00000     0.00000     0.00000     0.00000     0.00000     0.00000
   -49.55630     0.00000     0.00000     0.00000     0.00000     0.00000     0.00000     0.00000     0.00000     0.00000     0.00000     0.00000     0.00000     0.00000     0.00000     0.00000     0.00000     0.00000
   -49.50330     0.00000     0.00000     0.00000     0.00000     0.00000     0.00000     0.00000     0.00000     0.00000     0.00000     0.00000     0.00000     0.00000     0.00000     0.00000     0.00000     0.00000
   -49.44930     0.00000     0.00000     0.00000     0.00000     0.00000     0.00000     0.00000     0.00000     0.00000     0.00000     0.00000     0.00000     0.00000     0.00000     0.00000     0.00000     0.00000
   -49.39530     0.00000     0.00000     0.00000     0.00000     0.00000     0.00000     0.00000     0.00000     0.00000     0.00000     0.00000     0.00000     0.00000     0.00000     0.00000     0.00000     0.00000
   -49.34230     0.00000     0.00000     0.00000     0.00000     0.00000     0.00000     0.00000     0.00000     0.00000     0.00000     0.00000     0.00000     0.00000     0.00000     0.00000     0.00000     0.00000
   -49.28830     0.00000     0.00000     0.00000     0.00000     0.00000     0.00000     0.00000     0.00000     0.00000     0.00000     0.00000     0.00000     0.00000     0.00000     0.00000     0.00000     0.00000
   -49.23530     0.00000     0.00000     0.00000     0.00000     0.00000     0.00000     0.00000     0.00000     0.00000     0.00000     0.00000     0.00000     0.00000     0.00000     0.00000     0.00000     0.00000
   -49.18130     0.00000     0.00000     0.00000     0.00000     0.00000     0.00000     0.00000     0.00000     0.00000     0.00000     0.00000     0.00000     0.00000     0.00000     0.00000     0.00000     0.00000
   -49.12830     0.00000     0.00000     0.00000     0.00000     0.00000     0.00000     0.00000     0.00000     0.00000     0.00000     0.00000     0.00000     0.00000     0.00000     0.00000     0.00000     0.00000
   -49.07430     0.00000     0.00000     0.00000     0.00000     0.00000     0.00000     0.00000     0.00000     0.00000     0.00000     0.00000     0.00000     0.00000     0.00000     0.00000     0.00000     0.00000
   -49.02030     0.00000     0.00000     0.00000     0.00000     0.00000     0.00000     0.00000     0.00000     0.00000     0.00000     0.00000     0.00000     0.00000     0.00000     0.00000     0.00000     0.00000
   -48.96730     0.00000     0.00000     0.00000     0.00000     0.00000     0.00000     0.00000     0.00000     0.00000     0.00000     0.00000     0.00000     0.00000     0.00000     0.00000     0.00000     0.00000
   -48.91330     0.00000     0.00000     0.00000     0.00000     0.00000     0.00000     0.00000     0.00000     0.00000     0.00000     0.00000     0.00000     0.00000     0.00000     0.00000     0.00000     0.00000
   -48.86030     0.00000     0.00000     0.00000     0.00000     0.00000     0.00000     0.00000     0.00000     0.00000     0.00000     0.00000     0.00000     0.00000     0.00000     0.00000     0.00000     0.00000
   -48.80630     0.00000     0.00000     0.00000     0.00000     0.00000     0.00000     0.00000     0.00000     0.00000     0.00000     0.00000     0.00000     0.00000     0.00000     0.00000     0.00000     0.00000
   -48.75330     0.00000     0.00000     0.00000     0.00000     0.00000     0.00000     0.00000     0.00000     0.00000     0.00000     0.00000     0.00000     0.00000     0.00000     0.00000     0.00000     0.00000
   -48.69930     0.00000     0.00000     0.00000     0.00000     0.00000     0.00000     0.00000     0.00000     0.00000     0.00000     0.00000     0.00000     0.00000     0.00000     0.00000     0.00000     0.00000
   -48.64530     0.00000     0.00000     0.00000     0.00000     0.00000     0.00000     0.00000     0.00000     0.00000     0.00000     0.00000     0.00000     0.00000     0.00000     0.00000     0.00000     0.00000
   -48.59230     0.00000     0.00000     0.00000     0.00000     0.00000     0.00000     0.00000     0.00000     0.00000     0.00000     0.00000     0.00000     0.00000     0.00000     0.00000     0.00000     0.00000
   -48.53830     0.00000     0.00000     0.00000     0.00000     0.00000     0.00000     0.00000     0.00000     0.00000     0.00000     0.00000     0.00000     0.00000     0.00000     0.00000     0.00000     0.00000
   -48.48530     0.00000     0.00000     0.00000     0.00000     0.00000     0.00000     0.00000     0.00000     0.00000     0.00000     0.00000     0.00000     0.00000     0.00000     0.00000     0.00000     0.00000
   -48.43130     0.00000     0.00000     0.00000     0.00000     0.00000     0.00000     0.00000     0.00000     0.00000     0.00000     0.00000     0.00000     0.00000     0.00000     0.00000     0.00000     0.00000
   -48.37830     0.00000     0.00000     0.00000     0.00000     0.00000     0.00000     0.00000     0.00000     0.00000     0.00000     0.00000     0.00000     0.00000     0.00000     0.00000     0.00000     0.00000
   -48.32430     0.00000     0.00000     0.00000     0.00000     0.00000     0.00000     0.00000     0.00000     0.00000     0.00000     0.00000     0.00000     0.00000     0.00000     0.00000     0.00000     0.00000
   -48.27030     0.00000     0.00000     0.00000     0.00000     0.00000     0.00000     0.00000     0.00000     0.00000     0.00000     0.00000     0.00000     0.00000     0.00000     0.00000     0.00000     0.00000
   -48.21730     0.00000     0.00000     0.00000     0.00000     0.00000     0.00000     0.00000     0.00000     0.00000     0.00000     0.00000     0.00000     0.00000     0.00000     0.00000     0.00000     0.00000
   -48.16330     0.00000     0.00000     0.00000     0.00000     0.00000     0.00000     0.00000     0.00000     0.00000     0.00000     0.00000     0.00000     0.00000     0.00000     0.00000     0.00000     0.00000
   -48.11030     0.00000     0.00000     0.00000     0.00000     0.00000     0.00000     0.00000     0.00000     0.00000     0.00000     0.00000     0.00000     0.00000     0.00000     0.00000     0.00000     0.00000
   -48.05630     0.00000     0.00000     0.00000     0.00000     0.00000     0.00000     0.00000     0.00000     0.00000     0.00000     0.00000     0.00000     0.00000     0.00000     0.00000     0.00000     0.00000
   -48.00230     0.00000     0.00000     0.00000     0.00000     0.00000     0.00000     0.00000     0.00000     0.00000     0.00000     0.00000     0.00000     0.00000     0.00000     0.00000     0.00000     0.00000
   -47.94930     0.00000     0.00000     0.00000     0.00000     0.00000     0.00000     0.00000     0.00000     0.00000     0.00000     0.00000     0.00000     0.00000     0.00000     0.00000     0.00000     0.00000
   -47.89530     0.00000     0.00000     0.00000     0.00000     0.00000     0.00000     0.00000     0.00000     0.00000     0.00000     0.00000     0.00000     0.00000     0.00000     0.00000     0.00000     0.00000
   -47.84230     0.00000     0.00000     0.00000     0.00000     0.00000     0.00000     0.00000     0.00000     0.00000     0.00000     0.00000     0.00000     0.00000     0.00000     0.00000     0.00000     0.00000
   -47.78830     0.00000     0.00000     0.00000     0.00000     0.00000     0.00000     0.00000     0.00000     0.00000     0.00000     0.00000     0.00000     0.00000     0.00000     0.00000     0.00000     0.00000
   -47.73530     0.00000     0.00000     0.00000     0.00000     0.00000     0.00000     0.00000     0.00000     0.00000     0.00000     0.00000     0.00000     0.00000     0.00000     0.00000     0.00000     0.00000
   -47.68130     0.00000     0.00000     0.00000     0.00000     0.00000     0.00000     0.00000     0.00000     0.00000     0.00000     0.00000     0.00000     0.00000     0.00000     0.00000     0.00000     0.00000
   -47.62730     0.00000     0.00000     0.00000     0.00000     0.00000     0.00000     0.00000     0.00000     0.00000     0.00000     0.00000     0.00000     0.00000     0.00000     0.00000     0.00000     0.00000
   -47.57430     0.00000     0.00000     0.00000     0.00000     0.00000     0.00000     0.00000     0.00000     0.00000     0.00000     0.00000     0.00000     0.00000     0.00000     0.00000     0.00000     0.00000
   -47.52030     0.00000     0.00000     0.00000     0.00000     0.00000     0.00000     0.00000     0.00000     0.00000     0.00000     0.00000     0.00000     0.00000     0.00000     0.00000     0.00000     0.00000
   -47.46730     0.00000     0.00000     0.00000     0.00000     0.00000     0.00000     0.00000     0.00000     0.00000     0.00000     0.00000     0.00000     0.00000     0.00000     0.00000     0.00000     0.00000
   -47.41330     0.00000     0.00000     0.00000     0.00000     0.00000     0.00000     0.00000     0.00000     0.00000     0.00000     0.00000     0.00000     0.00000     0.00000     0.00000     0.00000     0.00000
   -47.36030     0.00000     0.00000     0.00000     0.00000     0.00000     0.00000     0.00000     0.00000     0.00000     0.00000     0.00000     0.00000     0.00000     0.00000     0.00000     0.00000     0.00000
   -47.30630     0.00000     0.00000     0.00000     0.00000     0.00000     0.00000     0.00000     0.00000     0.00000     0.00000     0.00000     0.00000     0.00000     0.00000     0.00000     0.00000     0.00000
   -47.25230     0.00000     0.00000     0.00000     0.00000     0.00000     0.00000     0.00000     0.00000     0.00000     0.00000     0.00000     0.00000     0.00000     0.00000     0.00000     0.00000     0.00000
   -47.19930     0.00000     0.00000     0.00000     0.00000     0.00000     0.00000     0.00000     0.00000     0.00000     0.00000     0.00000     0.00000     0.00000     0.00000     0.00000     0.00000     0.00000
   -47.14530     0.00000     0.00000     0.00000     0.00000     0.00000     0.00000     0.00000     0.00000     0.00000     0.00000     0.00000     0.00000     0.00000     0.00000     0.00000     0.00000     0.00000
   -47.09230     0.00000     0.00000     0.00000     0.00000     0.00000     0.00000     0.00000     0.00000     0.00000     0.00000     0.00000     0.00000     0.00000     0.00000     0.00000     0.00000     0.00000
   -47.03830     0.00000     0.00000     0.00000     0.00000     0.00000     0.00000     0.00000     0.00000     0.00000     0.00000     0.00000     0.00000     0.00000     0.00000     0.00000     0.00000     0.00000
   -46.98430     0.00000     0.00000     0.00000     0.00000     0.00000     0.00000     0.00000     0.00000     0.00000     0.00000     0.00000     0.00000     0.00000     0.00000     0.00000     0.00000     0.00000
   -46.93130     0.00000     0.00000     0.00000     0.00000     0.00000     0.00000     0.00000     0.00000     0.00000     0.00000     0.00000     0.00000     0.00000     0.00000     0.00000     0.00000     0.00000
   -46.87730     0.00000     0.00000     0.00000     0.00000     0.00000     0.00000     0.00000     0.00000     0.00000     0.00000     0.00000     0.00000     0.00000     0.00000     0.00000     0.00000     0.00000
   -46.82430     0.00000     0.00000     0.00000     0.00000     0.00000     0.00000     0.00000     0.00000     0.00000     0.00000     0.00000     0.00000     0.00000     0.00000     0.00000     0.00000     0.00000
   -46.77030     0.00000     0.00000     0.00000     0.00000     0.00000     0.00000     0.00000     0.00000     0.00000     0.00000     0.00000     0.00000     0.00000     0.00000     0.00000     0.00000     0.00000
   -46.71730     0.00000     0.00000     0.00000     0.00000     0.00000     0.00000     0.00000     0.00000     0.00000     0.00000     0.00000     0.00000     0.00000     0.00000     0.00000     0.00000     0.00000
   -46.66330     0.00000     0.00000     0.00000     0.00000     0.00000     0.00000     0.00000     0.00000     0.00000     0.00000     0.00000     0.00000     0.00000     0.00000     0.00000     0.00000     0.00000
   -46.60930     0.00000     0.00000     0.00000     0.00000     0.00000     0.00000     0.00000     0.00000     0.00000     0.00000     0.00000     0.00000     0.00000     0.00000     0.00000     0.00000     0.00000
   -46.55630     0.00000     0.00000     0.00000     0.00000     0.00000     0.00000     0.00000     0.00000     0.00000     0.00000     0.00000     0.00000     0.00000     0.00000     0.00000     0.00000     0.00000
   -46.50230     0.00000     0.00000     0.00000     0.00000     0.00000     0.00000     0.00000     0.00000     0.00000     0.00000     0.00000     0.00000     0.00000     0.00000     0.00000     0.00000     0.00000
   -46.44930     0.00000     0.00000     0.00000     0.00000     0.00000     0.00000     0.00000     0.00000     0.00000     0.00000     0.00000     0.00000     0.00000     0.00000     0.00000     0.00000     0.00000
   -46.39530     0.00000     0.00000     0.00000     0.00000     0.00000     0.00000     0.00000     0.00000     0.00000     0.00000     0.00000     0.00000     0.00000     0.00000     0.00000     0.00000     0.00000
   -46.34230     0.00000     0.00000     0.00000     0.00000     0.00000     0.00000     0.00000     0.00000     0.00000     0.00000     0.00000     0.00000     0.00000     0.00000     0.00000     0.00000     0.00000
   -46.28830     0.00000     0.00000     0.00000     0.00000     0.00000     0.00000     0.00000     0.00000     0.00000     0.00000     0.00000     0.00000     0.00000     0.00000     0.00000     0.00000     0.00000
   -46.23430     0.00000     0.00000     0.00000     0.00000     0.00000     0.00000     0.00000     0.00000     0.00000     0.00000     0.00000     0.00000     0.00000     0.00000     0.00000     0.00000     0.00000
   -46.18130     0.00000     0.00000     0.00000     0.00000     0.00000     0.00000     0.00000     0.00000     0.00000     0.00000     0.00000     0.00000     0.00000     0.00000     0.00000     0.00000     0.00000
   -46.12730     0.00000     0.00000     0.00000     0.00000     0.00000     0.00000     0.00000     0.00000     0.00000     0.00000     0.00000     0.00000     0.00000     0.00000     0.00000     0.00000     0.00000
   -46.07430     0.00000     0.00000     0.00000     0.00000     0.00000     0.00000     0.00000     0.00000     0.00000     0.00000     0.00000     0.00000     0.00000     0.00000     0.00000     0.00000     0.00000
   -46.02030     0.00000     0.00000     0.00000     0.00000     0.00000     0.00000     0.00000     0.00000     0.00000     0.00000     0.00000     0.00000     0.00000     0.00000     0.00000     0.00000     0.00000
   -45.96730     0.00000     0.00000     0.00000     0.00000     0.00000     0.00000     0.00000     0.00000     0.00000     0.00000     0.00000     0.00000     0.00000     0.00000     0.00000     0.00000     0.00000
   -45.91330     0.00000     0.00000     0.00000     0.00000     0.00000     0.00000     0.00000     0.00000     0.00000     0.00000     0.00000     0.00000     0.00000     0.00000     0.00000     0.00000     0.00000
   -45.85930     0.00000     0.00000     0.00000     0.00000     0.00000     0.00000     0.00000     0.00000     0.00000     0.00000     0.00000     0.00000     0.00000     0.00000     0.00000     0.00000     0.00000
   -45.80630     0.00000     0.00000     0.00000     0.00000     0.00000     0.00000     0.00000     0.00000     0.00000     0.00000     0.00000     0.00000     0.00000     0.00000     0.00000     0.00000     0.00000
   -45.75230     0.00000     0.00000     0.00000     0.00000     0.00000     0.00000     0.00000     0.00000     0.00000     0.00000     0.00000     0.00000     0.00000     0.00000     0.00000     0.00000     0.00000
   -45.69930     0.00000     0.00000     0.00000     0.00000     0.00000     0.00000     0.00000     0.00000     0.00000     0.00000     0.00000     0.00000     0.00000     0.00000     0.00000     0.00000     0.00000
   -45.64530     0.00000     0.00000     0.00000     0.00000     0.00000     0.00000     0.00000     0.00000     0.00000     0.00000     0.00000     0.00000     0.00000     0.00000     0.00000     0.00000     0.00000
   -45.59130     0.00000     0.00000     0.00000     0.00000     0.00000     0.00000     0.00000     0.00000     0.00000     0.00000     0.00000     0.00000     0.00000     0.00000     0.00000     0.00000     0.00000
   -45.53830     0.00000     0.00000     0.00000     0.00000     0.00000     0.00000     0.00000     0.00000     0.00000     0.00000     0.00000     0.00000     0.00000     0.00000     0.00000     0.00000     0.00000
   -45.48430     0.00000     0.00000     0.00000     0.00000     0.00000     0.00000     0.00000     0.00000     0.00000     0.00000     0.00000     0.00000     0.00000     0.00000     0.00000     0.00000     0.00000
   -45.43130     0.00000     0.00000     0.00000     0.00000     0.00000     0.00000     0.00000     0.00000     0.00000     0.00000     0.00000     0.00000     0.00000     0.00000     0.00000     0.00000     0.00000
   -45.37730     0.00000     0.00000     0.00000     0.00000     0.00000     0.00000     0.00000     0.00000     0.00000     0.00000     0.00000     0.00000     0.00000     0.00000     0.00000     0.00000     0.00000
   -45.32430     0.00000     0.00000     0.00000     0.00000     0.00000     0.00000     0.00000     0.00000     0.00000     0.00000     0.00000     0.00000     0.00000     0.00000     0.00000     0.00000     0.00000
   -45.27030     0.00000     0.00000     0.00000     0.00000     0.00000     0.00000     0.00000     0.00000     0.00000     0.00000     0.00000     0.00000     0.00000     0.00000     0.00000     0.00000     0.00000
   -45.21630     0.00000     0.00000     0.00000     0.00000     0.00000     0.00000     0.00000     0.00000     0.00000     0.00000     0.00000     0.00000     0.00000     0.00000     0.00000     0.00000     0.00000
   -45.16330     0.00000     0.00000     0.00000     0.00000     0.00000     0.00000     0.00000     0.00000     0.00000     0.00000     0.00000     0.00000     0.00000     0.00000     0.00000     0.00000     0.00000
   -45.10930     0.00000     0.00000     0.00000     0.00000     0.00000     0.00000     0.00000     0.00000     0.00000     0.00000     0.00000     0.00000     0.00000     0.00000     0.00000     0.00000     0.00000
   -45.05630     0.00000     0.00000     0.00000     0.00000     0.00000     0.00000     0.00000     0.00000     0.00000     0.00000     0.00000     0.00000     0.00000     0.00000     0.00000     0.00000     0.00000
   -45.00230     0.00000     0.00000     0.00000     0.00000     0.00000     0.00000     0.00000     0.00000     0.00000     0.00000     0.00000     0.00000     0.00000     0.00000     0.00000     0.00000     0.00000
   -44.94930     0.00000     0.00000     0.00000     0.00000     0.00000     0.00000     0.00000     0.00000     0.00000     0.00000     0.00000     0.00000     0.00000     0.00000     0.00000     0.00000     0.00000
   -44.89530     0.00000     0.00000     0.00000     0.00000     0.00000     0.00000     0.00000     0.00000     0.00000     0.00000     0.00000     0.00000     0.00000     0.00000     0.00000     0.00000     0.00000
   -44.84130     0.00000     0.00000     0.00000     0.00000     0.00000     0.00000     0.00000     0.00000     0.00000     0.00000     0.00000     0.00000     0.00000     0.00000     0.00000     0.00000     0.00000
   -44.78830     0.00000     0.00000     0.00000     0.00000     0.00000     0.00000     0.00000     0.00000     0.00000     0.00000     0.00000     0.00000     0.00000     0.00000     0.00000     0.00000     0.00000
   -44.73430     0.00000     0.00000     0.00000     0.00000     0.00000     0.00000     0.00000     0.00000     0.00000     0.00000     0.00000     0.00000     0.00000     0.00000     0.00000     0.00000     0.00000
   -44.68130     0.00000     0.00000     0.00000     0.00000     0.00000     0.00000     0.00000     0.00000     0.00000     0.00000     0.00000     0.00000     0.00000     0.00000     0.00000     0.00000     0.00000
   -44.62730     0.00000     0.00000     0.00000     0.00000     0.00000     0.00000     0.00000     0.00000     0.00000     0.00000     0.00000     0.00000     0.00000     0.00000     0.00000     0.00000     0.00000
   -44.57330     0.00000     0.00000     0.00000     0.00000     0.00000     0.00000     0.00000     0.00000     0.00000     0.00000     0.00000     0.00000     0.00000     0.00000     0.00000     0.00000     0.00000
   -44.52030     0.00000     0.00000     0.00000     0.00000     0.00000     0.00000     0.00000     0.00000     0.00000     0.00000     0.00000     0.00000     0.00000     0.00000     0.00000     0.00000     0.00000
   -44.46630     0.00000     0.00000     0.00000     0.00000     0.00000     0.00000     0.00000     0.00000     0.00000     0.00000     0.00000     0.00000     0.00000     0.00000     0.00000     0.00000     0.00000
   -44.41330     0.00000     0.00000     0.00000     0.00000     0.00000     0.00000     0.00000     0.00000     0.00000     0.00000     0.00000     0.00000     0.00000     0.00000     0.00000     0.00000     0.00000
   -44.35930     0.00000     0.00000     0.00000     0.00000     0.00000     0.00000     0.00000     0.00000     0.00000     0.00000     0.00000     0.00000     0.00000     0.00000     0.00000     0.00000     0.00000
   -44.30630     0.00000     0.00000     0.00000     0.00000     0.00000     0.00000     0.00000     0.00000     0.00000     0.00000     0.00000     0.00000     0.00000     0.00000     0.00000     0.00000     0.00000
   -44.25230     0.00000     0.00000     0.00000     0.00000     0.00000     0.00000     0.00000     0.00000     0.00000     0.00000     0.00000     0.00000     0.00000     0.00000     0.00000     0.00000     0.00000
   -44.19830     0.00000     0.00000     0.00000     0.00000     0.00000     0.00000     0.00000     0.00000     0.00000     0.00000     0.00000     0.00000     0.00000     0.00000     0.00000     0.00000     0.00000
   -44.14530     0.00000     0.00000     0.00000     0.00000     0.00000     0.00000     0.00000     0.00000     0.00000     0.00000     0.00000     0.00000     0.00000     0.00000     0.00000     0.00000     0.00000
   -44.09130     0.00000     0.00000     0.00000     0.00000     0.00000     0.00000     0.00000     0.00000     0.00000     0.00000     0.00000     0.00000     0.00000     0.00000     0.00000     0.00000     0.00000
   -44.03830     0.00000     0.00000     0.00000     0.00000     0.00000     0.00000     0.00000     0.00000     0.00000     0.00000     0.00000     0.00000     0.00000     0.00000     0.00000     0.00000     0.00000
   -43.98430     0.00000     0.00000     0.00000     0.00000     0.00000     0.00000     0.00000     0.00000     0.00000     0.00000     0.00000     0.00000     0.00000     0.00000     0.00000     0.00000     0.00000
   -43.93130     0.00000     0.00000     0.00000     0.00000     0.00000     0.00000     0.00000     0.00000     0.00000     0.00000     0.00000     0.00000     0.00000     0.00000     0.00000     0.00000     0.00000
   -43.87730     0.00000     0.00000     0.00000     0.00000     0.00000     0.00000     0.00000     0.00000     0.00000     0.00000     0.00000     0.00000     0.00000     0.00000     0.00000     0.00000     0.00000
   -43.82330     0.00000     0.00000     0.00000     0.00000     0.00000     0.00000     0.00000     0.00000     0.00000     0.00000     0.00000     0.00000     0.00000     0.00000     0.00000     0.00000     0.00000
   -43.77030     0.00000     0.00000     0.00000     0.00000     0.00000     0.00000     0.00000     0.00000     0.00000     0.00000     0.00000     0.00000     0.00000     0.00000     0.00000     0.00000     0.00000
   -43.71630     0.00000     0.00000     0.00000     0.00000     0.00000     0.00000     0.00000     0.00000     0.00000     0.00000     0.00000     0.00000     0.00000     0.00000     0.00000     0.00000     0.00000
   -43.66330     0.00000     0.00000     0.00000     0.00000     0.00000     0.00000     0.00000     0.00000     0.00000     0.00000     0.00000     0.00000     0.00000     0.00000     0.00000     0.00000     0.00000
   -43.60930     0.00000     0.00000     0.00000     0.00000     0.00000     0.00000     0.00000     0.00000     0.00000     0.00000     0.00000     0.00000     0.00000     0.00000     0.00000     0.00000     0.00000
   -43.55630     0.00000     0.00000     0.00000     0.00000     0.00000     0.00000     0.00000     0.00000     0.00000     0.00000     0.00000     0.00000     0.00000     0.00000     0.00000     0.00000     0.00000
   -43.50230     0.00000     0.00000     0.00000     0.00000     0.00000     0.00000     0.00000     0.00000     0.00000     0.00000     0.00000     0.00000     0.00000     0.00000     0.00000     0.00000     0.00000
   -43.44830     0.00000     0.00000     0.00000     0.00000     0.00000     0.00000     0.00000     0.00000     0.00000     0.00000     0.00000     0.00000     0.00000     0.00000     0.00000     0.00000     0.00000
   -43.39530     0.00000     0.00000     0.00000     0.00000     0.00000     0.00000     0.00000     0.00000     0.00000     0.00000     0.00000     0.00000     0.00000     0.00000     0.00000     0.00000     0.00000
   -43.34130     0.00000     0.00000     0.00000     0.00000     0.00000     0.00000     0.00000     0.00000     0.00000     0.00000     0.00000     0.00000     0.00000     0.00000     0.00000     0.00000     0.00000
   -43.28830     0.00000     0.00000     0.00000     0.00000     0.00000     0.00000     0.00000     0.00000     0.00000     0.00000     0.00000     0.00000     0.00000     0.00000     0.00000     0.00000     0.00000
   -43.23430     0.00000     0.00000     0.00000     0.00000     0.00000     0.00000     0.00000     0.00000     0.00000     0.00000     0.00000     0.00000     0.00000     0.00000     0.00000     0.00000     0.00000
   -43.18030     0.00000     0.00000     0.00000     0.00000     0.00000     0.00000     0.00000     0.00000     0.00000     0.00000     0.00000     0.00000     0.00000     0.00000     0.00000     0.00000     0.00000
   -43.12730     0.00000     0.00000     0.00000     0.00000     0.00000     0.00000     0.00000     0.00000     0.00000     0.00000     0.00000     0.00000     0.00000     0.00000     0.00000     0.00000     0.00000
   -43.07330     0.00000     0.00000     0.00000     0.00000     0.00000     0.00000     0.00000     0.00000     0.00000     0.00000     0.00000     0.00000     0.00000     0.00000     0.00000     0.00000     0.00000
   -43.02030     0.00000     0.00000     0.00000     0.00000     0.00000     0.00000     0.00000     0.00000     0.00000     0.00000     0.00000     0.00000     0.00000     0.00000     0.00000     0.00000     0.00000
   -42.96630     0.00000     0.00000     0.00000     0.00000     0.00000     0.00000     0.00000     0.00000     0.00000     0.00000     0.00000     0.00000     0.00000     0.00000     0.00000     0.00000     0.00000
   -42.91330     0.00000     0.00000     0.00000     0.00000     0.00000     0.00000     0.00000     0.00000     0.00000     0.00000     0.00000     0.00000     0.00000     0.00000     0.00000     0.00000     0.00000
   -42.85930     0.00000     0.00000     0.00000     0.00000     0.00000     0.00000     0.00000     0.00000     0.00000     0.00000     0.00000     0.00000     0.00000     0.00000     0.00000     0.00000     0.00000
   -42.80530     0.00000     0.00000     0.00000     0.00000     0.00000     0.00000     0.00000     0.00000     0.00000     0.00000     0.00000     0.00000     0.00000     0.00000     0.00000     0.00000     0.00000
   -42.75230     0.00000     0.00000     0.00000     0.00000     0.00000     0.00000     0.00000     0.00000     0.00000     0.00000     0.00000     0.00000     0.00000     0.00000     0.00000     0.00000     0.00000
   -42.69830     0.00000     0.00000     0.00000     0.00000     0.00000     0.00000     0.00000     0.00000     0.00000     0.00000     0.00000     0.00000     0.00000     0.00000     0.00000     0.00000     0.00000
   -42.64530     0.00000     0.00000     0.00000     0.00000     0.00000     0.00000     0.00000     0.00000     0.00000     0.00000     0.00000     0.00000     0.00000     0.00000     0.00000     0.00000     0.00000
   -42.59130     0.00000     0.00000     0.00000     0.00000     0.00000     0.00000     0.00000     0.00000     0.00000     0.00000     0.00000     0.00000     0.00000     0.00000     0.00000     0.00000     0.00000
   -42.53830     0.00000     0.00000     0.00000     0.00000     0.00000     0.00000     0.00000     0.00000     0.00000     0.00000     0.00000     0.00000     0.00000     0.00000     0.00000     0.00000     0.00000
   -42.48430     0.00000     0.00000     0.00000     0.00000     0.00000     0.00000     0.00000     0.00000     0.00000     0.00000     0.00000     0.00000     0.00000     0.00000     0.00000     0.00000     0.00000
   -42.43030     0.00000     0.00000     0.00000     0.00000     0.00000     0.00000     0.00000     0.00000     0.00000     0.00000     0.00000     0.00000     0.00000     0.00000     0.00000     0.00000     0.00000
   -42.37730     0.00000     0.00000     0.00000     0.00000     0.00000     0.00000     0.00000     0.00000     0.00000     0.00000     0.00000     0.00000     0.00000     0.00000     0.00000     0.00000     0.00000
   -42.32330     0.00000     0.00000     0.00000     0.00000     0.00000     0.00000     0.00000     0.00000     0.00000     0.00000     0.00000     0.00000     0.00000     0.00000     0.00000     0.00000     0.00000
   -42.27030     0.00000     0.00000     0.00000     0.00000     0.00000     0.00000     0.00000     0.00000     0.00000     0.00000     0.00000     0.00000     0.00000     0.00000     0.00000     0.00000     0.00000
   -42.21630     0.00000     0.00000     0.00000     0.00000     0.00000     0.00000     0.00000     0.00000     0.00000     0.00000     0.00000     0.00000     0.00000     0.00000     0.00000     0.00000     0.00000
   -42.16330     0.00000     0.00000     0.00000     0.00000     0.00000     0.00000     0.00000     0.00000     0.00000     0.00000     0.00000     0.00000     0.00000     0.00000     0.00000     0.00000     0.00000
   -42.10930     0.00000     0.00000     0.00000     0.00000     0.00000     0.00000     0.00000     0.00000     0.00000     0.00000     0.00000     0.00000     0.00000     0.00000     0.00000     0.00000     0.00000
   -42.05530     0.00000     0.00000     0.00000     0.00000     0.00000     0.00000     0.00000     0.00000     0.00000     0.00000     0.00000     0.00000     0.00000     0.00000     0.00000     0.00000     0.00000
   -42.00230     0.00000     0.00000     0.00000     0.00000     0.00000     0.00000     0.00000     0.00000     0.00000     0.00000     0.00000     0.00000     0.00000     0.00000     0.00000     0.00000     0.00000
   -41.94830     0.00000     0.00000     0.00000     0.00000     0.00000     0.00000     0.00000     0.00000     0.00000     0.00000     0.00000     0.00000     0.00000     0.00000     0.00000     0.00000     0.00000
   -41.89530     0.00000     0.00000     0.00000     0.00000     0.00000     0.00000     0.00000     0.00000     0.00000     0.00000     0.00000     0.00000     0.00000     0.00000     0.00000     0.00000     0.00000
   -41.84130     0.00000     0.00000     0.00000     0.00000     0.00000     0.00000     0.00000     0.00000     0.00000     0.00000     0.00000     0.00000     0.00000     0.00000     0.00000     0.00000     0.00000
   -41.78730     0.00000     0.00000     0.00000     0.00000     0.00000     0.00000     0.00000     0.00000     0.00000     0.00000     0.00000     0.00000     0.00000     0.00000     0.00000     0.00000     0.00000
   -41.73430     0.00000     0.00000     0.00000     0.00000     0.00000     0.00000     0.00000     0.00000     0.00000     0.00000     0.00000     0.00000     0.00000     0.00000     0.00000     0.00000     0.00000
   -41.68030     0.00000     0.00000     0.00000     0.00000     0.00000     0.00000     0.00000     0.00000     0.00000     0.00000     0.00000     0.00000     0.00000     0.00000     0.00000     0.00000     0.00000
   -41.62730     0.00000     0.00000     0.00000     0.00000     0.00000     0.00000     0.00000     0.00000     0.00000     0.00000     0.00000     0.00000     0.00000     0.00000     0.00000     0.00000     0.00000
   -41.57330     0.00000     0.00000     0.00000     0.00000     0.00000     0.00000     0.00000     0.00000     0.00000     0.00000     0.00000     0.00000     0.00000     0.00000     0.00000     0.00000     0.00000
   -41.52030     0.00000     0.00000     0.00000     0.00000     0.00000     0.00000     0.00000     0.00000     0.00000     0.00000     0.00000     0.00000     0.00000     0.00000     0.00000     0.00000     0.00000
   -41.46630     0.00000     0.00000     0.00000     0.00000     0.00000     0.00000     0.00000     0.00000     0.00000     0.00000     0.00000     0.00000     0.00000     0.00000     0.00000     0.00000     0.00000
   -41.41230     0.00000     0.00000     0.00000     0.00000     0.00000     0.00000     0.00000     0.00000     0.00000     0.00000     0.00000     0.00000     0.00000     0.00000     0.00000     0.00000     0.00000
   -41.35930     0.00000     0.00000     0.00000     0.00000     0.00000     0.00000     0.00000     0.00000     0.00000     0.00000     0.00000     0.00000     0.00000     0.00000     0.00000     0.00000     0.00000
   -41.30530     0.00000     0.00000     0.00000     0.00000     0.00000     0.00000     0.00000     0.00000     0.00000     0.00000     0.00000     0.00000     0.00000     0.00000     0.00000     0.00000     0.00000
   -41.25230     0.00000     0.00000     0.00000     0.00000     0.00000     0.00000     0.00000     0.00000     0.00000     0.00000     0.00000     0.00000     0.00000     0.00000     0.00000     0.00000     0.00000
   -41.19830     0.00000     0.00000     0.00000     0.00000     0.00000     0.00000     0.00000     0.00000     0.00000     0.00000     0.00000     0.00000     0.00000     0.00000     0.00000     0.00000     0.00000
   -41.14530     0.00000     0.00000     0.00000     0.00000     0.00000     0.00000     0.00000     0.00000     0.00000     0.00000     0.00000     0.00000     0.00000     0.00000     0.00000     0.00000     0.00000
   -41.09130     0.00000     0.00000     0.00000     0.00000     0.00000     0.00000     0.00000     0.00000     0.00000     0.00000     0.00000     0.00000     0.00000     0.00000     0.00000     0.00000     0.00000
   -41.03730     0.00000     0.00000     0.00000     0.00000     0.00000     0.00000     0.00000     0.00000     0.00000     0.00000     0.00000     0.00000     0.00000     0.00000     0.00000     0.00000     0.00000
   -40.98430     0.00000     0.00000     0.00000     0.00000     0.00000     0.00000     0.00000     0.00000     0.00000     0.00000     0.00000     0.00000     0.00000     0.00000     0.00000     0.00000     0.00000
   -40.93030     0.00000     0.00000     0.00000     0.00000     0.00000     0.00000     0.00000     0.00000     0.00000     0.00000     0.00000     0.00000     0.00000     0.00000     0.00000     0.00000     0.00000
   -40.87730     0.00000     0.00000     0.00000     0.00000     0.00000     0.00000     0.00000     0.00000     0.00000     0.00000     0.00000     0.00000     0.00000     0.00000     0.00000     0.00000     0.00000
   -40.82330     0.00000     0.00000     0.00000     0.00000     0.00000     0.00000     0.00000     0.00000     0.00000     0.00000     0.00000     0.00000     0.00000     0.00000     0.00000     0.00000     0.00000
   -40.76930     0.00000     0.00000     0.00000     0.00000     0.00000     0.00000     0.00000     0.00000     0.00000     0.00000     0.00000     0.00000     0.00000     0.00000     0.00000     0.00000     0.00000
   -40.71630     0.00000     0.00000     0.00000     0.00000     0.00000     0.00000     0.00000     0.00000     0.00000     0.00000     0.00000     0.00000     0.00000     0.00000     0.00000     0.00000     0.00000
   -40.66230     0.00000     0.00000     0.00000     0.00000     0.00000     0.00000     0.00000     0.00000     0.00000     0.00000     0.00000     0.00000     0.00000     0.00000     0.00000     0.00000     0.00000
   -40.60930     0.00000     0.00000     0.00000     0.00000     0.00000     0.00000     0.00000     0.00000     0.00000     0.00000     0.00000     0.00000     0.00000     0.00000     0.00000     0.00000     0.00000
   -40.55530     0.00000     0.00000     0.00000     0.00000     0.00000     0.00000     0.00000     0.00000     0.00000     0.00000     0.00000     0.00000     0.00000     0.00000     0.00000     0.00000     0.00000
   -40.50230     0.00000     0.00000     0.00000     0.00000     0.00000     0.00000     0.00000     0.00000     0.00000     0.00000     0.00000     0.00000     0.00000     0.00000     0.00000     0.00000     0.00000
   -40.44830     0.00000     0.00000     0.00000     0.00000     0.00000     0.00000     0.00000     0.00000     0.00000     0.00000     0.00000     0.00000     0.00000     0.00000     0.00000     0.00000     0.00000
   -40.39430     0.00000     0.00000     0.00000     0.00000     0.00000     0.00000     0.00000     0.00000     0.00000     0.00000     0.00000     0.00000     0.00000     0.00000     0.00000     0.00000     0.00000
   -40.34130     0.00000     0.00000     0.00000     0.00000     0.00000     0.00000     0.00000     0.00000     0.00000     0.00000     0.00000     0.00000     0.00000     0.00000     0.00000     0.00000     0.00000
   -40.28730     0.00000     0.00000     0.00000     0.00000     0.00000     0.00000     0.00000     0.00000     0.00000     0.00000     0.00000     0.00000     0.00000     0.00000     0.00000     0.00000     0.00000
   -40.23430     0.00000     0.00000     0.00000     0.00000     0.00000     0.00000     0.00000     0.00000     0.00000     0.00000     0.00000     0.00000     0.00000     0.00000     0.00000     0.00000     0.00000
   -40.18030     0.00000     0.00000     0.00000     0.00000     0.00000     0.00000     0.00000     0.00000     0.00000     0.00000     0.00000     0.00000     0.00000     0.00000     0.00000     0.00000     0.00000
   -40.12730     0.00000     0.00000     0.00000     0.00000     0.00000     0.00000     0.00000     0.00000     0.00000     0.00000     0.00000     0.00000     0.00000     0.00000     0.00000     0.00000     0.00000
   -40.07330     0.00000     0.00000     0.00000     0.00000     0.00000     0.00000     0.00000     0.00000     0.00000     0.00000     0.00000     0.00000     0.00000     0.00000     0.00000     0.00000     0.00000
   -40.01930     0.00000     0.00000     0.00000     0.00000     0.00000     0.00000     0.00000     0.00000     0.00000     0.00000     0.00000     0.00000     0.00000     0.00000     0.00000     0.00000     0.00000
   -39.96630     0.00000     0.00000     0.00000     0.00000     0.00000     0.00000     0.00000     0.00000     0.00000     0.00000     0.00000     0.00000     0.00000     0.00000     0.00000     0.00000     0.00000
   -39.91230     0.00000     0.00000     0.00000     0.00000     0.00000     0.00000     0.00000     0.00000     0.00000     0.00000     0.00000     0.00000     0.00000     0.00000     0.00000     0.00000     0.00000
   -39.85930     0.00000     0.00000     0.00000     0.00000     0.00000     0.00000     0.00000     0.00000     0.00000     0.00000     0.00000     0.00000     0.00000     0.00000     0.00000     0.00000     0.00000
   -39.80530     0.00000     0.00000     0.00000     0.00000     0.00000     0.00000     0.00000     0.00000     0.00000     0.00000     0.00000     0.00000     0.00000     0.00000     0.00000     0.00000     0.00000
   -39.75230     0.00000     0.00000     0.00000     0.00000     0.00000     0.00000     0.00000     0.00000     0.00000     0.00000     0.00000     0.00000     0.00000     0.00000     0.00000     0.00000     0.00000
   -39.69830     0.00000     0.00000     0.00000     0.00000     0.00000     0.00000     0.00000     0.00000     0.00000     0.00000     0.00000     0.00000     0.00000     0.00000     0.00000     0.00000     0.00000
   -39.64430     0.00000     0.00000     0.00000     0.00000     0.00000     0.00000     0.00000     0.00000     0.00000     0.00000     0.00000     0.00000     0.00000     0.00000     0.00000     0.00000     0.00000
   -39.59130     0.00000     0.00000     0.00000     0.00000     0.00000     0.00000     0.00000     0.00000     0.00000     0.00000     0.00000     0.00000     0.00000     0.00000     0.00000     0.00000     0.00000
   -39.53730     0.00000     0.00000     0.00000     0.00000     0.00000     0.00000     0.00000     0.00000     0.00000     0.00000     0.00000     0.00000     0.00000     0.00000     0.00000     0.00000     0.00000
   -39.48430     0.00000     0.00000     0.00000     0.00000     0.00000     0.00000     0.00000     0.00000     0.00000     0.00000     0.00000     0.00000     0.00000     0.00000     0.00000     0.00000     0.00000
   -39.43030     0.00000     0.00000     0.00000     0.00000     0.00000     0.00000     0.00000     0.00000     0.00000     0.00000     0.00000     0.00000     0.00000     0.00000     0.00000     0.00000     0.00000
   -39.37630     0.00000     0.00000     0.00000     0.00000     0.00000     0.00000     0.00000     0.00000     0.00000     0.00000     0.00000     0.00000     0.00000     0.00000     0.00000     0.00000     0.00000
   -39.32330     0.00000     0.00000     0.00000     0.00000     0.00000     0.00000     0.00000     0.00000     0.00000     0.00000     0.00000     0.00000     0.00000     0.00000     0.00000     0.00000     0.00000
   -39.26930     0.00000     0.00000     0.00000     0.00000     0.00000     0.00000     0.00000     0.00000     0.00000     0.00000     0.00000     0.00000     0.00000     0.00000     0.00000     0.00000     0.00000
   -39.21630     0.00000     0.00000     0.00000     0.00000     0.00000     0.00000     0.00000     0.00000     0.00000     0.00000     0.00000     0.00000     0.00000     0.00000     0.00000     0.00000     0.00000
   -39.16230     0.00000     0.00000     0.00000     0.00000     0.00000     0.00000     0.00000     0.00000     0.00000     0.00000     0.00000     0.00000     0.00000     0.00000     0.00000     0.00000     0.00000
   -39.10930     0.00000     0.00000     0.00000     0.00000     0.00000     0.00000     0.00000     0.00000     0.00000     0.00000     0.00000     0.00000     0.00000     0.00000     0.00000     0.00000     0.00000
   -39.05530     0.00000     0.00000     0.00000     0.00000     0.00000     0.00000     0.00000     0.00000     0.00000     0.00000     0.00000     0.00000     0.00000     0.00000     0.00000     0.00000     0.00000
   -39.00130     0.00000     0.00000     0.00000     0.00000     0.00000     0.00000     0.00000     0.00000     0.00000     0.00000     0.00000     0.00000     0.00000     0.00000     0.00000     0.00000     0.00000
   -38.94830     0.00000     0.00000     0.00000     0.00000     0.00000     0.00000     0.00000     0.00000     0.00000     0.00000     0.00000     0.00000     0.00000     0.00000     0.00000     0.00000     0.00000
   -38.89430     0.00000     0.00000     0.00000     0.00000     0.00000     0.00000     0.00000     0.00000     0.00000     0.00000     0.00000     0.00000     0.00000     0.00000     0.00000     0.00000     0.00000
   -38.84130     0.00000     0.00000     0.00000     0.00000     0.00000     0.00000     0.00000     0.00000     0.00000     0.00000     0.00000     0.00000     0.00000     0.00000     0.00000     0.00000     0.00000
   -38.78730     0.00000     0.00000     0.00000     0.00000     0.00000     0.00000     0.00000     0.00000     0.00000     0.00000     0.00000     0.00000     0.00000     0.00000     0.00000     0.00000     0.00000
   -38.73430     0.00000     0.00000     0.00000     0.00000     0.00000     0.00000     0.00000     0.00000     0.00000     0.00000     0.00000     0.00000     0.00000     0.00000     0.00000     0.00000     0.00000
   -38.68030     0.00000     0.00000     0.00000     0.00000     0.00000     0.00000     0.00000     0.00000     0.00000     0.00000     0.00000     0.00000     0.00000     0.00000     0.00000     0.00000     0.00000
   -38.62630     0.00000     0.00000     0.00000     0.00000     0.00000     0.00000     0.00000     0.00000     0.00000     0.00000     0.00000     0.00000     0.00000     0.00000     0.00000     0.00000     0.00000
   -38.57330     0.00000     0.00000     0.00000     0.00000     0.00000     0.00000     0.00000     0.00000     0.00000     0.00000     0.00000     0.00000     0.00000     0.00000     0.00000     0.00000     0.00000
   -38.51930     0.00000     0.00000     0.00000     0.00000     0.00000     0.00000     0.00000     0.00000     0.00000     0.00000     0.00000     0.00000     0.00000     0.00000     0.00000     0.00000     0.00000
   -38.46630     0.00000     0.00000     0.00000     0.00000     0.00000     0.00000     0.00000     0.00000     0.00000     0.00000     0.00000     0.00000     0.00000     0.00000     0.00000     0.00000     0.00000
   -38.41230     0.00000     0.00000     0.00000     0.00000     0.00000     0.00000     0.00000     0.00000     0.00000     0.00000     0.00000     0.00000     0.00000     0.00000     0.00000     0.00000     0.00000
   -38.35830     0.00000     0.00000     0.00000     0.00000     0.00000     0.00000     0.00000     0.00000     0.00000     0.00000     0.00000     0.00000     0.00000     0.00000     0.00000     0.00000     0.00000
   -38.30530     0.00000     0.00000     0.00000     0.00000     0.00000     0.00000     0.00000     0.00000     0.00000     0.00000     0.00000     0.00000     0.00000     0.00000     0.00000     0.00000     0.00000
   -38.25130     0.00000     0.00000     0.00000     0.00000     0.00000     0.00000     0.00000     0.00000     0.00000     0.00000     0.00000     0.00000     0.00000     0.00000     0.00000     0.00000     0.00000
   -38.19830     0.00000     0.00000     0.00000     0.00000     0.00000     0.00000     0.00000     0.00000     0.00000     0.00000     0.00000     0.00000     0.00000     0.00000     0.00000     0.00000     0.00000
   -38.14430     0.00000     0.00000     0.00000     0.00000     0.00000     0.00000     0.00000     0.00000     0.00000     0.00000     0.00000     0.00000     0.00000     0.00000     0.00000     0.00000     0.00000
   -38.09130     0.00000     0.00000     0.00000     0.00000     0.00000     0.00000     0.00000     0.00000     0.00000     0.00000     0.00000     0.00000     0.00000     0.00000     0.00000     0.00000     0.00000
   -38.03730     0.00000     0.00000     0.00000     0.00000     0.00000     0.00000     0.00000     0.00000     0.00000     0.00000     0.00000     0.00000     0.00000     0.00000     0.00000     0.00000     0.00000
   -37.98330     0.00000     0.00000     0.00000     0.00000     0.00000     0.00000     0.00000     0.00000     0.00000     0.00000     0.00000     0.00000     0.00000     0.00000     0.00000     0.00000     0.00000
   -37.93030     0.00000     0.00000     0.00000     0.00000     0.00000     0.00000     0.00000     0.00000     0.00000     0.00000     0.00000     0.00000     0.00000     0.00000     0.00000     0.00000     0.00000
   -37.87630     0.00000     0.00000     0.00000     0.00000     0.00000     0.00000     0.00000     0.00000     0.00000     0.00000     0.00000     0.00000     0.00000     0.00000     0.00000     0.00000     0.00000
   -37.82330     0.00000     0.00000     0.00000     0.00000     0.00000     0.00000     0.00000     0.00000     0.00000     0.00000     0.00000     0.00000     0.00000     0.00000     0.00000     0.00000     0.00000
   -37.76930     0.00000     0.00000     0.00000     0.00000     0.00000     0.00000     0.00000     0.00000     0.00000     0.00000     0.00000     0.00000     0.00000     0.00000     0.00000     0.00000     0.00000
   -37.71630     0.00000     0.00000     0.00000     0.00000     0.00000     0.00000     0.00000     0.00000     0.00000     0.00000     0.00000     0.00000     0.00000     0.00000     0.00000     0.00000     0.00000
   -37.66230     0.00000     0.00000     0.00000     0.00000     0.00000     0.00000     0.00000     0.00000     0.00000     0.00000     0.00000     0.00000     0.00000     0.00000     0.00000     0.00000     0.00000
   -37.60830     0.00000     0.00000     0.00000     0.00000     0.00000     0.00000     0.00000     0.00000     0.00000     0.00000     0.00000     0.00000     0.00000     0.00000     0.00000     0.00000     0.00000
   -37.55530     0.00000     0.00000     0.00000     0.00000     0.00000     0.00000     0.00000     0.00000     0.00000     0.00000     0.00000     0.00000     0.00000     0.00000     0.00000     0.00000     0.00000
   -37.50130     0.00000     0.00000     0.00000     0.00000     0.00000     0.00000     0.00000     0.00000     0.00000     0.00000     0.00000     0.00000     0.00000     0.00000     0.00000     0.00000     0.00000
   -37.44830     0.00000     0.00000     0.00000     0.00000     0.00000     0.00000     0.00000     0.00000     0.00000     0.00000     0.00000     0.00000     0.00000     0.00000     0.00000     0.00000     0.00000
   -37.39430     0.00000     0.00000     0.00000     0.00000     0.00000     0.00000     0.00000     0.00000     0.00000     0.00000     0.00000     0.00000     0.00000     0.00000     0.00000     0.00000     0.00000
   -37.34130     0.00000     0.00000     0.00000     0.00000     0.00000     0.00000     0.00000     0.00000     0.00000     0.00000     0.00000     0.00000     0.00000     0.00000     0.00000     0.00000     0.00000
   -37.28730     0.00000     0.00000     0.00000     0.00000     0.00000     0.00000     0.00000     0.00000     0.00000     0.00000     0.00000     0.00000     0.00000     0.00000     0.00000     0.00000     0.00000
   -37.23330     0.00000     0.00000     0.00000     0.00000     0.00000     0.00000     0.00000     0.00000     0.00000     0.00000     0.00000     0.00000     0.00000     0.00000     0.00000     0.00000     0.00000
   -37.18030     0.00000     0.00000     0.00000     0.00000     0.00000     0.00000     0.00000     0.00000     0.00000     0.00000     0.00000     0.00000     0.00000     0.00000     0.00000     0.00000     0.00000
   -37.12630     0.00000     0.00000     0.00000     0.00000     0.00000     0.00000     0.00000     0.00000     0.00000     0.00000     0.00000     0.00000     0.00000     0.00000     0.00000     0.00000     0.00000
   -37.07330     0.00000     0.00000     0.00000     0.00000     0.00000     0.00000     0.00000     0.00000     0.00000     0.00000     0.00000     0.00000     0.00000     0.00000     0.00000     0.00000     0.00000
   -37.01930     0.00000     0.00000     0.00000     0.00000     0.00000     0.00000     0.00000     0.00000     0.00000     0.00000     0.00000     0.00000     0.00000     0.00000     0.00000     0.00000     0.00000
   -36.96530     0.00000     0.00000     0.00000     0.00000     0.00000     0.00000     0.00000     0.00000     0.00000     0.00000     0.00000     0.00000     0.00000     0.00000     0.00000     0.00000     0.00000
   -36.91230     0.00000     0.00000     0.00000     0.00000     0.00000     0.00000     0.00000     0.00000     0.00000     0.00000     0.00000     0.00000     0.00000     0.00000     0.00000     0.00000     0.00000
   -36.85830     0.00000     0.00000     0.00000     0.00000     0.00000     0.00000     0.00000     0.00000     0.00000     0.00000     0.00000     0.00000     0.00000     0.00000     0.00000     0.00000     0.00000
   -36.80530     0.00000     0.00000     0.00000     0.00000     0.00000     0.00000     0.00000     0.00000     0.00000     0.00000     0.00000     0.00000     0.00000     0.00000     0.00000     0.00000     0.00000
   -36.75130     0.00000     0.00000     0.00000     0.00000     0.00000     0.00000     0.00000     0.00000     0.00000     0.00000     0.00000     0.00000     0.00000     0.00000     0.00000     0.00000     0.00000
   -36.69830     0.00000     0.00000     0.00000     0.00000     0.00000     0.00000     0.00000     0.00000     0.00000     0.00000     0.00000     0.00000     0.00000     0.00000     0.00000     0.00000     0.00000
   -36.64430     0.00000     0.00000     0.00000     0.00000     0.00000     0.00000     0.00000     0.00000     0.00000     0.00000     0.00000     0.00000     0.00000     0.00000     0.00000     0.00000     0.00000
   -36.59030     0.00000     0.00000     0.00000     0.00000     0.00000     0.00000     0.00000     0.00000     0.00000     0.00000     0.00000     0.00000     0.00000     0.00000     0.00000     0.00000     0.00000
   -36.53730     0.00000     0.00000     0.00000     0.00000     0.00000     0.00000     0.00000     0.00000     0.00000     0.00000     0.00000     0.00000     0.00000     0.00000     0.00000     0.00000     0.00000
   -36.48330     0.00000     0.00000     0.00000     0.00000     0.00000     0.00000     0.00000     0.00000     0.00000     0.00000     0.00000     0.00000     0.00000     0.00000     0.00000     0.00000     0.00000
   -36.43030     0.00000     0.00000     0.00000     0.00000     0.00000     0.00000     0.00000     0.00000     0.00000     0.00000     0.00000     0.00000     0.00000     0.00000     0.00000     0.00000     0.00000
   -36.37630     0.00000     0.00000     0.00000     0.00000     0.00000     0.00000     0.00000     0.00000     0.00000     0.00000     0.00000     0.00000     0.00000     0.00000     0.00000     0.00000     0.00000
   -36.32330     0.00000     0.00000     0.00000     0.00000     0.00000     0.00000     0.00000     0.00000     0.00000     0.00000     0.00000     0.00000     0.00000     0.00000     0.00000     0.00000     0.00000
   -36.26930     0.00000     0.00000     0.00000     0.00000     0.00000     0.00000     0.00000     0.00000     0.00000     0.00000     0.00000     0.00000     0.00000     0.00000     0.00000     0.00000     0.00000
   -36.21530     0.00000     0.00000     0.00000     0.00000     0.00000     0.00000     0.00000     0.00000     0.00000     0.00000     0.00000     0.00000     0.00000     0.00000     0.00000     0.00000     0.00000
   -36.16230     0.00000     0.00000     0.00000     0.00000     0.00000     0.00000     0.00000     0.00000     0.00000     0.00000     0.00000     0.00000     0.00000     0.00000     0.00000     0.00000     0.00000
   -36.10830     0.00000     0.00000     0.00000     0.00000     0.00000     0.00000     0.00000     0.00000     0.00000     0.00000     0.00000     0.00000     0.00000     0.00000     0.00000     0.00000     0.00000
   -36.05530     0.00000     0.00000     0.00000     0.00000     0.00000     0.00000     0.00000     0.00000     0.00000     0.00000     0.00000     0.00000     0.00000     0.00000     0.00000     0.00000     0.00000
   -36.00130     0.00000     0.00000     0.00000     0.00000     0.00000     0.00000     0.00000     0.00000     0.00000     0.00000     0.00000     0.00000     0.00000     0.00000     0.00000     0.00000     0.00000
   -35.94730     0.00000     0.00000     0.00000     0.00000     0.00000     0.00000     0.00000     0.00000     0.00000     0.00000     0.00000     0.00000     0.00000     0.00000     0.00000     0.00000     0.00000
   -35.89430     0.00000     0.00000     0.00000     0.00000     0.00000     0.00000     0.00000     0.00000     0.00000     0.00000     0.00000     0.00000     0.00000     0.00000     0.00000     0.00000     0.00000
   -35.84030     0.00000     0.00000     0.00000     0.00000     0.00000     0.00000     0.00000     0.00000     0.00000     0.00000     0.00000     0.00000     0.00000     0.00000     0.00000     0.00000     0.00000
   -35.78730     0.00000     0.00000     0.00000     0.00000     0.00000     0.00000     0.00000     0.00000     0.00000     0.00000     0.00000     0.00000     0.00000     0.00000     0.00000     0.00000     0.00000
   -35.73330     0.00000     0.00000     0.00000     0.00000     0.00000     0.00000     0.00000     0.00000     0.00000     0.00000     0.00000     0.00000     0.00000     0.00000     0.00000     0.00000     0.00000
   -35.68030     0.00000     0.00000     0.00000     0.00000     0.00000     0.00000     0.00000     0.00000     0.00000     0.00000     0.00000     0.00000     0.00000     0.00000     0.00000     0.00000     0.00000
   -35.62630     0.00000     0.00000     0.00000     0.00000     0.00000     0.00000     0.00000     0.00000     0.00000     0.00000     0.00000     0.00000     0.00000     0.00000     0.00000     0.00000     0.00000
   -35.57230     0.00000     0.00000     0.00000     0.00000     0.00000     0.00000     0.00000     0.00000     0.00000     0.00000     0.00000     0.00000     0.00000     0.00000     0.00000     0.00000     0.00000
   -35.51930     0.00000     0.00000     0.00000     0.00000     0.00000     0.00000     0.00000     0.00000     0.00000     0.00000     0.00000     0.00000     0.00000     0.00000     0.00000     0.00000     0.00000
   -35.46530     0.00000     0.00000     0.00000     0.00000     0.00000     0.00000     0.00000     0.00000     0.00000     0.00000     0.00000     0.00000     0.00000     0.00000     0.00000     0.00000     0.00000
   -35.41230     0.00000     0.00000     0.00000     0.00000     0.00000     0.00000     0.00000     0.00000     0.00000     0.00000     0.00000     0.00000     0.00000     0.00000     0.00000     0.00000     0.00000
   -35.35830     0.00000     0.00000     0.00000     0.00000     0.00000     0.00000     0.00000     0.00000     0.00000     0.00000     0.00000     0.00000     0.00000     0.00000     0.00000     0.00000     0.00000
   -35.30530     0.00000     0.00000     0.00000     0.00000     0.00000     0.00000     0.00000     0.00000     0.00000     0.00000     0.00000     0.00000     0.00000     0.00000     0.00000     0.00000     0.00000
   -35.25130     0.00000     0.00000     0.00000     0.00000     0.00000     0.00000     0.00000     0.00000     0.00000     0.00000     0.00000     0.00000     0.00000     0.00000     0.00000     0.00000     0.00000
   -35.19730     0.00000     0.00000     0.00000     0.00000     0.00000     0.00000     0.00000     0.00000     0.00000     0.00000     0.00000     0.00000     0.00000     0.00000     0.00000     0.00000     0.00000
   -35.14430     0.00000     0.00000     0.00000     0.00000     0.00000     0.00000     0.00000     0.00000     0.00000     0.00000     0.00000     0.00000     0.00000     0.00000     0.00000     0.00000     0.00000
   -35.09030     0.00000     0.00000     0.00000     0.00000     0.00000     0.00000     0.00000     0.00000     0.00000     0.00000     0.00000     0.00000     0.00000     0.00000     0.00000     0.00000     0.00000
   -35.03730     0.00000     0.00000     0.00000     0.00000     0.00000     0.00000     0.00000     0.00000     0.00000     0.00000     0.00000     0.00000     0.00000     0.00000     0.00000     0.00000     0.00000
   -34.98330     0.00000     0.00000     0.00000     0.00000     0.00000     0.00000     0.00000     0.00000     0.00000     0.00000     0.00000     0.00000     0.00000     0.00000     0.00000     0.00000     0.00000
   -34.93030     0.00000     0.00000     0.00000     0.00000     0.00000     0.00000     0.00000     0.00000     0.00000     0.00000     0.00000     0.00000     0.00000     0.00000     0.00000     0.00000     0.00000
   -34.87630     0.00000     0.00000     0.00000     0.00000     0.00000     0.00000     0.00000     0.00000     0.00000     0.00000     0.00000     0.00000     0.00000     0.00000     0.00000     0.00000     0.00000
   -34.82230     0.00000     0.00000     0.00000     0.00000     0.00000     0.00000     0.00000     0.00000     0.00000     0.00000     0.00000     0.00000     0.00000     0.00000     0.00000     0.00000     0.00000
   -34.76930     0.00000     0.00000     0.00000     0.00000     0.00000     0.00000     0.00000     0.00000     0.00000     0.00000     0.00000     0.00000     0.00000     0.00000     0.00000     0.00000     0.00000
   -34.71530     0.00000     0.00000     0.00000     0.00000     0.00000     0.00000     0.00000     0.00000     0.00000     0.00000     0.00000     0.00000     0.00000     0.00000     0.00000     0.00000     0.00000
   -34.66230     0.00000     0.00000     0.00000     0.00000     0.00000     0.00000     0.00000     0.00000     0.00000     0.00000     0.00000     0.00000     0.00000     0.00000     0.00000     0.00000     0.00000
   -34.60830     0.00000     0.00000     0.00000     0.00000     0.00000     0.00000     0.00000     0.00000     0.00000     0.00000     0.00000     0.00000     0.00000     0.00000     0.00000     0.00000     0.00000
   -34.55430     0.00000     0.00000     0.00000     0.00000     0.00000     0.00000     0.00000     0.00000     0.00000     0.00000     0.00000     0.00000     0.00000     0.00000     0.00000     0.00000     0.00000
   -34.50130     0.00000     0.00000     0.00000     0.00000     0.00000     0.00000     0.00000     0.00000     0.00000     0.00000     0.00000     0.00000     0.00000     0.00000     0.00000     0.00000     0.00000
   -34.44730     0.00000     0.00000     0.00000     0.00000     0.00000     0.00000     0.00000     0.00000     0.00000     0.00000     0.00000     0.00000     0.00000     0.00000     0.00000     0.00000     0.00000
   -34.39430     0.00000     0.00000     0.00000     0.00000     0.00000     0.00000     0.00000     0.00000     0.00000     0.00000     0.00000     0.00000     0.00000     0.00000     0.00000     0.00000     0.00000
   -34.34030     0.00000     0.00000     0.00000     0.00000     0.00000     0.00000     0.00000     0.00000     0.00000     0.00000     0.00000     0.00000     0.00000     0.00000     0.00000     0.00000     0.00000
   -34.28730     0.00000     0.00000     0.00000     0.00000     0.00000     0.00000     0.00000     0.00000     0.00000     0.00000     0.00000     0.00000     0.00000     0.00000     0.00000     0.00000     0.00000
   -34.23330     0.00000     0.00000     0.00000     0.00000     0.00000     0.00000     0.00000     0.00000     0.00000     0.00000     0.00000     0.00000     0.00000     0.00000     0.00000     0.00000     0.00000
   -34.17930     0.00000     0.00000     0.00000     0.00000     0.00000     0.00000     0.00000     0.00000     0.00000     0.00000     0.00000     0.00000     0.00000     0.00000     0.00000     0.00000     0.00000
   -34.12630     0.00000     0.00000     0.00000     0.00000     0.00000     0.00000     0.00000     0.00000     0.00000     0.00000     0.00000     0.00000     0.00000     0.00000     0.00000     0.00000     0.00000
   -34.07230     0.00000     0.00000     0.00000     0.00000     0.00000     0.00000     0.00000     0.00000     0.00000     0.00000     0.00000     0.00000     0.00000     0.00000     0.00000     0.00000     0.00000
   -34.01930     0.00000     0.00000     0.00000     0.00000     0.00000     0.00000     0.00000     0.00000     0.00000     0.00000     0.00000     0.00000     0.00000     0.00000     0.00000     0.00000     0.00000
   -33.96530     0.00000     0.00000     0.00000     0.00000     0.00000     0.00000     0.00000     0.00000     0.00000     0.00000     0.00000     0.00000     0.00000     0.00000     0.00000     0.00000     0.00000
   -33.91230     0.00000     0.00000     0.00000     0.00000     0.00000     0.00000     0.00000     0.00000     0.00000     0.00000     0.00000     0.00000     0.00000     0.00000     0.00000     0.00000     0.00000
   -33.85830     0.00000     0.00000     0.00000     0.00000     0.00000     0.00000     0.00000     0.00000     0.00000     0.00000     0.00000     0.00000     0.00000     0.00000     0.00000     0.00000     0.00000
   -33.80430     0.00000     0.00000     0.00000     0.00000     0.00000     0.00000     0.00000     0.00000     0.00000     0.00000     0.00000     0.00000     0.00000     0.00000     0.00000     0.00000     0.00000
   -33.75130     0.00000     0.00000     0.00000     0.00000     0.00000     0.00000     0.00000     0.00000     0.00000     0.00000     0.00000     0.00000     0.00000     0.00000     0.00000     0.00000     0.00000
   -33.69730     0.00000     0.00000     0.00000     0.00000     0.00000     0.00000     0.00000     0.00000     0.00000     0.00000     0.00000     0.00000     0.00000     0.00000     0.00000     0.00000     0.00000
   -33.64430     0.00000     0.00000     0.00000     0.00000     0.00000     0.00000     0.00000     0.00000     0.00000     0.00000     0.00000     0.00000     0.00000     0.00000     0.00000     0.00000     0.00000
   -33.59030     0.00000     0.00000     0.00000     0.00000     0.00000     0.00000     0.00000     0.00000     0.00000     0.00000     0.00000     0.00000     0.00000     0.00000     0.00000     0.00000     0.00000
   -33.53630     0.00000     0.00000     0.00000     0.00000     0.00000     0.00000     0.00000     0.00000     0.00000     0.00000     0.00000     0.00000     0.00000     0.00000     0.00000     0.00000     0.00000
   -33.48330     0.00000     0.00000     0.00000     0.00000     0.00000     0.00000     0.00000     0.00000     0.00000     0.00000     0.00000     0.00000     0.00000     0.00000     0.00000     0.00000     0.00000
   -33.42930     0.00000     0.00000     0.00000     0.00000     0.00000     0.00000     0.00000     0.00000     0.00000     0.00000     0.00000     0.00000     0.00000     0.00000     0.00000     0.00000     0.00000
   -33.37630     0.00000     0.00000     0.00000     0.00000     0.00000     0.00000     0.00000     0.00000     0.00000     0.00000     0.00000     0.00000     0.00000     0.00000     0.00000     0.00000     0.00000
   -33.32230     0.00000     0.00000     0.00000     0.00000     0.00000     0.00000     0.00000     0.00000     0.00000     0.00000     0.00000     0.00000     0.00000     0.00000     0.00000     0.00000     0.00000
   -33.26930     0.00000     0.00000     0.00000     0.00000     0.00000     0.00000     0.00000     0.00000     0.00000     0.00000     0.00000     0.00000     0.00000     0.00000     0.00000     0.00000     0.00000
   -33.21530     0.00000     0.00000     0.00000     0.00000     0.00000     0.00000     0.00000     0.00000     0.00000     0.00000     0.00000     0.00000     0.00000     0.00000     0.00000     0.00000     0.00000
   -33.16130     0.00000     0.00000     0.00000     0.00000     0.00000     0.00000     0.00000     0.00000     0.00000     0.00000     0.00000     0.00000     0.00000     0.00000     0.00000     0.00000     0.00000
   -33.10830     0.00000     0.00000     0.00000     0.00000     0.00000     0.00000     0.00000     0.00000     0.00000     0.00000     0.00000     0.00000     0.00000     0.00000     0.00000     0.00000     0.00000
   -33.05430     0.00000     0.00000     0.00000     0.00000     0.00000     0.00000     0.00000     0.00000     0.00000     0.00000     0.00000     0.00000     0.00000     0.00000     0.00000     0.00000     0.00000
   -33.00130     0.00000     0.00000     0.00000     0.00000     0.00000     0.00000     0.00000     0.00000     0.00000     0.00000     0.00000     0.00000     0.00000     0.00000     0.00000     0.00000     0.00000
   -32.94730     0.00000     0.00000     0.00000     0.00000     0.00000     0.00000     0.00000     0.00000     0.00000     0.00000     0.00000     0.00000     0.00000     0.00000     0.00000     0.00000     0.00000
   -32.89430     0.00000     0.00000     0.00000     0.00000     0.00000     0.00000     0.00000     0.00000     0.00000     0.00000     0.00000     0.00000     0.00000     0.00000     0.00000     0.00000     0.00000
   -32.84030     0.00000     0.00000     0.00000     0.00000     0.00000     0.00000     0.00000     0.00000     0.00000     0.00000     0.00000     0.00000     0.00000     0.00000     0.00000     0.00000     0.00000
   -32.78630     0.00000     0.00000     0.00000     0.00000     0.00000     0.00000     0.00000     0.00000     0.00000     0.00000     0.00000     0.00000     0.00000     0.00000     0.00000     0.00000     0.00000
   -32.73330     0.00000     0.00000     0.00000     0.00000     0.00000     0.00000     0.00000     0.00000     0.00000     0.00000     0.00000     0.00000     0.00000     0.00000     0.00000     0.00000     0.00000
   -32.67930     0.00000     0.00000     0.00000     0.00000     0.00000     0.00000     0.00000     0.00000     0.00000     0.00000     0.00000     0.00000     0.00000     0.00000     0.00000     0.00000     0.00000
   -32.62630     0.00000     0.00000     0.00000     0.00000     0.00000     0.00000     0.00000     0.00000     0.00000     0.00000     0.00000     0.00000     0.00000     0.00000     0.00000     0.00000     0.00000
   -32.57230     0.00000     0.00000     0.00000     0.00000     0.00000     0.00000     0.00000     0.00000     0.00000     0.00000     0.00000     0.00000     0.00000     0.00000     0.00000     0.00000     0.00000
   -32.51930     0.00000     0.00000     0.00000     0.00000     0.00000     0.00000     0.00000     0.00000     0.00000     0.00000     0.00000     0.00000     0.00000     0.00000     0.00000     0.00000     0.00000
   -32.46530     0.00021     0.55690     0.07204     0.22780     0.00105     0.00168     0.00180     0.00266     0.00038     0.00002     0.00001     0.00015     0.00002     0.00011     0.00000     0.00002     0.86484
   -32.41130     0.00257     0.28350     0.16040     0.36800     0.00223     0.00353     0.00080     0.00239     0.00045     0.00004     0.00008     0.00012     0.00005     0.00022     0.00009     0.00005     0.82454
   -32.35830     0.00427     0.21950     0.07194     0.19300     0.00113     0.00303     0.00023     0.00422     0.00069     0.00008     0.00013     0.00013     0.00004     0.00016     0.00011     0.00006     0.49872
   -32.30430     0.16580     0.09346     0.28820     0.18380     0.00337     0.00519     0.00548     0.00361     0.00079     0.00052     0.00344     0.00047     0.00018     0.00014     0.00006     0.00045     0.75497
   -32.25130     0.00005     0.00000     0.00069     0.00000     0.00006     0.00000     0.00001     0.00000     0.00000     0.00000     0.00000     0.00000     0.00000     0.00000     0.00000     0.00000     0.00082
   -32.19730     0.00000     0.00000     0.00000     0.00000     0.00000     0.00000     0.00000     0.00000     0.00000     0.00000     0.00000     0.00000     0.00000     0.00000     0.00000     0.00000     0.00000
   -32.14330     0.00000     0.00000     0.00000     0.00000     0.00000     0.00000     0.00000     0.00000     0.00000     0.00000     0.00000     0.00000     0.00000     0.00000     0.00000     0.00000     0.00000
   -32.09030     0.00000     0.00000     0.00000     0.00000     0.00000     0.00000     0.00000     0.00000     0.00000     0.00000     0.00000     0.00000     0.00000     0.00000     0.00000     0.00000     0.00000
   -32.03630     0.00000     0.00000     0.00000     0.00000     0.00000     0.00000     0.00000     0.00000     0.00000     0.00000     0.00000     0.00000     0.00000     0.00000     0.00000     0.00000     0.00000
   -31.98330     0.00000     0.00000     0.00000     0.00000     0.00000     0.00000     0.00000     0.00000     0.00000     0.00000     0.00000     0.00000     0.00000     0.00000     0.00000     0.00000     0.00000
   -31.92930     0.00000     0.00000     0.00000     0.00000     0.00000     0.00000     0.00000     0.00000     0.00000     0.00000     0.00000     0.00000     0.00000     0.00000     0.00000     0.00000     0.00000
   -31.87630     0.00000     0.00000     0.00000     0.00000     0.00000     0.00000     0.00000     0.00000     0.00000     0.00000     0.00000     0.00000     0.00000     0.00000     0.00000     0.00000     0.00000
   -31.82230     0.00000     0.00000     0.00000     0.00000     0.00000     0.00000     0.00000     0.00000     0.00000     0.00000     0.00000     0.00000     0.00000     0.00000     0.00000     0.00000     0.00000
   -31.76830     0.00000     0.00000     0.00000     0.00000     0.00000     0.00000     0.00000     0.00000     0.00000     0.00000     0.00000     0.00000     0.00000     0.00000     0.00000     0.00000     0.00000
   -31.71530     0.00000     0.00000     0.00000     0.00000     0.00000     0.00000     0.00000     0.00000     0.00000     0.00000     0.00000     0.00000     0.00000     0.00000     0.00000     0.00000     0.00000
   -31.66130     0.00000     0.00000     0.00000     0.00000     0.00000     0.00000     0.00000     0.00000     0.00000     0.00000     0.00000     0.00000     0.00000     0.00000     0.00000     0.00000     0.00000
   -31.60830     0.00000     0.00000     0.00000     0.00000     0.00000     0.00000     0.00000     0.00000     0.00000     0.00000     0.00000     0.00000     0.00000     0.00000     0.00000     0.00000     0.00000
   -31.55430     0.00000     0.00000     0.00000     0.00000     0.00000     0.00000     0.00000     0.00000     0.00000     0.00000     0.00000     0.00000     0.00000     0.00000     0.00000     0.00000     0.00000
   -31.50130     0.00000     0.00000     0.00000     0.00000     0.00000     0.00000     0.00000     0.00000     0.00000     0.00000     0.00000     0.00000     0.00000     0.00000     0.00000     0.00000     0.00000
   -31.44730     0.00000     0.00000     0.00000     0.00000     0.00000     0.00000     0.00000     0.00000     0.00000     0.00000     0.00000     0.00000     0.00000     0.00000     0.00000     0.00000     0.00000
   -31.39330     0.00000     0.00000     0.00000     0.00000     0.00000     0.00000     0.00000     0.00000     0.00000     0.00000     0.00000     0.00000     0.00000     0.00000     0.00000     0.00000     0.00000
   -31.34030     0.00000     0.00000     0.00000     0.00000     0.00000     0.00000     0.00000     0.00000     0.00000     0.00000     0.00000     0.00000     0.00000     0.00000     0.00000     0.00000     0.00000
   -31.28630     0.00000     0.00000     0.00000     0.00000     0.00000     0.00000     0.00000     0.00000     0.00000     0.00000     0.00000     0.00000     0.00000     0.00000     0.00000     0.00000     0.00000
   -31.23330     0.00000     0.00000     0.00000     0.00000     0.00000     0.00000     0.00000     0.00000     0.00000     0.00000     0.00000     0.00000     0.00000     0.00000     0.00000     0.00000     0.00000
   -31.17930     0.00000     0.00000     0.00000     0.00000     0.00000     0.00000     0.00000     0.00000     0.00000     0.00000     0.00000     0.00000     0.00000     0.00000     0.00000     0.00000     0.00000
   -31.12630     0.00000     0.00000     0.00000     0.00000     0.00000     0.00000     0.00000     0.00000     0.00000     0.00000     0.00000     0.00000     0.00000     0.00000     0.00000     0.00000     0.00000
   -31.07230     0.00000     0.00000     0.00000     0.00000     0.00000     0.00000     0.00000     0.00000     0.00000     0.00000     0.00000     0.00000     0.00000     0.00000     0.00000     0.00000     0.00000
   -31.01830     0.00000     0.00000     0.00000     0.00000     0.00000     0.00000     0.00000     0.00000     0.00000     0.00000     0.00000     0.00000     0.00000     0.00000     0.00000     0.00000     0.00000
   -30.96530     0.00000     0.00000     0.00000     0.00000     0.00000     0.00000     0.00000     0.00000     0.00000     0.00000     0.00000     0.00000     0.00000     0.00000     0.00000     0.00000     0.00000
   -30.91130     0.00000     0.00000     0.00000     0.00000     0.00000     0.00000     0.00000     0.00000     0.00000     0.00000     0.00000     0.00000     0.00000     0.00000     0.00000     0.00000     0.00000
   -30.85830     0.00000     0.00000     0.00000     0.00000     0.00000     0.00000     0.00000     0.00000     0.00000     0.00000     0.00000     0.00000     0.00000     0.00000     0.00000     0.00000     0.00000
   -30.80430     0.00000     0.00000     0.00000     0.00000     0.00000     0.00000     0.00000     0.00000     0.00000     0.00000     0.00000     0.00000     0.00000     0.00000     0.00000     0.00000     0.00000
   -30.75030     0.00000     0.00000     0.00000     0.00000     0.00000     0.00000     0.00000     0.00000     0.00000     0.00000     0.00000     0.00000     0.00000     0.00000     0.00000     0.00000     0.00000
   -30.69730     0.00000     0.00000     0.00000     0.00000     0.00000     0.00000     0.00000     0.00000     0.00000     0.00000     0.00000     0.00000     0.00000     0.00000     0.00000     0.00000     0.00000
   -30.64330     0.00000     0.00000     0.00000     0.00000     0.00000     0.00000     0.00000     0.00000     0.00000     0.00000     0.00000     0.00000     0.00000     0.00000     0.00000     0.00000     0.00000
   -30.59030     0.00000     0.00000     0.00000     0.00000     0.00000     0.00000     0.00000     0.00000     0.00000     0.00000     0.00000     0.00000     0.00000     0.00000     0.00000     0.00000     0.00000
   -30.53630     0.00000     0.00000     0.00000     0.00000     0.00000     0.00000     0.00000     0.00000     0.00000     0.00000     0.00000     0.00000     0.00000     0.00000     0.00000     0.00000     0.00000
   -30.48330     0.00000     0.00000     0.00000     0.00000     0.00000     0.00000     0.00000     0.00000     0.00000     0.00000     0.00000     0.00000     0.00000     0.00000     0.00000     0.00000     0.00000
   -30.42930     0.00000     0.00000     0.00000     0.00000     0.00000     0.00000     0.00000     0.00000     0.00000     0.00000     0.00000     0.00000     0.00000     0.00000     0.00000     0.00000     0.00000
   -30.37530     0.00000     0.00000     0.00000     0.00000     0.00000     0.00000     0.00000     0.00000     0.00000     0.00000     0.00000     0.00000     0.00000     0.00000     0.00000     0.00000     0.00000
   -30.32230     0.00000     0.00000     0.00000     0.00000     0.00000     0.00000     0.00000     0.00000     0.00000     0.00000     0.00000     0.00000     0.00000     0.00000     0.00000     0.00000     0.00000
   -30.26830     0.00000     0.00000     0.00000     0.00000     0.00000     0.00000     0.00000     0.00000     0.00000     0.00000     0.00000     0.00000     0.00000     0.00000     0.00000     0.00000     0.00000
   -30.21530     0.00000     0.00000     0.00000     0.00000     0.00000     0.00000     0.00000     0.00000     0.00000     0.00000     0.00000     0.00000     0.00000     0.00000     0.00000     0.00000     0.00000
   -30.16130     0.00000     0.00000     0.00000     0.00000     0.00000     0.00000     0.00000     0.00000     0.00000     0.00000     0.00000     0.00000     0.00000     0.00000     0.00000     0.00000     0.00000
   -30.10830     0.00000     0.00000     0.00000     0.00000     0.00000     0.00000     0.00000     0.00000     0.00000     0.00000     0.00000     0.00000     0.00000     0.00000     0.00000     0.00000     0.00000
   -30.05430     0.00000     0.00000     0.00000     0.00000     0.00000     0.00000     0.00000     0.00000     0.00000     0.00000     0.00000     0.00000     0.00000     0.00000     0.00000     0.00000     0.00000
   -30.00030     0.00000     0.00000     0.00000     0.00000     0.00000     0.00000     0.00000     0.00000     0.00000     0.00000     0.00000     0.00000     0.00000     0.00000     0.00000     0.00000     0.00000
   -29.94730     0.00000     0.00000     0.00000     0.00000     0.00000     0.00000     0.00000     0.00000     0.00000     0.00000     0.00000     0.00000     0.00000     0.00000     0.00000     0.00000     0.00000
   -29.89330     0.00000     0.00000     0.00000     0.00000     0.00000     0.00000     0.00000     0.00000     0.00000     0.00000     0.00000     0.00000     0.00000     0.00000     0.00000     0.00000     0.00000
   -29.84030     0.00000     0.00000     0.00000     0.00000     0.00000     0.00000     0.00000     0.00000     0.00000     0.00000     0.00000     0.00000     0.00000     0.00000     0.00000     0.00000     0.00000
   -29.78630     0.00000     0.00000     0.00000     0.00000     0.00000     0.00000     0.00000     0.00000     0.00000     0.00000     0.00000     0.00000     0.00000     0.00000     0.00000     0.00000     0.00000
   -29.73230     0.00000     0.00000     0.00000     0.00000     0.00000     0.00000     0.00000     0.00000     0.00000     0.00000     0.00000     0.00000     0.00000     0.00000     0.00000     0.00000     0.00000
   -29.67930     0.00000     0.00000     0.00000     0.00000     0.00000     0.00000     0.00000     0.00000     0.00000     0.00000     0.00000     0.00000     0.00000     0.00000     0.00000     0.00000     0.00000
   -29.62530     0.00000     0.00000     0.00000     0.00000     0.00000     0.00000     0.00000     0.00000     0.00000     0.00000     0.00000     0.00000     0.00000     0.00000     0.00000     0.00000     0.00000
   -29.57230     0.00000     0.00000     0.00000     0.00000     0.00000     0.00000     0.00000     0.00000     0.00000     0.00000     0.00000     0.00000     0.00000     0.00000     0.00000     0.00000     0.00000
   -29.51830     0.00000     0.00000     0.00000     0.00000     0.00000     0.00000     0.00000     0.00000     0.00000     0.00000     0.00000     0.00000     0.00000     0.00000     0.00000     0.00000     0.00000
   -29.46530     0.00000     0.00000     0.00000     0.00000     0.00000     0.00000     0.00000     0.00000     0.00000     0.00000     0.00000     0.00000     0.00000     0.00000     0.00000     0.00000     0.00000
   -29.41130     0.00000     0.00000     0.00000     0.00000     0.00000     0.00000     0.00000     0.00000     0.00000     0.00000     0.00000     0.00000     0.00000     0.00000     0.00000     0.00000     0.00000
   -29.35730     0.00000     0.00000     0.00000     0.00000     0.00000     0.00000     0.00000     0.00000     0.00000     0.00000     0.00000     0.00000     0.00000     0.00000     0.00000     0.00000     0.00000
   -29.30430     0.00000     0.00000     0.00000     0.00000     0.00000     0.00000     0.00000     0.00000     0.00000     0.00000     0.00000     0.00000     0.00000     0.00000     0.00000     0.00000     0.00000
   -29.25030     0.00000     0.00000     0.00000     0.00000     0.00000     0.00000     0.00000     0.00000     0.00000     0.00000     0.00000     0.00000     0.00000     0.00000     0.00000     0.00000     0.00000
   -29.19730     0.00000     0.00000     0.00000     0.00000     0.00000     0.00000     0.00000     0.00000     0.00000     0.00000     0.00000     0.00000     0.00000     0.00000     0.00000     0.00000     0.00000
   -29.14330     0.00000     0.00000     0.00000     0.00000     0.00000     0.00000     0.00000     0.00000     0.00000     0.00000     0.00000     0.00000     0.00000     0.00000     0.00000     0.00000     0.00000
   -29.09030     0.00000     0.00000     0.00000     0.00000     0.00000     0.00000     0.00000     0.00000     0.00000     0.00000     0.00000     0.00000     0.00000     0.00000     0.00000     0.00000     0.00000
   -29.03630     0.00000     0.00000     0.00000     0.00000     0.00000     0.00000     0.00000     0.00000     0.00000     0.00000     0.00000     0.00000     0.00000     0.00000     0.00000     0.00000     0.00000
   -28.98230     0.00010     0.01297     0.81780     0.61680     0.00000     0.00000     0.00000     0.00000     0.00000     0.00000     0.00000     0.00000     0.00001     0.00000     0.00000     0.00001     1.44771
   -28.92930     0.00075     0.24540     2.62400     1.28200     0.00001     0.00001     0.00000     0.00001     0.00000     0.00001     0.00000     0.00000     0.00004     0.00000     0.00000     0.00003     4.15226
   -28.87530     0.00105     0.26870     2.51400     1.14000     0.00001     0.00002     0.00001     0.00001     0.00000     0.00001     0.00000     0.00000     0.00004     0.00000     0.00000     0.00002     3.92387
   -28.82230     0.00127     0.30070     2.38200     1.04900     0.00001     0.00002     0.00001     0.00001     0.00000     0.00001     0.00000     0.00000     0.00004     0.00000     0.00000     0.00002     3.73310
   -28.76830     0.00138     0.34480     1.96100     1.02200     0.00002     0.00002     0.00001     0.00001     0.00001     0.00001     0.00000     0.00000     0.00003     0.00000     0.00000     0.00002     3.32931
   -28.71530     0.00139     0.41160     1.80100     1.04100     0.00002     0.00003     0.00001     0.00001     0.00001     0.00001     0.00000     0.00000     0.00003     0.00000     0.00000     0.00002     3.25512
   -28.66130     0.00108     0.44790     1.60000     1.04700     0.00003     0.00003     0.00001     0.00001     0.00001     0.00001     0.00000     0.00001     0.00003     0.00001     0.00000     0.00002     3.09613
   -28.60730     0.00054     2.32300     3.36900     5.02500     0.00012     0.00023     0.00002     0.00010     0.00001     0.00007     0.00001     0.00004     0.00009     0.00005     0.00000     0.00008    10.71835
   -28.55430     0.00005     3.97900     1.97500     2.10500     0.00008     0.00017     0.00002     0.00030     0.00006     0.00006     0.00000     0.00003     0.00005     0.00002     0.00000     0.00005     8.05989
   -28.50030     0.00017    12.41000     3.21100     7.54800     0.00023     0.00085     0.00013     0.00141     0.00033     0.00016     0.00000     0.00008     0.00006     0.00006     0.00002     0.00012    23.17262
   -28.44730     0.00032     5.23000     3.10000     3.70600     0.00023     0.00037     0.00014     0.00050     0.00003     0.00006     0.00000     0.00003     0.00008     0.00005     0.00001     0.00006    12.03786
   -28.39330     0.00027     2.59000     3.45000     3.84100     0.00026     0.00031     0.00014     0.00012     0.00001     0.00002     0.00000     0.00002     0.00012     0.00006     0.00000     0.00005     9.88239
   -28.33930     0.00000     0.00000     0.00000     0.00000     0.00000     0.00000     0.00000     0.00000     0.00000     0.00000     0.00000     0.00000     0.00000     0.00000     0.00000     0.00000     0.00000
   -28.28630     0.00000     0.00000     0.00000     0.00000     0.00000     0.00000     0.00000     0.00000     0.00000     0.00000     0.00000     0.00000     0.00000     0.00000     0.00000     0.00000     0.00000
   -28.23230     0.00000     0.00000     0.00000     0.00000     0.00000     0.00000     0.00000     0.00000     0.00000     0.00000     0.00000     0.00000     0.00000     0.00000     0.00000     0.00000     0.00000
   -28.17930     0.00000     0.00000     0.00000     0.00000     0.00000     0.00000     0.00000     0.00000     0.00000     0.00000     0.00000     0.00000     0.00000     0.00000     0.00000     0.00000     0.00000
   -28.12530     0.00000     0.00000     0.00000     0.00000     0.00000     0.00000     0.00000     0.00000     0.00000     0.00000     0.00000     0.00000     0.00000     0.00000     0.00000     0.00000     0.00000
   -28.07230     0.00000     0.00000     0.00000     0.00000     0.00000     0.00000     0.00000     0.00000     0.00000     0.00000     0.00000     0.00000     0.00000     0.00000     0.00000     0.00000     0.00000
   -28.01830     0.00000     0.00000     0.00000     0.00000     0.00000     0.00000     0.00000     0.00000     0.00000     0.00000     0.00000     0.00000     0.00000     0.00000     0.00000     0.00000     0.00000
   -27.96430     0.00000     0.00000     0.00000     0.00000     0.00000     0.00000     0.00000     0.00000     0.00000     0.00000     0.00000     0.00000     0.00000     0.00000     0.00000     0.00000     0.00000
   -27.91130     0.00000     0.00000     0.00000     0.00000     0.00000     0.00000     0.00000     0.00000     0.00000     0.00000     0.00000     0.00000     0.00000     0.00000     0.00000     0.00000     0.00000
   -27.85730     0.00000     0.00000     0.00000     0.00000     0.00000     0.00000     0.00000     0.00000     0.00000     0.00000     0.00000     0.00000     0.00000     0.00000     0.00000     0.00000     0.00000
   -27.80430     0.00000     0.00000     0.00000     0.00000     0.00000     0.00000     0.00000     0.00000     0.00000     0.00000     0.00000     0.00000     0.00000     0.00000     0.00000     0.00000     0.00000
   -27.75030     0.00000     0.00000     0.00000     0.00000     0.00000     0.00000     0.00000     0.00000     0.00000     0.00000     0.00000     0.00000     0.00000     0.00000     0.00000     0.00000     0.00000
   -27.69730     0.00000     0.00000     0.00000     0.00000     0.00000     0.00000     0.00000     0.00000     0.00000     0.00000     0.00000     0.00000     0.00000     0.00000     0.00000     0.00000     0.00000
   -27.64330     0.00000     0.00000     0.00000     0.00000     0.00000     0.00000     0.00000     0.00000     0.00000     0.00000     0.00000     0.00000     0.00000     0.00000     0.00000     0.00000     0.00000
   -27.58930     0.00552     0.40290     0.27780     0.24170     0.00022     0.00024     0.00224     0.00018     0.00495     0.00006     0.00005     0.00003     0.00003     0.00002     0.00001     0.00002     0.93598
   -27.53630     0.00274     0.56150     0.42090     0.47430     0.00020     0.00008     0.00139     0.00013     0.00150     0.00007     0.00002     0.00001     0.00002     0.00002     0.00000     0.00004     1.46292
   -27.48230     0.00137     0.55410     0.89390     1.41000     0.00013     0.00011     0.00083     0.00009     0.00056     0.00008     0.00001     0.00002     0.00005     0.00002     0.00000     0.00013     2.86140
   -27.42930     0.00014     0.00430     1.51100     0.04935     0.00002     0.00008     0.00013     0.00002     0.00000     0.00000     0.00000     0.00000     0.00004     0.00000     0.00000     0.00001     1.56510
   -27.37530     0.00000     0.00000     0.00000     0.00000     0.00000     0.00000     0.00000     0.00000     0.00000     0.00000     0.00000     0.00000     0.00000     0.00000     0.00000     0.00000     0.00000
   -27.32130     0.00000     0.00000     0.00000     0.00000     0.00000     0.00000     0.00000     0.00000     0.00000     0.00000     0.00000     0.00000     0.00000     0.00000     0.00000     0.00000     0.00000
   -27.26830     0.00000     0.00000     0.00000     0.00000     0.00000     0.00000     0.00000     0.00000     0.00000     0.00000     0.00000     0.00000     0.00000     0.00000     0.00000     0.00000     0.00000
   -27.21430     0.00000     0.00000     0.00000     0.00000     0.00000     0.00000     0.00000     0.00000     0.00000     0.00000     0.00000     0.00000     0.00000     0.00000     0.00000     0.00000     0.00000
   -27.16130     0.00000     0.00000     0.00000     0.00000     0.00000     0.00000     0.00000     0.00000     0.00000     0.00000     0.00000     0.00000     0.00000     0.00000     0.00000     0.00000     0.00000
   -27.10730     0.00000     0.00000     0.00000     0.00000     0.00000     0.00000     0.00000     0.00000     0.00000     0.00000     0.00000     0.00000     0.00000     0.00000     0.00000     0.00000     0.00000
   -27.05430     0.00000     0.00000     0.00000     0.00000     0.00000     0.00000     0.00000     0.00000     0.00000     0.00000     0.00000     0.00000     0.00000     0.00000     0.00000     0.00000     0.00000
   -27.00030     0.00000     0.00000     0.00000     0.00000     0.00000     0.00000     0.00000     0.00000     0.00000     0.00000     0.00000     0.00000     0.00000     0.00000     0.00000     0.00000     0.00000
   -26.94630     0.00000     0.00000     0.00000     0.00000     0.00000     0.00000     0.00000     0.00000     0.00000     0.00000     0.00000     0.00000     0.00000     0.00000     0.00000     0.00000     0.00000
   -26.89330     0.00000     0.00000     0.00000     0.00000     0.00000     0.00000     0.00000     0.00000     0.00000     0.00000     0.00000     0.00000     0.00000     0.00000     0.00000     0.00000     0.00000
   -26.83930     0.00000     0.00000     0.00000     0.00000     0.00000     0.00000     0.00000     0.00000     0.00000     0.00000     0.00000     0.00000     0.00000     0.00000     0.00000     0.00000     0.00000
   -26.78630     0.00000     0.00000     0.00000     0.00000     0.00000     0.00000     0.00000     0.00000     0.00000     0.00000     0.00000     0.00000     0.00000     0.00000     0.00000     0.00000     0.00000
   -26.73230     0.00000     0.00000     0.00000     0.00000     0.00000     0.00000     0.00000     0.00000     0.00000     0.00000     0.00000     0.00000     0.00000     0.00000     0.00000     0.00000     0.00000
   -26.67930     0.00000     0.00000     0.00000     0.00000     0.00000     0.00000     0.00000     0.00000     0.00000     0.00000     0.00000     0.00000     0.00000     0.00000     0.00000     0.00000     0.00000
   -26.62530     0.00000     0.00000     0.00000     0.00000     0.00000     0.00000     0.00000     0.00000     0.00000     0.00000     0.00000     0.00000     0.00000     0.00000     0.00000     0.00000     0.00000
   -26.57130     0.00000     0.00000     0.00000     0.00000     0.00000     0.00000     0.00000     0.00000     0.00000     0.00000     0.00000     0.00000     0.00000     0.00000     0.00000     0.00000     0.00000
   -26.51830     0.00000     0.00000     0.00000     0.00000     0.00000     0.00000     0.00000     0.00000     0.00000     0.00000     0.00000     0.00000     0.00000     0.00000     0.00000     0.00000     0.00000
   -26.46430     0.00000     0.00000     0.00000     0.00000     0.00000     0.00000     0.00000     0.00000     0.00000     0.00000     0.00000     0.00000     0.00000     0.00000     0.00000     0.00000     0.00000
   -26.41130     0.00000     0.00000     0.00000     0.00000     0.00000     0.00000     0.00000     0.00000     0.00000     0.00000     0.00000     0.00000     0.00000     0.00000     0.00000     0.00000     0.00000
   -26.35730     0.00000     0.00000     0.00000     0.00000     0.00000     0.00000     0.00000     0.00000     0.00000     0.00000     0.00000     0.00000     0.00000     0.00000     0.00000     0.00000     0.00000
   -26.30430     0.00000     0.00000     0.00000     0.00000     0.00000     0.00000     0.00000     0.00000     0.00000     0.00000     0.00000     0.00000     0.00000     0.00000     0.00000     0.00000     0.00000
   -26.25030     0.00000     0.00000     0.00000     0.00000     0.00000     0.00000     0.00000     0.00000     0.00000     0.00000     0.00000     0.00000     0.00000     0.00000     0.00000     0.00000     0.00000
   -26.19630     0.00000     0.00000     0.00000     0.00000     0.00000     0.00000     0.00000     0.00000     0.00000     0.00000     0.00000     0.00000     0.00000     0.00000     0.00000     0.00000     0.00000
   -26.14330     0.00000     0.00000     0.00000     0.00000     0.00000     0.00000     0.00000     0.00000     0.00000     0.00000     0.00000     0.00000     0.00000     0.00000     0.00000     0.00000     0.00000
   -26.08930     0.00000     0.00000     0.00000     0.00000     0.00000     0.00000     0.00000     0.00000     0.00000     0.00000     0.00000     0.00000     0.00000     0.00000     0.00000     0.00000     0.00000
   -26.03630     0.00000     0.00000     0.00000     0.00000     0.00000     0.00000     0.00000     0.00000     0.00000     0.00000     0.00000     0.00000     0.00000     0.00000     0.00000     0.00000     0.00000
   -25.98230     0.00000     0.00000     0.00000     0.00000     0.00000     0.00000     0.00000     0.00000     0.00000     0.00000     0.00000     0.00000     0.00000     0.00000     0.00000     0.00000     0.00000
   -25.92830     0.00000     0.00000     0.00000     0.00000     0.00000     0.00000     0.00000     0.00000     0.00000     0.00000     0.00000     0.00000     0.00000     0.00000     0.00000     0.00000     0.00000
   -25.87530     0.00000     0.00000     0.00000     0.00000     0.00000     0.00000     0.00000     0.00000     0.00000     0.00000     0.00000     0.00000     0.00000     0.00000     0.00000     0.00000     0.00000
   -25.82130     0.00000     0.00000     0.00000     0.00000     0.00000     0.00000     0.00000     0.00000     0.00000     0.00000     0.00000     0.00000     0.00000     0.00000     0.00000     0.00000     0.00000
   -25.76830     0.00000     0.00000     0.00000     0.00000     0.00000     0.00000     0.00000     0.00000     0.00000     0.00000     0.00000     0.00000     0.00000     0.00000     0.00000     0.00000     0.00000
   -25.71430     0.00000     0.00000     0.00000     0.00000     0.00000     0.00000     0.00000     0.00000     0.00000     0.00000     0.00000     0.00000     0.00000     0.00000     0.00000     0.00000     0.00000
   -25.66130     0.00000     0.00000     0.00000     0.00000     0.00000     0.00000     0.00000     0.00000     0.00000     0.00000     0.00000     0.00000     0.00000     0.00000     0.00000     0.00000     0.00000
   -25.60730     0.00000     0.00000     0.00000     0.00000     0.00000     0.00000     0.00000     0.00000     0.00000     0.00000     0.00000     0.00000     0.00000     0.00000     0.00000     0.00000     0.00000
   -25.55330     0.00000     0.00000     0.00000     0.00000     0.00000     0.00000     0.00000     0.00000     0.00000     0.00000     0.00000     0.00000     0.00000     0.00000     0.00000     0.00000     0.00000
   -25.50030     0.00000     0.00000     0.00000     0.00000     0.00000     0.00000     0.00000     0.00000     0.00000     0.00000     0.00000     0.00000     0.00000     0.00000     0.00000     0.00000     0.00000
   -25.44630     0.00000     0.00000     0.00000     0.00000     0.00000     0.00000     0.00000     0.00000     0.00000     0.00000     0.00000     0.00000     0.00000     0.00000     0.00000     0.00000     0.00000
   -25.39330     0.00000     0.00000     0.00000     0.00000     0.00000     0.00000     0.00000     0.00000     0.00000     0.00000     0.00000     0.00000     0.00000     0.00000     0.00000     0.00000     0.00000
   -25.33930     0.00000     0.00000     0.00000     0.00000     0.00000     0.00000     0.00000     0.00000     0.00000     0.00000     0.00000     0.00000     0.00000     0.00000     0.00000     0.00000     0.00000
   -25.28630     0.00000     0.00000     0.00000     0.00000     0.00000     0.00000     0.00000     0.00000     0.00000     0.00000     0.00000     0.00000     0.00000     0.00000     0.00000     0.00000     0.00000
   -25.23230     0.00000     0.00000     0.00000     0.00000     0.00000     0.00000     0.00000     0.00000     0.00000     0.00000     0.00000     0.00000     0.00000     0.00000     0.00000     0.00000     0.00000
   -25.17830     0.00000     0.00000     0.00000     0.00000     0.00000     0.00000     0.00000     0.00000     0.00000     0.00000     0.00000     0.00000     0.00000     0.00000     0.00000     0.00000     0.00000
   -25.12530     0.00000     0.00000     0.00000     0.00000     0.00000     0.00000     0.00000     0.00000     0.00000     0.00000     0.00000     0.00000     0.00000     0.00000     0.00000     0.00000     0.00000
   -25.07130     0.00000     0.00000     0.00000     0.00000     0.00000     0.00000     0.00000     0.00000     0.00000     0.00000     0.00000     0.00000     0.00000     0.00000     0.00000     0.00000     0.00000
   -25.01830     0.00000     0.00000     0.00000     0.00000     0.00000     0.00000     0.00000     0.00000     0.00000     0.00000     0.00000     0.00000     0.00000     0.00000     0.00000     0.00000     0.00000
   -24.96430     0.00000     0.00000     0.00000     0.00000     0.00000     0.00000     0.00000     0.00000     0.00000     0.00000     0.00000     0.00000     0.00000     0.00000     0.00000     0.00000     0.00000
   -24.91030     0.00000     0.00000     0.00000     0.00000     0.00000     0.00000     0.00000     0.00000     0.00000     0.00000     0.00000     0.00000     0.00000     0.00000     0.00000     0.00000     0.00000
   -24.85730     0.00000     0.00000     0.00000     0.00000     0.00000     0.00000     0.00000     0.00000     0.00000     0.00000     0.00000     0.00000     0.00000     0.00000     0.00000     0.00000     0.00000
   -24.80330     0.00000     0.00000     0.00000     0.00000     0.00000     0.00000     0.00000     0.00000     0.00000     0.00000     0.00000     0.00000     0.00000     0.00000     0.00000     0.00000     0.00000
   -24.75030     0.00000     0.00000     0.00000     0.00000     0.00000     0.00000     0.00000     0.00000     0.00000     0.00000     0.00000     0.00000     0.00000     0.00000     0.00000     0.00000     0.00000
   -24.69630     0.00000     0.00000     0.00000     0.00000     0.00000     0.00000     0.00000     0.00000     0.00000     0.00000     0.00000     0.00000     0.00000     0.00000     0.00000     0.00000     0.00000
   -24.64330     0.00000     0.00000     0.00000     0.00000     0.00000     0.00000     0.00000     0.00000     0.00000     0.00000     0.00000     0.00000     0.00000     0.00000     0.00000     0.00000     0.00000
   -24.58930     0.00000     0.00000     0.00000     0.00000     0.00000     0.00000     0.00000     0.00000     0.00000     0.00000     0.00000     0.00000     0.00000     0.00000     0.00000     0.00000     0.00000
   -24.53530     0.00000     0.00000     0.00000     0.00000     0.00000     0.00000     0.00000     0.00000     0.00000     0.00000     0.00000     0.00000     0.00000     0.00000     0.00000     0.00000     0.00000
   -24.48230     0.00000     0.00000     0.00000     0.00000     0.00000     0.00000     0.00000     0.00000     0.00000     0.00000     0.00000     0.00000     0.00000     0.00000     0.00000     0.00000     0.00000
   -24.42830     0.00000     0.00000     0.00000     0.00000     0.00000     0.00000     0.00000     0.00000     0.00000     0.00000     0.00000     0.00000     0.00000     0.00000     0.00000     0.00000     0.00000
   -24.37530     0.00000     0.00000     0.00000     0.00000     0.00000     0.00000     0.00000     0.00000     0.00000     0.00000     0.00000     0.00000     0.00000     0.00000     0.00000     0.00000     0.00000
   -24.32130     0.00000     0.00000     0.00000     0.00000     0.00000     0.00000     0.00000     0.00000     0.00000     0.00000     0.00000     0.00000     0.00000     0.00000     0.00000     0.00000     0.00000
   -24.26830     0.00000     0.00000     0.00000     0.00000     0.00000     0.00000     0.00000     0.00000     0.00000     0.00000     0.00000     0.00000     0.00000     0.00000     0.00000     0.00000     0.00000
   -24.21430     0.00000     0.00000     0.00000     0.00000     0.00000     0.00000     0.00000     0.00000     0.00000     0.00000     0.00000     0.00000     0.00000     0.00000     0.00000     0.00000     0.00000
   -24.16030     0.00000     0.00000     0.00000     0.00000     0.00000     0.00000     0.00000     0.00000     0.00000     0.00000     0.00000     0.00000     0.00000     0.00000     0.00000     0.00000     0.00000
   -24.10730     0.00000     0.00000     0.00000     0.00000     0.00000     0.00000     0.00000     0.00000     0.00000     0.00000     0.00000     0.00000     0.00000     0.00000     0.00000     0.00000     0.00000
   -24.05330     0.00000     0.00000     0.00000     0.00000     0.00000     0.00000     0.00000     0.00000     0.00000     0.00000     0.00000     0.00000     0.00000     0.00000     0.00000     0.00000     0.00000
   -24.00030     0.00000     0.00000     0.00000     0.00000     0.00000     0.00000     0.00000     0.00000     0.00000     0.00000     0.00000     0.00000     0.00000     0.00000     0.00000     0.00000     0.00000
   -23.94630     0.00000     0.00000     0.00000     0.00000     0.00000     0.00000     0.00000     0.00000     0.00000     0.00000     0.00000     0.00000     0.00000     0.00000     0.00000     0.00000     0.00000
   -23.89330     0.00000     0.00000     0.00000     0.00000     0.00000     0.00000     0.00000     0.00000     0.00000     0.00000     0.00000     0.00000     0.00000     0.00000     0.00000     0.00000     0.00000
   -23.83930     0.00000     0.00000     0.00000     0.00000     0.00000     0.00000     0.00000     0.00000     0.00000     0.00000     0.00000     0.00000     0.00000     0.00000     0.00000     0.00000     0.00000
   -23.78530     0.00000     0.00000     0.00000     0.00000     0.00000     0.00000     0.00000     0.00000     0.00000     0.00000     0.00000     0.00000     0.00000     0.00000     0.00000     0.00000     0.00000
   -23.73230     0.00826     0.00129     0.00009     0.00167     0.00158     0.00000     0.00145     0.00000     0.00000     0.00000     0.00009     0.00000     0.00004     0.00000     0.00000     0.00000     0.01447
   -23.67830     0.01636     0.00683     0.00033     0.00923     0.00274     0.00002     0.00279     0.00002     0.00000     0.00000     0.00019     0.00001     0.00007     0.00000     0.00000     0.00000     0.03860
   -23.62530     0.02736     0.01729     0.00212     0.02310     0.00357     0.00016     0.00458     0.00010     0.00003     0.00001     0.00036     0.00003     0.00011     0.00001     0.00000     0.00001     0.07882
   -23.57130     0.03703     0.03526     0.02031     0.04103     0.00388     0.00110     0.00453     0.00038     0.00019     0.00003     0.00043     0.00006     0.00013     0.00002     0.00000     0.00004     0.14441
   -23.51730     0.06106     0.09096     0.09481     0.08980     0.00327     0.00207     0.00416     0.00127     0.00025     0.00009     0.00064     0.00009     0.00013     0.00004     0.00000     0.00009     0.34872
   -23.46430     0.04450     0.07380     0.06647     0.05952     0.00167     0.00101     0.00328     0.00063     0.00024     0.00007     0.00057     0.00009     0.00007     0.00003     0.00001     0.00006     0.25201
   -23.41030     0.03502     0.05132     0.04370     0.03195     0.00098     0.00066     0.00241     0.00052     0.00026     0.00008     0.00051     0.00010     0.00004     0.00003     0.00000     0.00004     0.16764
   -23.35730     0.02877     0.02534     0.02504     0.01148     0.00057     0.00049     0.00144     0.00042     0.00027     0.00009     0.00047     0.00012     0.00003     0.00002     0.00000     0.00004     0.09457
   -23.30330     0.00063     0.00028     0.00083     0.00039     0.00028     0.00009     0.00002     0.00011     0.00000     0.00000     0.00000     0.00000     0.00001     0.00000     0.00000     0.00000     0.00266
   -23.25030     0.00031     0.00021     0.00055     0.00024     0.00018     0.00007     0.00001     0.00008     0.00000     0.00000     0.00000     0.00000     0.00001     0.00000     0.00000     0.00000     0.00166
   -23.19630     0.00422     0.25190     0.07364     0.05147     0.00210     0.00116     0.00669     0.00373     0.00162     0.00006     0.00008     0.00008     0.00008     0.00003     0.00003     0.00006     0.39693
   -23.14230     0.00753     0.29380     0.15030     0.14680     0.00636     0.00756     0.00561     0.01585     0.00424     0.00039     0.00011     0.00038     0.00020     0.00037     0.00035     0.00026     0.64010
   -23.08930     0.00626     0.28990     0.14550     0.25750     0.00763     0.01146     0.00362     0.01240     0.00370     0.00027     0.00010     0.00047     0.00028     0.00051     0.00040     0.00030     0.74030
   -23.03530     0.00349     0.22660     0.11560     0.26870     0.00177     0.01002     0.00114     0.00806     0.00248     0.00019     0.00005     0.00038     0.00003     0.00057     0.00033     0.00021     0.63962
   -22.98230     0.00151     0.15150     0.07750     0.25970     0.00094     0.00615     0.00041     0.00436     0.00086     0.00010     0.00002     0.00026     0.00001     0.00049     0.00021     0.00012     0.50414
   -22.92830     0.00035     0.08222     0.00969     0.12720     0.00010     0.00261     0.00008     0.00184     0.00014     0.00004     0.00001     0.00014     0.00000     0.00022     0.00003     0.00005     0.22472
   -22.87530     0.00000     0.00000     0.00000     0.00000     0.00000     0.00000     0.00000     0.00000     0.00000     0.00000     0.00000     0.00000     0.00000     0.00000     0.00000     0.00000     0.00000
   -22.82130     0.00000     0.00000     0.00000     0.00000     0.00000     0.00000     0.00000     0.00000     0.00000     0.00000     0.00000     0.00000     0.00000     0.00000     0.00000     0.00000     0.00000
   -22.76730     0.00000     0.00000     0.00000     0.00000     0.00000     0.00000     0.00000     0.00000     0.00000     0.00000     0.00000     0.00000     0.00000     0.00000     0.00000     0.00000     0.00000
   -22.71430     0.00000     0.00000     0.00000     0.00000     0.00000     0.00000     0.00000     0.00000     0.00000     0.00000     0.00000     0.00000     0.00000     0.00000     0.00000     0.00000     0.00000
   -22.66030     0.00000     0.00000     0.00000     0.00000     0.00000     0.00000     0.00000     0.00000     0.00000     0.00000     0.00000     0.00000     0.00000     0.00000     0.00000     0.00000     0.00000
   -22.60730     0.00000     0.00000     0.00000     0.00000     0.00000     0.00000     0.00000     0.00000     0.00000     0.00000     0.00000     0.00000     0.00000     0.00000     0.00000     0.00000     0.00000
   -22.55330     0.00000     0.00000     0.00000     0.00000     0.00000     0.00000     0.00000     0.00000     0.00000     0.00000     0.00000     0.00000     0.00000     0.00000     0.00000     0.00000     0.00000
   -22.49930     0.00000     0.00000     0.00000     0.00000     0.00000     0.00000     0.00000     0.00000     0.00000     0.00000     0.00000     0.00000     0.00000     0.00000     0.00000     0.00000     0.00000
   -22.44630     0.00000     0.00000     0.00000     0.00000     0.00000     0.00000     0.00000     0.00000     0.00000     0.00000     0.00000     0.00000     0.00000     0.00000     0.00000     0.00000     0.00000
   -22.39230     0.00000     0.00000     0.00000     0.00000     0.00000     0.00000     0.00000     0.00000     0.00000     0.00000     0.00000     0.00000     0.00000     0.00000     0.00000     0.00000     0.00000
   -22.33930     0.00000     0.00000     0.00000     0.00000     0.00000     0.00000     0.00000     0.00000     0.00000     0.00000     0.00000     0.00000     0.00000     0.00000     0.00000     0.00000     0.00000
   -22.28530     0.00000     0.00000     0.00000     0.00000     0.00000     0.00000     0.00000     0.00000     0.00000     0.00000     0.00000     0.00000     0.00000     0.00000     0.00000     0.00000     0.00000
   -22.23230     0.00000     0.00000     0.00000     0.00000     0.00000     0.00000     0.00000     0.00000     0.00000     0.00000     0.00000     0.00000     0.00000     0.00000     0.00000     0.00000     0.00000
   -22.17830     0.00000     0.00000     0.00000     0.00000     0.00000     0.00000     0.00000     0.00000     0.00000     0.00000     0.00000     0.00000     0.00000     0.00000     0.00000     0.00000     0.00000
   -22.12430     0.00000     0.00000     0.00000     0.00000     0.00000     0.00000     0.00000     0.00000     0.00000     0.00000     0.00000     0.00000     0.00000     0.00000     0.00000     0.00000     0.00000
   -22.07130     0.00000     0.00000     0.00000     0.00000     0.00000     0.00000     0.00000     0.00000     0.00000     0.00000     0.00000     0.00000     0.00000     0.00000     0.00000     0.00000     0.00000
   -22.01730     0.00000     0.00000     0.00000     0.00000     0.00000     0.00000     0.00000     0.00000     0.00000     0.00000     0.00000     0.00000     0.00000     0.00000     0.00000     0.00000     0.00000
   -21.96430     0.00000     0.00000     0.00000     0.00000     0.00000     0.00000     0.00000     0.00000     0.00000     0.00000     0.00000     0.00000     0.00000     0.00000     0.00000     0.00000     0.00000
   -21.91030     0.00000     0.00000     0.00000     0.00000     0.00000     0.00000     0.00000     0.00000     0.00000     0.00000     0.00000     0.00000     0.00000     0.00000     0.00000     0.00000     0.00000
   -21.85730     0.00000     0.00000     0.00000     0.00000     0.00000     0.00000     0.00000     0.00000     0.00000     0.00000     0.00000     0.00000     0.00000     0.00000     0.00000     0.00000     0.00000
   -21.80330     0.00000     0.00000     0.00000     0.00000     0.00000     0.00000     0.00000     0.00000     0.00000     0.00000     0.00000     0.00000     0.00000     0.00000     0.00000     0.00000     0.00000
   -21.74930     0.00000     0.00000     0.00000     0.00000     0.00000     0.00000     0.00000     0.00000     0.00000     0.00000     0.00000     0.00000     0.00000     0.00000     0.00000     0.00000     0.00000
   -21.69630     0.00000     0.00000     0.00000     0.00000     0.00000     0.00000     0.00000     0.00000     0.00000     0.00000     0.00000     0.00000     0.00000     0.00000     0.00000     0.00000     0.00000
   -21.64230     0.00000     0.00000     0.00000     0.00000     0.00000     0.00000     0.00000     0.00000     0.00000     0.00000     0.00000     0.00000     0.00000     0.00000     0.00000     0.00000     0.00000
   -21.58930     0.00000     0.00000     0.00000     0.00000     0.00000     0.00000     0.00000     0.00000     0.00000     0.00000     0.00000     0.00000     0.00000     0.00000     0.00000     0.00000     0.00000
   -21.53530     0.00000     0.00000     0.00000     0.00000     0.00000     0.00000     0.00000     0.00000     0.00000     0.00000     0.00000     0.00000     0.00000     0.00000     0.00000     0.00000     0.00000
   -21.48230     0.00000     0.00000     0.00000     0.00000     0.00000     0.00000     0.00000     0.00000     0.00000     0.00000     0.00000     0.00000     0.00000     0.00000     0.00000     0.00000     0.00000
   -21.42830     0.00000     0.00000     0.00000     0.00000     0.00000     0.00000     0.00000     0.00000     0.00000     0.00000     0.00000     0.00000     0.00000     0.00000     0.00000     0.00000     0.00000
   -21.37430     0.00000     0.00000     0.00000     0.00000     0.00000     0.00000     0.00000     0.00000     0.00000     0.00000     0.00000     0.00000     0.00000     0.00000     0.00000     0.00000     0.00000
   -21.32130     0.00000     0.00000     0.00000     0.00000     0.00000     0.00000     0.00000     0.00000     0.00000     0.00000     0.00000     0.00000     0.00000     0.00000     0.00000     0.00000     0.00000
   -21.26730     0.00000     0.00000     0.00000     0.00000     0.00000     0.00000     0.00000     0.00000     0.00000     0.00000     0.00000     0.00000     0.00000     0.00000     0.00000     0.00000     0.00000
   -21.21430     0.00000     0.00000     0.00000     0.00000     0.00000     0.00000     0.00000     0.00000     0.00000     0.00000     0.00000     0.00000     0.00000     0.00000     0.00000     0.00000     0.00000
   -21.16030     0.00000     0.00000     0.00000     0.00000     0.00000     0.00000     0.00000     0.00000     0.00000     0.00000     0.00000     0.00000     0.00000     0.00000     0.00000     0.00000     0.00000
   -21.10630     0.00000     0.00000     0.00000     0.00000     0.00000     0.00000     0.00000     0.00000     0.00000     0.00000     0.00000     0.00000     0.00000     0.00000     0.00000     0.00000     0.00000
   -21.05330     0.00000     0.00000     0.00000     0.00000     0.00000     0.00000     0.00000     0.00000     0.00000     0.00000     0.00000     0.00000     0.00000     0.00000     0.00000     0.00000     0.00000
   -20.99930     0.00000     0.00000     0.00000     0.00000     0.00000     0.00000     0.00000     0.00000     0.00000     0.00000     0.00000     0.00000     0.00000     0.00000     0.00000     0.00000     0.00000
   -20.94630     0.00000     0.00000     0.00000     0.00000     0.00000     0.00000     0.00000     0.00000     0.00000     0.00000     0.00000     0.00000     0.00000     0.00000     0.00000     0.00000     0.00000
   -20.89230     0.00000     0.00000     0.00000     0.00000     0.00000     0.00000     0.00000     0.00000     0.00000     0.00000     0.00000     0.00000     0.00000     0.00000     0.00000     0.00000     0.00000
   -20.83930     0.00000     0.00000     0.00000     0.00000     0.00000     0.00000     0.00000     0.00000     0.00000     0.00000     0.00000     0.00000     0.00000     0.00000     0.00000     0.00000     0.00000
   -20.78530     0.00000     0.00000     0.00000     0.00000     0.00000     0.00000     0.00000     0.00000     0.00000     0.00000     0.00000     0.00000     0.00000     0.00000     0.00000     0.00000     0.00000
   -20.73130     0.00000     0.00000     0.00000     0.00000     0.00000     0.00000     0.00000     0.00000     0.00000     0.00000     0.00000     0.00000     0.00000     0.00000     0.00000     0.00000     0.00000
   -20.67830     0.00000     0.00000     0.00000     0.00000     0.00000     0.00000     0.00000     0.00000     0.00000     0.00000     0.00000     0.00000     0.00000     0.00000     0.00000     0.00000     0.00000
   -20.62430     0.00000     0.00000     0.00000     0.00000     0.00000     0.00000     0.00000     0.00000     0.00000     0.00000     0.00000     0.00000     0.00000     0.00000     0.00000     0.00000     0.00000
   -20.57130     0.00066     0.00000     0.00001     0.00000     0.00000     0.00000     0.00000     0.00000     0.00000     0.00000     0.00000     0.00000     0.00000     0.00000     0.00000     0.00000     0.00068
   -20.51730     0.00108     0.00002     0.00003     0.00002     0.00000     0.00000     0.00000     0.00000     0.00000     0.00000     0.00000     0.00000     0.00000     0.00000     0.00000     0.00000     0.00114
   -20.46430     0.00149     0.00003     0.00006     0.00003     0.00000     0.00000     0.00000     0.00000     0.00000     0.00000     0.00000     0.00000     0.00000     0.00000     0.00000     0.00000     0.00161
   -20.41030     0.00181     0.00005     0.00010     0.00004     0.00000     0.00000     0.00000     0.00000     0.00000     0.00000     0.00000     0.00000     0.00000     0.00000     0.00000     0.00000     0.00201
   -20.35630     0.00203     0.00007     0.00015     0.00006     0.00000     0.00000     0.00000     0.00000     0.00000     0.00000     0.00000     0.00000     0.00000     0.00000     0.00000     0.00000     0.00232
   -20.30330     0.00231     0.00008     0.00021     0.00007     0.00000     0.00000     0.00000     0.00000     0.00000     0.00000     0.00000     0.00000     0.00000     0.00000     0.00000     0.00000     0.00269
   -20.24930     0.00261     0.00010     0.00027     0.00008     0.00000     0.00000     0.00000     0.00000     0.00000     0.00000     0.00000     0.00000     0.00000     0.00000     0.00000     0.00000     0.00308
   -20.19630     0.00282     0.00014     0.00035     0.00011     0.00001     0.00000     0.00000     0.00000     0.00000     0.00000     0.00000     0.00000     0.00000     0.00000     0.00000     0.00000     0.00342
   -20.14230     0.00304     0.00017     0.00043     0.00013     0.00001     0.00000     0.00000     0.00000     0.00000     0.00000     0.00000     0.00000     0.00000     0.00000     0.00000     0.00000     0.00378
   -20.08930     0.00328     0.00020     0.00052     0.00014     0.00001     0.00000     0.00000     0.00000     0.00000     0.00000     0.00000     0.00000     0.00000     0.00000     0.00000     0.00000     0.00416
   -20.03530     0.00353     0.00022     0.00061     0.00016     0.00001     0.00000     0.00000     0.00000     0.00000     0.00000     0.00000     0.00000     0.00000     0.00000     0.00000     0.00000     0.00454
   -19.98130     0.00377     0.00026     0.00070     0.00020     0.00001     0.00000     0.00000     0.00000     0.00000     0.00000     0.00000     0.00000     0.00000     0.00000     0.00000     0.00000     0.00495
   -19.92830     0.00398     0.00030     0.00079     0.00026     0.00001     0.00001     0.00000     0.00001     0.00000     0.00000     0.00000     0.00000     0.00000     0.00000     0.00000     0.00000     0.00536
   -19.87430     0.00421     0.00035     0.00090     0.00029     0.00001     0.00001     0.00000     0.00001     0.00000     0.00000     0.00000     0.00000     0.00000     0.00000     0.00000     0.00000     0.00577
   -19.82130     0.00444     0.00039     0.00101     0.00033     0.00002     0.00001     0.00000     0.00001     0.00000     0.00000     0.00000     0.00000     0.00000     0.00000     0.00000     0.00000     0.00620
   -19.76730     0.00468     0.00042     0.00113     0.00036     0.00002     0.00001     0.00000     0.00001     0.00000     0.00000     0.00000     0.00000     0.00000     0.00000     0.00000     0.00000     0.00663
   -19.71330     0.00491     0.00046     0.00125     0.00042     0.00002     0.00001     0.00000     0.00001     0.00000     0.00000     0.00000     0.00000     0.00000     0.00000     0.00000     0.00000     0.00708
   -19.66030     0.00514     0.00052     0.00134     0.00052     0.00002     0.00001     0.00000     0.00001     0.00000     0.00000     0.00000     0.00000     0.00000     0.00000     0.00000     0.00000     0.00757
   -19.60630     0.00537     0.00057     0.00148     0.00058     0.00002     0.00001     0.00000     0.00001     0.00000     0.00000     0.00000     0.00000     0.00000     0.00000     0.00000     0.00000     0.00806
   -19.55330     0.00560     0.00063     0.00165     0.00061     0.00002     0.00001     0.00000     0.00001     0.00000     0.00000     0.00000     0.00000     0.00000     0.00000     0.00000     0.00000     0.00855
   -19.49930     0.00584     0.00068     0.00182     0.00065     0.00003     0.00002     0.00000     0.00001     0.00000     0.00000     0.00000     0.00000     0.00000     0.00000     0.00000     0.00000     0.00904
   -19.44630     0.00607     0.00073     0.00199     0.00069     0.00003     0.00002     0.00000     0.00001     0.00000     0.00000     0.00000     0.00000     0.00000     0.00000     0.00000     0.00000     0.00954
   -19.39230     0.00631     0.00079     0.00217     0.00075     0.00003     0.00002     0.00000     0.00001     0.00000     0.00000     0.00000     0.00000     0.00000     0.00000     0.00000     0.00000     0.01009
   -19.33830     0.00655     0.00086     0.00233     0.00086     0.00003     0.00002     0.00001     0.00001     0.00000     0.00000     0.00000     0.00000     0.00000     0.00000     0.00000     0.00000     0.01067
   -19.28530     0.00679     0.00092     0.00250     0.00096     0.00004     0.00002     0.00001     0.00002     0.00000     0.00000     0.00000     0.00000     0.00000     0.00000     0.00000     0.00000     0.01126
   -19.23130     0.00703     0.00099     0.00273     0.00099     0.00004     0.00003     0.00001     0.00002     0.00000     0.00000     0.00000     0.00000     0.00000     0.00000     0.00000     0.00000     0.01184
   -19.17830     0.00727     0.00105     0.00297     0.00103     0.00004     0.00003     0.00001     0.00002     0.00000     0.00000     0.00000     0.00000     0.00000     0.00000     0.00000     0.00000     0.01241
   -19.12430     0.00751     0.00111     0.00321     0.00106     0.00004     0.00003     0.00001     0.00002     0.00000     0.00000     0.00000     0.00000     0.00000     0.00000     0.00000     0.00000     0.01300
   -19.07130     0.00775     0.00119     0.00345     0.00113     0.00005     0.00004     0.00001     0.00002     0.00000     0.00000     0.00000     0.00000     0.00000     0.00000     0.00000     0.00000     0.01365
   -19.01730     0.00800     0.00128     0.00367     0.00126     0.00005     0.00004     0.00001     0.00002     0.00000     0.00000     0.00000     0.00000     0.00000     0.00000     0.00000     0.00000     0.01435
   -18.96330     0.00825     0.00136     0.00388     0.00140     0.00006     0.00004     0.00001     0.00002     0.00000     0.00000     0.00000     0.00000     0.00000     0.00000     0.00000     0.00000     0.01503
   -18.91030     0.00850     0.00143     0.00411     0.00153     0.00006     0.00005     0.00001     0.00003     0.00000     0.00000     0.00000     0.00000     0.00000     0.00000     0.00000     0.00000     0.01572
   -18.85630     0.00874     0.00151     0.00440     0.00160     0.00007     0.00005     0.00001     0.00003     0.00000     0.00000     0.00000     0.00000     0.00000     0.00000     0.00000     0.00000     0.01641
   -18.80330     0.00898     0.00158     0.00471     0.00166     0.00007     0.00006     0.00001     0.00003     0.00000     0.00000     0.00000     0.00000     0.00000     0.00000     0.00000     0.00000     0.01709
   -18.74930     0.00923     0.00167     0.00502     0.00173     0.00008     0.00007     0.00001     0.00003     0.00000     0.00000     0.00000     0.00000     0.00000     0.00000     0.00000     0.00000     0.01783
   -18.69530     0.00949     0.00178     0.00530     0.00189     0.00008     0.00007     0.00001     0.00003     0.00000     0.00000     0.00000     0.00000     0.00000     0.00000     0.00000     0.00000     0.01866
   -18.64230     0.00975     0.00188     0.00556     0.00208     0.00009     0.00008     0.00001     0.00004     0.00000     0.00000     0.00000     0.00000     0.00000     0.00000     0.00000     0.00000     0.01948
   -18.58830     0.01000     0.00197     0.00586     0.00222     0.00010     0.00008     0.00001     0.00004     0.00000     0.00000     0.00000     0.00000     0.00000     0.00000     0.00000     0.00000     0.02029
   -18.53530     0.01025     0.00205     0.00621     0.00234     0.00011     0.00009     0.00001     0.00004     0.00000     0.00000     0.00000     0.00000     0.00000     0.00000     0.00000     0.00000     0.02111
   -18.48130     0.01050     0.00213     0.00658     0.00244     0.00011     0.00010     0.00001     0.00005     0.00000     0.00000     0.00000     0.00000     0.00000     0.00000     0.00000     0.00000     0.02193
   -18.42830     0.01074     0.00221     0.00699     0.00250     0.00012     0.00011     0.00001     0.00005     0.00000     0.00000     0.00000     0.00000     0.00000     0.00000     0.00000     0.00000     0.02274
   -18.37430     0.01101     0.00235     0.00742     0.00263     0.00013     0.00012     0.00001     0.00005     0.00000     0.00000     0.00000     0.00000     0.00000     0.00000     0.00000     0.00000     0.02372
   -18.32030     0.01127     0.00247     0.00780     0.00281     0.00015     0.00013     0.00001     0.00006     0.00000     0.00000     0.00000     0.00000     0.00000     0.00000     0.00000     0.00000     0.02470
   -18.26730     0.01153     0.00259     0.00819     0.00300     0.00016     0.00014     0.00001     0.00006     0.00000     0.00000     0.00000     0.00000     0.00000     0.00000     0.00000     0.00000     0.02568
   -18.21330     0.01177     0.00269     0.00866     0.00312     0.00017     0.00015     0.00001     0.00006     0.00000     0.00000     0.00000     0.00000     0.00000     0.00000     0.00000     0.00000     0.02664
   -18.16030     0.01201     0.00278     0.00914     0.00323     0.00018     0.00017     0.00001     0.00007     0.00000     0.00000     0.00000     0.00000     0.00000     0.00000     0.00000     0.00000     0.02761
   -18.10630     0.01225     0.00288     0.00964     0.00335     0.00019     0.00018     0.00001     0.00007     0.00000     0.00000     0.00000     0.00000     0.00000     0.00000     0.00000     0.00000     0.02859
   -18.05330     0.01251     0.00301     0.01017     0.00350     0.00021     0.00020     0.00001     0.00008     0.00000     0.00000     0.00000     0.00000     0.00000     0.00000     0.00000     0.00000     0.02970
   -17.99930     0.01277     0.00315     0.01074     0.00365     0.00024     0.00022     0.00001     0.00008     0.00000     0.00000     0.00001     0.00000     0.00000     0.00000     0.00000     0.00000     0.03087
   -17.94530     0.01303     0.00328     0.01124     0.00389     0.00026     0.00023     0.00001     0.00009     0.00000     0.00000     0.00001     0.00000     0.00000     0.00000     0.00000     0.00000     0.03206
   -17.89230     0.01327     0.00341     0.01175     0.00413     0.00028     0.00025     0.00001     0.00010     0.00000     0.00000     0.00001     0.00000     0.00000     0.00000     0.00000     0.00000     0.03322
   -17.83830     0.01350     0.00352     0.01236     0.00429     0.00030     0.00028     0.00001     0.00010     0.00000     0.00000     0.00001     0.00000     0.00001     0.00000     0.00000     0.00000     0.03439
   -17.78530     0.01373     0.00363     0.01302     0.00442     0.00031     0.00030     0.00001     0.00011     0.00000     0.00000     0.00001     0.00000     0.00001     0.00000     0.00000     0.00000     0.03557
   -17.73130     0.01397     0.00376     0.01367     0.00462     0.00034     0.00033     0.00001     0.00012     0.00000     0.00001     0.00001     0.00000     0.00001     0.00000     0.00000     0.00000     0.03686
   -17.67830     0.01422     0.00393     0.01435     0.00489     0.00038     0.00035     0.00002     0.00013     0.00000     0.00001     0.00001     0.00000     0.00001     0.00000     0.00000     0.00000     0.03830
   -17.62430     0.01446     0.00407     0.01502     0.00518     0.00042     0.00038     0.00002     0.00014     0.00000     0.00001     0.00001     0.00001     0.00001     0.00001     0.00000     0.00000     0.03973
   -17.57030     0.01469     0.00422     0.01568     0.00551     0.00046     0.00040     0.00003     0.00015     0.00000     0.00001     0.00001     0.00001     0.00001     0.00001     0.00000     0.00000     0.04118
   -17.51730     0.01490     0.00435     0.01645     0.00575     0.00049     0.00044     0.00004     0.00015     0.00000     0.00001     0.00001     0.00001     0.00001     0.00001     0.00000     0.00000     0.04263
   -17.46330     0.01511     0.00448     0.01734     0.00592     0.00052     0.00048     0.00005     0.00017     0.00001     0.00001     0.00001     0.00001     0.00001     0.00001     0.00000     0.00001     0.04411
   -17.41030     0.01533     0.00464     0.01831     0.00609     0.00056     0.00052     0.00006     0.00018     0.00001     0.00001     0.00001     0.00001     0.00001     0.00001     0.00000     0.00001     0.04574
   -17.35630     0.01557     0.00483     0.01929     0.00636     0.00062     0.00056     0.00008     0.00019     0.00001     0.00001     0.00001     0.00001     0.00002     0.00001     0.00000     0.00001     0.04757
   -17.30230     0.01579     0.00500     0.02025     0.00672     0.00068     0.00060     0.00010     0.00020     0.00001     0.00001     0.00001     0.00001     0.00002     0.00001     0.00000     0.00001     0.04944
   -17.24930     0.01599     0.00516     0.02125     0.00710     0.00075     0.00064     0.00013     0.00022     0.00001     0.00001     0.00001     0.00001     0.00002     0.00001     0.00000     0.00001     0.05133
   -17.19530     0.01618     0.00532     0.02238     0.00739     0.00080     0.00070     0.00017     0.00023     0.00002     0.00002     0.00001     0.00001     0.00002     0.00001     0.00000     0.00001     0.05327
   -17.14230     0.01637     0.00548     0.02367     0.00761     0.00084     0.00077     0.00020     0.00025     0.00002     0.00002     0.00001     0.00001     0.00003     0.00001     0.00000     0.00001     0.05529
   -17.08830     0.01660     0.00572     0.02507     0.00792     0.00093     0.00084     0.00027     0.00026     0.00003     0.00002     0.00001     0.00001     0.00003     0.00001     0.00000     0.00001     0.05773
   -17.03530     0.01684     0.00596     0.02663     0.00825     0.00102     0.00091     0.00034     0.00028     0.00003     0.00002     0.00001     0.00002     0.00003     0.00002     0.00000     0.00001     0.06038
   -16.98130     0.01709     0.00620     0.02823     0.00868     0.00112     0.00099     0.00044     0.00030     0.00004     0.00003     0.00001     0.00002     0.00004     0.00002     0.00000     0.00001     0.06321
   -16.92730     0.01734     0.00645     0.02987     0.00926     0.00122     0.00106     0.00055     0.00033     0.00005     0.00003     0.00001     0.00002     0.00004     0.00002     0.00000     0.00002     0.06627
   -16.87430     0.01767     0.00673     0.03177     0.00982     0.00132     0.00115     0.00069     0.00035     0.00006     0.00003     0.00001     0.00002     0.00005     0.00002     0.00000     0.00002     0.06972
   -16.82030     0.01818     0.00717     0.03411     0.01043     0.00146     0.00127     0.00089     0.00038     0.00008     0.00004     0.00001     0.00003     0.00005     0.00003     0.00000     0.00002     0.07416
   -16.76730     0.01906     0.00780     0.03692     0.01135     0.00166     0.00141     0.00117     0.00043     0.00010     0.00004     0.00001     0.00003     0.00006     0.00003     0.00000     0.00003     0.08011
   -16.71330     0.02179     0.00924     0.04101     0.01315     0.00194     0.00162     0.00155     0.00053     0.00013     0.00006     0.00002     0.00004     0.00008     0.00004     0.00000     0.00004     0.09123
   -16.66030     0.02161     0.00953     0.04445     0.01417     0.00217     0.00175     0.00207     0.00055     0.00017     0.00006     0.00002     0.00005     0.00008     0.00004     0.00000     0.00004     0.09675
   -16.60630     0.01890     0.00874     0.04728     0.01390     0.00226     0.00179     0.00264     0.00048     0.00021     0.00007     0.00002     0.00005     0.00009     0.00004     0.00000     0.00004     0.09651
   -16.55230     0.01706     0.00850     0.05238     0.01424     0.00254     0.00189     0.00366     0.00044     0.00028     0.00007     0.00001     0.00005     0.00009     0.00005     0.00000     0.00004     0.10132
   -16.49930     0.01432     0.00772     0.06046     0.01357     0.00267     0.00196     0.00478     0.00039     0.00034     0.00008     0.00001     0.00006     0.00010     0.00005     0.00000     0.00004     0.10656
   -16.44530     0.01263     0.00753     0.05848     0.01379     0.00286     0.00211     0.00653     0.00037     0.00044     0.00009     0.00001     0.00007     0.00010     0.00005     0.00000     0.00005     0.10511
   -16.39230     0.01125     0.00678     0.05412     0.01334     0.00295     0.00209     0.01541     0.00031     0.00056     0.00010     0.00001     0.00008     0.00009     0.00006     0.00000     0.00005     0.10720
   -16.33830     0.01074     0.00647     0.05192     0.01308     0.00330     0.00213     0.02676     0.00028     0.00075     0.00013     0.00001     0.00010     0.00009     0.00006     0.00000     0.00005     0.11587
   -16.28430     0.00972     0.00555     0.04688     0.01184     0.00332     0.00207     0.03556     0.00024     0.00099     0.00015     0.00001     0.00012     0.00008     0.00007     0.00000     0.00006     0.11667
   -16.23130     0.00817     0.00368     0.03532     0.00959     0.00298     0.00184     0.04226     0.00015     0.00146     0.00018     0.00001     0.00014     0.00006     0.00006     0.00000     0.00004     0.10595
   -16.17730     0.00624     0.00168     0.02558     0.00527     0.00191     0.00145     0.03468     0.00018     0.00158     0.00013     0.00000     0.00011     0.00004     0.00003     0.00000     0.00002     0.07893
   -16.12430     0.00630     0.00084     0.02285     0.00249     0.00152     0.00125     0.03368     0.00023     0.00159     0.00011     0.00000     0.00010     0.00003     0.00002     0.00000     0.00001     0.07103
   -16.07030     0.00715     0.00043     0.02327     0.00110     0.00161     0.00129     0.02845     0.00030     0.00053     0.00005     0.00000     0.00007     0.00004     0.00002     0.00000     0.00001     0.06432
   -16.01730     0.00886     0.00060     0.02749     0.00178     0.00221     0.00185     0.03071     0.00039     0.00039     0.00005     0.00000     0.00008     0.00004     0.00003     0.00001     0.00001     0.07451
   -15.96330     0.01272     0.00123     0.03464     0.00388     0.00365     0.00295     0.03418     0.00065     0.00067     0.00006     0.00001     0.00011     0.00006     0.00005     0.00001     0.00002     0.09489
   -15.90930     0.05684     0.01120     0.07321     0.02914     0.01362     0.00983     0.04497     0.00332     0.00164     0.00016     0.00012     0.00026     0.00018     0.00018     0.00003     0.00008     0.24477
   -15.85630     0.03675     0.00728     0.06351     0.02771     0.01068     0.00982     0.04186     0.00205     0.00256     0.00015     0.00009     0.00019     0.00018     0.00014     0.00004     0.00006     0.20308
   -15.80230     0.02566     0.00528     0.03350     0.01478     0.00620     0.00468     0.04719     0.00144     0.00818     0.00016     0.00006     0.00016     0.00014     0.00008     0.00002     0.00006     0.14760
   -15.74930     0.02148     0.00449     0.02395     0.01059     0.00463     0.00322     0.05197     0.00118     0.01119     0.00017     0.00005     0.00014     0.00014     0.00007     0.00002     0.00007     0.13336
   -15.69530     0.01864     0.00402     0.01810     0.00791     0.00364     0.00235     0.05887     0.00100     0.01392     0.00018     0.00005     0.00014     0.00014     0.00006     0.00003     0.00008     0.12910
   -15.64230     0.01677     0.00368     0.01628     0.01006     0.00396     0.00217     0.07635     0.00084     0.01642     0.00019     0.00004     0.00014     0.00014     0.00007     0.00004     0.00010     0.14725
   -15.58830     0.01572     0.00353     0.01659     0.01700     0.00615     0.00224     0.07783     0.00074     0.01913     0.00021     0.00004     0.00015     0.00014     0.00009     0.00005     0.00011     0.15972
   -15.53430     0.01581     0.00393     0.02027     0.02510     0.01017     0.00267     0.07941     0.00074     0.02237     0.00024     0.00004     0.00015     0.00015     0.00012     0.00006     0.00013     0.18135
   -15.48130     0.01543     0.00568     0.02097     0.02609     0.01475     0.00259     0.07736     0.00080     0.02520     0.00025     0.00004     0.00014     0.00014     0.00013     0.00007     0.00015     0.18980
   -15.42730     0.01346     0.00588     0.01987     0.02676     0.01693     0.00255     0.07147     0.00075     0.02718     0.00026     0.00004     0.00012     0.00012     0.00014     0.00009     0.00017     0.18580
   -15.37430     0.01179     0.00605     0.01937     0.02485     0.01889     0.00254     0.06775     0.00073     0.02792     0.00026     0.00004     0.00011     0.00011     0.00013     0.00010     0.00018     0.18083
   -15.32030     0.01034     0.00609     0.01874     0.02479     0.02191     0.00243     0.06585     0.00074     0.02726     0.00026     0.00004     0.00009     0.00010     0.00013     0.00012     0.00021     0.17910
   -15.26730     0.00800     0.00564     0.01751     0.02210     0.02320     0.00236     0.04549     0.00071     0.02631     0.00015     0.00004     0.00007     0.00009     0.00012     0.00013     0.00012     0.15205
   -15.21330     0.00662     0.00522     0.01690     0.01986     0.02641     0.00238     0.03418     0.00072     0.02674     0.00009     0.00004     0.00006     0.00008     0.00011     0.00015     0.00008     0.13965
   -15.15930     0.00581     0.00471     0.01616     0.01743     0.02089     0.00235     0.03002     0.00073     0.02826     0.00006     0.00004     0.00005     0.00007     0.00010     0.00017     0.00007     0.12691
   -15.10630     0.00500     0.00432     0.01515     0.01625     0.01758     0.00222     0.02581     0.00074     0.02973     0.00004     0.00004     0.00004     0.00006     0.00009     0.00018     0.00006     0.11732
   -15.05230     0.00456     0.00413     0.01468     0.01512     0.01565     0.00225     0.02411     0.00077     0.03176     0.00004     0.00004     0.00003     0.00005     0.00009     0.00020     0.00006     0.11354
   -14.99930     0.00414     0.00391     0.01416     0.01398     0.01426     0.00228     0.02231     0.00080     0.03420     0.00003     0.00004     0.00002     0.00005     0.00008     0.00022     0.00005     0.11054
   -14.94530     0.00424     0.00401     0.01414     0.01342     0.01328     0.00229     0.02390     0.00084     0.03673     0.00003     0.00004     0.00002     0.00005     0.00008     0.00024     0.00006     0.11337
   -14.89130     0.00461     0.00421     0.01404     0.01329     0.01256     0.00226     0.02677     0.00090     0.03994     0.00003     0.00005     0.00003     0.00005     0.00008     0.00027     0.00007     0.11915
   -14.83830     0.00529     0.00460     0.01423     0.01340     0.01195     0.00230     0.03154     0.00097     0.04466     0.00003     0.00005     0.00003     0.00006     0.00008     0.00029     0.00008     0.12956
   -14.78430     0.00872     0.00719     0.01903     0.01637     0.01223     0.00288     0.06118     0.00133     0.06058     0.00006     0.00008     0.00006     0.00010     0.00010     0.00033     0.00013     0.19037
   -14.73130     0.00705     0.00531     0.01464     0.01251     0.01045     0.00233     0.03548     0.00119     0.05269     0.00005     0.00006     0.00005     0.00009     0.00010     0.00034     0.00011     0.14247
   -14.67730     0.00668     0.00491     0.01128     0.01153     0.00978     0.00195     0.02105     0.00100     0.05767     0.00005     0.00006     0.00004     0.00009     0.00010     0.00037     0.00011     0.12666
   -14.62430     0.00703     0.00519     0.00992     0.01138     0.00942     0.00190     0.01169     0.00098     0.06869     0.00005     0.00006     0.00004     0.00009     0.00010     0.00042     0.00011     0.12707
   -14.57030     0.00700     0.00503     0.00864     0.01011     0.00855     0.00148     0.00966     0.00093     0.06342     0.00006     0.00005     0.00004     0.00009     0.00009     0.00043     0.00010     0.11568
   -14.51630     0.00745     0.00505     0.01246     0.00982     0.00858     0.00215     0.00927     0.00120     0.06969     0.00007     0.00006     0.00005     0.00013     0.00010     0.00047     0.00014     0.12670
   -14.46330     0.00718     0.00473     0.01092     0.00824     0.00710     0.00203     0.00882     0.00095     0.06316     0.00008     0.00005     0.00005     0.00013     0.00010     0.00041     0.00016     0.11409
   -14.40930     0.00698     0.00457     0.00992     0.00789     0.00565     0.00182     0.00830     0.00085     0.06185     0.00009     0.00005     0.00005     0.00013     0.00010     0.00042     0.00017     0.10884
   -14.35630     0.00730     0.00482     0.01024     0.00859     0.00475     0.00189     0.00794     0.00083     0.05974     0.00011     0.00005     0.00006     0.00014     0.00010     0.00040     0.00018     0.10713
   -14.30230     0.00782     0.00515     0.01029     0.00909     0.00480     0.00171     0.00721     0.00077     0.05815     0.00012     0.00005     0.00006     0.00015     0.00011     0.00042     0.00018     0.10609
   -14.24930     0.00868     0.00548     0.01054     0.00955     0.00632     0.00156     0.00679     0.00071     0.05944     0.00014     0.00005     0.00007     0.00017     0.00011     0.00052     0.00019     0.11031
   -14.19530     0.00932     0.00568     0.01076     0.00927     0.00689     0.00145     0.00636     0.00062     0.05687     0.00015     0.00005     0.00007     0.00018     0.00011     0.00052     0.00019     0.10851
   -14.14130     0.00994     0.00603     0.01125     0.00920     0.00641     0.00140     0.00606     0.00056     0.05433     0.00017     0.00005     0.00008     0.00020     0.00012     0.00051     0.00020     0.10650
   -14.08830     0.01076     0.00659     0.01189     0.00939     0.00532     0.00133     0.00587     0.00051     0.05171     0.00019     0.00004     0.00009     0.00022     0.00012     0.00048     0.00021     0.10472
   -14.03430     0.07034     0.00743     0.01377     0.01006     0.00485     0.00122     0.00573     0.00045     0.04964     0.00022     0.00005     0.00011     0.00026     0.00014     0.00047     0.00022     0.16493
   -13.98130     0.12100     0.00886     0.01773     0.01158     0.00491     0.00115     0.00582     0.00037     0.04814     0.00025     0.00005     0.00015     0.00031     0.00018     0.00046     0.00023     0.22118
   -13.92730     0.16710     0.01140     0.02559     0.01470     0.00542     0.00137     0.00655     0.00031     0.04910     0.00029     0.00006     0.00019     0.00042     0.00025     0.00046     0.00025     0.28347
   -13.87330     0.18040     0.01495     0.03539     0.01884     0.00585     0.00173     0.00678     0.00020     0.06019     0.00039     0.00005     0.00024     0.00056     0.00032     0.00059     0.00031     0.32680
   -13.82030     0.09143     0.01351     0.04685     0.01248     0.00371     0.00081     0.00167     0.00013     0.02931     0.00038     0.00003     0.00015     0.00085     0.00016     0.00051     0.00022     0.20221
   -13.76630     0.14480     0.01206     0.04864     0.02142     0.00449     0.00093     0.00749     0.00010     0.03426     0.00043     0.00004     0.00029     0.00094     0.00025     0.00010     0.00026     0.27648
   -13.71330     0.19450     0.01305     0.08775     0.02157     0.00556     0.00171     0.00719     0.00041     0.04797     0.00041     0.00005     0.00036     0.00144     0.00038     0.00063     0.00022     0.38320
   -13.65930     0.23280     0.01995     0.07586     0.03937     0.00901     0.00310     0.01213     0.00063     0.03919     0.00045     0.00008     0.00071     0.00110     0.00089     0.00047     0.00021     0.43594
   -13.60630     0.14200     0.01220     0.06798     0.02539     0.00839     0.00279     0.00682     0.00066     0.02910     0.00040     0.00006     0.00039     0.00102     0.00050     0.00038     0.00016     0.29824
   -13.55230     0.09769     0.00888     0.05255     0.02213     0.00889     0.00272     0.00449     0.00073     0.02433     0.00032     0.00006     0.00031     0.00078     0.00042     0.00034     0.00015     0.22478
   -13.49830     0.07090     0.00726     0.04112     0.02055     0.00855     0.00262     0.00318     0.00076     0.02082     0.00028     0.00005     0.00027     0.00059     0.00038     0.00032     0.00013     0.17778
   -13.44530     0.05794     0.01347     0.04322     0.02794     0.00834     0.00253     0.00244     0.00079     0.01766     0.00036     0.00005     0.00032     0.00068     0.00043     0.00030     0.00025     0.17671
   -13.39130     0.04714     0.01697     0.04500     0.03521     0.00817     0.00249     0.00187     0.00085     0.01537     0.00041     0.00005     0.00034     0.00074     0.00048     0.00028     0.00037     0.17573
   -13.33830     0.03837     0.02045     0.04873     0.04136     0.00791     0.00231     0.00145     0.00085     0.01308     0.00046     0.00005     0.00037     0.00085     0.00052     0.00026     0.00047     0.17747
   -13.28430     0.03287     0.02284     0.06769     0.05021     0.00768     0.00227     0.00119     0.00088     0.01121     0.00048     0.00006     0.00039     0.00131     0.00058     0.00024     0.00061     0.20051
   -13.23130     0.02776     0.02646     0.04823     0.06360     0.00761     0.00185     0.00095     0.00076     0.00938     0.00054     0.00005     0.00041     0.00084     0.00067     0.00023     0.00084     0.19018
   -13.17730     0.02305     0.03134     0.04514     0.05250     0.00670     0.00163     0.00076     0.00068     0.00810     0.00060     0.00004     0.00044     0.00076     0.00057     0.00021     0.00066     0.17319
   -13.12330     0.01908     0.03015     0.03649     0.03598     0.00456     0.00142     0.00057     0.00059     0.00667     0.00060     0.00002     0.00041     0.00060     0.00043     0.00020     0.00040     0.13818
   -13.07030     0.01579     0.02876     0.03245     0.02727     0.00301     0.00122     0.00044     0.00052     0.00552     0.00056     0.00001     0.00038     0.00053     0.00035     0.00019     0.00027     0.11729
   -13.01630     0.01277     0.03163     0.02836     0.02596     0.00246     0.00103     0.00036     0.00045     0.00442     0.00061     0.00001     0.00038     0.00045     0.00032     0.00018     0.00028     0.10969
   -12.96330     0.01028     0.03331     0.02655     0.02514     0.00203     0.00087     0.00032     0.00039     0.00374     0.00064     0.00001     0.00038     0.00042     0.00030     0.00018     0.00029     0.10484
   -12.90930     0.00834     0.03713     0.02404     0.02487     0.00167     0.00072     0.00028     0.00033     0.00287     0.00071     0.00000     0.00037     0.00037     0.00027     0.00018     0.00033     0.10249
   -12.85630     0.00650     0.04158     0.02260     0.02599     0.00149     0.00058     0.00026     0.00029     0.00209     0.00080     0.00000     0.00038     0.00034     0.00026     0.00019     0.00039     0.10374
   -12.80230     0.00499     0.04620     0.02121     0.02786     0.00151     0.00047     0.00028     0.00026     0.00163     0.00090     0.00000     0.00037     0.00031     0.00023     0.00023     0.00048     0.10694
   -12.74830     0.00391     0.05398     0.02041     0.03178     0.00205     0.00040     0.00032     0.00025     0.00158     0.00108     0.00000     0.00037     0.00029     0.00022     0.00031     0.00065     0.11760
   -12.69530     0.00297     0.06171     0.02107     0.03592     0.00265     0.00036     0.00043     0.00027     0.00092     0.00124     0.00000     0.00038     0.00029     0.00022     0.00042     0.00085     0.12970
   -12.64130     0.00234     0.07588     0.02081     0.04402     0.00347     0.00044     0.00059     0.00036     0.00071     0.00156     0.00000     0.00038     0.00027     0.00020     0.00068     0.00121     0.15293
   -12.58830     0.00189     0.09603     0.02034     0.05667     0.00480     0.00077     0.00090     0.00059     0.00085     0.00203     0.00000     0.00037     0.00024     0.00019     0.00129     0.00178     0.18874
   -12.53430     0.00170     0.14210     0.01876     0.09353     0.00687     0.00251     0.00148     0.00131     0.00200     0.00315     0.00000     0.00033     0.00021     0.00016     0.00403     0.00304     0.28119
   -12.48030     0.00186     0.13490     0.01820     0.09245     0.01124     0.00852     0.00252     0.00255     0.00354     0.00289     0.00000     0.00029     0.00020     0.00018     0.00788     0.00371     0.29091
   -12.42730     0.00175     0.10710     0.01911     0.08922     0.01697     0.01371     0.00275     0.00316     0.00376     0.00210     0.00001     0.00026     0.00024     0.00035     0.00735     0.00413     0.27197
   -12.37330     0.00159     0.08585     0.01925     0.08034     0.02084     0.01678     0.00292     0.00389     0.00458     0.00158     0.00001     0.00027     0.00028     0.00051     0.00664     0.00414     0.24949
   -12.32030     0.00128     0.05595     0.01143     0.05946     0.01709     0.01205     0.00201     0.00381     0.00369     0.00104     0.00001     0.00023     0.00019     0.00025     0.00399     0.00281     0.17529
   -12.26630     0.00102     0.03977     0.00689     0.04947     0.01677     0.00918     0.00172     0.00356     0.00293     0.00082     0.00001     0.00018     0.00013     0.00013     0.00263     0.00229     0.13748
   -12.21330     0.00094     0.03018     0.00548     0.04043     0.01833     0.00735     0.00193     0.00327     0.00231     0.00070     0.00001     0.00013     0.00009     0.00010     0.00198     0.00206     0.11529
   -12.15930     0.00087     0.02308     0.00496     0.03538     0.02034     0.00571     0.00225     0.00283     0.00169     0.00066     0.00001     0.00008     0.00007     0.00011     0.00149     0.00205     0.10159
   -12.10530     0.00099     0.01918     0.00683     0.03292     0.02353     0.00573     0.00269     0.00223     0.00162     0.00066     0.00001     0.00006     0.00011     0.00025     0.00152     0.00235     0.10069
   -12.05230     0.00112     0.01389     0.00735     0.02414     0.02349     0.00495     0.00299     0.00168     0.00193     0.00058     0.00001     0.00007     0.00013     0.00026     0.00105     0.00198     0.08562
   -11.99830     0.00123     0.01239     0.00749     0.02012     0.02299     0.00540     0.00305     0.00139     0.00280     0.00056     0.00001     0.00010     0.00015     0.00022     0.00076     0.00171     0.08035
   -11.94530     0.00135     0.01318     0.00786     0.01960     0.02267     0.00763     0.00307     0.00182     0.00406     0.00055     0.00001     0.00013     0.00018     0.00021     0.00077     0.00160     0.08471
   -11.89130     0.00141     0.01283     0.00767     0.01817     0.02190     0.00951     0.00302     0.00231     0.00477     0.00052     0.00001     0.00015     0.00020     0.00018     0.00074     0.00141     0.08478
   -11.83830     0.00146     0.01401     0.00754     0.01821     0.02165     0.01205     0.00303     0.00325     0.00606     0.00052     0.00001     0.00016     0.00021     0.00017     0.00085     0.00131     0.09050
   -11.78430     0.00154     0.01817     0.00744     0.02146     0.02164     0.01498     0.00301     0.00478     0.00841     0.00056     0.00001     0.00019     0.00022     0.00016     0.00107     0.00129     0.10495
   -11.73030     0.00154     0.01671     0.00715     0.01958     0.02131     0.01692     0.00292     0.00582     0.00898     0.00054     0.00002     0.00018     0.00024     0.00013     0.00099     0.00114     0.10417
   -11.67730     0.00167     0.01845     0.00717     0.01975     0.02101     0.02047     0.00276     0.00861     0.01066     0.00055     0.00002     0.00018     0.00031     0.00012     0.00101     0.00104     0.11378
   -11.62330     0.00194     0.01706     0.00693     0.01560     0.02131     0.02234     0.00256     0.01196     0.01190     0.00054     0.00002     0.00017     0.00037     0.00012     0.00093     0.00087     0.11462
   -11.57030     0.00256     0.02020     0.00634     0.01513     0.02209     0.02210     0.00257     0.01433     0.01452     0.00060     0.00003     0.00017     0.00037     0.00012     0.00089     0.00081     0.12283
   -11.51630     0.00188     0.02639     0.00518     0.01482     0.01722     0.01606     0.00273     0.01043     0.01691     0.00066     0.00002     0.00016     0.00025     0.00010     0.00085     0.00068     0.11434
   -11.46230     0.00172     0.03197     0.00436     0.01327     0.01591     0.01268     0.00335     0.00889     0.01820     0.00075     0.00001     0.00016     0.00017     0.00011     0.00083     0.00062     0.11300
   -11.40930     0.00156     0.03676     0.00354     0.01100     0.01460     0.01006     0.00402     0.00739     0.01820     0.00079     0.00001     0.00017     0.00011     0.00010     0.00081     0.00053     0.10966
   -11.35530     0.00150     0.04601     0.00311     0.00918     0.01363     0.00947     0.00534     0.00747     0.01916     0.00088     0.00001     0.00018     0.00011     0.00011     0.00084     0.00047     0.11746
   -11.30230     0.00143     0.06329     0.00289     0.00827     0.01313     0.00968     0.00809     0.00873     0.02019     0.00102     0.00001     0.00024     0.00011     0.00012     0.00093     0.00045     0.13855
   -11.24830     0.00140     0.07212     0.00291     0.00759     0.01358     0.01120     0.01083     0.01120     0.01952     0.00105     0.00001     0.00030     0.00012     0.00017     0.00110     0.00047     0.15358
   -11.19530     0.00144     0.05041     0.00297     0.00700     0.01299     0.01258     0.00834     0.01486     0.01711     0.00082     0.00001     0.00025     0.00016     0.00018     0.00120     0.00047     0.13078
   -11.14130     0.00154     0.04497     0.00288     0.00668     0.01250     0.01449     0.00821     0.02056     0.01620     0.00076     0.00001     0.00024     0.00021     0.00023     0.00129     0.00047     0.13125
   -11.08730     0.00167     0.03657     0.00271     0.00588     0.01163     0.01561     0.00730     0.02677     0.01515     0.00064     0.00001     0.00024     0.00025     0.00029     0.00132     0.00043     0.12647
   -11.03430     0.00192     0.02844     0.00262     0.00544     0.01178     0.01784     0.00602     0.03535     0.01423     0.00053     0.00001     0.00026     0.00029     0.00038     0.00130     0.00040     0.12683
   -10.98030     0.00230     0.02592     0.00268     0.00513     0.01331     0.02039     0.00597     0.04256     0.01371     0.00051     0.00001     0.00030     0.00034     0.00048     0.00127     0.00042     0.13530
   -10.92730     0.00264     0.02347     0.00270     0.00487     0.01265     0.02021     0.00601     0.04569     0.01326     0.00050     0.00001     0.00030     0.00038     0.00051     0.00120     0.00042     0.13483
   -10.87330     0.00302     0.02207     0.00290     0.00499     0.01439     0.02344     0.00654     0.05030     0.01325     0.00053     0.00001     0.00033     0.00040     0.00056     0.00122     0.00048     0.14443
   -10.82030     0.00322     0.01663     0.00238     0.00411     0.01744     0.02914     0.00558     0.05269     0.01246     0.00044     0.00001     0.00034     0.00043     0.00060     0.00111     0.00042     0.14701
   -10.76630     0.00350     0.01525     0.00231     0.00391     0.01552     0.03383     0.00554     0.04994     0.01218     0.00044     0.00001     0.00040     0.00046     0.00065     0.00109     0.00043     0.14544
   -10.71230     0.00414     0.01402     0.00233     0.00377     0.01566     0.03569     0.00600     0.04959     0.01198     0.00047     0.00001     0.00044     0.00053     0.00068     0.00109     0.00047     0.14688
   -10.65930     0.00525     0.01320     0.00253     0.00388     0.01845     0.03814     0.00753     0.05304     0.01202     0.00060     0.00001     0.00051     0.00065     0.00073     0.00111     0.00061     0.15827
   -10.60530     0.00485     0.01175     0.00255     0.00385     0.01838     0.03743     0.00596     0.05314     0.01251     0.00048     0.00001     0.00060     0.00060     0.00080     0.00112     0.00049     0.15451
   -10.55230     0.00378     0.01039     0.00213     0.00333     0.01612     0.03596     0.00466     0.04866     0.01218     0.00035     0.00001     0.00058     0.00048     0.00077     0.00107     0.00036     0.14084
   -10.49830     0.00296     0.00883     0.00159     0.00272     0.01584     0.03492     0.00313     0.04465     0.01189     0.00024     0.00001     0.00056     0.00033     0.00072     0.00103     0.00025     0.12969
   -10.44530     0.00237     0.00711     0.00124     0.00222     0.01496     0.03441     0.00203     0.03926     0.01116     0.00018     0.00000     0.00053     0.00023     0.00065     0.00096     0.00018     0.11749
   -10.39130     0.00236     0.00639     0.00106     0.00208     0.01719     0.03383     0.00165     0.03719     0.01101     0.00017     0.00000     0.00054     0.00020     0.00063     0.00092     0.00016     0.11540
   -10.33730     0.00221     0.00561     0.00097     0.00184     0.01638     0.03537     0.00122     0.03344     0.01043     0.00017     0.00000     0.00052     0.00017     0.00060     0.00085     0.00015     0.10994
   -10.28430     0.00228     0.00531     0.00102     0.00182     0.01724     0.03591     0.00105     0.03084     0.01001     0.00018     0.00000     0.00052     0.00018     0.00060     0.00079     0.00016     0.10791
   -10.23030     0.00223     0.00465     0.00104     0.00189     0.01778     0.03612     0.00068     0.02837     0.00953     0.00018     0.00000     0.00051     0.00017     0.00056     0.00073     0.00015     0.10458
   -10.17730     0.00227     0.00428     0.00117     0.00188     0.01829     0.03476     0.00057     0.02467     0.00864     0.00018     0.00000     0.00050     0.00020     0.00054     0.00064     0.00015     0.09874
   -10.12330     0.00233     0.00424     0.00138     0.00202     0.01925     0.03424     0.00060     0.02269     0.00814     0.00019     0.00000     0.00051     0.00023     0.00054     0.00059     0.00015     0.09710
   -10.06930     0.00244     0.00469     0.00234     0.00249     0.02045     0.03522     0.00134     0.02133     0.00747     0.00023     0.00001     0.00054     0.00039     0.00058     0.00053     0.00019     0.10024
   -10.01630     0.00265     0.00664     0.00400     0.00386     0.02388     0.03651     0.00326     0.02207     0.00698     0.00030     0.00001     0.00061     0.00070     0.00071     0.00049     0.00029     0.11296
    -9.96230     0.00293     0.01061     0.00594     0.00592     0.03601     0.03716     0.00674     0.02370     0.00683     0.00041     0.00002     0.00070     0.00103     0.00097     0.00050     0.00044     0.13990
    -9.90930     0.00251     0.00651     0.00398     0.00355     0.02349     0.03464     0.00333     0.02063     0.00656     0.00031     0.00001     0.00055     0.00071     0.00078     0.00047     0.00032     0.10837
    -9.85530     0.00203     0.00511     0.00353     0.00275     0.01588     0.03349     0.00213     0.01920     0.00644     0.00022     0.00002     0.00049     0.00065     0.00069     0.00045     0.00023     0.09332
    -9.80230     0.00152     0.00447     0.00319     0.00221     0.00782     0.02874     0.00155     0.02085     0.00668     0.00010     0.00002     0.00039     0.00062     0.00073     0.00047     0.00015     0.07952
    -9.74830     0.00195     0.00243     0.00251     0.00149     0.00218     0.01737     0.00059     0.01901     0.00281     0.00006     0.00002     0.00029     0.00058     0.00063     0.00021     0.00011     0.05225
    -9.69430     0.00348     0.00193     0.00219     0.00133     0.00274     0.01229     0.00053     0.02000     0.00117     0.00006     0.00002     0.00025     0.00057     0.00062     0.00010     0.00011     0.04738
    -9.64130     0.00448     0.00189     0.00226     0.00139     0.00471     0.01008     0.00076     0.02055     0.00074     0.00016     0.00002     0.00027     0.00057     0.00067     0.00010     0.00020     0.04884
    -9.58730     0.00775     0.00430     0.00315     0.00286     0.02072     0.00929     0.00513     0.02121     0.00092     0.00092     0.00002     0.00059     0.00062     0.00108     0.00019     0.00091     0.07967
    -9.53430     0.00924     0.00550     0.00424     0.00340     0.01798     0.01260     0.00470     0.02259     0.00270     0.00099     0.00002     0.00102     0.00071     0.00122     0.00071     0.00095     0.08857
    -9.48030     0.00997     0.00746     0.00445     0.00499     0.01679     0.02204     0.00363     0.02529     0.00797     0.00088     0.00002     0.00163     0.00074     0.00129     0.00181     0.00083     0.10978
    -9.42730     0.01002     0.01193     0.00420     0.00931     0.01632     0.03372     0.00334     0.03052     0.01574     0.00077     0.00002     0.00241     0.00071     0.00164     0.00368     0.00073     0.14507
    -9.37330     0.00915     0.00931     0.00460     0.00812     0.01616     0.02940     0.00309     0.02998     0.01145     0.00076     0.00003     0.00193     0.00070     0.00143     0.00274     0.00072     0.12955
    -9.31930     0.00861     0.00728     0.00466     0.00666     0.01564     0.02756     0.00298     0.02987     0.00900     0.00073     0.00003     0.00160     0.00069     0.00124     0.00208     0.00070     0.11932
    -9.26630     0.00852     0.00649     0.00483     0.00608     0.01559     0.02756     0.00298     0.03040     0.00805     0.00073     0.00003     0.00148     0.00068     0.00117     0.00183     0.00071     0.11713
    -9.21230     0.00843     0.00595     0.00464     0.00563     0.01557     0.02772     0.00298     0.03075     0.00749     0.00072     0.00003     0.00138     0.00066     0.00111     0.00167     0.00070     0.11540
    -9.15930     0.00876     0.00558     0.00468     0.00535     0.01584     0.02830     0.00296     0.03157     0.00716     0.00071     0.00003     0.00131     0.00066     0.00106     0.00155     0.00070     0.11623
    -9.10530     0.00933     0.00531     0.00486     0.00538     0.01626     0.02904     0.00295     0.03312     0.00693     0.00073     0.00003     0.00127     0.00068     0.00104     0.00148     0.00071     0.11910
    -9.05230     0.00972     0.00511     0.00504     0.00539     0.01639     0.02990     0.00292     0.03465     0.00676     0.00074     0.00003     0.00124     0.00070     0.00103     0.00143     0.00072     0.12176
    -8.99830     0.00979     0.00485     0.00507     0.00519     0.01638     0.03045     0.00289     0.03601     0.00661     0.00073     0.00003     0.00120     0.00070     0.00100     0.00137     0.00072     0.12299
    -8.94430     0.00973     0.00462     0.00508     0.00507     0.01634     0.03086     0.00291     0.03723     0.00646     0.00073     0.00003     0.00117     0.00070     0.00098     0.00133     0.00072     0.12396
    -8.89130     0.00971     0.00446     0.00517     0.00505     0.01634     0.03129     0.00296     0.03855     0.00630     0.00074     0.00003     0.00114     0.00070     0.00096     0.00129     0.00074     0.12544
    -8.83730     0.00984     0.00437     0.00524     0.00505     0.01639     0.03190     0.00300     0.03979     0.00616     0.00075     0.00003     0.00112     0.00071     0.00095     0.00126     0.00075     0.12732
    -8.78430     0.00999     0.00433     0.00535     0.00509     0.01634     0.03261     0.00304     0.04115     0.00603     0.00076     0.00004     0.00110     0.00072     0.00095     0.00124     0.00076     0.12949
    -8.73030     0.01016     0.00430     0.00551     0.00518     0.01649     0.03355     0.00309     0.04307     0.00591     0.00077     0.00004     0.00109     0.00074     0.00094     0.00122     0.00078     0.13283
    -8.67630     0.01048     0.00426     0.00568     0.00526     0.01688     0.03488     0.00312     0.04487     0.00581     0.00079     0.00004     0.00107     0.00075     0.00094     0.00121     0.00080     0.13683
    -8.62330     0.01071     0.00420     0.00577     0.00528     0.01703     0.03613     0.00313     0.04630     0.00573     0.00079     0.00004     0.00105     0.00076     0.00093     0.00120     0.00082     0.13987
    -8.56930     0.01093     0.00414     0.00582     0.00531     0.01713     0.03755     0.00310     0.04765     0.00570     0.00080     0.00004     0.00103     0.00076     0.00091     0.00119     0.00082     0.14288
    -8.51630     0.01114     0.00406     0.00590     0.00532     0.01731     0.03931     0.00308     0.04932     0.00566     0.00080     0.00004     0.00101     0.00077     0.00090     0.00119     0.00083     0.14662
    -8.46230     0.01132     0.00403     0.00602     0.00539     0.01724     0.04141     0.00314     0.05142     0.00557     0.00080     0.00004     0.00099     0.00078     0.00091     0.00119     0.00083     0.15107
    -8.40930     0.01151     0.00404     0.00615     0.00552     0.01740     0.04400     0.00320     0.05404     0.00548     0.00080     0.00004     0.00096     0.00080     0.00091     0.00119     0.00084     0.15691
    -8.35530     0.01170     0.00407     0.00630     0.00565     0.01757     0.04804     0.00327     0.05818     0.00540     0.00081     0.00004     0.00094     0.00082     0.00091     0.00120     0.00085     0.16576
    -8.30130     0.01191     0.00411     0.00649     0.00581     0.01781     0.05416     0.00334     0.06443     0.00534     0.00082     0.00005     0.00091     0.00084     0.00091     0.00121     0.00086     0.17900
    -8.24830     0.01217     0.00413     0.00675     0.00600     0.01828     0.05317     0.00340     0.06486     0.00528     0.00083     0.00005     0.00089     0.00086     0.00091     0.00123     0.00088     0.17969
    -8.19430     0.01245     0.00415     0.00708     0.00621     0.01868     0.05453     0.00348     0.06358     0.00522     0.00084     0.00005     0.00087     0.00088     0.00091     0.00126     0.00090     0.18109
    -8.14130     0.01262     0.00415     0.00716     0.00634     0.01875     0.05120     0.00354     0.06397     0.00518     0.00084     0.00005     0.00084     0.00089     0.00091     0.00129     0.00090     0.17863
    -8.08730     0.01272     0.00414     0.00720     0.00645     0.01874     0.04765     0.00358     0.06176     0.00513     0.00084     0.00005     0.00081     0.00087     0.00089     0.00128     0.00090     0.17301
    -8.03430     0.01290     0.00415     0.00731     0.00665     0.01907     0.04658     0.00358     0.05780     0.00513     0.00084     0.00005     0.00079     0.00087     0.00088     0.00131     0.00090     0.16881
    -7.98030     0.01308     0.00419     0.00727     0.00690     0.01964     0.04271     0.00357     0.05861     0.00514     0.00086     0.00005     0.00077     0.00086     0.00087     0.00129     0.00092     0.16675
    -7.92630     0.01309     0.00385     0.00726     0.00660     0.01934     0.03824     0.00363     0.05299     0.00508     0.00081     0.00004     0.00075     0.00082     0.00086     0.00127     0.00086     0.15548
    -7.87330     0.01317     0.00375     0.00649     0.00634     0.01908     0.03192     0.00372     0.04485     0.00499     0.00079     0.00004     0.00074     0.00072     0.00085     0.00119     0.00080     0.13944
    -7.81930     0.01334     0.00377     0.00645     0.00645     0.01946     0.03220     0.00383     0.04252     0.00493     0.00079     0.00004     0.00073     0.00072     0.00086     0.00121     0.00081     0.13811
    -7.76630     0.01358     0.00388     0.00596     0.00631     0.01920     0.03221     0.00396     0.04142     0.00489     0.00080     0.00004     0.00074     0.00066     0.00088     0.00123     0.00077     0.13652
    -7.71230     0.01387     0.00412     0.00601     0.00654     0.01956     0.03435     0.00411     0.04005     0.00485     0.00084     0.00005     0.00075     0.00071     0.00088     0.00127     0.00079     0.13875
    -7.65830     0.01412     0.00434     0.00631     0.00686     0.02013     0.03659     0.00428     0.03988     0.00484     0.00088     0.00005     0.00076     0.00071     0.00089     0.00132     0.00083     0.14279
    -7.60530     0.01437     0.00455     0.00665     0.00724     0.02076     0.03789     0.00447     0.04190     0.00483     0.00092     0.00006     0.00077     0.00071     0.00090     0.00134     0.00088     0.14825
    -7.55130     0.01456     0.00473     0.00692     0.00750     0.02115     0.03855     0.00466     0.03965     0.00479     0.00094     0.00006     0.00078     0.00072     0.00091     0.00133     0.00092     0.14818
    -7.49830     0.01482     0.00497     0.00767     0.00794     0.02195     0.04167     0.00487     0.04228     0.00480     0.00099     0.00007     0.00079     0.00077     0.00092     0.00134     0.00099     0.15683
    -7.44430     0.01504     0.00509     0.00801     0.00829     0.02257     0.04289     0.00509     0.04324     0.00485     0.00102     0.00007     0.00080     0.00080     0.00093     0.00139     0.00105     0.16114
    -7.39130     0.01532     0.00541     0.00786     0.00915     0.02387     0.04058     0.00536     0.04433     0.00491     0.00107     0.00007     0.00081     0.00081     0.00094     0.00138     0.00118     0.16305
    -7.33730     0.01574     0.00566     0.00762     0.01007     0.02556     0.03846     0.00584     0.04561     0.00490     0.00111     0.00007     0.00083     0.00084     0.00098     0.00135     0.00135     0.16598
    -7.28330     0.01632     0.00590     0.00676     0.01028     0.02579     0.03477     0.00652     0.04216     0.00485     0.00112     0.00007     0.00087     0.00083     0.00103     0.00129     0.00140     0.15994
    -7.23030     0.01671     0.00613     0.00596     0.01073     0.02619     0.03203     0.00700     0.03728     0.00480     0.00112     0.00007     0.00089     0.00081     0.00106     0.00126     0.00148     0.15354
    -7.17630     0.01698     0.00639     0.00524     0.01025     0.02491     0.02956     0.00735     0.03417     0.00473     0.00112     0.00007     0.00090     0.00080     0.00106     0.00123     0.00144     0.14620
    -7.12330     0.01694     0.00668     0.00449     0.01034     0.02396     0.02796     0.00735     0.03298     0.00470     0.00112     0.00007     0.00087     0.00079     0.00104     0.00122     0.00147     0.14198
    -7.06930     0.01493     0.00670     0.00390     0.01047     0.02102     0.02593     0.00601     0.03097     0.00466     0.00110     0.00007     0.00072     0.00079     0.00090     0.00115     0.00148     0.13079
    -7.01630     0.01460     0.00690     0.00364     0.01058     0.02031     0.02554     0.00586     0.03134     0.00468     0.00111     0.00007     0.00068     0.00080     0.00089     0.00115     0.00150     0.12964
    -6.96230     0.01618     0.00762     0.00346     0.01036     0.02033     0.02543     0.00675     0.03009     0.00483     0.00117     0.00007     0.00076     0.00083     0.00092     0.00113     0.00151     0.13143
    -6.90830     0.01375     0.00725     0.00300     0.01017     0.01699     0.02374     0.00531     0.02825     0.00464     0.00112     0.00006     0.00059     0.00080     0.00079     0.00105     0.00145     0.11899
    -6.85530     0.01309     0.00736     0.00290     0.01030     0.01539     0.02297     0.00500     0.02689     0.00457     0.00112     0.00006     0.00056     0.00080     0.00075     0.00100     0.00148     0.11423
    -6.80130     0.01289     0.00749     0.00297     0.01032     0.01494     0.02328     0.00505     0.02703     0.00467     0.00114     0.00006     0.00056     0.00082     0.00075     0.00098     0.00148     0.11443
    -6.74830     0.01327     0.00787     0.00318     0.01017     0.01476     0.02435     0.00547     0.02889     0.00498     0.00120     0.00006     0.00060     0.00088     0.00081     0.00097     0.00148     0.11895
    -6.69430     0.01325     0.00823     0.00338     0.01048     0.01413     0.02413     0.00577     0.02775     0.00504     0.00126     0.00006     0.00064     0.00088     0.00084     0.00095     0.00152     0.11831
    -6.64130     0.01300     0.00811     0.00360     0.00987     0.01369     0.02334     0.00609     0.02660     0.00491     0.00122     0.00005     0.00069     0.00087     0.00087     0.00090     0.00144     0.11525
    -6.58730     0.01284     0.00932     0.00372     0.01178     0.01353     0.02318     0.00631     0.02659     0.00502     0.00138     0.00005     0.00073     0.00088     0.00090     0.00087     0.00169     0.11878
    -6.53330     0.01323     0.01089     0.00382     0.00979     0.01342     0.02406     0.00693     0.02729     0.00568     0.00164     0.00005     0.00082     0.00092     0.00096     0.00087     0.00144     0.12181
    -6.48030     0.01473     0.01930     0.00424     0.01126     0.01376     0.02957     0.00763     0.03156     0.00940     0.00315     0.00006     0.00092     0.00112     0.00105     0.00089     0.00168     0.15032
    -6.42630     0.01351     0.01428     0.00424     0.01056     0.01343     0.02285     0.00758     0.02665     0.00749     0.00226     0.00005     0.00091     0.00088     0.00106     0.00084     0.00157     0.12816
    -6.37330     0.01370     0.01423     0.00437     0.00990     0.01368     0.02157     0.00800     0.02659     0.00780     0.00227     0.00005     0.00096     0.00086     0.00114     0.00080     0.00149     0.12740
    -6.31930     0.01396     0.01289     0.00437     0.00948     0.01369     0.02157     0.00839     0.03544     0.00959     0.00244     0.00007     0.00098     0.00087     0.00125     0.00077     0.00143     0.13721
    -6.26530     0.01369     0.01251     0.00440     0.00919     0.01421     0.02049     0.00892     0.03337     0.00976     0.00245     0.00006     0.00106     0.00083     0.00136     0.00076     0.00137     0.13444
    -6.21230     0.01370     0.01251     0.00469     0.00896     0.01496     0.02071     0.00979     0.03428     0.01081     0.00266     0.00006     0.00118     0.00085     0.00151     0.00077     0.00135     0.13878
    -6.15830     0.01366     0.01317     0.00513     0.01016     0.01505     0.02570     0.00975     0.04173     0.01193     0.00269     0.00007     0.00123     0.00100     0.00168     0.00075     0.00160     0.15530
    -6.10530     0.01279     0.01168     0.00514     0.00998     0.01448     0.02235     0.00943     0.03972     0.01126     0.00241     0.00007     0.00119     0.00091     0.00164     0.00074     0.00155     0.14533
    -6.05130     0.01211     0.01186     0.00540     0.01058     0.01379     0.02543     0.00917     0.04362     0.01155     0.00244     0.00007     0.00114     0.00105     0.00158     0.00078     0.00160     0.15217
    -5.99830     0.01142     0.01072     0.00544     0.01017     0.01357     0.02482     0.00940     0.04185     0.01104     0.00230     0.00007     0.00116     0.00105     0.00155     0.00077     0.00153     0.14686
    -5.94430     0.01073     0.00975     0.00568     0.01013     0.01311     0.02469     0.00928     0.03882     0.01104     0.00223     0.00007     0.00114     0.00105     0.00148     0.00080     0.00151     0.14151
    -5.89030     0.01024     0.00936     0.00613     0.01018     0.01315     0.02588     0.00937     0.03974     0.01112     0.00222     0.00007     0.00113     0.00110     0.00148     0.00081     0.00146     0.14344
    -5.83730     0.00999     0.00909     0.00633     0.01065     0.01369     0.02815     0.00982     0.04047     0.01139     0.00222     0.00007     0.00124     0.00116     0.00159     0.00084     0.00147     0.14815
    -5.78330     0.01039     0.00873     0.00648     0.01101     0.01602     0.03063     0.01127     0.03967     0.01203     0.00228     0.00007     0.00159     0.00123     0.00197     0.00087     0.00146     0.15570
    -5.73030     0.00997     0.00836     0.00644     0.01115     0.01591     0.03325     0.01126     0.04164     0.01235     0.00224     0.00007     0.00162     0.00120     0.00201     0.00083     0.00146     0.15978
    -5.67630     0.00989     0.00813     0.00644     0.01104     0.01559     0.03478     0.01146     0.03962     0.01295     0.00223     0.00007     0.00170     0.00119     0.00199     0.00084     0.00145     0.15936
    -5.62330     0.00993     0.00803     0.00678     0.01121     0.01532     0.04033     0.01179     0.04109     0.01401     0.00229     0.00007     0.00182     0.00128     0.00199     0.00088     0.00147     0.16831
    -5.56930     0.00993     0.00784     0.00703     0.01161     0.01577     0.04313     0.01235     0.04233     0.01496     0.00233     0.00008     0.00200     0.00133     0.00210     0.00093     0.00149     0.17520
    -5.51530     0.00961     0.00738     0.00702     0.01149     0.01608     0.04394     0.01275     0.04322     0.01488     0.00221     0.00008     0.00212     0.00129     0.00220     0.00093     0.00144     0.17664
    -5.46230     0.00937     0.00710     0.00699     0.01171     0.01680     0.04983     0.01329     0.05059     0.01523     0.00218     0.00008     0.00233     0.00128     0.00243     0.00092     0.00142     0.19154
    -5.40830     0.00932     0.00697     0.00693     0.01181     0.01703     0.05238     0.01367     0.05991     0.01565     0.00215     0.00008     0.00246     0.00126     0.00257     0.00093     0.00141     0.20453
    -5.35530     0.00919     0.00696     0.00698     0.01210     0.01669     0.05338     0.01393     0.06028     0.01629     0.00218     0.00008     0.00258     0.00125     0.00263     0.00097     0.00141     0.20689
    -5.30130     0.00911     0.00680     0.00734     0.01251     0.01692     0.05126     0.01432     0.05989     0.01676     0.00215     0.00008     0.00275     0.00124     0.00273     0.00101     0.00137     0.20625
    -5.24730     0.00901     0.00682     0.00745     0.01225     0.01701     0.05170     0.01464     0.05772     0.01699     0.00208     0.00008     0.00289     0.00122     0.00280     0.00101     0.00134     0.20502
    -5.19430     0.00873     0.00664     0.00751     0.01236     0.01713     0.04744     0.01489     0.05423     0.01757     0.00205     0.00008     0.00303     0.00120     0.00290     0.00104     0.00133     0.19812
    -5.14030     0.00848     0.00655     0.00748     0.01254     0.01729     0.04670     0.01529     0.05328     0.01832     0.00206     0.00008     0.00323     0.00120     0.00304     0.00105     0.00131     0.19791
    -5.08730     0.00823     0.00661     0.00733     0.01301     0.01766     0.04624     0.01549     0.05241     0.01884     0.00199     0.00008     0.00338     0.00115     0.00318     0.00103     0.00132     0.19796
    -5.03330     0.00837     0.00689     0.00765     0.01377     0.01893     0.04620     0.01620     0.05310     0.01959     0.00196     0.00009     0.00378     0.00113     0.00360     0.00105     0.00132     0.20362
    -4.98030     0.00815     0.00704     0.00781     0.01412     0.01878     0.04520     0.01644     0.05255     0.02055     0.00197     0.00009     0.00404     0.00111     0.00377     0.00107     0.00133     0.20402
    -4.92630     0.00794     0.00725     0.00776     0.01431     0.01854     0.04519     0.01663     0.05244     0.02162     0.00196     0.00008     0.00428     0.00110     0.00394     0.00111     0.00131     0.20546
    -4.87230     0.00773     0.00737     0.00764     0.01435     0.01838     0.04536     0.01686     0.05070     0.02281     0.00198     0.00008     0.00426     0.00109     0.00383     0.00116     0.00130     0.20491
    -4.81930     0.00744     0.00749     0.00743     0.01481     0.01875     0.04427     0.01689     0.05061     0.02470     0.00195     0.00008     0.00455     0.00104     0.00412     0.00118     0.00128     0.20660
    -4.76530     0.00717     0.00739     0.00742     0.01470     0.01814     0.04252     0.01679     0.04893     0.02478     0.00192     0.00008     0.00432     0.00102     0.00391     0.00116     0.00128     0.20154
    -4.71230     0.00689     0.00746     0.00758     0.01527     0.01815     0.04221     0.01700     0.04884     0.02595     0.00192     0.00008     0.00446     0.00102     0.00405     0.00117     0.00129     0.20335
    -4.65830     0.00672     0.00787     0.00754     0.01615     0.01833     0.04221     0.01733     0.04886     0.02746     0.00194     0.00008     0.00479     0.00101     0.00439     0.00120     0.00132     0.20720
    -4.60530     0.00644     0.00826     0.00745     0.01606     0.01815     0.04151     0.01748     0.04727     0.02919     0.00196     0.00008     0.00494     0.00099     0.00444     0.00122     0.00133     0.20677
    -4.55130     0.00613     0.00863     0.00729     0.01625     0.01764     0.04082     0.01771     0.04664     0.03002     0.00197     0.00008     0.00494     0.00097     0.00440     0.00123     0.00134     0.20605
    -4.49730     0.00586     0.00890     0.00724     0.01640     0.01742     0.03971     0.01786     0.04582     0.03137     0.00196     0.00008     0.00506     0.00095     0.00455     0.00125     0.00134     0.20575
    -4.44430     0.00563     0.00991     0.00756     0.01726     0.01723     0.03927     0.01799     0.04547     0.03344     0.00198     0.00008     0.00570     0.00096     0.00516     0.00123     0.00135     0.21023
    -4.39030     0.00527     0.01017     0.00759     0.01744     0.01688     0.03870     0.01810     0.04524     0.03378     0.00195     0.00008     0.00590     0.00096     0.00530     0.00122     0.00134     0.20993
    -4.33730     0.00486     0.00938     0.00755     0.01619     0.01647     0.03771     0.01805     0.04332     0.03404     0.00191     0.00008     0.00543     0.00094     0.00482     0.00122     0.00131     0.20328
    -4.28330     0.00453     0.00875     0.00744     0.01552     0.01599     0.03714     0.01808     0.04231     0.03393     0.00186     0.00008     0.00492     0.00093     0.00443     0.00122     0.00129     0.19841
    -4.23030     0.00437     0.00860     0.00764     0.01522     0.01560     0.03669     0.01840     0.04188     0.03452     0.00185     0.00008     0.00467     0.00094     0.00422     0.00125     0.00128     0.19721
    -4.17630     0.00442     0.00848     0.00772     0.01493     0.01537     0.03591     0.01881     0.04111     0.03486     0.00181     0.00007     0.00445     0.00096     0.00406     0.00124     0.00127     0.19547
    -4.12230     0.00454     0.00835     0.00759     0.01482     0.01512     0.03520     0.01928     0.04055     0.03516     0.00178     0.00007     0.00427     0.00098     0.00394     0.00125     0.00127     0.19416
    -4.06930     0.00468     0.00815     0.00733     0.01447     0.01476     0.03417     0.01968     0.03926     0.03541     0.00173     0.00007     0.00410     0.00099     0.00381     0.00122     0.00123     0.19107
    -4.01530     0.00474     0.00795     0.00696     0.01422     0.01454     0.03341     0.02015     0.03795     0.03531     0.00167     0.00007     0.00395     0.00100     0.00368     0.00122     0.00121     0.18803
    -3.96230     0.00477     0.00794     0.00677     0.01416     0.01437     0.03279     0.02080     0.03713     0.03574     0.00164     0.00007     0.00384     0.00102     0.00359     0.00126     0.00119     0.18707
    -3.90830     0.00481     0.00810     0.00664     0.01396     0.01418     0.03244     0.02147     0.03648     0.03633     0.00163     0.00007     0.00376     0.00104     0.00352     0.00128     0.00117     0.18688
    -3.85430     0.00490     0.00831     0.00660     0.01351     0.01402     0.03200     0.02240     0.03573     0.03626     0.00160     0.00007     0.00364     0.00107     0.00342     0.00127     0.00113     0.18593
    -3.80130     0.00506     0.00868     0.00700     0.01328     0.01400     0.03174     0.02364     0.03530     0.03663     0.00159     0.00007     0.00358     0.00114     0.00338     0.00129     0.00112     0.18750
    -3.74730     0.00515     0.00897     0.00737     0.01268     0.01398     0.03100     0.02487     0.03459     0.03655     0.00156     0.00006     0.00349     0.00120     0.00331     0.00127     0.00106     0.18711
    -3.69430     0.00524     0.00899     0.00805     0.01131     0.01382     0.02996     0.02626     0.03277     0.03605     0.00147     0.00006     0.00338     0.00129     0.00318     0.00123     0.00098     0.18404
    -3.64030     0.00548     0.00904     0.00881     0.01011     0.01361     0.02884     0.02768     0.03136     0.03564     0.00141     0.00006     0.00328     0.00140     0.00308     0.00119     0.00091     0.18191
    -3.58730     0.00573     0.00940     0.00967     0.00927     0.01361     0.02804     0.02957     0.03033     0.03539     0.00138     0.00006     0.00321     0.00152     0.00300     0.00115     0.00085     0.18220
    -3.53330     0.00601     0.00986     0.01097     0.00817     0.01357     0.02708     0.03153     0.02938     0.03538     0.00136     0.00006     0.00315     0.00169     0.00293     0.00112     0.00078     0.18305
    -3.47930     0.00620     0.01008     0.01025     0.00717     0.01363     0.02619     0.03388     0.02853     0.03565     0.00134     0.00006     0.00312     0.00172     0.00287     0.00114     0.00071     0.18256
    -3.42630     0.00657     0.01268     0.01220     0.00726     0.01423     0.02581     0.03904     0.02824     0.03708     0.00147     0.00007     0.00321     0.00198     0.00288     0.00117     0.00072     0.19462
    -3.37230     0.00650     0.01493     0.01384     0.00820     0.01508     0.02551     0.04374     0.02833     0.03865     0.00156     0.00007     0.00314     0.00214     0.00286     0.00117     0.00079     0.20651
    -3.31930     0.00590     0.01402     0.01237     0.00666     0.01619     0.02544     0.04724     0.02876     0.04021     0.00148     0.00007     0.00298     0.00198     0.00278     0.00115     0.00076     0.20800
    -3.26530     0.00533     0.01461     0.01154     0.00709     0.01727     0.02430     0.05075     0.02823     0.04129     0.00145     0.00008     0.00283     0.00187     0.00266     0.00117     0.00078     0.21125
    -3.21230     0.00487     0.01464     0.01099     0.00714     0.02036     0.02366     0.05885     0.02884     0.04398     0.00140     0.00008     0.00266     0.00181     0.00252     0.00115     0.00076     0.22371
    -3.15830     0.00473     0.01506     0.01046     0.00749     0.02098     0.02330     0.06330     0.02849     0.04720     0.00138     0.00008     0.00256     0.00182     0.00242     0.00115     0.00077     0.23118
    -3.10430     0.00441     0.01513     0.01021     0.00752     0.02268     0.02255     0.06938     0.02754     0.04820     0.00135     0.00009     0.00244     0.00181     0.00234     0.00114     0.00076     0.23755
    -3.05130     0.00413     0.01504     0.00900     0.00760     0.02103     0.02112     0.06682     0.02609     0.04855     0.00131     0.00009     0.00231     0.00169     0.00226     0.00114     0.00077     0.22896
    -2.99730     0.00375     0.01318     0.00658     0.00643     0.01410     0.01984     0.04780     0.02427     0.04868     0.00120     0.00006     0.00223     0.00139     0.00221     0.00116     0.00072     0.19361
    -2.94430     0.00394     0.01151     0.00485     0.00593     0.00976     0.01751     0.03599     0.02076     0.04432     0.00110     0.00005     0.00213     0.00130     0.00214     0.00112     0.00069     0.16309
    -2.89030     0.00407     0.01043     0.00388     0.00568     0.00844     0.01700     0.03154     0.01992     0.04712     0.00104     0.00004     0.00209     0.00127     0.00215     0.00111     0.00067     0.15646
    -2.83630     0.00399     0.00934     0.00279     0.00569     0.00696     0.01757     0.02464     0.01980     0.05404     0.00096     0.00004     0.00211     0.00117     0.00220     0.00116     0.00065     0.15312
    -2.78330     0.00406     0.00893     0.00202     0.00617     0.00582     0.01842     0.01877     0.02009     0.06385     0.00087     0.00003     0.00216     0.00113     0.00226     0.00118     0.00062     0.15638
    -2.72930     0.00422     0.00699     0.00134     0.00524     0.00479     0.01678     0.01349     0.01815     0.05489     0.00073     0.00003     0.00202     0.00112     0.00212     0.00111     0.00053     0.13353
    -2.67630     0.00442     0.00555     0.00098     0.00445     0.00428     0.01577     0.01047     0.01701     0.04801     0.00063     0.00002     0.00196     0.00115     0.00205     0.00106     0.00046     0.11828
    -2.62230     0.00460     0.00421     0.00092     0.00352     0.00415     0.01483     0.00983     0.01610     0.03882     0.00055     0.00002     0.00191     0.00121     0.00197     0.00102     0.00039     0.10406
    -2.56930     0.00483     0.00281     0.00096     0.00245     0.00410     0.01413     0.01007     0.01535     0.02632     0.00050     0.00002     0.00185     0.00129     0.00187     0.00098     0.00033     0.08786
    -2.51530     0.00508     0.00126     0.00101     0.00105     0.00409     0.01383     0.01042     0.01487     0.00926     0.00046     0.00002     0.00175     0.00137     0.00174     0.00094     0.00029     0.06744
    -2.46130     0.00527     0.00125     0.00106     0.00101     0.00409     0.01375     0.01092     0.01463     0.00885     0.00044     0.00002     0.00174     0.00144     0.00170     0.00088     0.00026     0.06732
    -2.40830     0.00550     0.00128     0.00115     0.00099     0.00413     0.01375     0.01158     0.01446     0.00855     0.00042     0.00002     0.00174     0.00153     0.00168     0.00084     0.00025     0.06789
    -2.35430     0.00583     0.00135     0.00127     0.00095     0.00418     0.01383     0.01237     0.01429     0.00829     0.00042     0.00003     0.00176     0.00165     0.00165     0.00081     0.00024     0.06891
    -2.30130     0.00613     0.00141     0.00139     0.00093     0.00424     0.01391     0.01318     0.01415     0.00808     0.00041     0.00003     0.00177     0.00176     0.00163     0.00079     0.00023     0.07004
    -2.24730     0.00645     0.00150     0.00152     0.00092     0.00429     0.01402     0.01408     0.01403     0.00792     0.00040     0.00003     0.00180     0.00189     0.00161     0.00076     0.00023     0.07146
    -2.19430     0.00675     0.00158     0.00167     0.00091     0.00435     0.01415     0.01486     0.01392     0.00781     0.00040     0.00003     0.00183     0.00201     0.00160     0.00074     0.00022     0.07283
    -2.14030     0.00694     0.00166     0.00178     0.00090     0.00442     0.01427     0.01562     0.01381     0.00780     0.00040     0.00003     0.00187     0.00210     0.00159     0.00072     0.00021     0.07413
    -2.08630     0.00730     0.00179     0.00195     0.00092     0.00450     0.01448     0.01697     0.01371     0.00783     0.00040     0.00003     0.00192     0.00225     0.00159     0.00070     0.00021     0.07654
    -2.03330     0.00761     0.00192     0.00211     0.00095     0.00461     0.01461     0.01839     0.01356     0.00783     0.00041     0.00003     0.00195     0.00238     0.00157     0.00068     0.00022     0.07883
    -1.97930     0.00783     0.00204     0.00225     0.00100     0.00475     0.01467     0.02004     0.01338     0.00787     0.00044     0.00003     0.00197     0.00249     0.00156     0.00066     0.00023     0.08122
    -1.92630     0.00805     0.00216     0.00241     0.00105     0.00490     0.01480     0.02203     0.01324     0.00794     0.00046     0.00003     0.00201     0.00261     0.00155     0.00064     0.00024     0.08412
    -1.87230     0.00840     0.00232     0.00265     0.00114     0.00512     0.01505     0.02462     0.01318     0.00813     0.00048     0.00004     0.00207     0.00278     0.00155     0.00063     0.00027     0.08842
    -1.81930     0.00881     0.00249     0.00289     0.00125     0.00545     0.01541     0.02753     0.01315     0.00841     0.00051     0.00004     0.00213     0.00296     0.00156     0.00061     0.00029     0.09349
    -1.76530     0.00916     0.00268     0.00313     0.00137     0.00589     0.01581     0.03034     0.01308     0.00865     0.00055     0.00004     0.00219     0.00312     0.00156     0.00060     0.00033     0.09849
    -1.71130     0.00945     0.00289     0.00334     0.00155     0.00644     0.01618     0.03305     0.01298     0.00890     0.00062     0.00004     0.00223     0.00326     0.00156     0.00058     0.00039     0.10345
    -1.65830     0.00972     0.00315     0.00353     0.00184     0.00715     0.01651     0.03598     0.01300     0.00926     0.00073     0.00004     0.00225     0.00338     0.00158     0.00057     0.00049     0.10920
    -1.60430     0.01012     0.00341     0.00379     0.00211     0.00813     0.01715     0.03954     0.01308     0.00964     0.00083     0.00004     0.00229     0.00356     0.00160     0.00056     0.00058     0.11644
    -1.55130     0.01040     0.00368     0.00404     0.00243     0.00953     0.01778     0.04311     0.01330     0.01012     0.00094     0.00005     0.00232     0.00371     0.00162     0.00055     0.00069     0.12428
    -1.49730     0.01059     0.00398     0.00421     0.00283     0.01101     0.01831     0.04631     0.01344     0.01064     0.00108     0.00005     0.00233     0.00382     0.00165     0.00054     0.00083     0.13162
    -1.44330     0.01064     0.00425     0.00435     0.00324     0.01280     0.01881     0.04939     0.01369     0.01139     0.00121     0.00005     0.00234     0.00391     0.00167     0.00053     0.00097     0.13924
    -1.39030     0.01068     0.00474     0.00455     0.00391     0.01504     0.01970     0.05236     0.01407     0.01257     0.00146     0.00005     0.00235     0.00404     0.00172     0.00053     0.00122     0.14901
    -1.33630     0.01084     0.00519     0.00475     0.00458     0.01726     0.02094     0.05530     0.01438     0.01424     0.00171     0.00006     0.00236     0.00421     0.00178     0.00053     0.00148     0.15961
    -1.28330     0.01125     0.00562     0.00494     0.00530     0.01952     0.02222     0.05939     0.01505     0.01645     0.00195     0.00006     0.00238     0.00445     0.00186     0.00054     0.00175     0.17275
    -1.22930     0.01159     0.00626     0.00528     0.00639     0.02247     0.02331     0.06317     0.01564     0.01886     0.00228     0.00006     0.00241     0.00475     0.00198     0.00056     0.00216     0.18717
    -1.17630     0.01220     0.00828     0.00605     0.00938     0.02570     0.02524     0.06717     0.01670     0.02248     0.00324     0.00007     0.00254     0.00529     0.00228     0.00059     0.00328     0.21047
    -1.12230     0.01259     0.00944     0.00570     0.01079     0.02883     0.02741     0.06990     0.01753     0.02710     0.00386     0.00008     0.00247     0.00529     0.00231     0.00057     0.00396     0.22782
    -1.06830     0.01136     0.00833     0.00481     0.00907     0.03186     0.02742     0.07111     0.01769     0.02783     0.00339     0.00008     0.00230     0.00482     0.00210     0.00055     0.00339     0.22610
    -1.01530     0.01080     0.00608     0.00327     0.00691     0.03373     0.02762     0.07393     0.01745     0.02808     0.00251     0.00008     0.00192     0.00420     0.00180     0.00052     0.00256     0.22145
    -0.96130     0.01026     0.00497     0.00276     0.00550     0.03790     0.02917     0.07696     0.01753     0.02838     0.00208     0.00009     0.00179     0.00406     0.00167     0.00049     0.00209     0.22570
    -0.90830     0.01036     0.00471     0.00250     0.00492     0.04614     0.03145     0.08403     0.01809     0.03038     0.00195     0.00010     0.00177     0.00400     0.00165     0.00048     0.00195     0.24448
    -0.85430     0.01066     0.00485     0.00249     0.00476     0.06003     0.03689     0.09406     0.02216     0.03213     0.00194     0.00011     0.00183     0.00404     0.00168     0.00049     0.00192     0.28005
    -0.80130     0.00984     0.00504     0.00242     0.00461     0.06627     0.03914     0.09185     0.02285     0.03371     0.00195     0.00012     0.00182     0.00404     0.00161     0.00051     0.00190     0.28768
    -0.74730     0.00856     0.00518     0.00209     0.00429     0.07242     0.03860     0.08385     0.02275     0.03469     0.00195     0.00014     0.00164     0.00375     0.00137     0.00050     0.00186     0.28363
    -0.69330     0.00808     0.00464     0.00170     0.00385     0.07075     0.03363     0.07540     0.02285     0.03534     0.00183     0.00017     0.00143     0.00351     0.00123     0.00051     0.00173     0.26665
    -0.64030     0.00749     0.00404     0.00145     0.00339     0.06541     0.02886     0.06462     0.02243     0.03458     0.00164     0.00020     0.00128     0.00327     0.00108     0.00050     0.00156     0.24180
    -0.58630     0.00747     0.00406     0.00163     0.00325     0.06381     0.02878     0.06504     0.02322     0.03484     0.00161     0.00024     0.00129     0.00358     0.00104     0.00050     0.00152     0.24188
    -0.53330     0.00749     0.00434     0.00207     0.00329     0.05950     0.03124     0.06507     0.02470     0.03604     0.00166     0.00028     0.00136     0.00369     0.00106     0.00049     0.00156     0.24383
    -0.47930     0.00793     0.00514     0.00313     0.00377     0.07795     0.04675     0.08758     0.03253     0.04237     0.00211     0.00034     0.00160     0.00404     0.00121     0.00056     0.00200     0.31901
    -0.42530     0.00772     0.00453     0.00173     0.00332     0.07195     0.03539     0.06294     0.02687     0.04200     0.00169     0.00042     0.00128     0.00383     0.00100     0.00049     0.00168     0.26685
    -0.37230     0.00929     0.00508     0.00240     0.00352     0.10190     0.05040     0.11070     0.03389     0.05035     0.00172     0.00045     0.00157     0.00433     0.00128     0.00053     0.00174     0.37914
    -0.31830     0.00972     0.00526     0.00313     0.00364     0.15230     0.08221     0.16600     0.04815     0.06969     0.00179     0.00050     0.00178     0.00475     0.00156     0.00064     0.00175     0.55287
    -0.26530     0.00907     0.00468     0.00266     0.00301     0.13870     0.07450     0.14890     0.03635     0.05712     0.00163     0.00049     0.00154     0.00455     0.00130     0.00054     0.00158     0.48662
    -0.21130     0.00872     0.00456     0.00251     0.00285     0.13400     0.06953     0.13920     0.03356     0.05400     0.00155     0.00055     0.00140     0.00462     0.00117     0.00052     0.00152     0.46026
    -0.15830     0.00827     0.00452     0.00243     0.00268     0.12690     0.06518     0.12990     0.03112     0.05086     0.00150     0.00057     0.00135     0.00448     0.00111     0.00050     0.00148     0.43285
    -0.10430     0.00864     0.00450     0.00254     0.00265     0.13210     0.06705     0.13520     0.03251     0.05160     0.00150     0.00063     0.00136     0.00545     0.00114     0.00052     0.00149     0.44887
    -0.05030     0.00902     0.00494     0.00256     0.00280     0.13380     0.06593     0.13360     0.03139     0.05297     0.00166     0.00070     0.00137     0.00495     0.00117     0.00051     0.00168     0.44905
     0.00270     0.00974     0.00511     0.00258     0.00292     0.13440     0.06624     0.12970     0.02981     0.05300     0.00171     0.00077     0.00132     0.00509     0.00119     0.00049     0.00177     0.44583
     0.05670     0.01073     0.00526     0.00267     0.00316     0.13710     0.06444     0.12880     0.02913     0.05393     0.00179     0.00083     0.00128     0.00547     0.00125     0.00045     0.00188     0.44817
     0.10970     0.01132     0.00491     0.00270     0.00278     0.13290     0.06246     0.11790     0.03011     0.05012     0.00160     0.00090     0.00119     0.00573     0.00120     0.00043     0.00167     0.42792
     0.16370     0.01258     0.00480     0.00271     0.00264     0.14110     0.05196     0.11400     0.02895     0.04876     0.00151     0.00096     0.00117     0.00617     0.00125     0.00039     0.00160     0.42055
     0.21670     0.01275     0.00477     0.00262     0.00264     0.14540     0.05171     0.11150     0.03162     0.05053     0.00148     0.00106     0.00117     0.00613     0.00131     0.00038     0.00158     0.42664
     0.27070     0.01282     0.00477     0.00249     0.00263     0.14420     0.04718     0.10770     0.02872     0.05149     0.00143     0.00106     0.00116     0.00605     0.00136     0.00037     0.00155     0.41500
     0.32470     0.01497     0.00477     0.00262     0.00257     0.14860     0.04261     0.10730     0.02534     0.04826     0.00137     0.00117     0.00111     0.00735     0.00136     0.00036     0.00153     0.41130
     0.37770     0.01412     0.00466     0.00236     0.00252     0.14620     0.04195     0.10250     0.02715     0.04474     0.00132     0.00115     0.00107     0.00673     0.00137     0.00036     0.00153     0.39973
     0.43170     0.01519     0.00473     0.00244     0.00267     0.16300     0.04538     0.10550     0.03888     0.04286     0.00131     0.00136     0.00108     0.00628     0.00141     0.00036     0.00152     0.43395
     0.48470     0.01686     0.00509     0.00272     0.00301     0.17900     0.05602     0.11160     0.06136     0.04553     0.00150     0.00168     0.00118     0.00653     0.00145     0.00037     0.00172     0.49563
     0.53870     0.01608     0.00477     0.00261     0.00279     0.16460     0.06063     0.09867     0.06597     0.04320     0.00142     0.00170     0.00111     0.00604     0.00137     0.00036     0.00169     0.47299
     0.59170     0.01489     0.00466     0.00243     0.00284     0.15090     0.06458     0.08527     0.06765     0.04380     0.00145     0.00167     0.00103     0.00558     0.00133     0.00040     0.00178     0.45026
     0.64570     0.01229     0.00428     0.00212     0.00256     0.13610     0.05750     0.07374     0.05782     0.04032     0.00125     0.00150     0.00090     0.00519     0.00121     0.00035     0.00161     0.39873
     0.69970     0.01102     0.00410     0.00190     0.00243     0.13530     0.05375     0.06914     0.05228     0.03894     0.00116     0.00142     0.00084     0.00481     0.00113     0.00032     0.00154     0.38009
     0.75270     0.01062     0.00399     0.00188     0.00240     0.14070     0.05432     0.06707     0.05161     0.03865     0.00113     0.00141     0.00082     0.00462     0.00112     0.00031     0.00155     0.38218
     0.80670     0.01225     0.00391     0.00173     0.00245     0.15700     0.05160     0.06558     0.05016     0.03837     0.00110     0.00138     0.00080     0.00431     0.00111     0.00030     0.00154     0.39358
     0.85970     0.01642     0.00411     0.00166     0.00263     0.18850     0.05150     0.07288     0.05252     0.03896     0.00116     0.00142     0.00084     0.00421     0.00117     0.00031     0.00161     0.43990
     0.91370     0.02259     0.00445     0.00165     0.00296     0.24950     0.05317     0.10300     0.05831     0.04361     0.00132     0.00156     0.00089     0.00433     0.00130     0.00034     0.00182     0.55078
     0.96770     0.01890     0.00422     0.00162     0.00298     0.20100     0.05340     0.09152     0.06225     0.04114     0.00123     0.00152     0.00089     0.00455     0.00125     0.00031     0.00183     0.48861
     1.02070     0.01860     0.00401     0.00183     0.00285     0.17190     0.05872     0.09130     0.06296     0.03835     0.00113     0.00179     0.00085     0.00458     0.00121     0.00028     0.00178     0.46216
     1.07470     0.01840     0.00384     0.00159     0.00281     0.16570     0.05554     0.08685     0.05746     0.03662     0.00107     0.00157     0.00082     0.00439     0.00119     0.00026     0.00173     0.43985
     1.12770     0.01882     0.00374     0.00156     0.00272     0.16160     0.05102     0.08461     0.04343     0.03557     0.00099     0.00159     0.00069     0.00427     0.00112     0.00027     0.00163     0.41365
     1.18170     0.01819     0.00361     0.00137     0.00270     0.15450     0.04474     0.08210     0.03737     0.03236     0.00093     0.00156     0.00064     0.00382     0.00107     0.00028     0.00156     0.38681
     1.23470     0.01848     0.00365     0.00141     0.00281     0.14970     0.04557     0.08364     0.03661     0.03479     0.00097     0.00161     0.00066     0.00391     0.00114     0.00032     0.00169     0.38694
     1.28870     0.01860     0.00386     0.00154     0.00305     0.14530     0.04916     0.08223     0.03782     0.03999     0.00109     0.00163     0.00072     0.00411     0.00125     0.00037     0.00196     0.39268
     1.34270     0.01853     0.00374     0.00155     0.00301     0.13140     0.05084     0.07716     0.03849     0.04299     0.00114     0.00164     0.00075     0.00398     0.00133     0.00043     0.00213     0.37910
     1.39570     0.01938     0.00323     0.00133     0.00245     0.12200     0.04766     0.07360     0.03619     0.03705     0.00092     0.00154     0.00075     0.00339     0.00146     0.00049     0.00205     0.35350
     1.44970     0.02161     0.00363     0.00187     0.00256     0.12290     0.06174     0.07549     0.04404     0.04119     0.00109     0.00175     0.00090     0.00363     0.00159     0.00067     0.00217     0.38685
     1.50270     0.02216     0.00334     0.00217     0.00242     0.11630     0.06389     0.07510     0.04665     0.03689     0.00107     0.00181     0.00101     0.00382     0.00157     0.00088     0.00194     0.38101
     1.55670     0.02347     0.00333     0.00214     0.00252     0.11870     0.06253     0.07677     0.04694     0.03912     0.00109     0.00181     0.00099     0.00377     0.00153     0.00088     0.00185     0.38745
     1.60970     0.02616     0.00362     0.00232     0.00284     0.12900     0.06692     0.08328     0.05107     0.04304     0.00111     0.00194     0.00102     0.00389     0.00158     0.00084     0.00191     0.42054
     1.66370     0.02972     0.00545     0.00285     0.00430     0.15810     0.07514     0.12180     0.05628     0.07352     0.00177     0.00328     0.00144     0.00447     0.00210     0.00099     0.00292     0.54414
     1.71770     0.02858     0.00428     0.00334     0.00327     0.13820     0.08608     0.10110     0.06037     0.05271     0.00120     0.00215     0.00127     0.00466     0.00192     0.00103     0.00222     0.49238
     1.77070     0.02812     0.00438     0.00341     0.00342     0.13930     0.08671     0.09275     0.05990     0.05095     0.00112     0.00188     0.00129     0.00470     0.00200     0.00109     0.00210     0.48312
     1.82470     0.02563     0.00395     0.00352     0.00325     0.12590     0.08339     0.08420     0.05717     0.05185     0.00118     0.00170     0.00154     0.00471     0.00210     0.00136     0.00189     0.45335
     1.87770     0.02314     0.00338     0.00342     0.00305     0.11320     0.07683     0.08227     0.05048     0.05292     0.00120     0.00163     0.00168     0.00470     0.00217     0.00154     0.00182     0.42342
     1.93170     0.02456     0.00399     0.00376     0.00375     0.12600     0.08020     0.10680     0.05291     0.07080     0.00155     0.00224     0.00180     0.00490     0.00270     0.00167     0.00268     0.49030
     1.98470     0.02381     0.00335     0.00393     0.00336     0.10950     0.07789     0.10340     0.05084     0.06494     0.00142     0.00234     0.00201     0.00497     0.00272     0.00190     0.00250     0.45887
     2.03870     0.03032     0.00280     0.00455     0.00296     0.09739     0.08164     0.12280     0.04989     0.05468     0.00134     0.00311     0.00224     0.00518     0.00257     0.00216     0.00224     0.46587
     2.09270     0.02402     0.00266     0.00413     0.00279     0.09077     0.07100     0.10970     0.04210     0.05475     0.00150     0.00281     0.00255     0.00498     0.00269     0.00246     0.00227     0.42117
     2.14570     0.02084     0.00337     0.00347     0.00295     0.09354     0.06094     0.12150     0.03047     0.06541     0.00200     0.00266     0.00300     0.00480     0.00310     0.00280     0.00266     0.42352
     2.19970     0.02751     0.00347     0.00258     0.00299     0.09533     0.04739     0.12090     0.02765     0.06213     0.00187     0.00251     0.00254     0.00364     0.00293     0.00241     0.00231     0.40816
     2.25270     0.02717     0.00346     0.00215     0.00232     0.07617     0.04113     0.12130     0.03135     0.06614     0.00202     0.00258     0.00236     0.00269     0.00261     0.00231     0.00215     0.38791
     2.30670     0.03300     0.00330     0.00220     0.00234     0.07851     0.04183     0.12400     0.03554     0.06201     0.00243     0.00278     0.00249     0.00322     0.00262     0.00233     0.00245     0.40105
     2.36070     0.04340     0.00359     0.00323     0.00277     0.09990     0.05558     0.13950     0.05279     0.06196     0.00277     0.00325     0.00255     0.00637     0.00262     0.00219     0.00292     0.48539
     2.41370     0.05460     0.00372     0.00357     0.00288     0.11120     0.06629     0.14660     0.07018     0.06657     0.00254     0.00351     0.00265     0.00735     0.00276     0.00203     0.00279     0.54924
     2.46770     0.05602     0.00389     0.00363     0.00308     0.11070     0.06608     0.14810     0.07120     0.07451     0.00253     0.00364     0.00276     0.00688     0.00285     0.00193     0.00276     0.56057
     2.52070     0.05907     0.00395     0.00390     0.00350     0.11870     0.07129     0.15330     0.07590     0.08459     0.00272     0.00374     0.00293     0.00690     0.00298     0.00197     0.00301     0.59845
     2.57470     0.05858     0.00382     0.00411     0.00367     0.11700     0.07292     0.14700     0.07426     0.08470     0.00259     0.00356     0.00295     0.00652     0.00296     0.00201     0.00297     0.58961
     2.62770     0.05899     0.00370     0.00430     0.00372     0.11600     0.07406     0.14130     0.07239     0.09201     0.00243     0.00362     0.00300     0.00629     0.00300     0.00201     0.00278     0.58960
     2.68170     0.05731     0.00343     0.00422     0.00362     0.10820     0.07110     0.12610     0.06432     0.09150     0.00206     0.00336     0.00311     0.00529     0.00297     0.00188     0.00232     0.55078
     2.73570     0.05318     0.00327     0.00401     0.00307     0.09226     0.06022     0.10580     0.04956     0.10260     0.00188     0.00306     0.00307     0.00428     0.00288     0.00174     0.00192     0.49280
     2.78870     0.05543     0.00327     0.00422     0.00324     0.09206     0.06145     0.10000     0.04930     0.11220     0.00175     0.00305     0.00320     0.00401     0.00298     0.00170     0.00175     0.49960
     2.84270     0.05765     0.00295     0.00412     0.00300     0.08202     0.05617     0.08660     0.04347     0.10830     0.00151     0.00287     0.00290     0.00326     0.00282     0.00149     0.00162     0.46075
     2.89570     0.06629     0.00275     0.00433     0.00293     0.07975     0.05508     0.08162     0.04163     0.10100     0.00148     0.00295     0.00286     0.00302     0.00298     0.00139     0.00169     0.45176
     2.94970     0.05804     0.00326     0.00395     0.00297     0.07419     0.05279     0.08780     0.03921     0.10390     0.00155     0.00232     0.00173     0.00284     0.00233     0.00129     0.00174     0.43992
     3.00270     0.05316     0.00393     0.00407     0.00299     0.07764     0.05718     0.09506     0.04147     0.13790     0.00168     0.00256     0.00154     0.00293     0.00254     0.00135     0.00185     0.48785
     3.05670     0.08480     0.00473     0.00522     0.00335     0.09792     0.07089     0.10690     0.04883     0.20770     0.00222     0.00352     0.00303     0.00370     0.00418     0.00198     0.00248     0.65144
     3.11070     0.07104     0.00508     0.00549     0.00357     0.10700     0.07245     0.11330     0.04831     0.27590     0.00243     0.00363     0.00300     0.00407     0.00445     0.00191     0.00261     0.72422
     3.16370     0.07827     0.00525     0.00592     0.00345     0.09732     0.07444     0.11280     0.04647     0.34190     0.00244     0.00349     0.00306     0.00400     0.00467     0.00190     0.00268     0.78808
     3.21770     0.07745     0.00468     0.00553     0.00306     0.08165     0.06814     0.09782     0.04337     0.38290     0.00233     0.00337     0.00298     0.00342     0.00441     0.00184     0.00273     0.78570
     3.27070     0.07251     0.00445     0.00523     0.00300     0.07615     0.06364     0.09922     0.04339     0.39190     0.00234     0.00350     0.00303     0.00340     0.00445     0.00221     0.00285     0.78127
     3.32470     0.06837     0.00413     0.00535     0.00281     0.06394     0.05354     0.10890     0.04137     0.40560     0.00192     0.00344     0.00284     0.00344     0.00435     0.00208     0.00265     0.77474
     3.37870     0.06862     0.00370     0.00525     0.00265     0.05718     0.04917     0.10540     0.03980     0.24590     0.00162     0.00331     0.00297     0.00313     0.00450     0.00204     0.00257     0.59781
     3.43170     0.07890     0.00362     0.00462     0.00283     0.05210     0.04218     0.10050     0.03726     0.13790     0.00161     0.00296     0.00305     0.00285     0.00448     0.00200     0.00252     0.47938
     3.48570     0.07330     0.00356     0.00453     0.00304     0.05324     0.04604     0.09930     0.04212     0.12080     0.00153     0.00307     0.00310     0.00261     0.00447     0.00208     0.00253     0.46530
     3.53870     0.06957     0.00350     0.00471     0.00314     0.05435     0.05379     0.09750     0.04956     0.11260     0.00141     0.00319     0.00309     0.00243     0.00452     0.00220     0.00248     0.46805
     3.59270     0.06987     0.00338     0.00458     0.00329     0.05355     0.05539     0.10160     0.04946     0.10750     0.00139     0.00333     0.00319     0.00232     0.00459     0.00242     0.00256     0.46845
     3.64570     0.07051     0.00336     0.00438     0.00326     0.05099     0.05478     0.09843     0.04533     0.09368     0.00127     0.00308     0.00310     0.00223     0.00413     0.00226     0.00230     0.44310
     3.69970     0.07162     0.00320     0.00440     0.00335     0.05239     0.05479     0.09659     0.04772     0.09006     0.00140     0.00309     0.00296     0.00234     0.00402     0.00238     0.00233     0.44264
     3.75370     0.07417     0.00315     0.00422     0.00344     0.05602     0.05144     0.09847     0.04474     0.08359     0.00146     0.00321     0.00290     0.00253     0.00392     0.00248     0.00233     0.43808
     3.80670     0.08536     0.00352     0.00461     0.00397     0.06168     0.05577     0.10760     0.04518     0.08021     0.00163     0.00381     0.00292     0.00296     0.00394     0.00263     0.00238     0.46818
     3.86070     0.08984     0.00383     0.00519     0.00445     0.06716     0.06425     0.10940     0.04950     0.07901     0.00170     0.00429     0.00300     0.00314     0.00401     0.00271     0.00235     0.49383
     3.91370     0.08426     0.00378     0.00461     0.00419     0.06431     0.05824     0.10230     0.05697     0.07938     0.00154     0.00436     0.00307     0.00312     0.00385     0.00283     0.00236     0.47917
     3.96770     0.07596     0.00373     0.00462     0.00403     0.06608     0.05552     0.08882     0.06437     0.07639     0.00133     0.00405     0.00281     0.00329     0.00339     0.00251     0.00230     0.45919
     4.02070     0.06659     0.00345     0.00435     0.00353     0.05776     0.05200     0.07326     0.05649     0.07004     0.00117     0.00362     0.00263     0.00291     0.00292     0.00223     0.00215     0.40509
     4.07470     0.06283     0.00349     0.00450     0.00304     0.04921     0.05419     0.07173     0.03561     0.07025     0.00121     0.00363     0.00283     0.00291     0.00279     0.00215     0.00220     0.37257
     4.12870     0.06292     0.00375     0.00439     0.00307     0.04744     0.05442     0.07321     0.03664     0.07309     0.00127     0.00433     0.00305     0.00263     0.00281     0.00217     0.00229     0.37748
     4.18170     0.06465     0.00424     0.00475     0.00338     0.04749     0.05751     0.07650     0.03607     0.07015     0.00121     0.00405     0.00308     0.00256     0.00282     0.00224     0.00227     0.38298
     4.23570     0.07890     0.00572     0.00589     0.00462     0.05643     0.06822     0.08978     0.04670     0.07418     0.00133     0.00883     0.00329     0.00255     0.00296     0.00242     0.00237     0.45418
     4.28870     0.09935     0.00794     0.00721     0.00622     0.06511     0.07787     0.12060     0.06014     0.08203     0.00159     0.01362     0.00375     0.00252     0.00314     0.00266     0.00253     0.55629
     4.34270     0.10450     0.00842     0.00729     0.00647     0.06548     0.07925     0.12350     0.06521     0.10080     0.00179     0.01165     0.00444     0.00256     0.00346     0.00334     0.00277     0.59094
     4.39570     0.10140     0.00806     0.00677     0.00560     0.05836     0.07022     0.08875     0.05749     0.08238     0.00163     0.01017     0.00332     0.00214     0.00303     0.00246     0.00208     0.50387
     4.44970     0.06712     0.00687     0.00503     0.00427     0.04911     0.05640     0.06575     0.04093     0.06417     0.00136     0.00481     0.00270     0.00182     0.00244     0.00194     0.00160     0.37633
     4.50370     0.06949     0.00729     0.00505     0.00448     0.05182     0.05666     0.06941     0.04014     0.06462     0.00151     0.00436     0.00276     0.00185     0.00232     0.00190     0.00166     0.38532
     4.55670     0.06870     0.00737     0.00513     0.00453     0.05439     0.05870     0.07270     0.04098     0.06443     0.00149     0.00455     0.00292     0.00180     0.00232     0.00196     0.00164     0.39361
     4.61070     0.07091     0.00804     0.00540     0.00492     0.05987     0.06302     0.07767     0.04329     0.06910     0.00162     0.00535     0.00317     0.00174     0.00246     0.00208     0.00170     0.42034
     4.66370     0.07888     0.00906     0.00604     0.00562     0.07068     0.07172     0.08542     0.04835     0.08544     0.00205     0.00730     0.00373     0.00198     0.00281     0.00246     0.00204     0.48358
     4.71770     0.08192     0.00926     0.00628     0.00600     0.07867     0.07628     0.08602     0.04872     0.07561     0.00201     0.00858     0.00351     0.00214     0.00276     0.00246     0.00208     0.49230
     4.77170     0.08742     0.00965     0.00716     0.00635     0.09657     0.08864     0.08617     0.05348     0.06073     0.00200     0.01062     0.00352     0.00245     0.00261     0.00282     0.00230     0.52248
     4.82470     0.10020     0.01103     0.00937     0.00753     0.11850     0.10890     0.09795     0.05925     0.05008     0.00186     0.01441     0.00395     0.00271     0.00248     0.00268     0.00235     0.59325
     4.87870     0.11060     0.01285     0.01152     0.00856     0.11440     0.12420     0.11050     0.06738     0.05065     0.00183     0.01763     0.00418     0.00275     0.00245     0.00243     0.00229     0.64420
     4.93170     0.11990     0.01077     0.00994     0.00703     0.10480     0.11330     0.08857     0.06245     0.04401     0.00219     0.01399     0.00407     0.00254     0.00236     0.00253     0.00230     0.59075
     4.98570     0.09919     0.00888     0.00730     0.00623     0.09913     0.07932     0.07961     0.06239     0.04417     0.00224     0.01326     0.00296     0.00244     0.00241     0.00250     0.00229     0.51431
     5.03870     0.08165     0.00799     0.00537     0.00579     0.09494     0.05573     0.08432     0.07332     0.04940     0.00223     0.01521     0.00216     0.00279     0.00267     0.00309     0.00234     0.48901
     5.09270     0.07392     0.00775     0.00458     0.00571     0.09582     0.05199     0.09251     0.08423     0.06826     0.00229     0.01620     0.00218     0.00293     0.00309     0.00402     0.00265     0.51813
     5.14670     0.07098     0.00592     0.00439     0.00496     0.10290     0.05807     0.08593     0.08036     0.06660     0.00202     0.01347     0.00233     0.00279     0.00319     0.00389     0.00248     0.51028
     5.19970     0.07020     0.00472     0.00467     0.00484     0.11510     0.07146     0.08922     0.08335     0.06701     0.00174     0.01382     0.00242     0.00285     0.00334     0.00365     0.00219     0.54058
     5.25370     0.07853     0.00414     0.00528     0.00496     0.13240     0.08915     0.10660     0.07708     0.07340     0.00173     0.01341     0.00267     0.00338     0.00341     0.00349     0.00245     0.60207
     5.30670     0.07841     0.00367     0.00588     0.00490     0.14570     0.10140     0.09156     0.07363     0.07751     0.00175     0.01188     0.00287     0.00288     0.00323     0.00352     0.00243     0.61122
     5.36070     0.08574     0.00388     0.00699     0.00464     0.16050     0.10990     0.09544     0.07044     0.08194     0.00198     0.01098     0.00297     0.00288     0.00302     0.00390     0.00273     0.64792
     5.41370     0.10270     0.00417     0.00935     0.00503     0.20610     0.13060     0.09866     0.07743     0.08643     0.00201     0.01111     0.00329     0.00299     0.00323     0.00446     0.00295     0.75051
     5.46770     0.09584     0.00428     0.00895     0.00551     0.18920     0.12500     0.08746     0.07820     0.09358     0.00162     0.01140     0.00281     0.00260     0.00326     0.00372     0.00265     0.71608
     5.52170     0.08889     0.00458     0.00879     0.00606     0.20100     0.11680     0.08535     0.08628     0.09440     0.00156     0.01183     0.00249     0.00283     0.00331     0.00376     0.00290     0.72084
     5.57470     0.07755     0.00470     0.00777     0.00599     0.15380     0.08526     0.07501     0.07137     0.09113     0.00164     0.01123     0.00212     0.00264     0.00326     0.00355     0.00300     0.60004
     5.62870     0.07565     0.00541     0.00692     0.00591     0.15500     0.09238     0.08247     0.07703     0.09873     0.00243     0.00979     0.00247     0.00274     0.00344     0.00467     0.00381     0.62886
     5.68170     0.07543     0.00609     0.00600     0.00569     0.12780     0.07876     0.08390     0.06117     0.08814     0.00220     0.00734     0.00227     0.00236     0.00290     0.00474     0.00348     0.55827
     5.73570     0.07575     0.00539     0.00550     0.00528     0.11220     0.06733     0.07742     0.06203     0.08085     0.00214     0.00678     0.00214     0.00229     0.00265     0.00454     0.00324     0.51552
     5.78970     0.07761     0.00552     0.00566     0.00555     0.11510     0.07129     0.07582     0.07477     0.08420     0.00211     0.00685     0.00226     0.00236     0.00266     0.00467     0.00316     0.53958
     5.84270     0.08430     0.00617     0.00751     0.00645     0.16400     0.11040     0.12060     0.10640     0.09695     0.00244     0.00791     0.00345     0.00355     0.00377     0.00551     0.00363     0.73304
     5.89670     0.09508     0.00722     0.01044     0.00822     0.20820     0.13540     0.12830     0.10760     0.11560     0.00279     0.00984     0.00340     0.00437     0.00356     0.00651     0.00434     0.85087
     5.94970     0.10200     0.00825     0.01186     0.01047     0.22090     0.14060     0.12920     0.10110     0.12030     0.00264     0.01115     0.00317     0.00415     0.00378     0.00659     0.00516     0.88132
     6.00370     0.10910     0.00869     0.01135     0.01069     0.20900     0.13860     0.14060     0.09484     0.12650     0.00240     0.01050     0.00319     0.00356     0.00390     0.00649     0.00571     0.88511
     6.05670     0.11420     0.00722     0.01158     0.01094     0.25220     0.14130     0.14380     0.11150     0.11530     0.00239     0.01227     0.00345     0.00391     0.00440     0.00595     0.00652     0.94692
     6.11070     0.10490     0.00465     0.00993     0.00778     0.20110     0.13400     0.13050     0.11540     0.09867     0.00200     0.01135     0.00324     0.00297     0.00407     0.00486     0.00542     0.84084
     6.16470     0.08956     0.00349     0.00947     0.00508     0.15750     0.13670     0.12700     0.14620     0.11680     0.00215     0.01194     0.00341     0.00259     0.00393     0.00519     0.00451     0.82552
     6.21770     0.07840     0.00309     0.00923     0.00443     0.13070     0.12580     0.10020     0.10810     0.09719     0.00194     0.01025     0.00266     0.00188     0.00309     0.00481     0.00354     0.68532
     6.27170     0.09758     0.00370     0.01030     0.00584     0.14360     0.14270     0.13310     0.10990     0.12010     0.00215     0.01074     0.00251     0.00194     0.00319     0.00512     0.00384     0.79631
     6.32470     0.12090     0.00438     0.01311     0.00858     0.18530     0.18110     0.15080     0.11890     0.16260     0.00257     0.01111     0.00259     0.00300     0.00355     0.00549     0.00451     0.97848
     6.37870     0.11950     0.00458     0.01179     0.01066     0.22240     0.19110     0.12770     0.14110     0.14940     0.00316     0.01056     0.00262     0.00322     0.00370     0.00574     0.00481     1.01203
     6.43170     0.09573     0.00342     0.01092     0.00962     0.19420     0.18280     0.11250     0.14230     0.10830     0.00266     0.00830     0.00253     0.00352     0.00361     0.00534     0.00451     0.89028
     6.48570     0.08111     0.00305     0.01051     0.00876     0.16570     0.17030     0.09519     0.13680     0.09470     0.00251     0.00753     0.00224     0.00315     0.00341     0.00509     0.00378     0.79385
     6.53970     0.06122     0.00264     0.01062     0.00765     0.12310     0.16470     0.08723     0.13790     0.09470     0.00247     0.00731     0.00221     0.00295     0.00340     0.00512     0.00340     0.71663
     6.59270     0.05700     0.00288     0.01175     0.00734     0.10860     0.16940     0.08839     0.14730     0.12350     0.00266     0.00769     0.00247     0.00294     0.00354     0.00547     0.00346     0.74439
     6.64670     0.05539     0.00321     0.01366     0.00619     0.08836     0.17060     0.08514     0.14740     0.13010     0.00282     0.00731     0.00250     0.00273     0.00318     0.00550     0.00370     0.72779
     6.69970     0.04817     0.00353     0.01339     0.00558     0.07509     0.17840     0.08799     0.15220     0.15290     0.00302     0.00725     0.00245     0.00255     0.00281     0.00567     0.00394     0.74496
     6.75370     0.04284     0.00394     0.01278     0.00594     0.07168     0.17850     0.09099     0.15750     0.14770     0.00317     0.00774     0.00238     0.00267     0.00269     0.00566     0.00396     0.74015
     6.80670     0.04500     0.00415     0.01304     0.00614     0.06988     0.17850     0.09260     0.15850     0.14260     0.00338     0.00761     0.00235     0.00250     0.00268     0.00569     0.00408     0.73870
     6.86070     0.04717     0.00441     0.01311     0.00663     0.06812     0.18170     0.09310     0.16350     0.14380     0.00344     0.00761     0.00231     0.00232     0.00271     0.00584     0.00411     0.74988
     6.91470     0.04384     0.00432     0.01277     0.00645     0.06668     0.18360     0.10690     0.16150     0.15340     0.00366     0.00723     0.00230     0.00208     0.00253     0.00551     0.00413     0.76689
     6.96770     0.04231     0.00417     0.01274     0.00638     0.06214     0.17330     0.10260     0.15340     0.13400     0.00385     0.00648     0.00221     0.00182     0.00262     0.00518     0.00435     0.71755
     7.02170     0.04163     0.00417     0.01315     0.00647     0.05982     0.15800     0.08664     0.14290     0.10230     0.00405     0.00611     0.00213     0.00158     0.00260     0.00485     0.00472     0.64113
     7.07470     0.04098     0.00413     0.01342     0.00635     0.05837     0.15280     0.08111     0.13880     0.09087     0.00427     0.00573     0.00213     0.00137     0.00254     0.00475     0.00529     0.61291
     7.12870     0.04057     0.00409     0.01412     0.00638     0.05868     0.16100     0.07892     0.14280     0.09151     0.00432     0.00528     0.00210     0.00129     0.00256     0.00476     0.00566     0.62404
     7.18270     0.04158     0.00451     0.01673     0.00782     0.07555     0.17590     0.08991     0.13980     0.09979     0.00458     0.00517     0.00207     0.00125     0.00257     0.00462     0.00584     0.67769
     7.23570     0.04207     0.00426     0.01573     0.00655     0.06760     0.15520     0.09602     0.13750     0.09503     0.00490     0.00503     0.00200     0.00114     0.00245     0.00445     0.00551     0.64543
     7.28970     0.04503     0.00352     0.01358     0.00519     0.06273     0.13930     0.11540     0.13350     0.12750     0.00631     0.00511     0.00265     0.00106     0.00251     0.00424     0.00528     0.67290
     7.34270     0.04502     0.00286     0.01120     0.00400     0.05185     0.13150     0.12920     0.12860     0.14820     0.00724     0.00532     0.00317     0.00105     0.00241     0.00416     0.00488     0.68066
     7.39670     0.04128     0.00306     0.01132     0.00430     0.05056     0.13990     0.11030     0.13170     0.11240     0.00676     0.00504     0.00263     0.00108     0.00235     0.00404     0.00463     0.63134
     7.44970     0.04144     0.00288     0.01090     0.00497     0.05951     0.15880     0.10750     0.14080     0.15230     0.00728     0.00487     0.00409     0.00119     0.00335     0.00484     0.00457     0.70930
     7.50370     0.03726     0.00281     0.00946     0.00387     0.05355     0.15060     0.08044     0.13530     0.10120     0.00604     0.00395     0.00322     0.00101     0.00287     0.00504     0.00418     0.60080
     7.55770     0.03617     0.00297     0.00869     0.00356     0.04993     0.14940     0.07180     0.13250     0.08382     0.00517     0.00329     0.00285     0.00096     0.00234     0.00381     0.00376     0.56104
     7.61070     0.04824     0.00336     0.00975     0.00405     0.05733     0.16150     0.07682     0.14340     0.08391     0.00503     0.00437     0.00291     0.00107     0.00238     0.00376     0.00371     0.61159
     7.66470     0.05567     0.00346     0.01040     0.00430     0.05905     0.14340     0.07634     0.13670     0.08314     0.00483     0.00493     0.00291     0.00124     0.00248     0.00382     0.00373     0.59640
     7.71770     0.05985     0.00340     0.01085     0.00426     0.05070     0.11860     0.07357     0.12000     0.07742     0.00473     0.00471     0.00294     0.00125     0.00263     0.00384     0.00370     0.54245
     7.77170     0.05791     0.00350     0.01096     0.00421     0.04471     0.10410     0.06559     0.12220     0.07259     0.00447     0.00428     0.00299     0.00119     0.00260     0.00398     0.00365     0.50893
     7.82470     0.05771     0.00369     0.01119     0.00421     0.03715     0.08517     0.05934     0.10530     0.06896     0.00420     0.00396     0.00305     0.00106     0.00252     0.00404     0.00359     0.45514
     7.87870     0.05664     0.00370     0.01121     0.00415     0.03305     0.07381     0.05288     0.09634     0.06499     0.00388     0.00380     0.00312     0.00089     0.00246     0.00414     0.00354     0.41861
     7.93270     0.05728     0.00479     0.01154     0.00494     0.03173     0.07111     0.05427     0.09578     0.06430     0.00373     0.00420     0.00323     0.00091     0.00251     0.00423     0.00354     0.41808
     7.98570     0.06417     0.00463     0.01141     0.00447     0.03112     0.06655     0.05877     0.09193     0.07152     0.00369     0.00455     0.00371     0.00091     0.00253     0.00441     0.00349     0.42788
     8.03970     0.05786     0.00360     0.01081     0.00324     0.02739     0.06193     0.05136     0.08555     0.05650     0.00318     0.00434     0.00348     0.00084     0.00234     0.00445     0.00332     0.38020
     8.09270     0.05633     0.00258     0.01035     0.00235     0.02505     0.06156     0.04890     0.08836     0.04748     0.00285     0.00466     0.00343     0.00080     0.00226     0.00460     0.00331     0.36487
     8.14670     0.05557     0.00251     0.01045     0.00221     0.02405     0.06182     0.04448     0.09133     0.04356     0.00260     0.00464     0.00350     0.00079     0.00231     0.00445     0.00324     0.35751
     8.20070     0.05684     0.00315     0.01199     0.00282     0.02992     0.06734     0.04437     0.10130     0.04357     0.00248     0.00455     0.00390     0.00101     0.00255     0.00413     0.00345     0.38336
     8.25370     0.06016     0.00309     0.01179     0.00263     0.02737     0.06504     0.04541     0.10870     0.04586     0.00223     0.00459     0.00400     0.00092     0.00263     0.00408     0.00333     0.39184
     8.30770     0.06391     0.00363     0.01251     0.00286     0.03018     0.06728     0.05394     0.12850     0.05034     0.00215     0.00492     0.00422     0.00105     0.00284     0.00426     0.00352     0.43612
     8.36070     0.06875     0.00386     0.01252     0.00261     0.02734     0.06664     0.05127     0.12340     0.04920     0.00199     0.00467     0.00447     0.00092     0.00286     0.00417     0.00374     0.42839
     8.41470     0.06961     0.00339     0.01192     0.00226     0.02350     0.06616     0.04777     0.10890     0.04884     0.00173     0.00420     0.00467     0.00079     0.00282     0.00367     0.00412     0.40435
     8.46770     0.07904     0.00362     0.01261     0.00231     0.02263     0.06899     0.04801     0.10720     0.05682     0.00161     0.00398     0.00543     0.00089     0.00292     0.00394     0.00706     0.42707
     8.52170     0.07576     0.00377     0.01209     0.00224     0.02109     0.06774     0.04078     0.09985     0.04956     0.00137     0.00358     0.00505     0.00073     0.00280     0.00314     0.00459     0.39413
     8.57570     0.07609     0.00377     0.01174     0.00211     0.02061     0.06675     0.03675     0.09169     0.04659     0.00128     0.00320     0.00487     0.00065     0.00271     0.00302     0.00412     0.37595
     8.62870     0.08247     0.00395     0.01241     0.00212     0.02105     0.07006     0.03571     0.09227     0.04602     0.00129     0.00312     0.00495     0.00065     0.00272     0.00309     0.00387     0.38575
     8.68270     0.08868     0.00409     0.01209     0.00212     0.02055     0.07306     0.03534     0.09430     0.04544     0.00135     0.00302     0.00517     0.00058     0.00277     0.00301     0.00380     0.39537
     8.73570     0.08966     0.00409     0.01150     0.00212     0.02005     0.07313     0.03397     0.09294     0.04481     0.00137     0.00284     0.00506     0.00053     0.00280     0.00295     0.00376     0.39159
     8.78970     0.09311     0.00413     0.01178     0.00228     0.02282     0.07192     0.03602     0.09127     0.04707     0.00134     0.00268     0.00530     0.00058     0.00300     0.00304     0.00367     0.40001
     8.84270     0.09222     0.00384     0.01178     0.00214     0.02192     0.06727     0.03401     0.09029     0.04772     0.00131     0.00251     0.00507     0.00055     0.00311     0.00318     0.00361     0.39054
     8.89670     0.08980     0.00340     0.01157     0.00192     0.02180     0.06499     0.03503     0.08539     0.05069     0.00132     0.00242     0.00487     0.00053     0.00319     0.00341     0.00362     0.38395
     8.95070     0.08850     0.00281     0.01085     0.00135     0.01254     0.05162     0.02446     0.07928     0.05389     0.00131     0.00187     0.00428     0.00041     0.00313     0.00336     0.00373     0.34339
     9.00370     0.07345     0.00238     0.01091     0.00098     0.00658     0.03988     0.01393     0.06741     0.04295     0.00112     0.00157     0.00346     0.00030     0.00301     0.00271     0.00344     0.27407
     9.05770     0.05541     0.00196     0.01091     0.00081     0.00394     0.03073     0.00872     0.05360     0.03049     0.00096     0.00139     0.00280     0.00025     0.00278     0.00218     0.00313     0.21005
     9.11070     0.04767     0.00190     0.01120     0.00071     0.00264     0.02659     0.00653     0.04878     0.02663     0.00092     0.00130     0.00247     0.00021     0.00274     0.00186     0.00292     0.18508
     9.16470     0.04109     0.00188     0.01119     0.00066     0.00210     0.02371     0.00556     0.04528     0.02649     0.00093     0.00121     0.00222     0.00019     0.00272     0.00176     0.00282     0.16979
     9.21770     0.03492     0.00184     0.01110     0.00062     0.00173     0.02088     0.00462     0.04235     0.02763     0.00097     0.00112     0.00194     0.00016     0.00272     0.00167     0.00279     0.15706
     9.27170     0.02880     0.00188     0.01105     0.00063     0.00158     0.01792     0.00412     0.03974     0.02745     0.00097     0.00105     0.00175     0.00016     0.00269     0.00159     0.00278     0.14416
     9.32570     0.02407     0.00186     0.01122     0.00061     0.00140     0.01559     0.00351     0.03808     0.02668     0.00101     0.00101     0.00163     0.00015     0.00269     0.00156     0.00277     0.13384
     9.37870     0.02117     0.00170     0.01158     0.00057     0.00127     0.01411     0.00307     0.03871     0.02518     0.00106     0.00098     0.00147     0.00014     0.00269     0.00160     0.00286     0.12817
     9.43270     0.01607     0.00139     0.01093     0.00044     0.00105     0.01232     0.00249     0.03553     0.01621     0.00098     0.00093     0.00120     0.00012     0.00254     0.00155     0.00271     0.10647
     9.48570     0.01352     0.00111     0.01153     0.00039     0.00087     0.01125     0.00211     0.03403     0.01428     0.00097     0.00092     0.00119     0.00010     0.00252     0.00146     0.00266     0.09891
     9.53970     0.01147     0.00095     0.01169     0.00035     0.00070     0.00884     0.00170     0.02797     0.01166     0.00094     0.00079     0.00111     0.00009     0.00247     0.00133     0.00231     0.08436
     9.59370     0.00964     0.00088     0.01402     0.00028     0.00062     0.00738     0.00148     0.02366     0.00989     0.00091     0.00068     0.00083     0.00009     0.00174     0.00126     0.00227     0.07565
     9.64670     0.00838     0.00077     0.01451     0.00017     0.00056     0.00615     0.00130     0.02114     0.00920     0.00073     0.00063     0.00026     0.00009     0.00102     0.00122     0.00211     0.06825
     9.70070     0.00690     0.00073     0.00764     0.00013     0.00051     0.00478     0.00119     0.01941     0.00876     0.00069     0.00044     0.00014     0.00005     0.00082     0.00117     0.00209     0.05546
     9.75370     0.00597     0.00073     0.00598     0.00012     0.00047     0.00415     0.00114     0.01757     0.00832     0.00073     0.00036     0.00012     0.00004     0.00077     0.00115     0.00204     0.04965
     9.80770     0.00522     0.00075     0.00542     0.00011     0.00044     0.00353     0.00112     0.01606     0.00783     0.00075     0.00033     0.00011     0.00004     0.00074     0.00112     0.00196     0.04553
     9.86070     0.00459     0.00077     0.00499     0.00010     0.00042     0.00313     0.00111     0.01521     0.00748     0.00080     0.00031     0.00010     0.00004     0.00075     0.00109     0.00206     0.04294
     9.91470     0.00380     0.00077     0.00403     0.00009     0.00041     0.00269     0.00106     0.01393     0.00720     0.00085     0.00025     0.00009     0.00003     0.00077     0.00102     0.00225     0.03922
     9.96870     0.00279     0.00076     0.00306     0.00008     0.00039     0.00229     0.00096     0.01192     0.00662     0.00085     0.00019     0.00008     0.00002     0.00074     0.00084     0.00237     0.03397
    10.02170     0.00215     0.00086     0.00245     0.00008     0.00037     0.00200     0.00103     0.01051     0.00634     0.00087     0.00016     0.00008     0.00002     0.00070     0.00076     0.00239     0.03079
    10.07570     0.00164     0.00111     0.00202     0.00009     0.00035     0.00107     0.00127     0.00881     0.00627     0.00085     0.00012     0.00009     0.00002     0.00070     0.00059     0.00264     0.02765
    10.12870     0.00121     0.00064     0.00149     0.00006     0.00030     0.00069     0.00067     0.00682     0.00454     0.00069     0.00009     0.00006     0.00001     0.00062     0.00043     0.00228     0.02060
    10.18270     0.00085     0.00032     0.00109     0.00004     0.00022     0.00053     0.00034     0.00417     0.00292     0.00060     0.00006     0.00004     0.00001     0.00050     0.00031     0.00211     0.01411
    10.23570     0.00074     0.00018     0.00119     0.00003     0.00026     0.00062     0.00021     0.00350     0.00241     0.00070     0.00007     0.00004     0.00001     0.00066     0.00032     0.00303     0.01398
    10.28970     0.00050     0.00008     0.00059     0.00002     0.00012     0.00031     0.00012     0.00196     0.00137     0.00056     0.00004     0.00003     0.00000     0.00029     0.00025     0.00178     0.00801
    10.34370     0.00026     0.00003     0.00030     0.00001     0.00004     0.00014     0.00005     0.00093     0.00066     0.00022     0.00002     0.00001     0.00000     0.00011     0.00015     0.00070     0.00362
    10.39670     0.00012     0.00002     0.00016     0.00000     0.00002     0.00005     0.00001     0.00045     0.00025     0.00001     0.00001     0.00000     0.00000     0.00004     0.00008     0.00008     0.00130
    10.45070     0.00005     0.00001     0.00007     0.00000     0.00001     0.00002     0.00000     0.00019     0.00011     0.00000     0.00000     0.00000     0.00000     0.00002     0.00003     0.00003     0.00055
    10.50370     0.00001     0.00000     0.00001     0.00000     0.00000     0.00000     0.00000     0.00004     0.00002     0.00000     0.00000     0.00000     0.00000     0.00000     0.00001     0.00001     0.00012
    10.55770     0.00000     0.00000     0.00000     0.00000     0.00000     0.00000     0.00000     0.00000     0.00000     0.00000     0.00000     0.00000     0.00000     0.00000     0.00000     0.00000     0.00000
    10.61170     0.00000     0.00000     0.00000     0.00000     0.00000     0.00000     0.00000     0.00000     0.00000     0.00000     0.00000     0.00000     0.00000     0.00000     0.00000     0.00000     0.00000
    10.66470     0.00000     0.00000     0.00000     0.00000     0.00000     0.00000     0.00000     0.00000     0.00000     0.00000     0.00000     0.00000     0.00000     0.00000     0.00000     0.00000     0.00000
    10.71870     0.00000     0.00000     0.00000     0.00000     0.00000     0.00000     0.00000     0.00000     0.00000     0.00000     0.00000     0.00000     0.00000     0.00000     0.00000     0.00000     0.00000
    10.77170     0.00000     0.00000     0.00000     0.00000     0.00000     0.00000     0.00000     0.00000     0.00000     0.00000     0.00000     0.00000     0.00000     0.00000     0.00000     0.00000     0.00000
    10.82570     0.00000     0.00000     0.00000     0.00000     0.00000     0.00000     0.00000     0.00000     0.00000     0.00000     0.00000     0.00000     0.00000     0.00000     0.00000     0.00000     0.00000
    10.87870     0.00000     0.00000     0.00000     0.00000     0.00000     0.00000     0.00000     0.00000     0.00000     0.00000     0.00000     0.00000     0.00000     0.00000     0.00000     0.00000     0.00000
    10.93270     0.00000     0.00000     0.00000     0.00000     0.00000     0.00000     0.00000     0.00000     0.00000     0.00000     0.00000     0.00000     0.00000     0.00000     0.00000     0.00000     0.00000
    10.98670     0.00000     0.00000     0.00000     0.00000     0.00000     0.00000     0.00000     0.00000     0.00000     0.00000     0.00000     0.00000     0.00000     0.00000     0.00000     0.00000     0.00000
    11.03970     0.00000     0.00000     0.00000     0.00000     0.00000     0.00000     0.00000     0.00000     0.00000     0.00000     0.00000     0.00000     0.00000     0.00000     0.00000     0.00000     0.00000
    11.09370     0.00000     0.00000     0.00000     0.00000     0.00000     0.00000     0.00000     0.00000     0.00000     0.00000     0.00000     0.00000     0.00000     0.00000     0.00000     0.00000     0.00000
    11.14670     0.00000     0.00000     0.00000     0.00000     0.00000     0.00000     0.00000     0.00000     0.00000     0.00000     0.00000     0.00000     0.00000     0.00000     0.00000     0.00000     0.00000
    11.20070     0.00000     0.00000     0.00000     0.00000     0.00000     0.00000     0.00000     0.00000     0.00000     0.00000     0.00000     0.00000     0.00000     0.00000     0.00000     0.00000     0.00000
    11.25370     0.00000     0.00000     0.00000     0.00000     0.00000     0.00000     0.00000     0.00000     0.00000     0.00000     0.00000     0.00000     0.00000     0.00000     0.00000     0.00000     0.00000
    11.30770     0.00000     0.00000     0.00000     0.00000     0.00000     0.00000     0.00000     0.00000     0.00000     0.00000     0.00000     0.00000     0.00000     0.00000     0.00000     0.00000     0.00000
    11.36170     0.00000     0.00000     0.00000     0.00000     0.00000     0.00000     0.00000     0.00000     0.00000     0.00000     0.00000     0.00000     0.00000     0.00000     0.00000     0.00000     0.00000
    11.41470     0.00000     0.00000     0.00000     0.00000     0.00000     0.00000     0.00000     0.00000     0.00000     0.00000     0.00000     0.00000     0.00000     0.00000     0.00000     0.00000     0.00000
    11.46870     0.00000     0.00000     0.00000     0.00000     0.00000     0.00000     0.00000     0.00000     0.00000     0.00000     0.00000     0.00000     0.00000     0.00000     0.00000     0.00000     0.00000
    11.52170     0.00000     0.00000     0.00000     0.00000     0.00000     0.00000     0.00000     0.00000     0.00000     0.00000     0.00000     0.00000     0.00000     0.00000     0.00000     0.00000     0.00000
    11.57570     0.00000     0.00000     0.00000     0.00000     0.00000     0.00000     0.00000     0.00000     0.00000     0.00000     0.00000     0.00000     0.00000     0.00000     0.00000     0.00000     0.00000
    11.62870     0.00000     0.00000     0.00000     0.00000     0.00000     0.00000     0.00000     0.00000     0.00000     0.00000     0.00000     0.00000     0.00000     0.00000     0.00000     0.00000     0.00000
    11.68270     0.00000     0.00000     0.00000     0.00000     0.00000     0.00000     0.00000     0.00000     0.00000     0.00000     0.00000     0.00000     0.00000     0.00000     0.00000     0.00000     0.00000
    11.73670     0.00000     0.00000     0.00000     0.00000     0.00000     0.00000     0.00000     0.00000     0.00000     0.00000     0.00000     0.00000     0.00000     0.00000     0.00000     0.00000     0.00000
    11.78970     0.00000     0.00000     0.00000     0.00000     0.00000     0.00000     0.00000     0.00000     0.00000     0.00000     0.00000     0.00000     0.00000     0.00000     0.00000     0.00000     0.00000
    11.84370     0.00000     0.00000     0.00000     0.00000     0.00000     0.00000     0.00000     0.00000     0.00000     0.00000     0.00000     0.00000     0.00000     0.00000     0.00000     0.00000     0.00000
    11.89670     0.00000     0.00000     0.00000     0.00000     0.00000     0.00000     0.00000     0.00000     0.00000     0.00000     0.00000     0.00000     0.00000     0.00000     0.00000     0.00000     0.00000
    11.95070     0.00000     0.00000     0.00000     0.00000     0.00000     0.00000     0.00000     0.00000     0.00000     0.00000     0.00000     0.00000     0.00000     0.00000     0.00000     0.00000     0.00000
    12.00470     0.00000     0.00000     0.00000     0.00000     0.00000     0.00000     0.00000     0.00000     0.00000     0.00000     0.00000     0.00000     0.00000     0.00000     0.00000     0.00000     0.00000
    12.05770     0.00000     0.00000     0.00000     0.00000     0.00000     0.00000     0.00000     0.00000     0.00000     0.00000     0.00000     0.00000     0.00000     0.00000     0.00000     0.00000     0.00000
    12.11170     0.00000     0.00000     0.00000     0.00000     0.00000     0.00000     0.00000     0.00000     0.00000     0.00000     0.00000     0.00000     0.00000     0.00000     0.00000     0.00000     0.00000
    12.16470     0.00000     0.00000     0.00000     0.00000     0.00000     0.00000     0.00000     0.00000     0.00000     0.00000     0.00000     0.00000     0.00000     0.00000     0.00000     0.00000     0.00000
    12.21870     0.00000     0.00000     0.00000     0.00000     0.00000     0.00000     0.00000     0.00000     0.00000     0.00000     0.00000     0.00000     0.00000     0.00000     0.00000     0.00000     0.00000
    12.27170     0.00000     0.00000     0.00000     0.00000     0.00000     0.00000     0.00000     0.00000     0.00000     0.00000     0.00000     0.00000     0.00000     0.00000     0.00000     0.00000     0.00000
    12.32570     0.00000     0.00000     0.00000     0.00000     0.00000     0.00000     0.00000     0.00000     0.00000     0.00000     0.00000     0.00000     0.00000     0.00000     0.00000     0.00000     0.00000
    12.37970     0.00000     0.00000     0.00000     0.00000     0.00000     0.00000     0.00000     0.00000     0.00000     0.00000     0.00000     0.00000     0.00000     0.00000     0.00000     0.00000     0.00000
    12.43270     0.00000     0.00000     0.00000     0.00000     0.00000     0.00000     0.00000     0.00000     0.00000     0.00000     0.00000     0.00000     0.00000     0.00000     0.00000     0.00000     0.00000
    12.48670     0.00000     0.00000     0.00000     0.00000     0.00000     0.00000     0.00000     0.00000     0.00000     0.00000     0.00000     0.00000     0.00000     0.00000     0.00000     0.00000     0.00000
    12.53970     0.00000     0.00000     0.00000     0.00000     0.00000     0.00000     0.00000     0.00000     0.00000     0.00000     0.00000     0.00000     0.00000     0.00000     0.00000     0.00000     0.00000
    12.59370     0.00000     0.00000     0.00000     0.00000     0.00000     0.00000     0.00000     0.00000     0.00000     0.00000     0.00000     0.00000     0.00000     0.00000     0.00000     0.00000     0.00000
    12.64670     0.00000     0.00000     0.00000     0.00000     0.00000     0.00000     0.00000     0.00000     0.00000     0.00000     0.00000     0.00000     0.00000     0.00000     0.00000     0.00000     0.00000
    12.70070     0.00000     0.00000     0.00000     0.00000     0.00000     0.00000     0.00000     0.00000     0.00000     0.00000     0.00000     0.00000     0.00000     0.00000     0.00000     0.00000     0.00000
    12.75470     0.00000     0.00000     0.00000     0.00000     0.00000     0.00000     0.00000     0.00000     0.00000     0.00000     0.00000     0.00000     0.00000     0.00000     0.00000     0.00000     0.00000
    12.80770     0.00000     0.00000     0.00000     0.00000     0.00000     0.00000     0.00000     0.00000     0.00000     0.00000     0.00000     0.00000     0.00000     0.00000     0.00000     0.00000     0.00000
    12.86170     0.00000     0.00000     0.00000     0.00000     0.00000     0.00000     0.00000     0.00000     0.00000     0.00000     0.00000     0.00000     0.00000     0.00000     0.00000     0.00000     0.00000
    12.91470     0.00000     0.00000     0.00000     0.00000     0.00000     0.00000     0.00000     0.00000     0.00000     0.00000     0.00000     0.00000     0.00000     0.00000     0.00000     0.00000     0.00000
    12.96870     0.00000     0.00000     0.00000     0.00000     0.00000     0.00000     0.00000     0.00000     0.00000     0.00000     0.00000     0.00000     0.00000     0.00000     0.00000     0.00000     0.00000
    13.02170     0.00000     0.00000     0.00000     0.00000     0.00000     0.00000     0.00000     0.00000     0.00000     0.00000     0.00000     0.00000     0.00000     0.00000     0.00000     0.00000     0.00000
    13.07570     0.00000     0.00000     0.00000     0.00000     0.00000     0.00000     0.00000     0.00000     0.00000     0.00000     0.00000     0.00000     0.00000     0.00000     0.00000     0.00000     0.00000
    13.12970     0.00000     0.00000     0.00000     0.00000     0.00000     0.00000     0.00000     0.00000     0.00000     0.00000     0.00000     0.00000     0.00000     0.00000     0.00000     0.00000     0.00000
    13.18270     0.00000     0.00000     0.00000     0.00000     0.00000     0.00000     0.00000     0.00000     0.00000     0.00000     0.00000     0.00000     0.00000     0.00000     0.00000     0.00000     0.00000
    13.23670     0.00000     0.00000     0.00000     0.00000     0.00000     0.00000     0.00000     0.00000     0.00000     0.00000     0.00000     0.00000     0.00000     0.00000     0.00000     0.00000     0.00000
    13.28970     0.00000     0.00000     0.00000     0.00000     0.00000     0.00000     0.00000     0.00000     0.00000     0.00000     0.00000     0.00000     0.00000     0.00000     0.00000     0.00000     0.00000
    13.34370     0.00000     0.00000     0.00000     0.00000     0.00000     0.00000     0.00000     0.00000     0.00000     0.00000     0.00000     0.00000     0.00000     0.00000     0.00000     0.00000     0.00000
    13.39770     0.00000     0.00000     0.00000     0.00000     0.00000     0.00000     0.00000     0.00000     0.00000     0.00000     0.00000     0.00000     0.00000     0.00000     0.00000     0.00000     0.00000
    13.45070     0.00000     0.00000     0.00000     0.00000     0.00000     0.00000     0.00000     0.00000     0.00000     0.00000     0.00000     0.00000     0.00000     0.00000     0.00000     0.00000     0.00000
    13.50470     0.00000     0.00000     0.00000     0.00000     0.00000     0.00000     0.00000     0.00000     0.00000     0.00000     0.00000     0.00000     0.00000     0.00000     0.00000     0.00000     0.00000
    13.55770     0.00000     0.00000     0.00000     0.00000     0.00000     0.00000     0.00000     0.00000     0.00000     0.00000     0.00000     0.00000     0.00000     0.00000     0.00000     0.00000     0.00000
    13.61170     0.00000     0.00000     0.00000     0.00000     0.00000     0.00000     0.00000     0.00000     0.00000     0.00000     0.00000     0.00000     0.00000     0.00000     0.00000     0.00000     0.00000
    13.66470     0.00000     0.00000     0.00000     0.00000     0.00000     0.00000     0.00000     0.00000     0.00000     0.00000     0.00000     0.00000     0.00000     0.00000     0.00000     0.00000     0.00000
    13.71870     0.00000     0.00000     0.00000     0.00000     0.00000     0.00000     0.00000     0.00000     0.00000     0.00000     0.00000     0.00000     0.00000     0.00000     0.00000     0.00000     0.00000
    13.77270     0.00000     0.00000     0.00000     0.00000     0.00000     0.00000     0.00000     0.00000     0.00000     0.00000     0.00000     0.00000     0.00000     0.00000     0.00000     0.00000     0.00000
    13.82570     0.00000     0.00000     0.00000     0.00000     0.00000     0.00000     0.00000     0.00000     0.00000     0.00000     0.00000     0.00000     0.00000     0.00000     0.00000     0.00000     0.00000
    13.87970     0.00000     0.00000     0.00000     0.00000     0.00000     0.00000     0.00000     0.00000     0.00000     0.00000     0.00000     0.00000     0.00000     0.00000     0.00000     0.00000     0.00000
    13.93270     0.00000     0.00000     0.00000     0.00000     0.00000     0.00000     0.00000     0.00000     0.00000     0.00000     0.00000     0.00000     0.00000     0.00000     0.00000     0.00000     0.00000
    13.98670     0.00000     0.00000     0.00000     0.00000     0.00000     0.00000     0.00000     0.00000     0.00000     0.00000     0.00000     0.00000     0.00000     0.00000     0.00000     0.00000     0.00000
    14.03970     0.00000     0.00000     0.00000     0.00000     0.00000     0.00000     0.00000     0.00000     0.00000     0.00000     0.00000     0.00000     0.00000     0.00000     0.00000     0.00000     0.00000
    14.09370     0.00000     0.00000     0.00000     0.00000     0.00000     0.00000     0.00000     0.00000     0.00000     0.00000     0.00000     0.00000     0.00000     0.00000     0.00000     0.00000     0.00000
    14.14770     0.00000     0.00000     0.00000     0.00000     0.00000     0.00000     0.00000     0.00000     0.00000     0.00000     0.00000     0.00000     0.00000     0.00000     0.00000     0.00000     0.00000
    14.20070     0.00000     0.00000     0.00000     0.00000     0.00000     0.00000     0.00000     0.00000     0.00000     0.00000     0.00000     0.00000     0.00000     0.00000     0.00000     0.00000     0.00000
