     #Energy           s          py          pz          px         dxy         dyz         dz2         dxz         dx2       fy3x2        fxyz        fyz2         fz3        fxz2        fzx2         fx3       tot  
   -82.45490     0.00000     0.00000     0.00000     0.00000     0.00000     0.00000     0.00000     0.00000     0.00000     0.00000     0.00000     0.00000     0.00000     0.00000     0.00000     0.00000     0.00000
   -82.38890     0.00000     0.00000     0.00000     0.00000     0.00000     0.00000     0.00000     0.00000     0.00000     0.00000     0.00000     0.00000     0.00000     0.00000     0.00000     0.00000     0.00000
   -82.32390     0.00000     0.00000     0.00000     0.00000     0.00000     0.00000     0.00000     0.00000     0.00000     0.00000     0.00000     0.00000     0.00000     0.00000     0.00000     0.00000     0.00000
   -82.25790     0.00000     0.00000     0.00000     0.00000     0.00000     0.00000     0.00000     0.00000     0.00000     0.00000     0.00000     0.00000     0.00000     0.00000     0.00000     0.00000     0.00000
   -82.19190     0.00000     0.00000     0.00000     0.00000     0.00000     0.00000     0.00000     0.00000     0.00000     0.00000     0.00000     0.00000     0.00000     0.00000     0.00000     0.00000     0.00000
   -82.12690     0.00000     0.00000     0.00000     0.00000     0.00000     0.00000     0.00000     0.00000     0.00000     0.00000     0.00000     0.00000     0.00000     0.00000     0.00000     0.00000     0.00000
   -82.06090     0.00000     0.00000     0.00000     0.00000     0.00000     0.00000     0.00000     0.00000     0.00000     0.00000     0.00000     0.00000     0.00000     0.00000     0.00000     0.00000     0.00000
   -81.99490     0.00000     0.00000     0.00000     0.00000     0.00000     0.00000     0.00000     0.00000     0.00000     0.00000     0.00000     0.00000     0.00000     0.00000     0.00000     0.00000     0.00000
   -81.92990     0.00000     0.00000     0.00000     0.00000     0.00000     0.00000     0.00000     0.00000     0.00000     0.00000     0.00000     0.00000     0.00000     0.00000     0.00000     0.00000     0.00000
   -81.86390     0.00000     0.00000     0.00000     0.00000     0.00000     0.00000     0.00000     0.00000     0.00000     0.00000     0.00000     0.00000     0.00000     0.00000     0.00000     0.00000     0.00000
   -81.79790     0.00000     0.00000     0.00000     0.00000     0.00000     0.00000     0.00000     0.00000     0.00000     0.00000     0.00000     0.00000     0.00000     0.00000     0.00000     0.00000     0.00000
   -81.73290     0.00000     0.00000     0.00000     0.00000     0.00000     0.00000     0.00000     0.00000     0.00000     0.00000     0.00000     0.00000     0.00000     0.00000     0.00000     0.00000     0.00000
   -81.66690     0.00000     0.00000     0.00000     0.00000     0.00000     0.00000     0.00000     0.00000     0.00000     0.00000     0.00000     0.00000     0.00000     0.00000     0.00000     0.00000     0.00000
   -81.60190     0.00000     0.00000     0.00000     0.00000     0.00000     0.00000     0.00000     0.00000     0.00000     0.00000     0.00000     0.00000     0.00000     0.00000     0.00000     0.00000     0.00000
   -81.53590     0.00000     0.00000     0.00000     0.00000     0.00000     0.00000     0.00000     0.00000     0.00000     0.00000     0.00000     0.00000     0.00000     0.00000     0.00000     0.00000     0.00000
   -81.46990     0.00000     0.00000     0.00000     0.00000     0.00000     0.00000     0.00000     0.00000     0.00000     0.00000     0.00000     0.00000     0.00000     0.00000     0.00000     0.00000     0.00000
   -81.40490     0.00000     0.00000     0.00000     0.00000     0.00000     0.00000     0.00000     0.00000     0.00000     0.00000     0.00000     0.00000     0.00000     0.00000     0.00000     0.00000     0.00000
   -81.33890     0.00000     0.00000     0.00000     0.00000     0.00000     0.00000     0.00000     0.00000     0.00000     0.00000     0.00000     0.00000     0.00000     0.00000     0.00000     0.00000     0.00000
   -81.27290     0.00000     0.00000     0.00000     0.00000     0.00000     0.00000     0.00000     0.00000     0.00000     0.00000     0.00000     0.00000     0.00000     0.00000     0.00000     0.00000     0.00000
   -81.20790     0.00000     0.00000     0.00000     0.00000     0.00000     0.00000     0.00000     0.00000     0.00000     0.00000     0.00000     0.00000     0.00000     0.00000     0.00000     0.00000     0.00000
   -81.14190     0.00000     0.00000     0.00000     0.00000     0.00000     0.00000     0.00000     0.00000     0.00000     0.00000     0.00000     0.00000     0.00000     0.00000     0.00000     0.00000     0.00000
   -81.07590     0.00000     0.00000     0.00000     0.00000     0.00000     0.00000     0.00000     0.00000     0.00000     0.00000     0.00000     0.00000     0.00000     0.00000     0.00000     0.00000     0.00000
   -81.01090     0.00000     0.00000     0.00000     0.00000     0.00000     0.00000     0.00000     0.00000     0.00000     0.00000     0.00000     0.00000     0.00000     0.00000     0.00000     0.00000     0.00000
   -80.94490     0.00000     0.00000     0.00000     0.00000     0.00000     0.00000     0.00000     0.00000     0.00000     0.00000     0.00000     0.00000     0.00000     0.00000     0.00000     0.00000     0.00000
   -80.87890     0.00000     0.00000     0.00000     0.00000     0.00000     0.00000     0.00000     0.00000     0.00000     0.00000     0.00000     0.00000     0.00000     0.00000     0.00000     0.00000     0.00000
   -80.81390     0.00000     0.00000     0.00000     0.00000     0.00000     0.00000     0.00000     0.00000     0.00000     0.00000     0.00000     0.00000     0.00000     0.00000     0.00000     0.00000     0.00000
   -80.74790     0.00000     0.00000     0.00000     0.00000     0.00000     0.00000     0.00000     0.00000     0.00000     0.00000     0.00000     0.00000     0.00000     0.00000     0.00000     0.00000     0.00000
   -80.68190     0.00000     0.00000     0.00000     0.00000     0.00000     0.00000     0.00000     0.00000     0.00000     0.00000     0.00000     0.00000     0.00000     0.00000     0.00000     0.00000     0.00000
   -80.61690     0.00000     0.00000     0.00000     0.00000     0.00000     0.00000     0.00000     0.00000     0.00000     0.00000     0.00000     0.00000     0.00000     0.00000     0.00000     0.00000     0.00000
   -80.55090     0.00000     0.00000     0.00000     0.00000     0.00000     0.00000     0.00000     0.00000     0.00000     0.00000     0.00000     0.00000     0.00000     0.00000     0.00000     0.00000     0.00000
   -80.48490     0.00000     0.00000     0.00000     0.00000     0.00000     0.00000     0.00000     0.00000     0.00000     0.00000     0.00000     0.00000     0.00000     0.00000     0.00000     0.00000     0.00000
   -80.41990     0.00000     0.00000     0.00000     0.00000     0.00000     0.00000     0.00000     0.00000     0.00000     0.00000     0.00000     0.00000     0.00000     0.00000     0.00000     0.00000     0.00000
   -80.35390     0.00000     0.00000     0.00000     0.00000     0.00000     0.00000     0.00000     0.00000     0.00000     0.00000     0.00000     0.00000     0.00000     0.00000     0.00000     0.00000     0.00000
   -80.28790     0.00000     0.00000     0.00000     0.00000     0.00000     0.00000     0.00000     0.00000     0.00000     0.00000     0.00000     0.00000     0.00000     0.00000     0.00000     0.00000     0.00000
   -80.22290     0.00000     0.00000     0.00000     0.00000     0.00000     0.00000     0.00000     0.00000     0.00000     0.00000     0.00000     0.00000     0.00000     0.00000     0.00000     0.00000     0.00000
   -80.15690     0.00000     0.00000     0.00000     0.00000     0.00000     0.00000     0.00000     0.00000     0.00000     0.00000     0.00000     0.00000     0.00000     0.00000     0.00000     0.00000     0.00000
   -80.09090     0.00000     0.00000     0.00000     0.00000     0.00000     0.00000     0.00000     0.00000     0.00000     0.00000     0.00000     0.00000     0.00000     0.00000     0.00000     0.00000     0.00000
   -80.02590     0.00000     0.00000     0.00000     0.00000     0.00000     0.00000     0.00000     0.00000     0.00000     0.00000     0.00000     0.00000     0.00000     0.00000     0.00000     0.00000     0.00000
   -79.95990     0.00000     0.00000     0.00000     0.00000     0.00000     0.00000     0.00000     0.00000     0.00000     0.00000     0.00000     0.00000     0.00000     0.00000     0.00000     0.00000     0.00000
   -79.89490     0.00000     0.00000     0.00000     0.00000     0.00000     0.00000     0.00000     0.00000     0.00000     0.00000     0.00000     0.00000     0.00000     0.00000     0.00000     0.00000     0.00000
   -79.82890     0.00000     0.00000     0.00000     0.00000     0.00000     0.00000     0.00000     0.00000     0.00000     0.00000     0.00000     0.00000     0.00000     0.00000     0.00000     0.00000     0.00000
   -79.76290     0.00000     0.00000     0.00000     0.00000     0.00000     0.00000     0.00000     0.00000     0.00000     0.00000     0.00000     0.00000     0.00000     0.00000     0.00000     0.00000     0.00000
   -79.69790     0.00000     0.00000     0.00000     0.00000     0.00000     0.00000     0.00000     0.00000     0.00000     0.00000     0.00000     0.00000     0.00000     0.00000     0.00000     0.00000     0.00000
   -79.63190     0.00000     0.00000     0.00000     0.00000     0.00000     0.00000     0.00000     0.00000     0.00000     0.00000     0.00000     0.00000     0.00000     0.00000     0.00000     0.00000     0.00000
   -79.56590     0.00000     0.00000     0.00000     0.00000     0.00000     0.00000     0.00000     0.00000     0.00000     0.00000     0.00000     0.00000     0.00000     0.00000     0.00000     0.00000     0.00000
   -79.50090     0.00000     0.00000     0.00000     0.00000     0.00000     0.00000     0.00000     0.00000     0.00000     0.00000     0.00000     0.00000     0.00000     0.00000     0.00000     0.00000     0.00000
   -79.43490     0.00000     0.00000     0.00000     0.00000     0.00000     0.00000     0.00000     0.00000     0.00000     0.00000     0.00000     0.00000     0.00000     0.00000     0.00000     0.00000     0.00000
   -79.36890     0.00000     0.00000     0.00000     0.00000     0.00000     0.00000     0.00000     0.00000     0.00000     0.00000     0.00000     0.00000     0.00000     0.00000     0.00000     0.00000     0.00000
   -79.30390     0.00000     0.00000     0.00000     0.00000     0.00000     0.00000     0.00000     0.00000     0.00000     0.00000     0.00000     0.00000     0.00000     0.00000     0.00000     0.00000     0.00000
   -79.23790     0.00000     0.00000     0.00000     0.00000     0.00000     0.00000     0.00000     0.00000     0.00000     0.00000     0.00000     0.00000     0.00000     0.00000     0.00000     0.00000     0.00000
   -79.17190     0.00000     0.00000     0.00000     0.00000     0.00000     0.00000     0.00000     0.00000     0.00000     0.00000     0.00000     0.00000     0.00000     0.00000     0.00000     0.00000     0.00000
   -79.10690     0.00000     0.00000     0.00000     0.00000     0.00000     0.00000     0.00000     0.00000     0.00000     0.00000     0.00000     0.00000     0.00000     0.00000     0.00000     0.00000     0.00000
   -79.04090     0.00000     0.00000     0.00000     0.00000     0.00000     0.00000     0.00000     0.00000     0.00000     0.00000     0.00000     0.00000     0.00000     0.00000     0.00000     0.00000     0.00000
   -78.97490     0.00000     0.00000     0.00000     0.00000     0.00000     0.00000     0.00000     0.00000     0.00000     0.00000     0.00000     0.00000     0.00000     0.00000     0.00000     0.00000     0.00000
   -78.90990     0.00000     0.00000     0.00000     0.00000     0.00000     0.00000     0.00000     0.00000     0.00000     0.00000     0.00000     0.00000     0.00000     0.00000     0.00000     0.00000     0.00000
   -78.84390     0.00000     0.00000     0.00000     0.00000     0.00000     0.00000     0.00000     0.00000     0.00000     0.00000     0.00000     0.00000     0.00000     0.00000     0.00000     0.00000     0.00000
   -78.77790     0.00000     0.00000     0.00000     0.00000     0.00000     0.00000     0.00000     0.00000     0.00000     0.00000     0.00000     0.00000     0.00000     0.00000     0.00000     0.00000     0.00000
   -78.71290     0.00000     0.00000     0.00000     0.00000     0.00000     0.00000     0.00000     0.00000     0.00000     0.00000     0.00000     0.00000     0.00000     0.00000     0.00000     0.00000     0.00000
   -78.64690     0.00000     0.00000     0.00000     0.00000     0.00000     0.00000     0.00000     0.00000     0.00000     0.00000     0.00000     0.00000     0.00000     0.00000     0.00000     0.00000     0.00000
   -78.58090     0.00000     0.00000     0.00000     0.00000     0.00000     0.00000     0.00000     0.00000     0.00000     0.00000     0.00000     0.00000     0.00000     0.00000     0.00000     0.00000     0.00000
   -78.51590     0.00000     0.00000     0.00000     0.00000     0.00000     0.00000     0.00000     0.00000     0.00000     0.00000     0.00000     0.00000     0.00000     0.00000     0.00000     0.00000     0.00000
   -78.44990     0.00000     0.00000     0.00000     0.00000     0.00000     0.00000     0.00000     0.00000     0.00000     0.00000     0.00000     0.00000     0.00000     0.00000     0.00000     0.00000     0.00000
   -78.38390     0.00000     0.00000     0.00000     0.00000     0.00000     0.00000     0.00000     0.00000     0.00000     0.00000     0.00000     0.00000     0.00000     0.00000     0.00000     0.00000     0.00000
   -78.31890     0.00000     0.00000     0.00000     0.00000     0.00000     0.00000     0.00000     0.00000     0.00000     0.00000     0.00000     0.00000     0.00000     0.00000     0.00000     0.00000     0.00000
   -78.25290     0.00000     0.00000     0.00000     0.00000     0.00000     0.00000     0.00000     0.00000     0.00000     0.00000     0.00000     0.00000     0.00000     0.00000     0.00000     0.00000     0.00000
   -78.18690     0.00000     0.00000     0.00000     0.00000     0.00000     0.00000     0.00000     0.00000     0.00000     0.00000     0.00000     0.00000     0.00000     0.00000     0.00000     0.00000     0.00000
   -78.12190     0.00000     0.00000     0.00000     0.00000     0.00000     0.00000     0.00000     0.00000     0.00000     0.00000     0.00000     0.00000     0.00000     0.00000     0.00000     0.00000     0.00000
   -78.05590     0.00000     0.00000     0.00000     0.00000     0.00000     0.00000     0.00000     0.00000     0.00000     0.00000     0.00000     0.00000     0.00000     0.00000     0.00000     0.00000     0.00000
   -77.99090     0.00000     0.00000     0.00000     0.00000     0.00000     0.00000     0.00000     0.00000     0.00000     0.00000     0.00000     0.00000     0.00000     0.00000     0.00000     0.00000     0.00000
   -77.92490     0.00000     0.00000     0.00000     0.00000     0.00000     0.00000     0.00000     0.00000     0.00000     0.00000     0.00000     0.00000     0.00000     0.00000     0.00000     0.00000     0.00000
   -77.85890     0.00000     0.00000     0.00000     0.00000     0.00000     0.00000     0.00000     0.00000     0.00000     0.00000     0.00000     0.00000     0.00000     0.00000     0.00000     0.00000     0.00000
   -77.79390     0.00000     0.00000     0.00000     0.00000     0.00000     0.00000     0.00000     0.00000     0.00000     0.00000     0.00000     0.00000     0.00000     0.00000     0.00000     0.00000     0.00000
   -77.72790     0.00000     0.00000     0.00000     0.00000     0.00000     0.00000     0.00000     0.00000     0.00000     0.00000     0.00000     0.00000     0.00000     0.00000     0.00000     0.00000     0.00000
   -77.66190     0.00000     0.00000     0.00000     0.00000     0.00000     0.00000     0.00000     0.00000     0.00000     0.00000     0.00000     0.00000     0.00000     0.00000     0.00000     0.00000     0.00000
   -77.59690     0.00000     0.00000     0.00000     0.00000     0.00000     0.00000     0.00000     0.00000     0.00000     0.00000     0.00000     0.00000     0.00000     0.00000     0.00000     0.00000     0.00000
   -77.53090     0.00000     0.00000     0.00000     0.00000     0.00000     0.00000     0.00000     0.00000     0.00000     0.00000     0.00000     0.00000     0.00000     0.00000     0.00000     0.00000     0.00000
   -77.46490     0.00000     0.00000     0.00000     0.00000     0.00000     0.00000     0.00000     0.00000     0.00000     0.00000     0.00000     0.00000     0.00000     0.00000     0.00000     0.00000     0.00000
   -77.39990     0.00000     0.00000     0.00000     0.00000     0.00000     0.00000     0.00000     0.00000     0.00000     0.00000     0.00000     0.00000     0.00000     0.00000     0.00000     0.00000     0.00000
   -77.33390     0.00000     0.00000     0.00000     0.00000     0.00000     0.00000     0.00000     0.00000     0.00000     0.00000     0.00000     0.00000     0.00000     0.00000     0.00000     0.00000     0.00000
   -77.26790     0.00000     0.00000     0.00000     0.00000     0.00000     0.00000     0.00000     0.00000     0.00000     0.00000     0.00000     0.00000     0.00000     0.00000     0.00000     0.00000     0.00000
   -77.20290     0.00000     0.00000     0.00000     0.00000     0.00000     0.00000     0.00000     0.00000     0.00000     0.00000     0.00000     0.00000     0.00000     0.00000     0.00000     0.00000     0.00000
   -77.13690     0.00000     0.00000     0.00000     0.00000     0.00000     0.00000     0.00000     0.00000     0.00000     0.00000     0.00000     0.00000     0.00000     0.00000     0.00000     0.00000     0.00000
   -77.07090     0.00000     0.00000     0.00000     0.00000     0.00000     0.00000     0.00000     0.00000     0.00000     0.00000     0.00000     0.00000     0.00000     0.00000     0.00000     0.00000     0.00000
   -77.00590     0.00000     0.00000     0.00000     0.00000     0.00000     0.00000     0.00000     0.00000     0.00000     0.00000     0.00000     0.00000     0.00000     0.00000     0.00000     0.00000     0.00000
   -76.93990     0.00000     0.00000     0.00000     0.00000     0.00000     0.00000     0.00000     0.00000     0.00000     0.00000     0.00000     0.00000     0.00000     0.00000     0.00000     0.00000     0.00000
   -76.87390     0.00000     0.00000     0.00000     0.00000     0.00000     0.00000     0.00000     0.00000     0.00000     0.00000     0.00000     0.00000     0.00000     0.00000     0.00000     0.00000     0.00000
   -76.80890     0.00000     0.00000     0.00000     0.00000     0.00000     0.00000     0.00000     0.00000     0.00000     0.00000     0.00000     0.00000     0.00000     0.00000     0.00000     0.00000     0.00000
   -76.74290     0.00000     0.00000     0.00000     0.00000     0.00000     0.00000     0.00000     0.00000     0.00000     0.00000     0.00000     0.00000     0.00000     0.00000     0.00000     0.00000     0.00000
   -76.67690     0.00000     0.00000     0.00000     0.00000     0.00000     0.00000     0.00000     0.00000     0.00000     0.00000     0.00000     0.00000     0.00000     0.00000     0.00000     0.00000     0.00000
   -76.61190     0.00000     0.00000     0.00000     0.00000     0.00000     0.00000     0.00000     0.00000     0.00000     0.00000     0.00000     0.00000     0.00000     0.00000     0.00000     0.00000     0.00000
   -76.54590     0.00000     0.00000     0.00000     0.00000     0.00000     0.00000     0.00000     0.00000     0.00000     0.00000     0.00000     0.00000     0.00000     0.00000     0.00000     0.00000     0.00000
   -76.47990     0.00000     0.00000     0.00000     0.00000     0.00000     0.00000     0.00000     0.00000     0.00000     0.00000     0.00000     0.00000     0.00000     0.00000     0.00000     0.00000     0.00000
   -76.41490     0.00000     0.00000     0.00000     0.00000     0.00000     0.00000     0.00000     0.00000     0.00000     0.00000     0.00000     0.00000     0.00000     0.00000     0.00000     0.00000     0.00000
   -76.34890     0.00000     0.00000     0.00000     0.00000     0.00000     0.00000     0.00000     0.00000     0.00000     0.00000     0.00000     0.00000     0.00000     0.00000     0.00000     0.00000     0.00000
   -76.28390     0.00000     0.00000     0.00000     0.00000     0.00000     0.00000     0.00000     0.00000     0.00000     0.00000     0.00000     0.00000     0.00000     0.00000     0.00000     0.00000     0.00000
   -76.21790     0.00000     0.00000     0.00000     0.00000     0.00000     0.00000     0.00000     0.00000     0.00000     0.00000     0.00000     0.00000     0.00000     0.00000     0.00000     0.00000     0.00000
   -76.15190     0.00000     0.00000     0.00000     0.00000     0.00000     0.00000     0.00000     0.00000     0.00000     0.00000     0.00000     0.00000     0.00000     0.00000     0.00000     0.00000     0.00000
   -76.08690     0.00000     0.00000     0.00000     0.00000     0.00000     0.00000     0.00000     0.00000     0.00000     0.00000     0.00000     0.00000     0.00000     0.00000     0.00000     0.00000     0.00000
   -76.02090     0.00000     0.00000     0.00000     0.00000     0.00000     0.00000     0.00000     0.00000     0.00000     0.00000     0.00000     0.00000     0.00000     0.00000     0.00000     0.00000     0.00000
   -75.95490     0.00000     0.00000     0.00000     0.00000     0.00000     0.00000     0.00000     0.00000     0.00000     0.00000     0.00000     0.00000     0.00000     0.00000     0.00000     0.00000     0.00000
   -75.88990     0.00000     0.00000     0.00000     0.00000     0.00000     0.00000     0.00000     0.00000     0.00000     0.00000     0.00000     0.00000     0.00000     0.00000     0.00000     0.00000     0.00000
   -75.82390     0.00000     0.00000     0.00000     0.00000     0.00000     0.00000     0.00000     0.00000     0.00000     0.00000     0.00000     0.00000     0.00000     0.00000     0.00000     0.00000     0.00000
   -75.75790     0.00000     0.00000     0.00000     0.00000     0.00000     0.00000     0.00000     0.00000     0.00000     0.00000     0.00000     0.00000     0.00000     0.00000     0.00000     0.00000     0.00000
   -75.69290     0.00000     0.00000     0.00000     0.00000     0.00000     0.00000     0.00000     0.00000     0.00000     0.00000     0.00000     0.00000     0.00000     0.00000     0.00000     0.00000     0.00000
   -75.62690     0.00000     0.00000     0.00000     0.00000     0.00000     0.00000     0.00000     0.00000     0.00000     0.00000     0.00000     0.00000     0.00000     0.00000     0.00000     0.00000     0.00000
   -75.56090     0.00000     0.00000     0.00000     0.00000     0.00000     0.00000     0.00000     0.00000     0.00000     0.00000     0.00000     0.00000     0.00000     0.00000     0.00000     0.00000     0.00000
   -75.49590     0.00000     0.00000     0.00000     0.00000     0.00000     0.00000     0.00000     0.00000     0.00000     0.00000     0.00000     0.00000     0.00000     0.00000     0.00000     0.00000     0.00000
   -75.42990     0.00000     0.00000     0.00000     0.00000     0.00000     0.00000     0.00000     0.00000     0.00000     0.00000     0.00000     0.00000     0.00000     0.00000     0.00000     0.00000     0.00000
   -75.36390     0.00000     0.00000     0.00000     0.00000     0.00000     0.00000     0.00000     0.00000     0.00000     0.00000     0.00000     0.00000     0.00000     0.00000     0.00000     0.00000     0.00000
   -75.29890     0.00000     0.00000     0.00000     0.00000     0.00000     0.00000     0.00000     0.00000     0.00000     0.00000     0.00000     0.00000     0.00000     0.00000     0.00000     0.00000     0.00000
   -75.23290     0.00000     0.00000     0.00000     0.00000     0.00000     0.00000     0.00000     0.00000     0.00000     0.00000     0.00000     0.00000     0.00000     0.00000     0.00000     0.00000     0.00000
   -75.16690     0.00000     0.00000     0.00000     0.00000     0.00000     0.00000     0.00000     0.00000     0.00000     0.00000     0.00000     0.00000     0.00000     0.00000     0.00000     0.00000     0.00000
   -75.10190     0.00000     0.00000     0.00000     0.00000     0.00000     0.00000     0.00000     0.00000     0.00000     0.00000     0.00000     0.00000     0.00000     0.00000     0.00000     0.00000     0.00000
   -75.03590     0.00000     0.00000     0.00000     0.00000     0.00000     0.00000     0.00000     0.00000     0.00000     0.00000     0.00000     0.00000     0.00000     0.00000     0.00000     0.00000     0.00000
   -74.96990     0.00000     0.00000     0.00000     0.00000     0.00000     0.00000     0.00000     0.00000     0.00000     0.00000     0.00000     0.00000     0.00000     0.00000     0.00000     0.00000     0.00000
   -74.90490     0.00000     0.00000     0.00000     0.00000     0.00000     0.00000     0.00000     0.00000     0.00000     0.00000     0.00000     0.00000     0.00000     0.00000     0.00000     0.00000     0.00000
   -74.83890     0.00000     0.00000     0.00000     0.00000     0.00000     0.00000     0.00000     0.00000     0.00000     0.00000     0.00000     0.00000     0.00000     0.00000     0.00000     0.00000     0.00000
   -74.77290     0.00000     0.00000     0.00000     0.00000     0.00000     0.00000     0.00000     0.00000     0.00000     0.00000     0.00000     0.00000     0.00000     0.00000     0.00000     0.00000     0.00000
   -74.70790     0.00000     0.00000     0.00000     0.00000     0.00000     0.00000     0.00000     0.00000     0.00000     0.00000     0.00000     0.00000     0.00000     0.00000     0.00000     0.00000     0.00000
   -74.64190     0.00000     0.00000     0.00000     0.00000     0.00000     0.00000     0.00000     0.00000     0.00000     0.00000     0.00000     0.00000     0.00000     0.00000     0.00000     0.00000     0.00000
   -74.57590     0.00000     0.00000     0.00000     0.00000     0.00000     0.00000     0.00000     0.00000     0.00000     0.00000     0.00000     0.00000     0.00000     0.00000     0.00000     0.00000     0.00000
   -74.51090     0.00000     0.00000     0.00000     0.00000     0.00000     0.00000     0.00000     0.00000     0.00000     0.00000     0.00000     0.00000     0.00000     0.00000     0.00000     0.00000     0.00000
   -74.44490     0.00000     0.00000     0.00000     0.00000     0.00000     0.00000     0.00000     0.00000     0.00000     0.00000     0.00000     0.00000     0.00000     0.00000     0.00000     0.00000     0.00000
   -74.37990     0.00000     0.00000     0.00000     0.00000     0.00000     0.00000     0.00000     0.00000     0.00000     0.00000     0.00000     0.00000     0.00000     0.00000     0.00000     0.00000     0.00000
   -74.31390     0.00000     0.00000     0.00000     0.00000     0.00000     0.00000     0.00000     0.00000     0.00000     0.00000     0.00000     0.00000     0.00000     0.00000     0.00000     0.00000     0.00000
   -74.24790     0.00000     0.00000     0.00000     0.00000     0.00000     0.00000     0.00000     0.00000     0.00000     0.00000     0.00000     0.00000     0.00000     0.00000     0.00000     0.00000     0.00000
   -74.18290     0.00000     0.00000     0.00000     0.00000     0.00000     0.00000     0.00000     0.00000     0.00000     0.00000     0.00000     0.00000     0.00000     0.00000     0.00000     0.00000     0.00000
   -74.11690     0.00000     0.00000     0.00000     0.00000     0.00000     0.00000     0.00000     0.00000     0.00000     0.00000     0.00000     0.00000     0.00000     0.00000     0.00000     0.00000     0.00000
   -74.05090     0.00000     0.00000     0.00000     0.00000     0.00000     0.00000     0.00000     0.00000     0.00000     0.00000     0.00000     0.00000     0.00000     0.00000     0.00000     0.00000     0.00000
   -73.98590     0.00000     0.00000     0.00000     0.00000     0.00000     0.00000     0.00000     0.00000     0.00000     0.00000     0.00000     0.00000     0.00000     0.00000     0.00000     0.00000     0.00000
   -73.91990     0.00000     0.00000     0.00000     0.00000     0.00000     0.00000     0.00000     0.00000     0.00000     0.00000     0.00000     0.00000     0.00000     0.00000     0.00000     0.00000     0.00000
   -73.85390     0.00000     0.00000     0.00000     0.00000     0.00000     0.00000     0.00000     0.00000     0.00000     0.00000     0.00000     0.00000     0.00000     0.00000     0.00000     0.00000     0.00000
   -73.78890     0.00000     0.00000     0.00000     0.00000     0.00000     0.00000     0.00000     0.00000     0.00000     0.00000     0.00000     0.00000     0.00000     0.00000     0.00000     0.00000     0.00000
   -73.72290     0.00000     0.00000     0.00000     0.00000     0.00000     0.00000     0.00000     0.00000     0.00000     0.00000     0.00000     0.00000     0.00000     0.00000     0.00000     0.00000     0.00000
   -73.65690     0.00000     0.00000     0.00000     0.00000     0.00000     0.00000     0.00000     0.00000     0.00000     0.00000     0.00000     0.00000     0.00000     0.00000     0.00000     0.00000     0.00000
   -73.59190     0.00000     0.00000     0.00000     0.00000     0.00000     0.00000     0.00000     0.00000     0.00000     0.00000     0.00000     0.00000     0.00000     0.00000     0.00000     0.00000     0.00000
   -73.52590     0.00000     0.00000     0.00000     0.00000     0.00000     0.00000     0.00000     0.00000     0.00000     0.00000     0.00000     0.00000     0.00000     0.00000     0.00000     0.00000     0.00000
   -73.45990     0.00000     0.00000     0.00000     0.00000     0.00000     0.00000     0.00000     0.00000     0.00000     0.00000     0.00000     0.00000     0.00000     0.00000     0.00000     0.00000     0.00000
   -73.39490     0.00000     0.00000     0.00000     0.00000     0.00000     0.00000     0.00000     0.00000     0.00000     0.00000     0.00000     0.00000     0.00000     0.00000     0.00000     0.00000     0.00000
   -73.32890     0.00000     0.00000     0.00000     0.00000     0.00000     0.00000     0.00000     0.00000     0.00000     0.00000     0.00000     0.00000     0.00000     0.00000     0.00000     0.00000     0.00000
   -73.26290     0.00000     0.00000     0.00000     0.00000     0.00000     0.00000     0.00000     0.00000     0.00000     0.00000     0.00000     0.00000     0.00000     0.00000     0.00000     0.00000     0.00000
   -73.19790     0.00000     0.00000     0.00000     0.00000     0.00000     0.00000     0.00000     0.00000     0.00000     0.00000     0.00000     0.00000     0.00000     0.00000     0.00000     0.00000     0.00000
   -73.13190     0.00000     0.00000     0.00000     0.00000     0.00000     0.00000     0.00000     0.00000     0.00000     0.00000     0.00000     0.00000     0.00000     0.00000     0.00000     0.00000     0.00000
   -73.06590     0.00000     0.00000     0.00000     0.00000     0.00000     0.00000     0.00000     0.00000     0.00000     0.00000     0.00000     0.00000     0.00000     0.00000     0.00000     0.00000     0.00000
   -73.00090     0.00000     0.00000     0.00000     0.00000     0.00000     0.00000     0.00000     0.00000     0.00000     0.00000     0.00000     0.00000     0.00000     0.00000     0.00000     0.00000     0.00000
   -72.93490     0.00000     0.00000     0.00000     0.00000     0.00000     0.00000     0.00000     0.00000     0.00000     0.00000     0.00000     0.00000     0.00000     0.00000     0.00000     0.00000     0.00000
   -72.86890     0.00000     0.00000     0.00000     0.00000     0.00000     0.00000     0.00000     0.00000     0.00000     0.00000     0.00000     0.00000     0.00000     0.00000     0.00000     0.00000     0.00000
   -72.80390     0.00000     0.00000     0.00000     0.00000     0.00000     0.00000     0.00000     0.00000     0.00000     0.00000     0.00000     0.00000     0.00000     0.00000     0.00000     0.00000     0.00000
   -72.73790     0.00000     0.00000     0.00000     0.00000     0.00000     0.00000     0.00000     0.00000     0.00000     0.00000     0.00000     0.00000     0.00000     0.00000     0.00000     0.00000     0.00000
   -72.67290     0.00000     0.00000     0.00000     0.00000     0.00000     0.00000     0.00000     0.00000     0.00000     0.00000     0.00000     0.00000     0.00000     0.00000     0.00000     0.00000     0.00000
   -72.60690     0.00000     0.00000     0.00000     0.00000     0.00000     0.00000     0.00000     0.00000     0.00000     0.00000     0.00000     0.00000     0.00000     0.00000     0.00000     0.00000     0.00000
   -72.54090     0.00000     0.00000     0.00000     0.00000     0.00000     0.00000     0.00000     0.00000     0.00000     0.00000     0.00000     0.00000     0.00000     0.00000     0.00000     0.00000     0.00000
   -72.47590     0.00000     0.00000     0.00000     0.00000     0.00000     0.00000     0.00000     0.00000     0.00000     0.00000     0.00000     0.00000     0.00000     0.00000     0.00000     0.00000     0.00000
   -72.40990     0.00000     0.00000     0.00000     0.00000     0.00000     0.00000     0.00000     0.00000     0.00000     0.00000     0.00000     0.00000     0.00000     0.00000     0.00000     0.00000     0.00000
   -72.34390     0.00000     0.00000     0.00000     0.00000     0.00000     0.00000     0.00000     0.00000     0.00000     0.00000     0.00000     0.00000     0.00000     0.00000     0.00000     0.00000     0.00000
   -72.27890     0.00000     0.00000     0.00000     0.00000     0.00000     0.00000     0.00000     0.00000     0.00000     0.00000     0.00000     0.00000     0.00000     0.00000     0.00000     0.00000     0.00000
   -72.21290     0.00000     0.00000     0.00000     0.00000     0.00000     0.00000     0.00000     0.00000     0.00000     0.00000     0.00000     0.00000     0.00000     0.00000     0.00000     0.00000     0.00000
   -72.14690     0.00000     0.00000     0.00000     0.00000     0.00000     0.00000     0.00000     0.00000     0.00000     0.00000     0.00000     0.00000     0.00000     0.00000     0.00000     0.00000     0.00000
   -72.08190     0.00000     0.00000     0.00000     0.00000     0.00000     0.00000     0.00000     0.00000     0.00000     0.00000     0.00000     0.00000     0.00000     0.00000     0.00000     0.00000     0.00000
   -72.01590     0.00000     0.00000     0.00000     0.00000     0.00000     0.00000     0.00000     0.00000     0.00000     0.00000     0.00000     0.00000     0.00000     0.00000     0.00000     0.00000     0.00000
   -71.94990     0.00000     0.00000     0.00000     0.00000     0.00000     0.00000     0.00000     0.00000     0.00000     0.00000     0.00000     0.00000     0.00000     0.00000     0.00000     0.00000     0.00000
   -71.88490     0.00000     0.00000     0.00000     0.00000     0.00000     0.00000     0.00000     0.00000     0.00000     0.00000     0.00000     0.00000     0.00000     0.00000     0.00000     0.00000     0.00000
   -71.81890     0.00000     0.00000     0.00000     0.00000     0.00000     0.00000     0.00000     0.00000     0.00000     0.00000     0.00000     0.00000     0.00000     0.00000     0.00000     0.00000     0.00000
   -71.75290     0.00000     0.00000     0.00000     0.00000     0.00000     0.00000     0.00000     0.00000     0.00000     0.00000     0.00000     0.00000     0.00000     0.00000     0.00000     0.00000     0.00000
   -71.68790     0.00000     0.00000     0.00000     0.00000     0.00000     0.00000     0.00000     0.00000     0.00000     0.00000     0.00000     0.00000     0.00000     0.00000     0.00000     0.00000     0.00000
   -71.62190     0.00000     0.00000     0.00000     0.00000     0.00000     0.00000     0.00000     0.00000     0.00000     0.00000     0.00000     0.00000     0.00000     0.00000     0.00000     0.00000     0.00000
   -71.55590     0.00000     0.00000     0.00000     0.00000     0.00000     0.00000     0.00000     0.00000     0.00000     0.00000     0.00000     0.00000     0.00000     0.00000     0.00000     0.00000     0.00000
   -71.49090     0.00000     0.00000     0.00000     0.00000     0.00000     0.00000     0.00000     0.00000     0.00000     0.00000     0.00000     0.00000     0.00000     0.00000     0.00000     0.00000     0.00000
   -71.42490     0.00000     0.00000     0.00000     0.00000     0.00000     0.00000     0.00000     0.00000     0.00000     0.00000     0.00000     0.00000     0.00000     0.00000     0.00000     0.00000     0.00000
   -71.35890     0.00000     0.00000     0.00000     0.00000     0.00000     0.00000     0.00000     0.00000     0.00000     0.00000     0.00000     0.00000     0.00000     0.00000     0.00000     0.00000     0.00000
   -71.29390     0.00000     0.00000     0.00000     0.00000     0.00000     0.00000     0.00000     0.00000     0.00000     0.00000     0.00000     0.00000     0.00000     0.00000     0.00000     0.00000     0.00000
   -71.22790     0.00000     0.00000     0.00000     0.00000     0.00000     0.00000     0.00000     0.00000     0.00000     0.00000     0.00000     0.00000     0.00000     0.00000     0.00000     0.00000     0.00000
   -71.16190     0.00000     0.00000     0.00000     0.00000     0.00000     0.00000     0.00000     0.00000     0.00000     0.00000     0.00000     0.00000     0.00000     0.00000     0.00000     0.00000     0.00000
   -71.09690     0.00000     0.00000     0.00000     0.00000     0.00000     0.00000     0.00000     0.00000     0.00000     0.00000     0.00000     0.00000     0.00000     0.00000     0.00000     0.00000     0.00000
   -71.03090     0.00000     0.00000     0.00000     0.00000     0.00000     0.00000     0.00000     0.00000     0.00000     0.00000     0.00000     0.00000     0.00000     0.00000     0.00000     0.00000     0.00000
   -70.96490     0.00000     0.00000     0.00000     0.00000     0.00000     0.00000     0.00000     0.00000     0.00000     0.00000     0.00000     0.00000     0.00000     0.00000     0.00000     0.00000     0.00000
   -70.89990     0.00000     0.00000     0.00000     0.00000     0.00000     0.00000     0.00000     0.00000     0.00000     0.00000     0.00000     0.00000     0.00000     0.00000     0.00000     0.00000     0.00000
   -70.83390     0.00000     0.00000     0.00000     0.00000     0.00000     0.00000     0.00000     0.00000     0.00000     0.00000     0.00000     0.00000     0.00000     0.00000     0.00000     0.00000     0.00000
   -70.76890     0.00000     0.00000     0.00000     0.00000     0.00000     0.00000     0.00000     0.00000     0.00000     0.00000     0.00000     0.00000     0.00000     0.00000     0.00000     0.00000     0.00000
   -70.70290     0.00000     0.00000     0.00000     0.00000     0.00000     0.00000     0.00000     0.00000     0.00000     0.00000     0.00000     0.00000     0.00000     0.00000     0.00000     0.00000     0.00000
   -70.63690     0.00000     0.00000     0.00000     0.00000     0.00000     0.00000     0.00000     0.00000     0.00000     0.00000     0.00000     0.00000     0.00000     0.00000     0.00000     0.00000     0.00000
   -70.57190     0.00000     0.00000     0.00000     0.00000     0.00000     0.00000     0.00000     0.00000     0.00000     0.00000     0.00000     0.00000     0.00000     0.00000     0.00000     0.00000     0.00000
   -70.50590     0.00000     0.00000     0.00000     0.00000     0.00000     0.00000     0.00000     0.00000     0.00000     0.00000     0.00000     0.00000     0.00000     0.00000     0.00000     0.00000     0.00000
   -70.43990     0.00000     0.00000     0.00000     0.00000     0.00000     0.00000     0.00000     0.00000     0.00000     0.00000     0.00000     0.00000     0.00000     0.00000     0.00000     0.00000     0.00000
   -70.37490     0.00000     0.00000     0.00000     0.00000     0.00000     0.00000     0.00000     0.00000     0.00000     0.00000     0.00000     0.00000     0.00000     0.00000     0.00000     0.00000     0.00000
   -70.30890     0.00000     0.00000     0.00000     0.00000     0.00000     0.00000     0.00000     0.00000     0.00000     0.00000     0.00000     0.00000     0.00000     0.00000     0.00000     0.00000     0.00000
   -70.24290     0.00000     0.00000     0.00000     0.00000     0.00000     0.00000     0.00000     0.00000     0.00000     0.00000     0.00000     0.00000     0.00000     0.00000     0.00000     0.00000     0.00000
   -70.17790     0.00000     0.00000     0.00000     0.00000     0.00000     0.00000     0.00000     0.00000     0.00000     0.00000     0.00000     0.00000     0.00000     0.00000     0.00000     0.00000     0.00000
   -70.11190     0.00000     0.00000     0.00000     0.00000     0.00000     0.00000     0.00000     0.00000     0.00000     0.00000     0.00000     0.00000     0.00000     0.00000     0.00000     0.00000     0.00000
   -70.04590     0.00000     0.00000     0.00000     0.00000     0.00000     0.00000     0.00000     0.00000     0.00000     0.00000     0.00000     0.00000     0.00000     0.00000     0.00000     0.00000     0.00000
   -69.98090     0.00000     0.00000     0.00000     0.00000     0.00000     0.00000     0.00000     0.00000     0.00000     0.00000     0.00000     0.00000     0.00000     0.00000     0.00000     0.00000     0.00000
   -69.91490     0.00000     0.00000     0.00000     0.00000     0.00000     0.00000     0.00000     0.00000     0.00000     0.00000     0.00000     0.00000     0.00000     0.00000     0.00000     0.00000     0.00000
   -69.84890     0.00000     0.00000     0.00000     0.00000     0.00000     0.00000     0.00000     0.00000     0.00000     0.00000     0.00000     0.00000     0.00000     0.00000     0.00000     0.00000     0.00000
   -69.78390     0.00000     0.00000     0.00000     0.00000     0.00000     0.00000     0.00000     0.00000     0.00000     0.00000     0.00000     0.00000     0.00000     0.00000     0.00000     0.00000     0.00000
   -69.71790     0.00000     0.00000     0.00000     0.00000     0.00000     0.00000     0.00000     0.00000     0.00000     0.00000     0.00000     0.00000     0.00000     0.00000     0.00000     0.00000     0.00000
   -69.65190     0.00000     0.00000     0.00000     0.00000     0.00000     0.00000     0.00000     0.00000     0.00000     0.00000     0.00000     0.00000     0.00000     0.00000     0.00000     0.00000     0.00000
   -69.58690     0.00000     0.00000     0.00000     0.00000     0.00000     0.00000     0.00000     0.00000     0.00000     0.00000     0.00000     0.00000     0.00000     0.00000     0.00000     0.00000     0.00000
   -69.52090     0.00000     0.00000     0.00000     0.00000     0.00000     0.00000     0.00000     0.00000     0.00000     0.00000     0.00000     0.00000     0.00000     0.00000     0.00000     0.00000     0.00000
   -69.45490     0.00000     0.00000     0.00000     0.00000     0.00000     0.00000     0.00000     0.00000     0.00000     0.00000     0.00000     0.00000     0.00000     0.00000     0.00000     0.00000     0.00000
   -69.38990     0.00000     0.00000     0.00000     0.00000     0.00000     0.00000     0.00000     0.00000     0.00000     0.00000     0.00000     0.00000     0.00000     0.00000     0.00000     0.00000     0.00000
   -69.32390     0.00000     0.00000     0.00000     0.00000     0.00000     0.00000     0.00000     0.00000     0.00000     0.00000     0.00000     0.00000     0.00000     0.00000     0.00000     0.00000     0.00000
   -69.25790     0.00000     0.00000     0.00000     0.00000     0.00000     0.00000     0.00000     0.00000     0.00000     0.00000     0.00000     0.00000     0.00000     0.00000     0.00000     0.00000     0.00000
   -69.19290     0.00000     0.00000     0.00000     0.00000     0.00000     0.00000     0.00000     0.00000     0.00000     0.00000     0.00000     0.00000     0.00000     0.00000     0.00000     0.00000     0.00000
   -69.12690     0.00000     0.00000     0.00000     0.00000     0.00000     0.00000     0.00000     0.00000     0.00000     0.00000     0.00000     0.00000     0.00000     0.00000     0.00000     0.00000     0.00000
   -69.06190     0.00000     0.00000     0.00000     0.00000     0.00000     0.00000     0.00000     0.00000     0.00000     0.00000     0.00000     0.00000     0.00000     0.00000     0.00000     0.00000     0.00000
   -68.99590     0.00000     0.00000     0.00000     0.00000     0.00000     0.00000     0.00000     0.00000     0.00000     0.00000     0.00000     0.00000     0.00000     0.00000     0.00000     0.00000     0.00000
   -68.92990     0.00000     0.00000     0.00000     0.00000     0.00000     0.00000     0.00000     0.00000     0.00000     0.00000     0.00000     0.00000     0.00000     0.00000     0.00000     0.00000     0.00000
   -68.86490     0.00000     0.00000     0.00000     0.00000     0.00000     0.00000     0.00000     0.00000     0.00000     0.00000     0.00000     0.00000     0.00000     0.00000     0.00000     0.00000     0.00000
   -68.79890     0.00000     0.00000     0.00000     0.00000     0.00000     0.00000     0.00000     0.00000     0.00000     0.00000     0.00000     0.00000     0.00000     0.00000     0.00000     0.00000     0.00000
   -68.73290     0.00000     0.00000     0.00000     0.00000     0.00000     0.00000     0.00000     0.00000     0.00000     0.00000     0.00000     0.00000     0.00000     0.00000     0.00000     0.00000     0.00000
   -68.66790     0.00000     0.00000     0.00000     0.00000     0.00000     0.00000     0.00000     0.00000     0.00000     0.00000     0.00000     0.00000     0.00000     0.00000     0.00000     0.00000     0.00000
   -68.60190     0.00000     0.00000     0.00000     0.00000     0.00000     0.00000     0.00000     0.00000     0.00000     0.00000     0.00000     0.00000     0.00000     0.00000     0.00000     0.00000     0.00000
   -68.53590     0.00000     0.00000     0.00000     0.00000     0.00000     0.00000     0.00000     0.00000     0.00000     0.00000     0.00000     0.00000     0.00000     0.00000     0.00000     0.00000     0.00000
   -68.47090     0.00000     0.00000     0.00000     0.00000     0.00000     0.00000     0.00000     0.00000     0.00000     0.00000     0.00000     0.00000     0.00000     0.00000     0.00000     0.00000     0.00000
   -68.40490     0.00000     0.00000     0.00000     0.00000     0.00000     0.00000     0.00000     0.00000     0.00000     0.00000     0.00000     0.00000     0.00000     0.00000     0.00000     0.00000     0.00000
   -68.33890     0.00000     0.00000     0.00000     0.00000     0.00000     0.00000     0.00000     0.00000     0.00000     0.00000     0.00000     0.00000     0.00000     0.00000     0.00000     0.00000     0.00000
   -68.27390     0.00000     0.00000     0.00000     0.00000     0.00000     0.00000     0.00000     0.00000     0.00000     0.00000     0.00000     0.00000     0.00000     0.00000     0.00000     0.00000     0.00000
   -68.20790     0.00000     0.00000     0.00000     0.00000     0.00000     0.00000     0.00000     0.00000     0.00000     0.00000     0.00000     0.00000     0.00000     0.00000     0.00000     0.00000     0.00000
   -68.14190     0.00000     0.00000     0.00000     0.00000     0.00000     0.00000     0.00000     0.00000     0.00000     0.00000     0.00000     0.00000     0.00000     0.00000     0.00000     0.00000     0.00000
   -68.07690     0.00000     0.00000     0.00000     0.00000     0.00000     0.00000     0.00000     0.00000     0.00000     0.00000     0.00000     0.00000     0.00000     0.00000     0.00000     0.00000     0.00000
   -68.01090     0.00000     0.00000     0.00000     0.00000     0.00000     0.00000     0.00000     0.00000     0.00000     0.00000     0.00000     0.00000     0.00000     0.00000     0.00000     0.00000     0.00000
   -67.94490     0.00000     0.00000     0.00000     0.00000     0.00000     0.00000     0.00000     0.00000     0.00000     0.00000     0.00000     0.00000     0.00000     0.00000     0.00000     0.00000     0.00000
   -67.87990     0.00000     0.00000     0.00000     0.00000     0.00000     0.00000     0.00000     0.00000     0.00000     0.00000     0.00000     0.00000     0.00000     0.00000     0.00000     0.00000     0.00000
   -67.81390     0.00000     0.00000     0.00000     0.00000     0.00000     0.00000     0.00000     0.00000     0.00000     0.00000     0.00000     0.00000     0.00000     0.00000     0.00000     0.00000     0.00000
   -67.74790     0.00000     0.00000     0.00000     0.00000     0.00000     0.00000     0.00000     0.00000     0.00000     0.00000     0.00000     0.00000     0.00000     0.00000     0.00000     0.00000     0.00000
   -67.68290     0.00000     0.00000     0.00000     0.00000     0.00000     0.00000     0.00000     0.00000     0.00000     0.00000     0.00000     0.00000     0.00000     0.00000     0.00000     0.00000     0.00000
   -67.61690     0.00000     0.00000     0.00000     0.00000     0.00000     0.00000     0.00000     0.00000     0.00000     0.00000     0.00000     0.00000     0.00000     0.00000     0.00000     0.00000     0.00000
   -67.55090     0.00000     0.00000     0.00000     0.00000     0.00000     0.00000     0.00000     0.00000     0.00000     0.00000     0.00000     0.00000     0.00000     0.00000     0.00000     0.00000     0.00000
   -67.48590     0.00000     0.00000     0.00000     0.00000     0.00000     0.00000     0.00000     0.00000     0.00000     0.00000     0.00000     0.00000     0.00000     0.00000     0.00000     0.00000     0.00000
   -67.41990     0.00000     0.00000     0.00000     0.00000     0.00000     0.00000     0.00000     0.00000     0.00000     0.00000     0.00000     0.00000     0.00000     0.00000     0.00000     0.00000     0.00000
   -67.35390     0.00000     0.00000     0.00000     0.00000     0.00000     0.00000     0.00000     0.00000     0.00000     0.00000     0.00000     0.00000     0.00000     0.00000     0.00000     0.00000     0.00000
   -67.28890     0.00000     0.00000     0.00000     0.00000     0.00000     0.00000     0.00000     0.00000     0.00000     0.00000     0.00000     0.00000     0.00000     0.00000     0.00000     0.00000     0.00000
   -67.22290     0.00000     0.00000     0.00000     0.00000     0.00000     0.00000     0.00000     0.00000     0.00000     0.00000     0.00000     0.00000     0.00000     0.00000     0.00000     0.00000     0.00000
   -67.15790     0.00000     0.00000     0.00000     0.00000     0.00000     0.00000     0.00000     0.00000     0.00000     0.00000     0.00000     0.00000     0.00000     0.00000     0.00000     0.00000     0.00000
   -67.09190     0.00000     0.00000     0.00000     0.00000     0.00000     0.00000     0.00000     0.00000     0.00000     0.00000     0.00000     0.00000     0.00000     0.00000     0.00000     0.00000     0.00000
   -67.02590     0.00000     0.00000     0.00000     0.00000     0.00000     0.00000     0.00000     0.00000     0.00000     0.00000     0.00000     0.00000     0.00000     0.00000     0.00000     0.00000     0.00000
   -66.96090     0.00000     0.00000     0.00000     0.00000     0.00000     0.00000     0.00000     0.00000     0.00000     0.00000     0.00000     0.00000     0.00000     0.00000     0.00000     0.00000     0.00000
   -66.89490     0.00000     0.00000     0.00000     0.00000     0.00000     0.00000     0.00000     0.00000     0.00000     0.00000     0.00000     0.00000     0.00000     0.00000     0.00000     0.00000     0.00000
   -66.82890     0.00000     0.00000     0.00000     0.00000     0.00000     0.00000     0.00000     0.00000     0.00000     0.00000     0.00000     0.00000     0.00000     0.00000     0.00000     0.00000     0.00000
   -66.76390     0.00000     0.00000     0.00000     0.00000     0.00000     0.00000     0.00000     0.00000     0.00000     0.00000     0.00000     0.00000     0.00000     0.00000     0.00000     0.00000     0.00000
   -66.69790     0.00000     0.00000     0.00000     0.00000     0.00000     0.00000     0.00000     0.00000     0.00000     0.00000     0.00000     0.00000     0.00000     0.00000     0.00000     0.00000     0.00000
   -66.63190     0.00000     0.00000     0.00000     0.00000     0.00000     0.00000     0.00000     0.00000     0.00000     0.00000     0.00000     0.00000     0.00000     0.00000     0.00000     0.00000     0.00000
   -66.56690     0.00000     0.00000     0.00000     0.00000     0.00000     0.00000     0.00000     0.00000     0.00000     0.00000     0.00000     0.00000     0.00000     0.00000     0.00000     0.00000     0.00000
   -66.50090     0.00000     0.00000     0.00000     0.00000     0.00000     0.00000     0.00000     0.00000     0.00000     0.00000     0.00000     0.00000     0.00000     0.00000     0.00000     0.00000     0.00000
   -66.43490     0.00000     0.00000     0.00000     0.00000     0.00000     0.00000     0.00000     0.00000     0.00000     0.00000     0.00000     0.00000     0.00000     0.00000     0.00000     0.00000     0.00000
   -66.36990     0.00000     0.00000     0.00000     0.00000     0.00000     0.00000     0.00000     0.00000     0.00000     0.00000     0.00000     0.00000     0.00000     0.00000     0.00000     0.00000     0.00000
   -66.30390     0.00000     0.00000     0.00000     0.00000     0.00000     0.00000     0.00000     0.00000     0.00000     0.00000     0.00000     0.00000     0.00000     0.00000     0.00000     0.00000     0.00000
   -66.23790     0.00000     0.00000     0.00000     0.00000     0.00000     0.00000     0.00000     0.00000     0.00000     0.00000     0.00000     0.00000     0.00000     0.00000     0.00000     0.00000     0.00000
   -66.17290     0.00000     0.00000     0.00000     0.00000     0.00000     0.00000     0.00000     0.00000     0.00000     0.00000     0.00000     0.00000     0.00000     0.00000     0.00000     0.00000     0.00000
   -66.10690     0.00000     0.00000     0.00000     0.00000     0.00000     0.00000     0.00000     0.00000     0.00000     0.00000     0.00000     0.00000     0.00000     0.00000     0.00000     0.00000     0.00000
   -66.04090     0.00000     0.00000     0.00000     0.00000     0.00000     0.00000     0.00000     0.00000     0.00000     0.00000     0.00000     0.00000     0.00000     0.00000     0.00000     0.00000     0.00000
   -65.97590     0.00000     0.00000     0.00000     0.00000     0.00000     0.00000     0.00000     0.00000     0.00000     0.00000     0.00000     0.00000     0.00000     0.00000     0.00000     0.00000     0.00000
   -65.90990     0.00000     0.00000     0.00000     0.00000     0.00000     0.00000     0.00000     0.00000     0.00000     0.00000     0.00000     0.00000     0.00000     0.00000     0.00000     0.00000     0.00000
   -65.84390     0.00000     0.00000     0.00000     0.00000     0.00000     0.00000     0.00000     0.00000     0.00000     0.00000     0.00000     0.00000     0.00000     0.00000     0.00000     0.00000     0.00000
   -65.77890     0.00000     0.00000     0.00000     0.00000     0.00000     0.00000     0.00000     0.00000     0.00000     0.00000     0.00000     0.00000     0.00000     0.00000     0.00000     0.00000     0.00000
   -65.71290     0.00000     0.00000     0.00000     0.00000     0.00000     0.00000     0.00000     0.00000     0.00000     0.00000     0.00000     0.00000     0.00000     0.00000     0.00000     0.00000     0.00000
   -65.64690     0.00000     0.00000     0.00000     0.00000     0.00000     0.00000     0.00000     0.00000     0.00000     0.00000     0.00000     0.00000     0.00000     0.00000     0.00000     0.00000     0.00000
   -65.58190     0.00000     0.00000     0.00000     0.00000     0.00000     0.00000     0.00000     0.00000     0.00000     0.00000     0.00000     0.00000     0.00000     0.00000     0.00000     0.00000     0.00000
   -65.51590     0.00000     0.00000     0.00000     0.00000     0.00000     0.00000     0.00000     0.00000     0.00000     0.00000     0.00000     0.00000     0.00000     0.00000     0.00000     0.00000     0.00000
   -65.45090     0.00000     0.00000     0.00000     0.00000     0.00000     0.00000     0.00000     0.00000     0.00000     0.00000     0.00000     0.00000     0.00000     0.00000     0.00000     0.00000     0.00000
   -65.38490     0.00000     0.00000     0.00000     0.00000     0.00000     0.00000     0.00000     0.00000     0.00000     0.00000     0.00000     0.00000     0.00000     0.00000     0.00000     0.00000     0.00000
   -65.31890     0.00000     0.00000     0.00000     0.00000     0.00000     0.00000     0.00000     0.00000     0.00000     0.00000     0.00000     0.00000     0.00000     0.00000     0.00000     0.00000     0.00000
   -65.25390     0.00000     0.00000     0.00000     0.00000     0.00000     0.00000     0.00000     0.00000     0.00000     0.00000     0.00000     0.00000     0.00000     0.00000     0.00000     0.00000     0.00000
   -65.18790     0.00000     0.00000     0.00000     0.00000     0.00000     0.00000     0.00000     0.00000     0.00000     0.00000     0.00000     0.00000     0.00000     0.00000     0.00000     0.00000     0.00000
   -65.12190     0.00000     0.00000     0.00000     0.00000     0.00000     0.00000     0.00000     0.00000     0.00000     0.00000     0.00000     0.00000     0.00000     0.00000     0.00000     0.00000     0.00000
   -65.05690     0.00000     0.00000     0.00000     0.00000     0.00000     0.00000     0.00000     0.00000     0.00000     0.00000     0.00000     0.00000     0.00000     0.00000     0.00000     0.00000     0.00000
   -64.99090     0.00000     0.00000     0.00000     0.00000     0.00000     0.00000     0.00000     0.00000     0.00000     0.00000     0.00000     0.00000     0.00000     0.00000     0.00000     0.00000     0.00000
   -64.92490     0.00000     0.00000     0.00000     0.00000     0.00000     0.00000     0.00000     0.00000     0.00000     0.00000     0.00000     0.00000     0.00000     0.00000     0.00000     0.00000     0.00000
   -64.85990     0.00000     0.00000     0.00000     0.00000     0.00000     0.00000     0.00000     0.00000     0.00000     0.00000     0.00000     0.00000     0.00000     0.00000     0.00000     0.00000     0.00000
   -64.79390     0.00000     0.00000     0.00000     0.00000     0.00000     0.00000     0.00000     0.00000     0.00000     0.00000     0.00000     0.00000     0.00000     0.00000     0.00000     0.00000     0.00000
   -64.72790     0.00000     0.00000     0.00000     0.00000     0.00000     0.00000     0.00000     0.00000     0.00000     0.00000     0.00000     0.00000     0.00000     0.00000     0.00000     0.00000     0.00000
   -64.66290     0.00000     0.00000     0.00000     0.00000     0.00000     0.00000     0.00000     0.00000     0.00000     0.00000     0.00000     0.00000     0.00000     0.00000     0.00000     0.00000     0.00000
   -64.59690     0.00000     0.00000     0.00000     0.00000     0.00000     0.00000     0.00000     0.00000     0.00000     0.00000     0.00000     0.00000     0.00000     0.00000     0.00000     0.00000     0.00000
   -64.53090     0.00000     0.00000     0.00000     0.00000     0.00000     0.00000     0.00000     0.00000     0.00000     0.00000     0.00000     0.00000     0.00000     0.00000     0.00000     0.00000     0.00000
   -64.46590     0.00000     0.00000     0.00000     0.00000     0.00000     0.00000     0.00000     0.00000     0.00000     0.00000     0.00000     0.00000     0.00000     0.00000     0.00000     0.00000     0.00000
   -64.39990     0.00000     0.00000     0.00000     0.00000     0.00000     0.00000     0.00000     0.00000     0.00000     0.00000     0.00000     0.00000     0.00000     0.00000     0.00000     0.00000     0.00000
   -64.33390     0.00000     0.00000     0.00000     0.00000     0.00000     0.00000     0.00000     0.00000     0.00000     0.00000     0.00000     0.00000     0.00000     0.00000     0.00000     0.00000     0.00000
   -64.26890     0.00000     0.00000     0.00000     0.00000     0.00000     0.00000     0.00000     0.00000     0.00000     0.00000     0.00000     0.00000     0.00000     0.00000     0.00000     0.00000     0.00000
   -64.20290     0.00000     0.00000     0.00000     0.00000     0.00000     0.00000     0.00000     0.00000     0.00000     0.00000     0.00000     0.00000     0.00000     0.00000     0.00000     0.00000     0.00000
   -64.13690     0.00000     0.00000     0.00000     0.00000     0.00000     0.00000     0.00000     0.00000     0.00000     0.00000     0.00000     0.00000     0.00000     0.00000     0.00000     0.00000     0.00000
   -64.07190     0.00000     0.00000     0.00000     0.00000     0.00000     0.00000     0.00000     0.00000     0.00000     0.00000     0.00000     0.00000     0.00000     0.00000     0.00000     0.00000     0.00000
   -64.00590     0.00000     0.00000     0.00000     0.00000     0.00000     0.00000     0.00000     0.00000     0.00000     0.00000     0.00000     0.00000     0.00000     0.00000     0.00000     0.00000     0.00000
   -63.93990     0.00000     0.00000     0.00000     0.00000     0.00000     0.00000     0.00000     0.00000     0.00000     0.00000     0.00000     0.00000     0.00000     0.00000     0.00000     0.00000     0.00000
   -63.87490     0.00000     0.00000     0.00000     0.00000     0.00000     0.00000     0.00000     0.00000     0.00000     0.00000     0.00000     0.00000     0.00000     0.00000     0.00000     0.00000     0.00000
   -63.80890     0.00000     0.00000     0.00000     0.00000     0.00000     0.00000     0.00000     0.00000     0.00000     0.00000     0.00000     0.00000     0.00000     0.00000     0.00000     0.00000     0.00000
   -63.74290     0.00000     0.00000     0.00000     0.00000     0.00000     0.00000     0.00000     0.00000     0.00000     0.00000     0.00000     0.00000     0.00000     0.00000     0.00000     0.00000     0.00000
   -63.67790     0.00000     0.00000     0.00000     0.00000     0.00000     0.00000     0.00000     0.00000     0.00000     0.00000     0.00000     0.00000     0.00000     0.00000     0.00000     0.00000     0.00000
   -63.61190     0.00000     0.00000     0.00000     0.00000     0.00000     0.00000     0.00000     0.00000     0.00000     0.00000     0.00000     0.00000     0.00000     0.00000     0.00000     0.00000     0.00000
   -63.54690     0.00000     0.00000     0.00000     0.00000     0.00000     0.00000     0.00000     0.00000     0.00000     0.00000     0.00000     0.00000     0.00000     0.00000     0.00000     0.00000     0.00000
   -63.48090     0.00000     0.00000     0.00000     0.00000     0.00000     0.00000     0.00000     0.00000     0.00000     0.00000     0.00000     0.00000     0.00000     0.00000     0.00000     0.00000     0.00000
   -63.41490     0.00000     0.00000     0.00000     0.00000     0.00000     0.00000     0.00000     0.00000     0.00000     0.00000     0.00000     0.00000     0.00000     0.00000     0.00000     0.00000     0.00000
   -63.34990     0.00000     0.00000     0.00000     0.00000     0.00000     0.00000     0.00000     0.00000     0.00000     0.00000     0.00000     0.00000     0.00000     0.00000     0.00000     0.00000     0.00000
   -63.28390     0.00000     0.00000     0.00000     0.00000     0.00000     0.00000     0.00000     0.00000     0.00000     0.00000     0.00000     0.00000     0.00000     0.00000     0.00000     0.00000     0.00000
   -63.21790     0.00000     0.00000     0.00000     0.00000     0.00000     0.00000     0.00000     0.00000     0.00000     0.00000     0.00000     0.00000     0.00000     0.00000     0.00000     0.00000     0.00000
   -63.15290     0.00000     0.00000     0.00000     0.00000     0.00000     0.00000     0.00000     0.00000     0.00000     0.00000     0.00000     0.00000     0.00000     0.00000     0.00000     0.00000     0.00000
   -63.08690     0.00000     0.00000     0.00000     0.00000     0.00000     0.00000     0.00000     0.00000     0.00000     0.00000     0.00000     0.00000     0.00000     0.00000     0.00000     0.00000     0.00000
   -63.02090     0.00000     0.00000     0.00000     0.00000     0.00000     0.00000     0.00000     0.00000     0.00000     0.00000     0.00000     0.00000     0.00000     0.00000     0.00000     0.00000     0.00000
   -62.95590     0.00000     0.00000     0.00000     0.00000     0.00000     0.00000     0.00000     0.00000     0.00000     0.00000     0.00000     0.00000     0.00000     0.00000     0.00000     0.00000     0.00000
   -62.88990     0.00000     0.00000     0.00000     0.00000     0.00000     0.00000     0.00000     0.00000     0.00000     0.00000     0.00000     0.00000     0.00000     0.00000     0.00000     0.00000     0.00000
   -62.82390     0.00000     0.00000     0.00000     0.00000     0.00000     0.00000     0.00000     0.00000     0.00000     0.00000     0.00000     0.00000     0.00000     0.00000     0.00000     0.00000     0.00000
   -62.75890     0.00000     0.00000     0.00000     0.00000     0.00000     0.00000     0.00000     0.00000     0.00000     0.00000     0.00000     0.00000     0.00000     0.00000     0.00000     0.00000     0.00000
   -62.69290     0.00000     0.00000     0.00000     0.00000     0.00000     0.00000     0.00000     0.00000     0.00000     0.00000     0.00000     0.00000     0.00000     0.00000     0.00000     0.00000     0.00000
   -62.62690     0.00000     0.00000     0.00000     0.00000     0.00000     0.00000     0.00000     0.00000     0.00000     0.00000     0.00000     0.00000     0.00000     0.00000     0.00000     0.00000     0.00000
   -62.56190     0.00000     0.00000     0.00000     0.00000     0.00000     0.00000     0.00000     0.00000     0.00000     0.00000     0.00000     0.00000     0.00000     0.00000     0.00000     0.00000     0.00000
   -62.49590     0.00000     0.00000     0.00000     0.00000     0.00000     0.00000     0.00000     0.00000     0.00000     0.00000     0.00000     0.00000     0.00000     0.00000     0.00000     0.00000     0.00000
   -62.42990     0.00000     0.00000     0.00000     0.00000     0.00000     0.00000     0.00000     0.00000     0.00000     0.00000     0.00000     0.00000     0.00000     0.00000     0.00000     0.00000     0.00000
   -62.36490     0.00000     0.00000     0.00000     0.00000     0.00000     0.00000     0.00000     0.00000     0.00000     0.00000     0.00000     0.00000     0.00000     0.00000     0.00000     0.00000     0.00000
   -62.29890     0.00000     0.00000     0.00000     0.00000     0.00000     0.00000     0.00000     0.00000     0.00000     0.00000     0.00000     0.00000     0.00000     0.00000     0.00000     0.00000     0.00000
   -62.23290     0.00000     0.00000     0.00000     0.00000     0.00000     0.00000     0.00000     0.00000     0.00000     0.00000     0.00000     0.00000     0.00000     0.00000     0.00000     0.00000     0.00000
   -62.16790     0.00000     0.00000     0.00000     0.00000     0.00000     0.00000     0.00000     0.00000     0.00000     0.00000     0.00000     0.00000     0.00000     0.00000     0.00000     0.00000     0.00000
   -62.10190     0.00000     0.00000     0.00000     0.00000     0.00000     0.00000     0.00000     0.00000     0.00000     0.00000     0.00000     0.00000     0.00000     0.00000     0.00000     0.00000     0.00000
   -62.03590     0.00000     0.00000     0.00000     0.00000     0.00000     0.00000     0.00000     0.00000     0.00000     0.00000     0.00000     0.00000     0.00000     0.00000     0.00000     0.00000     0.00000
   -61.97090     0.00000     0.00000     0.00000     0.00000     0.00000     0.00000     0.00000     0.00000     0.00000     0.00000     0.00000     0.00000     0.00000     0.00000     0.00000     0.00000     0.00000
   -61.90490     0.00000     0.00000     0.00000     0.00000     0.00000     0.00000     0.00000     0.00000     0.00000     0.00000     0.00000     0.00000     0.00000     0.00000     0.00000     0.00000     0.00000
   -61.83990     0.00000     0.00000     0.00000     0.00000     0.00000     0.00000     0.00000     0.00000     0.00000     0.00000     0.00000     0.00000     0.00000     0.00000     0.00000     0.00000     0.00000
   -61.77390     0.00000     0.00000     0.00000     0.00000     0.00000     0.00000     0.00000     0.00000     0.00000     0.00000     0.00000     0.00000     0.00000     0.00000     0.00000     0.00000     0.00000
   -61.70790     0.00000     0.00000     0.00000     0.00000     0.00000     0.00000     0.00000     0.00000     0.00000     0.00000     0.00000     0.00000     0.00000     0.00000     0.00000     0.00000     0.00000
   -61.64290     0.00000     0.00000     0.00000     0.00000     0.00000     0.00000     0.00000     0.00000     0.00000     0.00000     0.00000     0.00000     0.00000     0.00000     0.00000     0.00000     0.00000
   -61.57690     0.00000     0.00000     0.00000     0.00000     0.00000     0.00000     0.00000     0.00000     0.00000     0.00000     0.00000     0.00000     0.00000     0.00000     0.00000     0.00000     0.00000
   -61.51090     0.00000     0.00000     0.00000     0.00000     0.00000     0.00000     0.00000     0.00000     0.00000     0.00000     0.00000     0.00000     0.00000     0.00000     0.00000     0.00000     0.00000
   -61.44590     0.00000     0.00000     0.00000     0.00000     0.00000     0.00000     0.00000     0.00000     0.00000     0.00000     0.00000     0.00000     0.00000     0.00000     0.00000     0.00000     0.00000
   -61.37990     0.00000     0.00000     0.00000     0.00000     0.00000     0.00000     0.00000     0.00000     0.00000     0.00000     0.00000     0.00000     0.00000     0.00000     0.00000     0.00000     0.00000
   -61.31390     0.00000     0.00000     0.00000     0.00000     0.00000     0.00000     0.00000     0.00000     0.00000     0.00000     0.00000     0.00000     0.00000     0.00000     0.00000     0.00000     0.00000
   -61.24890     0.00000     0.00000     0.00000     0.00000     0.00000     0.00000     0.00000     0.00000     0.00000     0.00000     0.00000     0.00000     0.00000     0.00000     0.00000     0.00000     0.00000
   -61.18290     0.00000     0.00000     0.00000     0.00000     0.00000     0.00000     0.00000     0.00000     0.00000     0.00000     0.00000     0.00000     0.00000     0.00000     0.00000     0.00000     0.00000
   -61.11690     0.00000     0.00000     0.00000     0.00000     0.00000     0.00000     0.00000     0.00000     0.00000     0.00000     0.00000     0.00000     0.00000     0.00000     0.00000     0.00000     0.00000
   -61.05190     0.00000     0.00000     0.00000     0.00000     0.00000     0.00000     0.00000     0.00000     0.00000     0.00000     0.00000     0.00000     0.00000     0.00000     0.00000     0.00000     0.00000
   -60.98590     0.00000     0.00000     0.00000     0.00000     0.00000     0.00000     0.00000     0.00000     0.00000     0.00000     0.00000     0.00000     0.00000     0.00000     0.00000     0.00000     0.00000
   -60.91990     0.00000     0.00000     0.00000     0.00000     0.00000     0.00000     0.00000     0.00000     0.00000     0.00000     0.00000     0.00000     0.00000     0.00000     0.00000     0.00000     0.00000
   -60.85490     0.00000     0.00000     0.00000     0.00000     0.00000     0.00000     0.00000     0.00000     0.00000     0.00000     0.00000     0.00000     0.00000     0.00000     0.00000     0.00000     0.00000
   -60.78890     0.00000     0.00000     0.00000     0.00000     0.00000     0.00000     0.00000     0.00000     0.00000     0.00000     0.00000     0.00000     0.00000     0.00000     0.00000     0.00000     0.00000
   -60.72290     0.00000     0.00000     0.00000     0.00000     0.00000     0.00000     0.00000     0.00000     0.00000     0.00000     0.00000     0.00000     0.00000     0.00000     0.00000     0.00000     0.00000
   -60.65790     0.00000     0.00000     0.00000     0.00000     0.00000     0.00000     0.00000     0.00000     0.00000     0.00000     0.00000     0.00000     0.00000     0.00000     0.00000     0.00000     0.00000
   -60.59190     0.00000     0.00000     0.00000     0.00000     0.00000     0.00000     0.00000     0.00000     0.00000     0.00000     0.00000     0.00000     0.00000     0.00000     0.00000     0.00000     0.00000
   -60.52590     0.00000     0.00000     0.00000     0.00000     0.00000     0.00000     0.00000     0.00000     0.00000     0.00000     0.00000     0.00000     0.00000     0.00000     0.00000     0.00000     0.00000
   -60.46090     0.00000     0.00000     0.00000     0.00000     0.00000     0.00000     0.00000     0.00000     0.00000     0.00000     0.00000     0.00000     0.00000     0.00000     0.00000     0.00000     0.00000
   -60.39490     0.00000     0.00000     0.00000     0.00000     0.00000     0.00000     0.00000     0.00000     0.00000     0.00000     0.00000     0.00000     0.00000     0.00000     0.00000     0.00000     0.00000
   -60.32890     0.00000     0.00000     0.00000     0.00000     0.00000     0.00000     0.00000     0.00000     0.00000     0.00000     0.00000     0.00000     0.00000     0.00000     0.00000     0.00000     0.00000
   -60.26390     0.00000     0.00000     0.00000     0.00000     0.00000     0.00000     0.00000     0.00000     0.00000     0.00000     0.00000     0.00000     0.00000     0.00000     0.00000     0.00000     0.00000
   -60.19790     0.00000     0.00000     0.00000     0.00000     0.00000     0.00000     0.00000     0.00000     0.00000     0.00000     0.00000     0.00000     0.00000     0.00000     0.00000     0.00000     0.00000
   -60.13190     0.00000     0.00000     0.00000     0.00000     0.00000     0.00000     0.00000     0.00000     0.00000     0.00000     0.00000     0.00000     0.00000     0.00000     0.00000     0.00000     0.00000
   -60.06690     0.00000     0.00000     0.00000     0.00000     0.00000     0.00000     0.00000     0.00000     0.00000     0.00000     0.00000     0.00000     0.00000     0.00000     0.00000     0.00000     0.00000
   -60.00090     0.00000     0.00000     0.00000     0.00000     0.00000     0.00000     0.00000     0.00000     0.00000     0.00000     0.00000     0.00000     0.00000     0.00000     0.00000     0.00000     0.00000
   -59.93590     0.00000     0.00000     0.00000     0.00000     0.00000     0.00000     0.00000     0.00000     0.00000     0.00000     0.00000     0.00000     0.00000     0.00000     0.00000     0.00000     0.00000
   -59.86990     0.00000     0.00000     0.00000     0.00000     0.00000     0.00000     0.00000     0.00000     0.00000     0.00000     0.00000     0.00000     0.00000     0.00000     0.00000     0.00000     0.00000
   -59.80390     0.00000     0.00000     0.00000     0.00000     0.00000     0.00000     0.00000     0.00000     0.00000     0.00000     0.00000     0.00000     0.00000     0.00000     0.00000     0.00000     0.00000
   -59.73890     0.00000     0.00000     0.00000     0.00000     0.00000     0.00000     0.00000     0.00000     0.00000     0.00000     0.00000     0.00000     0.00000     0.00000     0.00000     0.00000     0.00000
   -59.67290     0.00000     0.00000     0.00000     0.00000     0.00000     0.00000     0.00000     0.00000     0.00000     0.00000     0.00000     0.00000     0.00000     0.00000     0.00000     0.00000     0.00000
   -59.60690     0.00000     0.00000     0.00000     0.00000     0.00000     0.00000     0.00000     0.00000     0.00000     0.00000     0.00000     0.00000     0.00000     0.00000     0.00000     0.00000     0.00000
   -59.54190     0.00000     0.00000     0.00000     0.00000     0.00000     0.00000     0.00000     0.00000     0.00000     0.00000     0.00000     0.00000     0.00000     0.00000     0.00000     0.00000     0.00000
   -59.47590     0.00000     0.00000     0.00000     0.00000     0.00000     0.00000     0.00000     0.00000     0.00000     0.00000     0.00000     0.00000     0.00000     0.00000     0.00000     0.00000     0.00000
   -59.40990     0.00000     0.00000     0.00000     0.00000     0.00000     0.00000     0.00000     0.00000     0.00000     0.00000     0.00000     0.00000     0.00000     0.00000     0.00000     0.00000     0.00000
   -59.34490     0.00000     0.00000     0.00000     0.00000     0.00000     0.00000     0.00000     0.00000     0.00000     0.00000     0.00000     0.00000     0.00000     0.00000     0.00000     0.00000     0.00000
   -59.27890     0.00000     0.00000     0.00000     0.00000     0.00000     0.00000     0.00000     0.00000     0.00000     0.00000     0.00000     0.00000     0.00000     0.00000     0.00000     0.00000     0.00000
   -59.21290     0.00000     0.00000     0.00000     0.00000     0.00000     0.00000     0.00000     0.00000     0.00000     0.00000     0.00000     0.00000     0.00000     0.00000     0.00000     0.00000     0.00000
   -59.14790     0.00000     0.00000     0.00000     0.00000     0.00000     0.00000     0.00000     0.00000     0.00000     0.00000     0.00000     0.00000     0.00000     0.00000     0.00000     0.00000     0.00000
   -59.08190     0.00000     0.00000     0.00000     0.00000     0.00000     0.00000     0.00000     0.00000     0.00000     0.00000     0.00000     0.00000     0.00000     0.00000     0.00000     0.00000     0.00000
   -59.01590     0.00000     0.00000     0.00000     0.00000     0.00000     0.00000     0.00000     0.00000     0.00000     0.00000     0.00000     0.00000     0.00000     0.00000     0.00000     0.00000     0.00000
   -58.95090     0.00000     0.00000     0.00000     0.00000     0.00000     0.00000     0.00000     0.00000     0.00000     0.00000     0.00000     0.00000     0.00000     0.00000     0.00000     0.00000     0.00000
   -58.88490     0.00000     0.00000     0.00000     0.00000     0.00000     0.00000     0.00000     0.00000     0.00000     0.00000     0.00000     0.00000     0.00000     0.00000     0.00000     0.00000     0.00000
   -58.81890     0.00000     0.00000     0.00000     0.00000     0.00000     0.00000     0.00000     0.00000     0.00000     0.00000     0.00000     0.00000     0.00000     0.00000     0.00000     0.00000     0.00000
   -58.75390     0.00000     0.00000     0.00000     0.00000     0.00000     0.00000     0.00000     0.00000     0.00000     0.00000     0.00000     0.00000     0.00000     0.00000     0.00000     0.00000     0.00000
   -58.68790     0.00000     0.00000     0.00000     0.00000     0.00000     0.00000     0.00000     0.00000     0.00000     0.00000     0.00000     0.00000     0.00000     0.00000     0.00000     0.00000     0.00000
   -58.62190     0.00000     0.00000     0.00000     0.00000     0.00000     0.00000     0.00000     0.00000     0.00000     0.00000     0.00000     0.00000     0.00000     0.00000     0.00000     0.00000     0.00000
   -58.55690     0.00000     0.00000     0.00000     0.00000     0.00000     0.00000     0.00000     0.00000     0.00000     0.00000     0.00000     0.00000     0.00000     0.00000     0.00000     0.00000     0.00000
   -58.49090     0.00000     0.00000     0.00000     0.00000     0.00000     0.00000     0.00000     0.00000     0.00000     0.00000     0.00000     0.00000     0.00000     0.00000     0.00000     0.00000     0.00000
   -58.42490     0.00000     0.00000     0.00000     0.00000     0.00000     0.00000     0.00000     0.00000     0.00000     0.00000     0.00000     0.00000     0.00000     0.00000     0.00000     0.00000     0.00000
   -58.35990     0.00000     0.00000     0.00000     0.00000     0.00000     0.00000     0.00000     0.00000     0.00000     0.00000     0.00000     0.00000     0.00000     0.00000     0.00000     0.00000     0.00000
   -58.29390     0.00000     0.00000     0.00000     0.00000     0.00000     0.00000     0.00000     0.00000     0.00000     0.00000     0.00000     0.00000     0.00000     0.00000     0.00000     0.00000     0.00000
   -58.22890     0.00000     0.00000     0.00000     0.00000     0.00000     0.00000     0.00000     0.00000     0.00000     0.00000     0.00000     0.00000     0.00000     0.00000     0.00000     0.00000     0.00000
   -58.16290     0.00000     0.00000     0.00000     0.00000     0.00000     0.00000     0.00000     0.00000     0.00000     0.00000     0.00000     0.00000     0.00000     0.00000     0.00000     0.00000     0.00000
   -58.09690     0.00000     0.00000     0.00000     0.00000     0.00000     0.00000     0.00000     0.00000     0.00000     0.00000     0.00000     0.00000     0.00000     0.00000     0.00000     0.00000     0.00000
   -58.03190     0.00000     0.00000     0.00000     0.00000     0.00000     0.00000     0.00000     0.00000     0.00000     0.00000     0.00000     0.00000     0.00000     0.00000     0.00000     0.00000     0.00000
   -57.96590     0.00000     0.00000     0.00000     0.00000     0.00000     0.00000     0.00000     0.00000     0.00000     0.00000     0.00000     0.00000     0.00000     0.00000     0.00000     0.00000     0.00000
   -57.89990     0.00000     0.00000     0.00000     0.00000     0.00000     0.00000     0.00000     0.00000     0.00000     0.00000     0.00000     0.00000     0.00000     0.00000     0.00000     0.00000     0.00000
   -57.83490     0.00000     0.00000     0.00000     0.00000     0.00000     0.00000     0.00000     0.00000     0.00000     0.00000     0.00000     0.00000     0.00000     0.00000     0.00000     0.00000     0.00000
   -57.76890     0.00000     0.00000     0.00000     0.00000     0.00000     0.00000     0.00000     0.00000     0.00000     0.00000     0.00000     0.00000     0.00000     0.00000     0.00000     0.00000     0.00000
   -57.70290     0.00000     0.00000     0.00000     0.00000     0.00000     0.00000     0.00000     0.00000     0.00000     0.00000     0.00000     0.00000     0.00000     0.00000     0.00000     0.00000     0.00000
   -57.63790     0.00000     0.00000     0.00000     0.00000     0.00000     0.00000     0.00000     0.00000     0.00000     0.00000     0.00000     0.00000     0.00000     0.00000     0.00000     0.00000     0.00000
   -57.57190     0.00000     0.00000     0.00000     0.00000     0.00000     0.00000     0.00000     0.00000     0.00000     0.00000     0.00000     0.00000     0.00000     0.00000     0.00000     0.00000     0.00000
   -57.50590     0.00000     0.00000     0.00000     0.00000     0.00000     0.00000     0.00000     0.00000     0.00000     0.00000     0.00000     0.00000     0.00000     0.00000     0.00000     0.00000     0.00000
   -57.44090     0.00000     0.00000     0.00000     0.00000     0.00000     0.00000     0.00000     0.00000     0.00000     0.00000     0.00000     0.00000     0.00000     0.00000     0.00000     0.00000     0.00000
   -57.37490     0.00000     0.00000     0.00000     0.00000     0.00000     0.00000     0.00000     0.00000     0.00000     0.00000     0.00000     0.00000     0.00000     0.00000     0.00000     0.00000     0.00000
   -57.30890     0.00000     0.00000     0.00000     0.00000     0.00000     0.00000     0.00000     0.00000     0.00000     0.00000     0.00000     0.00000     0.00000     0.00000     0.00000     0.00000     0.00000
   -57.24390     0.00000     0.00000     0.00000     0.00000     0.00000     0.00000     0.00000     0.00000     0.00000     0.00000     0.00000     0.00000     0.00000     0.00000     0.00000     0.00000     0.00000
   -57.17790     0.00000     0.00000     0.00000     0.00000     0.00000     0.00000     0.00000     0.00000     0.00000     0.00000     0.00000     0.00000     0.00000     0.00000     0.00000     0.00000     0.00000
   -57.11190     0.00000     0.00000     0.00000     0.00000     0.00000     0.00000     0.00000     0.00000     0.00000     0.00000     0.00000     0.00000     0.00000     0.00000     0.00000     0.00000     0.00000
   -57.04690     0.00000     0.00000     0.00000     0.00000     0.00000     0.00000     0.00000     0.00000     0.00000     0.00000     0.00000     0.00000     0.00000     0.00000     0.00000     0.00000     0.00000
   -56.98090     0.00000     0.00000     0.00000     0.00000     0.00000     0.00000     0.00000     0.00000     0.00000     0.00000     0.00000     0.00000     0.00000     0.00000     0.00000     0.00000     0.00000
   -56.91490     0.00000     0.00000     0.00000     0.00000     0.00000     0.00000     0.00000     0.00000     0.00000     0.00000     0.00000     0.00000     0.00000     0.00000     0.00000     0.00000     0.00000
   -56.84990     0.00000     0.00000     0.00000     0.00000     0.00000     0.00000     0.00000     0.00000     0.00000     0.00000     0.00000     0.00000     0.00000     0.00000     0.00000     0.00000     0.00000
   -56.78390     0.00000     0.00000     0.00000     0.00000     0.00000     0.00000     0.00000     0.00000     0.00000     0.00000     0.00000     0.00000     0.00000     0.00000     0.00000     0.00000     0.00000
   -56.71790     0.00000     0.00000     0.00000     0.00000     0.00000     0.00000     0.00000     0.00000     0.00000     0.00000     0.00000     0.00000     0.00000     0.00000     0.00000     0.00000     0.00000
   -56.65290     0.00000     0.00000     0.00000     0.00000     0.00000     0.00000     0.00000     0.00000     0.00000     0.00000     0.00000     0.00000     0.00000     0.00000     0.00000     0.00000     0.00000
   -56.58690     0.00000     0.00000     0.00000     0.00000     0.00000     0.00000     0.00000     0.00000     0.00000     0.00000     0.00000     0.00000     0.00000     0.00000     0.00000     0.00000     0.00000
   -56.52090     0.00000     0.00000     0.00000     0.00000     0.00000     0.00000     0.00000     0.00000     0.00000     0.00000     0.00000     0.00000     0.00000     0.00000     0.00000     0.00000     0.00000
   -56.45590     0.00000     0.00000     0.00000     0.00000     0.00000     0.00000     0.00000     0.00000     0.00000     0.00000     0.00000     0.00000     0.00000     0.00000     0.00000     0.00000     0.00000
   -56.38990     0.00000     0.00000     0.00000     0.00000     0.00000     0.00000     0.00000     0.00000     0.00000     0.00000     0.00000     0.00000     0.00000     0.00000     0.00000     0.00000     0.00000
   -56.32490     0.00000     0.00000     0.00000     0.00000     0.00000     0.00000     0.00000     0.00000     0.00000     0.00000     0.00000     0.00000     0.00000     0.00000     0.00000     0.00000     0.00000
   -56.25890     0.00000     0.00000     0.00000     0.00000     0.00000     0.00000     0.00000     0.00000     0.00000     0.00000     0.00000     0.00000     0.00000     0.00000     0.00000     0.00000     0.00000
   -56.19290     0.00000     0.00000     0.00000     0.00000     0.00000     0.00000     0.00000     0.00000     0.00000     0.00000     0.00000     0.00000     0.00000     0.00000     0.00000     0.00000     0.00000
   -56.12790     0.00000     0.00000     0.00000     0.00000     0.00000     0.00000     0.00000     0.00000     0.00000     0.00000     0.00000     0.00000     0.00000     0.00000     0.00000     0.00000     0.00000
   -56.06190     0.00000     0.00000     0.00000     0.00000     0.00000     0.00000     0.00000     0.00000     0.00000     0.00000     0.00000     0.00000     0.00000     0.00000     0.00000     0.00000     0.00000
   -55.99590     0.00000     0.00000     0.00000     0.00000     0.00000     0.00000     0.00000     0.00000     0.00000     0.00000     0.00000     0.00000     0.00000     0.00000     0.00000     0.00000     0.00000
   -55.93090     0.00000     0.00000     0.00000     0.00000     0.00000     0.00000     0.00000     0.00000     0.00000     0.00000     0.00000     0.00000     0.00000     0.00000     0.00000     0.00000     0.00000
   -55.86490     0.00000     0.00000     0.00000     0.00000     0.00000     0.00000     0.00000     0.00000     0.00000     0.00000     0.00000     0.00000     0.00000     0.00000     0.00000     0.00000     0.00000
   -55.79890     0.00000     0.00000     0.00000     0.00000     0.00000     0.00000     0.00000     0.00000     0.00000     0.00000     0.00000     0.00000     0.00000     0.00000     0.00000     0.00000     0.00000
   -55.73390     0.00000     0.00000     0.00000     0.00000     0.00000     0.00000     0.00000     0.00000     0.00000     0.00000     0.00000     0.00000     0.00000     0.00000     0.00000     0.00000     0.00000
   -55.66790     0.00000     0.00000     0.00000     0.00000     0.00000     0.00000     0.00000     0.00000     0.00000     0.00000     0.00000     0.00000     0.00000     0.00000     0.00000     0.00000     0.00000
   -55.60190     0.00000     0.00000     0.00000     0.00000     0.00000     0.00000     0.00000     0.00000     0.00000     0.00000     0.00000     0.00000     0.00000     0.00000     0.00000     0.00000     0.00000
   -55.53690     0.00000     0.00000     0.00000     0.00000     0.00000     0.00000     0.00000     0.00000     0.00000     0.00000     0.00000     0.00000     0.00000     0.00000     0.00000     0.00000     0.00000
   -55.47090     0.00000     0.00000     0.00000     0.00000     0.00000     0.00000     0.00000     0.00000     0.00000     0.00000     0.00000     0.00000     0.00000     0.00000     0.00000     0.00000     0.00000
   -55.40490     0.00000     0.00000     0.00000     0.00000     0.00000     0.00000     0.00000     0.00000     0.00000     0.00000     0.00000     0.00000     0.00000     0.00000     0.00000     0.00000     0.00000
   -55.33990     0.00000     0.00000     0.00000     0.00000     0.00000     0.00000     0.00000     0.00000     0.00000     0.00000     0.00000     0.00000     0.00000     0.00000     0.00000     0.00000     0.00000
   -55.27390     0.00000     0.00000     0.00000     0.00000     0.00000     0.00000     0.00000     0.00000     0.00000     0.00000     0.00000     0.00000     0.00000     0.00000     0.00000     0.00000     0.00000
   -55.20790     0.00000     0.00000     0.00000     0.00000     0.00000     0.00000     0.00000     0.00000     0.00000     0.00000     0.00000     0.00000     0.00000     0.00000     0.00000     0.00000     0.00000
   -55.14290     0.00000     0.00000     0.00000     0.00000     0.00000     0.00000     0.00000     0.00000     0.00000     0.00000     0.00000     0.00000     0.00000     0.00000     0.00000     0.00000     0.00000
   -55.07690     0.00000     0.00000     0.00000     0.00000     0.00000     0.00000     0.00000     0.00000     0.00000     0.00000     0.00000     0.00000     0.00000     0.00000     0.00000     0.00000     0.00000
   -55.01090     0.00000     0.00000     0.00000     0.00000     0.00000     0.00000     0.00000     0.00000     0.00000     0.00000     0.00000     0.00000     0.00000     0.00000     0.00000     0.00000     0.00000
   -54.94590     0.00000     0.00000     0.00000     0.00000     0.00000     0.00000     0.00000     0.00000     0.00000     0.00000     0.00000     0.00000     0.00000     0.00000     0.00000     0.00000     0.00000
   -54.87990     0.00000     0.00000     0.00000     0.00000     0.00000     0.00000     0.00000     0.00000     0.00000     0.00000     0.00000     0.00000     0.00000     0.00000     0.00000     0.00000     0.00000
   -54.81390     0.00000     0.00000     0.00000     0.00000     0.00000     0.00000     0.00000     0.00000     0.00000     0.00000     0.00000     0.00000     0.00000     0.00000     0.00000     0.00000     0.00000
   -54.74890     0.00000     0.00000     0.00000     0.00000     0.00000     0.00000     0.00000     0.00000     0.00000     0.00000     0.00000     0.00000     0.00000     0.00000     0.00000     0.00000     0.00000
   -54.68290     0.00000     0.00000     0.00000     0.00000     0.00000     0.00000     0.00000     0.00000     0.00000     0.00000     0.00000     0.00000     0.00000     0.00000     0.00000     0.00000     0.00000
   -54.61790     0.00000     0.00000     0.00000     0.00000     0.00000     0.00000     0.00000     0.00000     0.00000     0.00000     0.00000     0.00000     0.00000     0.00000     0.00000     0.00000     0.00000
   -54.55190     0.00000     0.00000     0.00000     0.00000     0.00000     0.00000     0.00000     0.00000     0.00000     0.00000     0.00000     0.00000     0.00000     0.00000     0.00000     0.00000     0.00000
   -54.48590     0.00000     0.00000     0.00000     0.00000     0.00000     0.00000     0.00000     0.00000     0.00000     0.00000     0.00000     0.00000     0.00000     0.00000     0.00000     0.00000     0.00000
   -54.42090     0.00000     0.00000     0.00000     0.00000     0.00000     0.00000     0.00000     0.00000     0.00000     0.00000     0.00000     0.00000     0.00000     0.00000     0.00000     0.00000     0.00000
   -54.35490     0.00000     0.00000     0.00000     0.00000     0.00000     0.00000     0.00000     0.00000     0.00000     0.00000     0.00000     0.00000     0.00000     0.00000     0.00000     0.00000     0.00000
   -54.28890     0.00000     0.00000     0.00000     0.00000     0.00000     0.00000     0.00000     0.00000     0.00000     0.00000     0.00000     0.00000     0.00000     0.00000     0.00000     0.00000     0.00000
   -54.22390     0.00000     0.00000     0.00000     0.00000     0.00000     0.00000     0.00000     0.00000     0.00000     0.00000     0.00000     0.00000     0.00000     0.00000     0.00000     0.00000     0.00000
   -54.15790     0.00000     0.00000     0.00000     0.00000     0.00000     0.00000     0.00000     0.00000     0.00000     0.00000     0.00000     0.00000     0.00000     0.00000     0.00000     0.00000     0.00000
   -54.09190     0.00000     0.00000     0.00000     0.00000     0.00000     0.00000     0.00000     0.00000     0.00000     0.00000     0.00000     0.00000     0.00000     0.00000     0.00000     0.00000     0.00000
   -54.02690     0.00000     0.00000     0.00000     0.00000     0.00000     0.00000     0.00000     0.00000     0.00000     0.00000     0.00000     0.00000     0.00000     0.00000     0.00000     0.00000     0.00000
   -53.96090     0.00000     0.00000     0.00000     0.00000     0.00000     0.00000     0.00000     0.00000     0.00000     0.00000     0.00000     0.00000     0.00000     0.00000     0.00000     0.00000     0.00000
   -53.89490     0.00000     0.00000     0.00000     0.00000     0.00000     0.00000     0.00000     0.00000     0.00000     0.00000     0.00000     0.00000     0.00000     0.00000     0.00000     0.00000     0.00000
   -53.82990     0.00000     0.00000     0.00000     0.00000     0.00000     0.00000     0.00000     0.00000     0.00000     0.00000     0.00000     0.00000     0.00000     0.00000     0.00000     0.00000     0.00000
   -53.76390     0.00000     0.00000     0.00000     0.00000     0.00000     0.00000     0.00000     0.00000     0.00000     0.00000     0.00000     0.00000     0.00000     0.00000     0.00000     0.00000     0.00000
   -53.69790     0.00000     0.00000     0.00000     0.00000     0.00000     0.00000     0.00000     0.00000     0.00000     0.00000     0.00000     0.00000     0.00000     0.00000     0.00000     0.00000     0.00000
   -53.63290     0.00000     0.00000     0.00000     0.00000     0.00000     0.00000     0.00000     0.00000     0.00000     0.00000     0.00000     0.00000     0.00000     0.00000     0.00000     0.00000     0.00000
   -53.56690     0.00000     0.00000     0.00000     0.00000     0.00000     0.00000     0.00000     0.00000     0.00000     0.00000     0.00000     0.00000     0.00000     0.00000     0.00000     0.00000     0.00000
   -53.50090     0.00000     0.00000     0.00000     0.00000     0.00000     0.00000     0.00000     0.00000     0.00000     0.00000     0.00000     0.00000     0.00000     0.00000     0.00000     0.00000     0.00000
   -53.43590     0.00000     0.00000     0.00000     0.00000     0.00000     0.00000     0.00000     0.00000     0.00000     0.00000     0.00000     0.00000     0.00000     0.00000     0.00000     0.00000     0.00000
   -53.36990     0.00000     0.00000     0.00000     0.00000     0.00000     0.00000     0.00000     0.00000     0.00000     0.00000     0.00000     0.00000     0.00000     0.00000     0.00000     0.00000     0.00000
   -53.30390     0.00000     0.00000     0.00000     0.00000     0.00000     0.00000     0.00000     0.00000     0.00000     0.00000     0.00000     0.00000     0.00000     0.00000     0.00000     0.00000     0.00000
   -53.23890     0.00000     0.00000     0.00000     0.00000     0.00000     0.00000     0.00000     0.00000     0.00000     0.00000     0.00000     0.00000     0.00000     0.00000     0.00000     0.00000     0.00000
   -53.17290     0.00000     0.00000     0.00000     0.00000     0.00000     0.00000     0.00000     0.00000     0.00000     0.00000     0.00000     0.00000     0.00000     0.00000     0.00000     0.00000     0.00000
   -53.10690     0.00000     0.00000     0.00000     0.00000     0.00000     0.00000     0.00000     0.00000     0.00000     0.00000     0.00000     0.00000     0.00000     0.00000     0.00000     0.00000     0.00000
   -53.04190     0.00000     0.00000     0.00000     0.00000     0.00000     0.00000     0.00000     0.00000     0.00000     0.00000     0.00000     0.00000     0.00000     0.00000     0.00000     0.00000     0.00000
   -52.97590     0.00000     0.00000     0.00000     0.00000     0.00000     0.00000     0.00000     0.00000     0.00000     0.00000     0.00000     0.00000     0.00000     0.00000     0.00000     0.00000     0.00000
   -52.90990     0.00000     0.00000     0.00000     0.00000     0.00000     0.00000     0.00000     0.00000     0.00000     0.00000     0.00000     0.00000     0.00000     0.00000     0.00000     0.00000     0.00000
   -52.84490     0.00000     0.00000     0.00000     0.00000     0.00000     0.00000     0.00000     0.00000     0.00000     0.00000     0.00000     0.00000     0.00000     0.00000     0.00000     0.00000     0.00000
   -52.77890     0.00000     0.00000     0.00000     0.00000     0.00000     0.00000     0.00000     0.00000     0.00000     0.00000     0.00000     0.00000     0.00000     0.00000     0.00000     0.00000     0.00000
   -52.71390     0.00000     0.00000     0.00000     0.00000     0.00000     0.00000     0.00000     0.00000     0.00000     0.00000     0.00000     0.00000     0.00000     0.00000     0.00000     0.00000     0.00000
   -52.64790     0.00000     0.00000     0.00000     0.00000     0.00000     0.00000     0.00000     0.00000     0.00000     0.00000     0.00000     0.00000     0.00000     0.00000     0.00000     0.00000     0.00000
   -52.58190     0.00000     0.00000     0.00000     0.00000     0.00000     0.00000     0.00000     0.00000     0.00000     0.00000     0.00000     0.00000     0.00000     0.00000     0.00000     0.00000     0.00000
   -52.51690     0.00000     0.00000     0.00000     0.00000     0.00000     0.00000     0.00000     0.00000     0.00000     0.00000     0.00000     0.00000     0.00000     0.00000     0.00000     0.00000     0.00000
   -52.45090     0.00000     0.00000     0.00000     0.00000     0.00000     0.00000     0.00000     0.00000     0.00000     0.00000     0.00000     0.00000     0.00000     0.00000     0.00000     0.00000     0.00000
   -52.38490     0.00000     0.00000     0.00000     0.00000     0.00000     0.00000     0.00000     0.00000     0.00000     0.00000     0.00000     0.00000     0.00000     0.00000     0.00000     0.00000     0.00000
   -52.31990     0.00000     0.00000     0.00000     0.00000     0.00000     0.00000     0.00000     0.00000     0.00000     0.00000     0.00000     0.00000     0.00000     0.00000     0.00000     0.00000     0.00000
   -52.25390     0.00000     0.00000     0.00000     0.00000     0.00000     0.00000     0.00000     0.00000     0.00000     0.00000     0.00000     0.00000     0.00000     0.00000     0.00000     0.00000     0.00000
   -52.18790     0.00000     0.00000     0.00000     0.00000     0.00000     0.00000     0.00000     0.00000     0.00000     0.00000     0.00000     0.00000     0.00000     0.00000     0.00000     0.00000     0.00000
   -52.12290     0.00000     0.00000     0.00000     0.00000     0.00000     0.00000     0.00000     0.00000     0.00000     0.00000     0.00000     0.00000     0.00000     0.00000     0.00000     0.00000     0.00000
   -52.05690     0.00000     0.00000     0.00000     0.00000     0.00000     0.00000     0.00000     0.00000     0.00000     0.00000     0.00000     0.00000     0.00000     0.00000     0.00000     0.00000     0.00000
   -51.99090     0.00000     0.00000     0.00000     0.00000     0.00000     0.00000     0.00000     0.00000     0.00000     0.00000     0.00000     0.00000     0.00000     0.00000     0.00000     0.00000     0.00000
   -51.92590     0.00000     0.00000     0.00000     0.00000     0.00000     0.00000     0.00000     0.00000     0.00000     0.00000     0.00000     0.00000     0.00000     0.00000     0.00000     0.00000     0.00000
   -51.85990     0.00000     0.00000     0.00000     0.00000     0.00000     0.00000     0.00000     0.00000     0.00000     0.00000     0.00000     0.00000     0.00000     0.00000     0.00000     0.00000     0.00000
   -51.79390     0.00000     0.00000     0.00000     0.00000     0.00000     0.00000     0.00000     0.00000     0.00000     0.00000     0.00000     0.00000     0.00000     0.00000     0.00000     0.00000     0.00000
   -51.72890     0.00000     0.00000     0.00000     0.00000     0.00000     0.00000     0.00000     0.00000     0.00000     0.00000     0.00000     0.00000     0.00000     0.00000     0.00000     0.00000     0.00000
   -51.66290     0.00000     0.00000     0.00000     0.00000     0.00000     0.00000     0.00000     0.00000     0.00000     0.00000     0.00000     0.00000     0.00000     0.00000     0.00000     0.00000     0.00000
   -51.59690     0.00000     0.00000     0.00000     0.00000     0.00000     0.00000     0.00000     0.00000     0.00000     0.00000     0.00000     0.00000     0.00000     0.00000     0.00000     0.00000     0.00000
   -51.53190     0.00000     0.00000     0.00000     0.00000     0.00000     0.00000     0.00000     0.00000     0.00000     0.00000     0.00000     0.00000     0.00000     0.00000     0.00000     0.00000     0.00000
   -51.46590     0.00000     0.00000     0.00000     0.00000     0.00000     0.00000     0.00000     0.00000     0.00000     0.00000     0.00000     0.00000     0.00000     0.00000     0.00000     0.00000     0.00000
   -51.39990     0.00000     0.00000     0.00000     0.00000     0.00000     0.00000     0.00000     0.00000     0.00000     0.00000     0.00000     0.00000     0.00000     0.00000     0.00000     0.00000     0.00000
   -51.33490     0.00000     0.00000     0.00000     0.00000     0.00000     0.00000     0.00000     0.00000     0.00000     0.00000     0.00000     0.00000     0.00000     0.00000     0.00000     0.00000     0.00000
   -51.26890     0.00000     0.00000     0.00000     0.00000     0.00000     0.00000     0.00000     0.00000     0.00000     0.00000     0.00000     0.00000     0.00000     0.00000     0.00000     0.00000     0.00000
   -51.20290     0.00000     0.00000     0.00000     0.00000     0.00000     0.00000     0.00000     0.00000     0.00000     0.00000     0.00000     0.00000     0.00000     0.00000     0.00000     0.00000     0.00000
   -51.13790     0.00000     0.00000     0.00000     0.00000     0.00000     0.00000     0.00000     0.00000     0.00000     0.00000     0.00000     0.00000     0.00000     0.00000     0.00000     0.00000     0.00000
   -51.07190     0.00000     0.00000     0.00000     0.00000     0.00000     0.00000     0.00000     0.00000     0.00000     0.00000     0.00000     0.00000     0.00000     0.00000     0.00000     0.00000     0.00000
   -51.00590     0.00000     0.00000     0.00000     0.00000     0.00000     0.00000     0.00000     0.00000     0.00000     0.00000     0.00000     0.00000     0.00000     0.00000     0.00000     0.00000     0.00000
   -50.94090     0.00000     0.00000     0.00000     0.00000     0.00000     0.00000     0.00000     0.00000     0.00000     0.00000     0.00000     0.00000     0.00000     0.00000     0.00000     0.00000     0.00000
   -50.87490     0.00000     0.00000     0.00000     0.00000     0.00000     0.00000     0.00000     0.00000     0.00000     0.00000     0.00000     0.00000     0.00000     0.00000     0.00000     0.00000     0.00000
   -50.80990     0.00000     0.00000     0.00000     0.00000     0.00000     0.00000     0.00000     0.00000     0.00000     0.00000     0.00000     0.00000     0.00000     0.00000     0.00000     0.00000     0.00000
   -50.74390     0.00000     0.00000     0.00000     0.00000     0.00000     0.00000     0.00000     0.00000     0.00000     0.00000     0.00000     0.00000     0.00000     0.00000     0.00000     0.00000     0.00000
   -50.67790     0.00000     0.00000     0.00000     0.00000     0.00000     0.00000     0.00000     0.00000     0.00000     0.00000     0.00000     0.00000     0.00000     0.00000     0.00000     0.00000     0.00000
   -50.61290     0.00000     0.00000     0.00000     0.00000     0.00000     0.00000     0.00000     0.00000     0.00000     0.00000     0.00000     0.00000     0.00000     0.00000     0.00000     0.00000     0.00000
   -50.54690     0.00000     0.00000     0.00000     0.00000     0.00000     0.00000     0.00000     0.00000     0.00000     0.00000     0.00000     0.00000     0.00000     0.00000     0.00000     0.00000     0.00000
   -50.48090     0.00000     0.00000     0.00000     0.00000     0.00000     0.00000     0.00000     0.00000     0.00000     0.00000     0.00000     0.00000     0.00000     0.00000     0.00000     0.00000     0.00000
   -50.41590     0.00000     0.00000     0.00000     0.00000     0.00000     0.00000     0.00000     0.00000     0.00000     0.00000     0.00000     0.00000     0.00000     0.00000     0.00000     0.00000     0.00000
   -50.34990     0.00000     0.00000     0.00000     0.00000     0.00000     0.00000     0.00000     0.00000     0.00000     0.00000     0.00000     0.00000     0.00000     0.00000     0.00000     0.00000     0.00000
   -50.28390     0.00000     0.00000     0.00000     0.00000     0.00000     0.00000     0.00000     0.00000     0.00000     0.00000     0.00000     0.00000     0.00000     0.00000     0.00000     0.00000     0.00000
   -50.21890     0.00000     0.00000     0.00000     0.00000     0.00000     0.00000     0.00000     0.00000     0.00000     0.00000     0.00000     0.00000     0.00000     0.00000     0.00000     0.00000     0.00000
   -50.15290     0.00000     0.00000     0.00000     0.00000     0.00000     0.00000     0.00000     0.00000     0.00000     0.00000     0.00000     0.00000     0.00000     0.00000     0.00000     0.00000     0.00000
   -50.08690     0.00000     0.00000     0.00000     0.00000     0.00000     0.00000     0.00000     0.00000     0.00000     0.00000     0.00000     0.00000     0.00000     0.00000     0.00000     0.00000     0.00000
   -50.02190     0.00000     0.00000     0.00000     0.00000     0.00000     0.00000     0.00000     0.00000     0.00000     0.00000     0.00000     0.00000     0.00000     0.00000     0.00000     0.00000     0.00000
   -49.95590     0.00000     0.00000     0.00000     0.00000     0.00000     0.00000     0.00000     0.00000     0.00000     0.00000     0.00000     0.00000     0.00000     0.00000     0.00000     0.00000     0.00000
   -49.88990     0.00000     0.00000     0.00000     0.00000     0.00000     0.00000     0.00000     0.00000     0.00000     0.00000     0.00000     0.00000     0.00000     0.00000     0.00000     0.00000     0.00000
   -49.82490     0.00000     0.00000     0.00000     0.00000     0.00000     0.00000     0.00000     0.00000     0.00000     0.00000     0.00000     0.00000     0.00000     0.00000     0.00000     0.00000     0.00000
   -49.75890     0.00000     0.00000     0.00000     0.00000     0.00000     0.00000     0.00000     0.00000     0.00000     0.00000     0.00000     0.00000     0.00000     0.00000     0.00000     0.00000     0.00000
   -49.69290     0.00000     0.00000     0.00000     0.00000     0.00000     0.00000     0.00000     0.00000     0.00000     0.00000     0.00000     0.00000     0.00000     0.00000     0.00000     0.00000     0.00000
   -49.62790     0.00000     0.00000     0.00000     0.00000     0.00000     0.00000     0.00000     0.00000     0.00000     0.00000     0.00000     0.00000     0.00000     0.00000     0.00000     0.00000     0.00000
   -49.56190     0.00000     0.00000     0.00000     0.00000     0.00000     0.00000     0.00000     0.00000     0.00000     0.00000     0.00000     0.00000     0.00000     0.00000     0.00000     0.00000     0.00000
   -49.49590     0.00000     0.00000     0.00000     0.00000     0.00000     0.00000     0.00000     0.00000     0.00000     0.00000     0.00000     0.00000     0.00000     0.00000     0.00000     0.00000     0.00000
   -49.43090     0.00000     0.00000     0.00000     0.00000     0.00000     0.00000     0.00000     0.00000     0.00000     0.00000     0.00000     0.00000     0.00000     0.00000     0.00000     0.00000     0.00000
   -49.36490     0.00000     0.00000     0.00000     0.00000     0.00000     0.00000     0.00000     0.00000     0.00000     0.00000     0.00000     0.00000     0.00000     0.00000     0.00000     0.00000     0.00000
   -49.29890     0.00000     0.00000     0.00000     0.00000     0.00000     0.00000     0.00000     0.00000     0.00000     0.00000     0.00000     0.00000     0.00000     0.00000     0.00000     0.00000     0.00000
   -49.23390     0.00000     0.00000     0.00000     0.00000     0.00000     0.00000     0.00000     0.00000     0.00000     0.00000     0.00000     0.00000     0.00000     0.00000     0.00000     0.00000     0.00000
   -49.16790     0.00000     0.00000     0.00000     0.00000     0.00000     0.00000     0.00000     0.00000     0.00000     0.00000     0.00000     0.00000     0.00000     0.00000     0.00000     0.00000     0.00000
   -49.10290     0.00000     0.00000     0.00000     0.00000     0.00000     0.00000     0.00000     0.00000     0.00000     0.00000     0.00000     0.00000     0.00000     0.00000     0.00000     0.00000     0.00000
   -49.03690     0.00000     0.00000     0.00000     0.00000     0.00000     0.00000     0.00000     0.00000     0.00000     0.00000     0.00000     0.00000     0.00000     0.00000     0.00000     0.00000     0.00000
   -48.97090     0.00000     0.00000     0.00000     0.00000     0.00000     0.00000     0.00000     0.00000     0.00000     0.00000     0.00000     0.00000     0.00000     0.00000     0.00000     0.00000     0.00000
   -48.90590     0.00000     0.00000     0.00000     0.00000     0.00000     0.00000     0.00000     0.00000     0.00000     0.00000     0.00000     0.00000     0.00000     0.00000     0.00000     0.00000     0.00000
   -48.83990     0.00000     0.00000     0.00000     0.00000     0.00000     0.00000     0.00000     0.00000     0.00000     0.00000     0.00000     0.00000     0.00000     0.00000     0.00000     0.00000     0.00000
   -48.77390     0.00000     0.00000     0.00000     0.00000     0.00000     0.00000     0.00000     0.00000     0.00000     0.00000     0.00000     0.00000     0.00000     0.00000     0.00000     0.00000     0.00000
   -48.70890     0.00000     0.00000     0.00000     0.00000     0.00000     0.00000     0.00000     0.00000     0.00000     0.00000     0.00000     0.00000     0.00000     0.00000     0.00000     0.00000     0.00000
   -48.64290     0.00000     0.00000     0.00000     0.00000     0.00000     0.00000     0.00000     0.00000     0.00000     0.00000     0.00000     0.00000     0.00000     0.00000     0.00000     0.00000     0.00000
   -48.57690     0.00000     0.00000     0.00000     0.00000     0.00000     0.00000     0.00000     0.00000     0.00000     0.00000     0.00000     0.00000     0.00000     0.00000     0.00000     0.00000     0.00000
   -48.51190     0.00000     0.00000     0.00000     0.00000     0.00000     0.00000     0.00000     0.00000     0.00000     0.00000     0.00000     0.00000     0.00000     0.00000     0.00000     0.00000     0.00000
   -48.44590     0.00000     0.00000     0.00000     0.00000     0.00000     0.00000     0.00000     0.00000     0.00000     0.00000     0.00000     0.00000     0.00000     0.00000     0.00000     0.00000     0.00000
   -48.37990     0.00000     0.00000     0.00000     0.00000     0.00000     0.00000     0.00000     0.00000     0.00000     0.00000     0.00000     0.00000     0.00000     0.00000     0.00000     0.00000     0.00000
   -48.31490     0.00000     0.00000     0.00000     0.00000     0.00000     0.00000     0.00000     0.00000     0.00000     0.00000     0.00000     0.00000     0.00000     0.00000     0.00000     0.00000     0.00000
   -48.24890     0.00000     0.00000     0.00000     0.00000     0.00000     0.00000     0.00000     0.00000     0.00000     0.00000     0.00000     0.00000     0.00000     0.00000     0.00000     0.00000     0.00000
   -48.18290     0.00000     0.00000     0.00000     0.00000     0.00000     0.00000     0.00000     0.00000     0.00000     0.00000     0.00000     0.00000     0.00000     0.00000     0.00000     0.00000     0.00000
   -48.11790     0.00000     0.00000     0.00000     0.00000     0.00000     0.00000     0.00000     0.00000     0.00000     0.00000     0.00000     0.00000     0.00000     0.00000     0.00000     0.00000     0.00000
   -48.05190     0.00000     0.00000     0.00000     0.00000     0.00000     0.00000     0.00000     0.00000     0.00000     0.00000     0.00000     0.00000     0.00000     0.00000     0.00000     0.00000     0.00000
   -47.98590     0.00000     0.00000     0.00000     0.00000     0.00000     0.00000     0.00000     0.00000     0.00000     0.00000     0.00000     0.00000     0.00000     0.00000     0.00000     0.00000     0.00000
   -47.92090     0.00000     0.00000     0.00000     0.00000     0.00000     0.00000     0.00000     0.00000     0.00000     0.00000     0.00000     0.00000     0.00000     0.00000     0.00000     0.00000     0.00000
   -47.85490     0.00000     0.00000     0.00000     0.00000     0.00000     0.00000     0.00000     0.00000     0.00000     0.00000     0.00000     0.00000     0.00000     0.00000     0.00000     0.00000     0.00000
   -47.78890     0.00000     0.00000     0.00000     0.00000     0.00000     0.00000     0.00000     0.00000     0.00000     0.00000     0.00000     0.00000     0.00000     0.00000     0.00000     0.00000     0.00000
   -47.72390     0.00000     0.00000     0.00000     0.00000     0.00000     0.00000     0.00000     0.00000     0.00000     0.00000     0.00000     0.00000     0.00000     0.00000     0.00000     0.00000     0.00000
   -47.65790     0.00000     0.00000     0.00000     0.00000     0.00000     0.00000     0.00000     0.00000     0.00000     0.00000     0.00000     0.00000     0.00000     0.00000     0.00000     0.00000     0.00000
   -47.59190     0.00000     0.00000     0.00000     0.00000     0.00000     0.00000     0.00000     0.00000     0.00000     0.00000     0.00000     0.00000     0.00000     0.00000     0.00000     0.00000     0.00000
   -47.52690     0.00000     0.00000     0.00000     0.00000     0.00000     0.00000     0.00000     0.00000     0.00000     0.00000     0.00000     0.00000     0.00000     0.00000     0.00000     0.00000     0.00000
   -47.46090     0.00000     0.00000     0.00000     0.00000     0.00000     0.00000     0.00000     0.00000     0.00000     0.00000     0.00000     0.00000     0.00000     0.00000     0.00000     0.00000     0.00000
   -47.39490     0.00000     0.00000     0.00000     0.00000     0.00000     0.00000     0.00000     0.00000     0.00000     0.00000     0.00000     0.00000     0.00000     0.00000     0.00000     0.00000     0.00000
   -47.32990     0.00000     0.00000     0.00000     0.00000     0.00000     0.00000     0.00000     0.00000     0.00000     0.00000     0.00000     0.00000     0.00000     0.00000     0.00000     0.00000     0.00000
   -47.26390     0.00000     0.00000     0.00000     0.00000     0.00000     0.00000     0.00000     0.00000     0.00000     0.00000     0.00000     0.00000     0.00000     0.00000     0.00000     0.00000     0.00000
   -47.19890     0.00000     0.00000     0.00000     0.00000     0.00000     0.00000     0.00000     0.00000     0.00000     0.00000     0.00000     0.00000     0.00000     0.00000     0.00000     0.00000     0.00000
   -47.13290     0.00000     0.00000     0.00000     0.00000     0.00000     0.00000     0.00000     0.00000     0.00000     0.00000     0.00000     0.00000     0.00000     0.00000     0.00000     0.00000     0.00000
   -47.06690     0.00000     0.00000     0.00000     0.00000     0.00000     0.00000     0.00000     0.00000     0.00000     0.00000     0.00000     0.00000     0.00000     0.00000     0.00000     0.00000     0.00000
   -47.00190     0.00000     0.00000     0.00000     0.00000     0.00000     0.00000     0.00000     0.00000     0.00000     0.00000     0.00000     0.00000     0.00000     0.00000     0.00000     0.00000     0.00000
   -46.93590     0.00000     0.00000     0.00000     0.00000     0.00000     0.00000     0.00000     0.00000     0.00000     0.00000     0.00000     0.00000     0.00000     0.00000     0.00000     0.00000     0.00000
   -46.86990     0.00000     0.00000     0.00000     0.00000     0.00000     0.00000     0.00000     0.00000     0.00000     0.00000     0.00000     0.00000     0.00000     0.00000     0.00000     0.00000     0.00000
   -46.80490     0.00000     0.00000     0.00000     0.00000     0.00000     0.00000     0.00000     0.00000     0.00000     0.00000     0.00000     0.00000     0.00000     0.00000     0.00000     0.00000     0.00000
   -46.73890     0.00000     0.00000     0.00000     0.00000     0.00000     0.00000     0.00000     0.00000     0.00000     0.00000     0.00000     0.00000     0.00000     0.00000     0.00000     0.00000     0.00000
   -46.67290     0.00000     0.00000     0.00000     0.00000     0.00000     0.00000     0.00000     0.00000     0.00000     0.00000     0.00000     0.00000     0.00000     0.00000     0.00000     0.00000     0.00000
   -46.60790     0.00000     0.00000     0.00000     0.00000     0.00000     0.00000     0.00000     0.00000     0.00000     0.00000     0.00000     0.00000     0.00000     0.00000     0.00000     0.00000     0.00000
   -46.54190     0.00000     0.00000     0.00000     0.00000     0.00000     0.00000     0.00000     0.00000     0.00000     0.00000     0.00000     0.00000     0.00000     0.00000     0.00000     0.00000     0.00000
   -46.47590     0.00000     0.00000     0.00000     0.00000     0.00000     0.00000     0.00000     0.00000     0.00000     0.00000     0.00000     0.00000     0.00000     0.00000     0.00000     0.00000     0.00000
   -46.41090     0.00000     0.00000     0.00000     0.00000     0.00000     0.00000     0.00000     0.00000     0.00000     0.00000     0.00000     0.00000     0.00000     0.00000     0.00000     0.00000     0.00000
   -46.34490     0.00000     0.00000     0.00000     0.00000     0.00000     0.00000     0.00000     0.00000     0.00000     0.00000     0.00000     0.00000     0.00000     0.00000     0.00000     0.00000     0.00000
   -46.27890     0.00000     0.00000     0.00000     0.00000     0.00000     0.00000     0.00000     0.00000     0.00000     0.00000     0.00000     0.00000     0.00000     0.00000     0.00000     0.00000     0.00000
   -46.21390     0.00000     0.00000     0.00000     0.00000     0.00000     0.00000     0.00000     0.00000     0.00000     0.00000     0.00000     0.00000     0.00000     0.00000     0.00000     0.00000     0.00000
   -46.14790     0.00000     0.00000     0.00000     0.00000     0.00000     0.00000     0.00000     0.00000     0.00000     0.00000     0.00000     0.00000     0.00000     0.00000     0.00000     0.00000     0.00000
   -46.08190     0.00000     0.00000     0.00000     0.00000     0.00000     0.00000     0.00000     0.00000     0.00000     0.00000     0.00000     0.00000     0.00000     0.00000     0.00000     0.00000     0.00000
   -46.01690     0.00000     0.00000     0.00000     0.00000     0.00000     0.00000     0.00000     0.00000     0.00000     0.00000     0.00000     0.00000     0.00000     0.00000     0.00000     0.00000     0.00000
   -45.95090     0.00000     0.00000     0.00000     0.00000     0.00000     0.00000     0.00000     0.00000     0.00000     0.00000     0.00000     0.00000     0.00000     0.00000     0.00000     0.00000     0.00000
   -45.88490     0.00000     0.00000     0.00000     0.00000     0.00000     0.00000     0.00000     0.00000     0.00000     0.00000     0.00000     0.00000     0.00000     0.00000     0.00000     0.00000     0.00000
   -45.81990     0.00000     0.00000     0.00000     0.00000     0.00000     0.00000     0.00000     0.00000     0.00000     0.00000     0.00000     0.00000     0.00000     0.00000     0.00000     0.00000     0.00000
   -45.75390     0.00000     0.00000     0.00000     0.00000     0.00000     0.00000     0.00000     0.00000     0.00000     0.00000     0.00000     0.00000     0.00000     0.00000     0.00000     0.00000     0.00000
   -45.68790     0.00000     0.00000     0.00000     0.00000     0.00000     0.00000     0.00000     0.00000     0.00000     0.00000     0.00000     0.00000     0.00000     0.00000     0.00000     0.00000     0.00000
   -45.62290     0.00000     0.00000     0.00000     0.00000     0.00000     0.00000     0.00000     0.00000     0.00000     0.00000     0.00000     0.00000     0.00000     0.00000     0.00000     0.00000     0.00000
   -45.55690     0.00000     0.00000     0.00000     0.00000     0.00000     0.00000     0.00000     0.00000     0.00000     0.00000     0.00000     0.00000     0.00000     0.00000     0.00000     0.00000     0.00000
   -45.49190     0.00000     0.00000     0.00000     0.00000     0.00000     0.00000     0.00000     0.00000     0.00000     0.00000     0.00000     0.00000     0.00000     0.00000     0.00000     0.00000     0.00000
   -45.42590     0.00000     0.00000     0.00000     0.00000     0.00000     0.00000     0.00000     0.00000     0.00000     0.00000     0.00000     0.00000     0.00000     0.00000     0.00000     0.00000     0.00000
   -45.35990     0.00000     0.00000     0.00000     0.00000     0.00000     0.00000     0.00000     0.00000     0.00000     0.00000     0.00000     0.00000     0.00000     0.00000     0.00000     0.00000     0.00000
   -45.29490     0.00000     0.00000     0.00000     0.00000     0.00000     0.00000     0.00000     0.00000     0.00000     0.00000     0.00000     0.00000     0.00000     0.00000     0.00000     0.00000     0.00000
   -45.22890     0.00000     0.00000     0.00000     0.00000     0.00000     0.00000     0.00000     0.00000     0.00000     0.00000     0.00000     0.00000     0.00000     0.00000     0.00000     0.00000     0.00000
   -45.16290     0.00000     0.00000     0.00000     0.00000     0.00000     0.00000     0.00000     0.00000     0.00000     0.00000     0.00000     0.00000     0.00000     0.00000     0.00000     0.00000     0.00000
   -45.09790     0.00000     0.00000     0.00000     0.00000     0.00000     0.00000     0.00000     0.00000     0.00000     0.00000     0.00000     0.00000     0.00000     0.00000     0.00000     0.00000     0.00000
   -45.03190     0.00000     0.00000     0.00000     0.00000     0.00000     0.00000     0.00000     0.00000     0.00000     0.00000     0.00000     0.00000     0.00000     0.00000     0.00000     0.00000     0.00000
   -44.96590     0.00000     0.00000     0.00000     0.00000     0.00000     0.00000     0.00000     0.00000     0.00000     0.00000     0.00000     0.00000     0.00000     0.00000     0.00000     0.00000     0.00000
   -44.90090     0.00000     0.00000     0.00000     0.00000     0.00000     0.00000     0.00000     0.00000     0.00000     0.00000     0.00000     0.00000     0.00000     0.00000     0.00000     0.00000     0.00000
   -44.83490     0.00000     0.00000     0.00000     0.00000     0.00000     0.00000     0.00000     0.00000     0.00000     0.00000     0.00000     0.00000     0.00000     0.00000     0.00000     0.00000     0.00000
   -44.76890     0.00000     0.00000     0.00000     0.00000     0.00000     0.00000     0.00000     0.00000     0.00000     0.00000     0.00000     0.00000     0.00000     0.00000     0.00000     0.00000     0.00000
   -44.70390     0.00000     0.00000     0.00000     0.00000     0.00000     0.00000     0.00000     0.00000     0.00000     0.00000     0.00000     0.00000     0.00000     0.00000     0.00000     0.00000     0.00000
   -44.63790     0.00000     0.00000     0.00000     0.00000     0.00000     0.00000     0.00000     0.00000     0.00000     0.00000     0.00000     0.00000     0.00000     0.00000     0.00000     0.00000     0.00000
   -44.57190     0.00000     0.00000     0.00000     0.00000     0.00000     0.00000     0.00000     0.00000     0.00000     0.00000     0.00000     0.00000     0.00000     0.00000     0.00000     0.00000     0.00000
   -44.50690     0.00000     0.00000     0.00000     0.00000     0.00000     0.00000     0.00000     0.00000     0.00000     0.00000     0.00000     0.00000     0.00000     0.00000     0.00000     0.00000     0.00000
   -44.44090     0.00000     0.00000     0.00000     0.00000     0.00000     0.00000     0.00000     0.00000     0.00000     0.00000     0.00000     0.00000     0.00000     0.00000     0.00000     0.00000     0.00000
   -44.37490     0.00000     0.00000     0.00000     0.00000     0.00000     0.00000     0.00000     0.00000     0.00000     0.00000     0.00000     0.00000     0.00000     0.00000     0.00000     0.00000     0.00000
   -44.30990     0.00000     0.00000     0.00000     0.00000     0.00000     0.00000     0.00000     0.00000     0.00000     0.00000     0.00000     0.00000     0.00000     0.00000     0.00000     0.00000     0.00000
   -44.24390     0.00000     0.00000     0.00000     0.00000     0.00000     0.00000     0.00000     0.00000     0.00000     0.00000     0.00000     0.00000     0.00000     0.00000     0.00000     0.00000     0.00000
   -44.17790     0.00000     0.00000     0.00000     0.00000     0.00000     0.00000     0.00000     0.00000     0.00000     0.00000     0.00000     0.00000     0.00000     0.00000     0.00000     0.00000     0.00000
   -44.11290     0.00000     0.00000     0.00000     0.00000     0.00000     0.00000     0.00000     0.00000     0.00000     0.00000     0.00000     0.00000     0.00000     0.00000     0.00000     0.00000     0.00000
   -44.04690     0.00000     0.00000     0.00000     0.00000     0.00000     0.00000     0.00000     0.00000     0.00000     0.00000     0.00000     0.00000     0.00000     0.00000     0.00000     0.00000     0.00000
   -43.98090     0.00000     0.00000     0.00000     0.00000     0.00000     0.00000     0.00000     0.00000     0.00000     0.00000     0.00000     0.00000     0.00000     0.00000     0.00000     0.00000     0.00000
   -43.91590     0.00000     0.00000     0.00000     0.00000     0.00000     0.00000     0.00000     0.00000     0.00000     0.00000     0.00000     0.00000     0.00000     0.00000     0.00000     0.00000     0.00000
   -43.84990     0.00000     0.00000     0.00000     0.00000     0.00000     0.00000     0.00000     0.00000     0.00000     0.00000     0.00000     0.00000     0.00000     0.00000     0.00000     0.00000     0.00000
   -43.78390     0.00000     0.00000     0.00000     0.00000     0.00000     0.00000     0.00000     0.00000     0.00000     0.00000     0.00000     0.00000     0.00000     0.00000     0.00000     0.00000     0.00000
   -43.71890     0.00000     0.00000     0.00000     0.00000     0.00000     0.00000     0.00000     0.00000     0.00000     0.00000     0.00000     0.00000     0.00000     0.00000     0.00000     0.00000     0.00000
   -43.65290     0.00000     0.00000     0.00000     0.00000     0.00000     0.00000     0.00000     0.00000     0.00000     0.00000     0.00000     0.00000     0.00000     0.00000     0.00000     0.00000     0.00000
   -43.58790     0.00000     0.00000     0.00000     0.00000     0.00000     0.00000     0.00000     0.00000     0.00000     0.00000     0.00000     0.00000     0.00000     0.00000     0.00000     0.00000     0.00000
   -43.52190     0.00000     0.00000     0.00000     0.00000     0.00000     0.00000     0.00000     0.00000     0.00000     0.00000     0.00000     0.00000     0.00000     0.00000     0.00000     0.00000     0.00000
   -43.45590     0.00000     0.00000     0.00000     0.00000     0.00000     0.00000     0.00000     0.00000     0.00000     0.00000     0.00000     0.00000     0.00000     0.00000     0.00000     0.00000     0.00000
   -43.39090     0.00000     0.00000     0.00000     0.00000     0.00000     0.00000     0.00000     0.00000     0.00000     0.00000     0.00000     0.00000     0.00000     0.00000     0.00000     0.00000     0.00000
   -43.32490     0.00000     0.00000     0.00000     0.00000     0.00000     0.00000     0.00000     0.00000     0.00000     0.00000     0.00000     0.00000     0.00000     0.00000     0.00000     0.00000     0.00000
   -43.25890     0.00000     0.00000     0.00000     0.00000     0.00000     0.00000     0.00000     0.00000     0.00000     0.00000     0.00000     0.00000     0.00000     0.00000     0.00000     0.00000     0.00000
   -43.19390     0.00000     0.00000     0.00000     0.00000     0.00000     0.00000     0.00000     0.00000     0.00000     0.00000     0.00000     0.00000     0.00000     0.00000     0.00000     0.00000     0.00000
   -43.12790     0.00000     0.00000     0.00000     0.00000     0.00000     0.00000     0.00000     0.00000     0.00000     0.00000     0.00000     0.00000     0.00000     0.00000     0.00000     0.00000     0.00000
   -43.06190     0.00000     0.00000     0.00000     0.00000     0.00000     0.00000     0.00000     0.00000     0.00000     0.00000     0.00000     0.00000     0.00000     0.00000     0.00000     0.00000     0.00000
   -42.99690     0.00000     0.00000     0.00000     0.00000     0.00000     0.00000     0.00000     0.00000     0.00000     0.00000     0.00000     0.00000     0.00000     0.00000     0.00000     0.00000     0.00000
   -42.93090     0.00000     0.00000     0.00000     0.00000     0.00000     0.00000     0.00000     0.00000     0.00000     0.00000     0.00000     0.00000     0.00000     0.00000     0.00000     0.00000     0.00000
   -42.86490     0.00000     0.00000     0.00000     0.00000     0.00000     0.00000     0.00000     0.00000     0.00000     0.00000     0.00000     0.00000     0.00000     0.00000     0.00000     0.00000     0.00000
   -42.79990     0.00000     0.00000     0.00000     0.00000     0.00000     0.00000     0.00000     0.00000     0.00000     0.00000     0.00000     0.00000     0.00000     0.00000     0.00000     0.00000     0.00000
   -42.73390     0.00000     0.00000     0.00000     0.00000     0.00000     0.00000     0.00000     0.00000     0.00000     0.00000     0.00000     0.00000     0.00000     0.00000     0.00000     0.00000     0.00000
   -42.66790     0.00000     0.00000     0.00000     0.00000     0.00000     0.00000     0.00000     0.00000     0.00000     0.00000     0.00000     0.00000     0.00000     0.00000     0.00000     0.00000     0.00000
   -42.60290     0.00000     0.00000     0.00000     0.00000     0.00000     0.00000     0.00000     0.00000     0.00000     0.00000     0.00000     0.00000     0.00000     0.00000     0.00000     0.00000     0.00000
   -42.53690     0.00000     0.00000     0.00000     0.00000     0.00000     0.00000     0.00000     0.00000     0.00000     0.00000     0.00000     0.00000     0.00000     0.00000     0.00000     0.00000     0.00000
   -42.47090     0.00000     0.00000     0.00000     0.00000     0.00000     0.00000     0.00000     0.00000     0.00000     0.00000     0.00000     0.00000     0.00000     0.00000     0.00000     0.00000     0.00000
   -42.40590     0.00000     0.00000     0.00000     0.00000     0.00000     0.00000     0.00000     0.00000     0.00000     0.00000     0.00000     0.00000     0.00000     0.00000     0.00000     0.00000     0.00000
   -42.33990     0.00000     0.00000     0.00000     0.00000     0.00000     0.00000     0.00000     0.00000     0.00000     0.00000     0.00000     0.00000     0.00000     0.00000     0.00000     0.00000     0.00000
   -42.27390     0.00000     0.00000     0.00000     0.00000     0.00000     0.00000     0.00000     0.00000     0.00000     0.00000     0.00000     0.00000     0.00000     0.00000     0.00000     0.00000     0.00000
   -42.20890     0.00000     0.00000     0.00000     0.00000     0.00000     0.00000     0.00000     0.00000     0.00000     0.00000     0.00000     0.00000     0.00000     0.00000     0.00000     0.00000     0.00000
   -42.14290     0.00000     0.00000     0.00000     0.00000     0.00000     0.00000     0.00000     0.00000     0.00000     0.00000     0.00000     0.00000     0.00000     0.00000     0.00000     0.00000     0.00000
   -42.07690     0.00000     0.00000     0.00000     0.00000     0.00000     0.00000     0.00000     0.00000     0.00000     0.00000     0.00000     0.00000     0.00000     0.00000     0.00000     0.00000     0.00000
   -42.01190     0.00000     0.00000     0.00000     0.00000     0.00000     0.00000     0.00000     0.00000     0.00000     0.00000     0.00000     0.00000     0.00000     0.00000     0.00000     0.00000     0.00000
   -41.94590     0.00000     0.00000     0.00000     0.00000     0.00000     0.00000     0.00000     0.00000     0.00000     0.00000     0.00000     0.00000     0.00000     0.00000     0.00000     0.00000     0.00000
   -41.88090     0.00000     0.00000     0.00000     0.00000     0.00000     0.00000     0.00000     0.00000     0.00000     0.00000     0.00000     0.00000     0.00000     0.00000     0.00000     0.00000     0.00000
   -41.81490     0.00000     0.00000     0.00000     0.00000     0.00000     0.00000     0.00000     0.00000     0.00000     0.00000     0.00000     0.00000     0.00000     0.00000     0.00000     0.00000     0.00000
   -41.74890     0.00000     0.00000     0.00000     0.00000     0.00000     0.00000     0.00000     0.00000     0.00000     0.00000     0.00000     0.00000     0.00000     0.00000     0.00000     0.00000     0.00000
   -41.68390     0.00000     0.00000     0.00000     0.00000     0.00000     0.00000     0.00000     0.00000     0.00000     0.00000     0.00000     0.00000     0.00000     0.00000     0.00000     0.00000     0.00000
   -41.61790     0.00000     0.00000     0.00000     0.00000     0.00000     0.00000     0.00000     0.00000     0.00000     0.00000     0.00000     0.00000     0.00000     0.00000     0.00000     0.00000     0.00000
   -41.55190     0.00000     0.00000     0.00000     0.00000     0.00000     0.00000     0.00000     0.00000     0.00000     0.00000     0.00000     0.00000     0.00000     0.00000     0.00000     0.00000     0.00000
   -41.48690     0.00000     0.00000     0.00000     0.00000     0.00000     0.00000     0.00000     0.00000     0.00000     0.00000     0.00000     0.00000     0.00000     0.00000     0.00000     0.00000     0.00000
   -41.42090     0.00000     0.00000     0.00000     0.00000     0.00000     0.00000     0.00000     0.00000     0.00000     0.00000     0.00000     0.00000     0.00000     0.00000     0.00000     0.00000     0.00000
   -41.35490     0.00000     0.00000     0.00000     0.00000     0.00000     0.00000     0.00000     0.00000     0.00000     0.00000     0.00000     0.00000     0.00000     0.00000     0.00000     0.00000     0.00000
   -41.28990     0.00000     0.00000     0.00000     0.00000     0.00000     0.00000     0.00000     0.00000     0.00000     0.00000     0.00000     0.00000     0.00000     0.00000     0.00000     0.00000     0.00000
   -41.22390     0.00000     0.00000     0.00000     0.00000     0.00000     0.00000     0.00000     0.00000     0.00000     0.00000     0.00000     0.00000     0.00000     0.00000     0.00000     0.00000     0.00000
   -41.15790     0.00000     0.00000     0.00000     0.00000     0.00000     0.00000     0.00000     0.00000     0.00000     0.00000     0.00000     0.00000     0.00000     0.00000     0.00000     0.00000     0.00000
   -41.09290     0.00000     0.00000     0.00000     0.00000     0.00000     0.00000     0.00000     0.00000     0.00000     0.00000     0.00000     0.00000     0.00000     0.00000     0.00000     0.00000     0.00000
   -41.02690     0.00000     0.00000     0.00000     0.00000     0.00000     0.00000     0.00000     0.00000     0.00000     0.00000     0.00000     0.00000     0.00000     0.00000     0.00000     0.00000     0.00000
   -40.96090     0.00000     0.00000     0.00000     0.00000     0.00000     0.00000     0.00000     0.00000     0.00000     0.00000     0.00000     0.00000     0.00000     0.00000     0.00000     0.00000     0.00000
   -40.89590     0.00000     0.00000     0.00000     0.00000     0.00000     0.00000     0.00000     0.00000     0.00000     0.00000     0.00000     0.00000     0.00000     0.00000     0.00000     0.00000     0.00000
   -40.82990     0.00000     0.00000     0.00000     0.00000     0.00000     0.00000     0.00000     0.00000     0.00000     0.00000     0.00000     0.00000     0.00000     0.00000     0.00000     0.00000     0.00000
   -40.76390     0.00000     0.00000     0.00000     0.00000     0.00000     0.00000     0.00000     0.00000     0.00000     0.00000     0.00000     0.00000     0.00000     0.00000     0.00000     0.00000     0.00000
   -40.69890     0.00000     0.00000     0.00000     0.00000     0.00000     0.00000     0.00000     0.00000     0.00000     0.00000     0.00000     0.00000     0.00000     0.00000     0.00000     0.00000     0.00000
   -40.63290     0.00000     0.00000     0.00000     0.00000     0.00000     0.00000     0.00000     0.00000     0.00000     0.00000     0.00000     0.00000     0.00000     0.00000     0.00000     0.00000     0.00000
   -40.56690     0.00000     0.00000     0.00000     0.00000     0.00000     0.00000     0.00000     0.00000     0.00000     0.00000     0.00000     0.00000     0.00000     0.00000     0.00000     0.00000     0.00000
   -40.50190     0.00000     0.00000     0.00000     0.00000     0.00000     0.00000     0.00000     0.00000     0.00000     0.00000     0.00000     0.00000     0.00000     0.00000     0.00000     0.00000     0.00000
   -40.43590     0.00000     0.00000     0.00000     0.00000     0.00000     0.00000     0.00000     0.00000     0.00000     0.00000     0.00000     0.00000     0.00000     0.00000     0.00000     0.00000     0.00000
   -40.36990     0.00000     0.00000     0.00000     0.00000     0.00000     0.00000     0.00000     0.00000     0.00000     0.00000     0.00000     0.00000     0.00000     0.00000     0.00000     0.00000     0.00000
   -40.30490     0.00000     0.00000     0.00000     0.00000     0.00000     0.00000     0.00000     0.00000     0.00000     0.00000     0.00000     0.00000     0.00000     0.00000     0.00000     0.00000     0.00000
   -40.23890     0.00000     0.00000     0.00000     0.00000     0.00000     0.00000     0.00000     0.00000     0.00000     0.00000     0.00000     0.00000     0.00000     0.00000     0.00000     0.00000     0.00000
   -40.17290     0.00000     0.00000     0.00000     0.00000     0.00000     0.00000     0.00000     0.00000     0.00000     0.00000     0.00000     0.00000     0.00000     0.00000     0.00000     0.00000     0.00000
   -40.10790     0.00000     0.00000     0.00000     0.00000     0.00000     0.00000     0.00000     0.00000     0.00000     0.00000     0.00000     0.00000     0.00000     0.00000     0.00000     0.00000     0.00000
   -40.04190     0.00000     0.00000     0.00000     0.00000     0.00000     0.00000     0.00000     0.00000     0.00000     0.00000     0.00000     0.00000     0.00000     0.00000     0.00000     0.00000     0.00000
   -39.97690     0.00000     0.00000     0.00000     0.00000     0.00000     0.00000     0.00000     0.00000     0.00000     0.00000     0.00000     0.00000     0.00000     0.00000     0.00000     0.00000     0.00000
   -39.91090     0.00000     0.00000     0.00000     0.00000     0.00000     0.00000     0.00000     0.00000     0.00000     0.00000     0.00000     0.00000     0.00000     0.00000     0.00000     0.00000     0.00000
   -39.84490     0.00000     0.00000     0.00000     0.00000     0.00000     0.00000     0.00000     0.00000     0.00000     0.00000     0.00000     0.00000     0.00000     0.00000     0.00000     0.00000     0.00000
   -39.77990     0.00000     0.00000     0.00000     0.00000     0.00000     0.00000     0.00000     0.00000     0.00000     0.00000     0.00000     0.00000     0.00000     0.00000     0.00000     0.00000     0.00000
   -39.71390     0.00000     0.00000     0.00000     0.00000     0.00000     0.00000     0.00000     0.00000     0.00000     0.00000     0.00000     0.00000     0.00000     0.00000     0.00000     0.00000     0.00000
   -39.64790     0.00000     0.00000     0.00000     0.00000     0.00000     0.00000     0.00000     0.00000     0.00000     0.00000     0.00000     0.00000     0.00000     0.00000     0.00000     0.00000     0.00000
   -39.58290     0.00000     0.00000     0.00000     0.00000     0.00000     0.00000     0.00000     0.00000     0.00000     0.00000     0.00000     0.00000     0.00000     0.00000     0.00000     0.00000     0.00000
   -39.51690     0.00000     0.00000     0.00000     0.00000     0.00000     0.00000     0.00000     0.00000     0.00000     0.00000     0.00000     0.00000     0.00000     0.00000     0.00000     0.00000     0.00000
   -39.45090     0.00000     0.00000     0.00000     0.00000     0.00000     0.00000     0.00000     0.00000     0.00000     0.00000     0.00000     0.00000     0.00000     0.00000     0.00000     0.00000     0.00000
   -39.38590     0.00000     0.00000     0.00000     0.00000     0.00000     0.00000     0.00000     0.00000     0.00000     0.00000     0.00000     0.00000     0.00000     0.00000     0.00000     0.00000     0.00000
   -39.31990     0.00000     0.00000     0.00000     0.00000     0.00000     0.00000     0.00000     0.00000     0.00000     0.00000     0.00000     0.00000     0.00000     0.00000     0.00000     0.00000     0.00000
   -39.25390     0.00000     0.00000     0.00000     0.00000     0.00000     0.00000     0.00000     0.00000     0.00000     0.00000     0.00000     0.00000     0.00000     0.00000     0.00000     0.00000     0.00000
   -39.18890     0.00000     0.00000     0.00000     0.00000     0.00000     0.00000     0.00000     0.00000     0.00000     0.00000     0.00000     0.00000     0.00000     0.00000     0.00000     0.00000     0.00000
   -39.12290     0.00000     0.00000     0.00000     0.00000     0.00000     0.00000     0.00000     0.00000     0.00000     0.00000     0.00000     0.00000     0.00000     0.00000     0.00000     0.00000     0.00000
   -39.05690     0.00000     0.00000     0.00000     0.00000     0.00000     0.00000     0.00000     0.00000     0.00000     0.00000     0.00000     0.00000     0.00000     0.00000     0.00000     0.00000     0.00000
   -38.99190     0.00000     0.00000     0.00000     0.00000     0.00000     0.00000     0.00000     0.00000     0.00000     0.00000     0.00000     0.00000     0.00000     0.00000     0.00000     0.00000     0.00000
   -38.92590     0.00000     0.00000     0.00000     0.00000     0.00000     0.00000     0.00000     0.00000     0.00000     0.00000     0.00000     0.00000     0.00000     0.00000     0.00000     0.00000     0.00000
   -38.85990     0.00000     0.00000     0.00000     0.00000     0.00000     0.00000     0.00000     0.00000     0.00000     0.00000     0.00000     0.00000     0.00000     0.00000     0.00000     0.00000     0.00000
   -38.79490     0.00000     0.00000     0.00000     0.00000     0.00000     0.00000     0.00000     0.00000     0.00000     0.00000     0.00000     0.00000     0.00000     0.00000     0.00000     0.00000     0.00000
   -38.72890     0.00000     0.00000     0.00000     0.00000     0.00000     0.00000     0.00000     0.00000     0.00000     0.00000     0.00000     0.00000     0.00000     0.00000     0.00000     0.00000     0.00000
   -38.66290     0.00000     0.00000     0.00000     0.00000     0.00000     0.00000     0.00000     0.00000     0.00000     0.00000     0.00000     0.00000     0.00000     0.00000     0.00000     0.00000     0.00000
   -38.59790     0.00000     0.00000     0.00000     0.00000     0.00000     0.00000     0.00000     0.00000     0.00000     0.00000     0.00000     0.00000     0.00000     0.00000     0.00000     0.00000     0.00000
   -38.53190     0.00000     0.00000     0.00000     0.00000     0.00000     0.00000     0.00000     0.00000     0.00000     0.00000     0.00000     0.00000     0.00000     0.00000     0.00000     0.00000     0.00000
   -38.46590     0.00000     0.00000     0.00000     0.00000     0.00000     0.00000     0.00000     0.00000     0.00000     0.00000     0.00000     0.00000     0.00000     0.00000     0.00000     0.00000     0.00000
   -38.40090     0.00000     0.00000     0.00000     0.00000     0.00000     0.00000     0.00000     0.00000     0.00000     0.00000     0.00000     0.00000     0.00000     0.00000     0.00000     0.00000     0.00000
   -38.33490     0.00000     0.00000     0.00000     0.00000     0.00000     0.00000     0.00000     0.00000     0.00000     0.00000     0.00000     0.00000     0.00000     0.00000     0.00000     0.00000     0.00000
   -38.26990     0.00000     0.00000     0.00000     0.00000     0.00000     0.00000     0.00000     0.00000     0.00000     0.00000     0.00000     0.00000     0.00000     0.00000     0.00000     0.00000     0.00000
   -38.20390     0.00000     0.00000     0.00000     0.00000     0.00000     0.00000     0.00000     0.00000     0.00000     0.00000     0.00000     0.00000     0.00000     0.00000     0.00000     0.00000     0.00000
   -38.13790     0.00000     0.00000     0.00000     0.00000     0.00000     0.00000     0.00000     0.00000     0.00000     0.00000     0.00000     0.00000     0.00000     0.00000     0.00000     0.00000     0.00000
   -38.07290     0.00000     0.00000     0.00000     0.00000     0.00000     0.00000     0.00000     0.00000     0.00000     0.00000     0.00000     0.00000     0.00000     0.00000     0.00000     0.00000     0.00000
   -38.00690     0.00000     0.00000     0.00000     0.00000     0.00000     0.00000     0.00000     0.00000     0.00000     0.00000     0.00000     0.00000     0.00000     0.00000     0.00000     0.00000     0.00000
   -37.94090     0.00000     0.00000     0.00000     0.00000     0.00000     0.00000     0.00000     0.00000     0.00000     0.00000     0.00000     0.00000     0.00000     0.00000     0.00000     0.00000     0.00000
   -37.87590     0.00000     0.00000     0.00000     0.00000     0.00000     0.00000     0.00000     0.00000     0.00000     0.00000     0.00000     0.00000     0.00000     0.00000     0.00000     0.00000     0.00000
   -37.80990     0.00000     0.00000     0.00000     0.00000     0.00000     0.00000     0.00000     0.00000     0.00000     0.00000     0.00000     0.00000     0.00000     0.00000     0.00000     0.00000     0.00000
   -37.74390     0.00000     0.00000     0.00000     0.00000     0.00000     0.00000     0.00000     0.00000     0.00000     0.00000     0.00000     0.00000     0.00000     0.00000     0.00000     0.00000     0.00000
   -37.67890     0.00000     0.00000     0.00000     0.00000     0.00000     0.00000     0.00000     0.00000     0.00000     0.00000     0.00000     0.00000     0.00000     0.00000     0.00000     0.00000     0.00000
   -37.61290     0.00000     0.00000     0.00000     0.00000     0.00000     0.00000     0.00000     0.00000     0.00000     0.00000     0.00000     0.00000     0.00000     0.00000     0.00000     0.00000     0.00000
   -37.54690     0.00000     0.00000     0.00000     0.00000     0.00000     0.00000     0.00000     0.00000     0.00000     0.00000     0.00000     0.00000     0.00000     0.00000     0.00000     0.00000     0.00000
   -37.48190     0.00000     0.00000     0.00000     0.00000     0.00000     0.00000     0.00000     0.00000     0.00000     0.00000     0.00000     0.00000     0.00000     0.00000     0.00000     0.00000     0.00000
   -37.41590     0.00000     0.00000     0.00000     0.00000     0.00000     0.00000     0.00000     0.00000     0.00000     0.00000     0.00000     0.00000     0.00000     0.00000     0.00000     0.00000     0.00000
   -37.34990     0.00000     0.00000     0.00000     0.00000     0.00000     0.00000     0.00000     0.00000     0.00000     0.00000     0.00000     0.00000     0.00000     0.00000     0.00000     0.00000     0.00000
   -37.28490     0.00000     0.00000     0.00000     0.00000     0.00000     0.00000     0.00000     0.00000     0.00000     0.00000     0.00000     0.00000     0.00000     0.00000     0.00000     0.00000     0.00000
   -37.21890     0.00000     0.00000     0.00000     0.00000     0.00000     0.00000     0.00000     0.00000     0.00000     0.00000     0.00000     0.00000     0.00000     0.00000     0.00000     0.00000     0.00000
   -37.15290     0.00000     0.00000     0.00000     0.00000     0.00000     0.00000     0.00000     0.00000     0.00000     0.00000     0.00000     0.00000     0.00000     0.00000     0.00000     0.00000     0.00000
   -37.08790     0.00000     0.00000     0.00000     0.00000     0.00000     0.00000     0.00000     0.00000     0.00000     0.00000     0.00000     0.00000     0.00000     0.00000     0.00000     0.00000     0.00000
   -37.02190     0.00000     0.00000     0.00000     0.00000     0.00000     0.00000     0.00000     0.00000     0.00000     0.00000     0.00000     0.00000     0.00000     0.00000     0.00000     0.00000     0.00000
   -36.95590     0.00000     0.00000     0.00000     0.00000     0.00000     0.00000     0.00000     0.00000     0.00000     0.00000     0.00000     0.00000     0.00000     0.00000     0.00000     0.00000     0.00000
   -36.89090     0.00000     0.00000     0.00000     0.00000     0.00000     0.00000     0.00000     0.00000     0.00000     0.00000     0.00000     0.00000     0.00000     0.00000     0.00000     0.00000     0.00000
   -36.82490     0.00000     0.00000     0.00000     0.00000     0.00000     0.00000     0.00000     0.00000     0.00000     0.00000     0.00000     0.00000     0.00000     0.00000     0.00000     0.00000     0.00000
   -36.75890     0.00000     0.00000     0.00000     0.00000     0.00000     0.00000     0.00000     0.00000     0.00000     0.00000     0.00000     0.00000     0.00000     0.00000     0.00000     0.00000     0.00000
   -36.69390     0.00000     0.00000     0.00000     0.00000     0.00000     0.00000     0.00000     0.00000     0.00000     0.00000     0.00000     0.00000     0.00000     0.00000     0.00000     0.00000     0.00000
   -36.62790     0.00000     0.00000     0.00000     0.00000     0.00000     0.00000     0.00000     0.00000     0.00000     0.00000     0.00000     0.00000     0.00000     0.00000     0.00000     0.00000     0.00000
   -36.56190     0.00000     0.00000     0.00000     0.00000     0.00000     0.00000     0.00000     0.00000     0.00000     0.00000     0.00000     0.00000     0.00000     0.00000     0.00000     0.00000     0.00000
   -36.49690     0.00000     0.00000     0.00000     0.00000     0.00000     0.00000     0.00000     0.00000     0.00000     0.00000     0.00000     0.00000     0.00000     0.00000     0.00000     0.00000     0.00000
   -36.43090     0.00000     0.00000     0.00000     0.00000     0.00000     0.00000     0.00000     0.00000     0.00000     0.00000     0.00000     0.00000     0.00000     0.00000     0.00000     0.00000     0.00000
   -36.36590     0.00000     0.00000     0.00000     0.00000     0.00000     0.00000     0.00000     0.00000     0.00000     0.00000     0.00000     0.00000     0.00000     0.00000     0.00000     0.00000     0.00000
   -36.29990     0.00000     0.00000     0.00000     0.00000     0.00000     0.00000     0.00000     0.00000     0.00000     0.00000     0.00000     0.00000     0.00000     0.00000     0.00000     0.00000     0.00000
   -36.23390     0.00000     0.00000     0.00000     0.00000     0.00000     0.00000     0.00000     0.00000     0.00000     0.00000     0.00000     0.00000     0.00000     0.00000     0.00000     0.00000     0.00000
   -36.16890     0.00000     0.00000     0.00000     0.00000     0.00000     0.00000     0.00000     0.00000     0.00000     0.00000     0.00000     0.00000     0.00000     0.00000     0.00000     0.00000     0.00000
   -36.10290     0.00000     0.00000     0.00000     0.00000     0.00000     0.00000     0.00000     0.00000     0.00000     0.00000     0.00000     0.00000     0.00000     0.00000     0.00000     0.00000     0.00000
   -36.03690     0.00000     0.00000     0.00000     0.00000     0.00000     0.00000     0.00000     0.00000     0.00000     0.00000     0.00000     0.00000     0.00000     0.00000     0.00000     0.00000     0.00000
   -35.97190     0.00000     0.00000     0.00000     0.00000     0.00000     0.00000     0.00000     0.00000     0.00000     0.00000     0.00000     0.00000     0.00000     0.00000     0.00000     0.00000     0.00000
   -35.90590     0.00000     0.00000     0.00000     0.00000     0.00000     0.00000     0.00000     0.00000     0.00000     0.00000     0.00000     0.00000     0.00000     0.00000     0.00000     0.00000     0.00000
   -35.83990     0.00000     0.00000     0.00000     0.00000     0.00000     0.00000     0.00000     0.00000     0.00000     0.00000     0.00000     0.00000     0.00000     0.00000     0.00000     0.00000     0.00000
   -35.77490     0.00000     0.00000     0.00000     0.00000     0.00000     0.00000     0.00000     0.00000     0.00000     0.00000     0.00000     0.00000     0.00000     0.00000     0.00000     0.00000     0.00000
   -35.70890     0.00000     0.00000     0.00000     0.00000     0.00000     0.00000     0.00000     0.00000     0.00000     0.00000     0.00000     0.00000     0.00000     0.00000     0.00000     0.00000     0.00000
   -35.64290     0.00000     0.00000     0.00000     0.00000     0.00000     0.00000     0.00000     0.00000     0.00000     0.00000     0.00000     0.00000     0.00000     0.00000     0.00000     0.00000     0.00000
   -35.57790     0.00000     0.00000     0.00000     0.00000     0.00000     0.00000     0.00000     0.00000     0.00000     0.00000     0.00000     0.00000     0.00000     0.00000     0.00000     0.00000     0.00000
   -35.51190     0.00000     0.00000     0.00000     0.00000     0.00000     0.00000     0.00000     0.00000     0.00000     0.00000     0.00000     0.00000     0.00000     0.00000     0.00000     0.00000     0.00000
   -35.44590     0.00000     0.00000     0.00000     0.00000     0.00000     0.00000     0.00000     0.00000     0.00000     0.00000     0.00000     0.00000     0.00000     0.00000     0.00000     0.00000     0.00000
   -35.38090     0.00000     0.00000     0.00000     0.00000     0.00000     0.00000     0.00000     0.00000     0.00000     0.00000     0.00000     0.00000     0.00000     0.00000     0.00000     0.00000     0.00000
   -35.31490     0.00000     0.00000     0.00000     0.00000     0.00000     0.00000     0.00000     0.00000     0.00000     0.00000     0.00000     0.00000     0.00000     0.00000     0.00000     0.00000     0.00000
   -35.24890     0.00000     0.00000     0.00000     0.00000     0.00000     0.00000     0.00000     0.00000     0.00000     0.00000     0.00000     0.00000     0.00000     0.00000     0.00000     0.00000     0.00000
   -35.18390     0.00000     0.00000     0.00000     0.00000     0.00000     0.00000     0.00000     0.00000     0.00000     0.00000     0.00000     0.00000     0.00000     0.00000     0.00000     0.00000     0.00000
   -35.11790     0.00000     0.00000     0.00000     0.00000     0.00000     0.00000     0.00000     0.00000     0.00000     0.00000     0.00000     0.00000     0.00000     0.00000     0.00000     0.00000     0.00000
   -35.05190     0.10330     0.04621     0.16320     0.05357     0.00594     0.00193     0.00000     0.00166     0.00000     0.00003     0.00161     0.00002     0.00021     0.00003     0.00000     0.00004     0.37775
   -34.98690     0.00000     0.00000     0.00000     0.00000     0.00000     0.00000     0.00000     0.00000     0.00000     0.00000     0.00000     0.00000     0.00000     0.00000     0.00000     0.00000     0.00000
   -34.92090     0.00000     0.00000     0.00000     0.00000     0.00000     0.00000     0.00000     0.00000     0.00000     0.00000     0.00000     0.00000     0.00000     0.00000     0.00000     0.00000     0.00000
   -34.85490     0.00000     0.00000     0.00000     0.00000     0.00000     0.00000     0.00000     0.00000     0.00000     0.00000     0.00000     0.00000     0.00000     0.00000     0.00000     0.00000     0.00000
   -34.78990     0.00000     0.00000     0.00000     0.00000     0.00000     0.00000     0.00000     0.00000     0.00000     0.00000     0.00000     0.00000     0.00000     0.00000     0.00000     0.00000     0.00000
   -34.72390     0.00000     0.00000     0.00000     0.00000     0.00000     0.00000     0.00000     0.00000     0.00000     0.00000     0.00000     0.00000     0.00000     0.00000     0.00000     0.00000     0.00000
   -34.65890     0.00000     0.00000     0.00000     0.00000     0.00000     0.00000     0.00000     0.00000     0.00000     0.00000     0.00000     0.00000     0.00000     0.00000     0.00000     0.00000     0.00000
   -34.59290     0.00000     0.00000     0.00000     0.00000     0.00000     0.00000     0.00000     0.00000     0.00000     0.00000     0.00000     0.00000     0.00000     0.00000     0.00000     0.00000     0.00000
   -34.52690     0.00000     0.00000     0.00000     0.00000     0.00000     0.00000     0.00000     0.00000     0.00000     0.00000     0.00000     0.00000     0.00000     0.00000     0.00000     0.00000     0.00000
   -34.46190     0.00000     0.00000     0.00000     0.00000     0.00000     0.00000     0.00000     0.00000     0.00000     0.00000     0.00000     0.00000     0.00000     0.00000     0.00000     0.00000     0.00000
   -34.39590     0.00000     0.00000     0.00000     0.00000     0.00000     0.00000     0.00000     0.00000     0.00000     0.00000     0.00000     0.00000     0.00000     0.00000     0.00000     0.00000     0.00000
   -34.32990     0.00000     0.00000     0.00000     0.00000     0.00000     0.00000     0.00000     0.00000     0.00000     0.00000     0.00000     0.00000     0.00000     0.00000     0.00000     0.00000     0.00000
   -34.26490     0.00000     0.00000     0.00000     0.00000     0.00000     0.00000     0.00000     0.00000     0.00000     0.00000     0.00000     0.00000     0.00000     0.00000     0.00000     0.00000     0.00000
   -34.19890     0.00000     0.00000     0.00000     0.00000     0.00000     0.00000     0.00000     0.00000     0.00000     0.00000     0.00000     0.00000     0.00000     0.00000     0.00000     0.00000     0.00000
   -34.13290     0.00000     0.00000     0.00000     0.00000     0.00000     0.00000     0.00000     0.00000     0.00000     0.00000     0.00000     0.00000     0.00000     0.00000     0.00000     0.00000     0.00000
   -34.06790     0.00000     0.00000     0.00000     0.00000     0.00000     0.00000     0.00000     0.00000     0.00000     0.00000     0.00000     0.00000     0.00000     0.00000     0.00000     0.00000     0.00000
   -34.00190     0.00000     0.00000     0.00000     0.00000     0.00000     0.00000     0.00000     0.00000     0.00000     0.00000     0.00000     0.00000     0.00000     0.00000     0.00000     0.00000     0.00000
   -33.93590     0.00000     0.00000     0.00000     0.00000     0.00000     0.00000     0.00000     0.00000     0.00000     0.00000     0.00000     0.00000     0.00000     0.00000     0.00000     0.00000     0.00000
   -33.87090     0.00000     0.00000     0.00000     0.00000     0.00000     0.00000     0.00000     0.00000     0.00000     0.00000     0.00000     0.00000     0.00000     0.00000     0.00000     0.00000     0.00000
   -33.80490     0.00000     0.00000     0.00000     0.00000     0.00000     0.00000     0.00000     0.00000     0.00000     0.00000     0.00000     0.00000     0.00000     0.00000     0.00000     0.00000     0.00000
   -33.73890     0.00000     0.00000     0.00000     0.00000     0.00000     0.00000     0.00000     0.00000     0.00000     0.00000     0.00000     0.00000     0.00000     0.00000     0.00000     0.00000     0.00000
   -33.67390     0.00000     0.00000     0.00000     0.00000     0.00000     0.00000     0.00000     0.00000     0.00000     0.00000     0.00000     0.00000     0.00000     0.00000     0.00000     0.00000     0.00000
   -33.60790     0.00000     0.00000     0.00000     0.00000     0.00000     0.00000     0.00000     0.00000     0.00000     0.00000     0.00000     0.00000     0.00000     0.00000     0.00000     0.00000     0.00000
   -33.54190     0.00000     0.00000     0.00000     0.00000     0.00000     0.00000     0.00000     0.00000     0.00000     0.00000     0.00000     0.00000     0.00000     0.00000     0.00000     0.00000     0.00000
   -33.47690     0.00000     0.00000     0.00000     0.00000     0.00000     0.00000     0.00000     0.00000     0.00000     0.00000     0.00000     0.00000     0.00000     0.00000     0.00000     0.00000     0.00000
   -33.41090     0.00000     0.00000     0.00000     0.00000     0.00000     0.00000     0.00000     0.00000     0.00000     0.00000     0.00000     0.00000     0.00000     0.00000     0.00000     0.00000     0.00000
   -33.34490     0.00000     0.00000     0.00000     0.00000     0.00000     0.00000     0.00000     0.00000     0.00000     0.00000     0.00000     0.00000     0.00000     0.00000     0.00000     0.00000     0.00000
   -33.27990     0.00000     0.00000     0.00000     0.00000     0.00000     0.00000     0.00000     0.00000     0.00000     0.00000     0.00000     0.00000     0.00000     0.00000     0.00000     0.00000     0.00000
   -33.21390     0.00000     0.00000     0.00000     0.00000     0.00000     0.00000     0.00000     0.00000     0.00000     0.00000     0.00000     0.00000     0.00000     0.00000     0.00000     0.00000     0.00000
   -33.14790     0.00000     0.00000     0.00000     0.00000     0.00000     0.00000     0.00000     0.00000     0.00000     0.00000     0.00000     0.00000     0.00000     0.00000     0.00000     0.00000     0.00000
   -33.08290     0.00000     0.00000     0.00000     0.00000     0.00000     0.00000     0.00000     0.00000     0.00000     0.00000     0.00000     0.00000     0.00000     0.00000     0.00000     0.00000     0.00000
   -33.01690     0.00000     0.00000     0.00000     0.00000     0.00000     0.00000     0.00000     0.00000     0.00000     0.00000     0.00000     0.00000     0.00000     0.00000     0.00000     0.00000     0.00000
   -32.95090     0.00000     0.00000     0.00000     0.00000     0.00000     0.00000     0.00000     0.00000     0.00000     0.00000     0.00000     0.00000     0.00000     0.00000     0.00000     0.00000     0.00000
   -32.88590     0.00000     0.00000     0.00000     0.00000     0.00000     0.00000     0.00000     0.00000     0.00000     0.00000     0.00000     0.00000     0.00000     0.00000     0.00000     0.00000     0.00000
   -32.81990     0.00000     0.00000     0.00000     0.00000     0.00000     0.00000     0.00000     0.00000     0.00000     0.00000     0.00000     0.00000     0.00000     0.00000     0.00000     0.00000     0.00000
   -32.75490     0.00000     0.00000     0.00000     0.00000     0.00000     0.00000     0.00000     0.00000     0.00000     0.00000     0.00000     0.00000     0.00000     0.00000     0.00000     0.00000     0.00000
   -32.68890     0.00000     0.00000     0.00000     0.00000     0.00000     0.00000     0.00000     0.00000     0.00000     0.00000     0.00000     0.00000     0.00000     0.00000     0.00000     0.00000     0.00000
   -32.62290     0.00000     0.00000     0.00000     0.00000     0.00000     0.00000     0.00000     0.00000     0.00000     0.00000     0.00000     0.00000     0.00000     0.00000     0.00000     0.00000     0.00000
   -32.55790     0.00000     0.00000     0.00000     0.00000     0.00000     0.00000     0.00000     0.00000     0.00000     0.00000     0.00000     0.00000     0.00000     0.00000     0.00000     0.00000     0.00000
   -32.49190     0.00000     0.00000     0.00000     0.00000     0.00000     0.00000     0.00000     0.00000     0.00000     0.00000     0.00000     0.00000     0.00000     0.00000     0.00000     0.00000     0.00000
   -32.42590     0.00000     0.00000     0.00000     0.00000     0.00000     0.00000     0.00000     0.00000     0.00000     0.00000     0.00000     0.00000     0.00000     0.00000     0.00000     0.00000     0.00000
   -32.36090     0.00000     0.00000     0.00000     0.00000     0.00000     0.00000     0.00000     0.00000     0.00000     0.00000     0.00000     0.00000     0.00000     0.00000     0.00000     0.00000     0.00000
   -32.29490     0.00000     0.00000     0.00000     0.00000     0.00000     0.00000     0.00000     0.00000     0.00000     0.00000     0.00000     0.00000     0.00000     0.00000     0.00000     0.00000     0.00000
   -32.22890     0.00000     0.00000     0.00000     0.00000     0.00000     0.00000     0.00000     0.00000     0.00000     0.00000     0.00000     0.00000     0.00000     0.00000     0.00000     0.00000     0.00000
   -32.16390     0.00000     0.00000     0.00000     0.00000     0.00000     0.00000     0.00000     0.00000     0.00000     0.00000     0.00000     0.00000     0.00000     0.00000     0.00000     0.00000     0.00000
   -32.09790     0.00000     0.00000     0.00000     0.00000     0.00000     0.00000     0.00000     0.00000     0.00000     0.00000     0.00000     0.00000     0.00000     0.00000     0.00000     0.00000     0.00000
   -32.03190     0.00000     0.00000     0.00000     0.00000     0.00000     0.00000     0.00000     0.00000     0.00000     0.00000     0.00000     0.00000     0.00000     0.00000     0.00000     0.00000     0.00000
   -31.96690     0.00000     0.00000     0.00000     0.00000     0.00000     0.00000     0.00000     0.00000     0.00000     0.00000     0.00000     0.00000     0.00000     0.00000     0.00000     0.00000     0.00000
   -31.90090     0.00000     0.00000     0.00000     0.00000     0.00000     0.00000     0.00000     0.00000     0.00000     0.00000     0.00000     0.00000     0.00000     0.00000     0.00000     0.00000     0.00000
   -31.83490     0.00000     0.00000     0.00000     0.00000     0.00000     0.00000     0.00000     0.00000     0.00000     0.00000     0.00000     0.00000     0.00000     0.00000     0.00000     0.00000     0.00000
   -31.76990     0.00000     0.00000     0.00000     0.00000     0.00000     0.00000     0.00000     0.00000     0.00000     0.00000     0.00000     0.00000     0.00000     0.00000     0.00000     0.00000     0.00000
   -31.70390     0.00000     0.00000     0.00000     0.00000     0.00000     0.00000     0.00000     0.00000     0.00000     0.00000     0.00000     0.00000     0.00000     0.00000     0.00000     0.00000     0.00000
   -31.63790     0.00000     0.00000     0.00000     0.00000     0.00000     0.00000     0.00000     0.00000     0.00000     0.00000     0.00000     0.00000     0.00000     0.00000     0.00000     0.00000     0.00000
   -31.57290     0.00000     0.00000     0.00000     0.00000     0.00000     0.00000     0.00000     0.00000     0.00000     0.00000     0.00000     0.00000     0.00000     0.00000     0.00000     0.00000     0.00000
   -31.50690     0.00000     0.00000     0.00000     0.00000     0.00000     0.00000     0.00000     0.00000     0.00000     0.00000     0.00000     0.00000     0.00000     0.00000     0.00000     0.00000     0.00000
   -31.44090     0.00000     0.00000     0.00000     0.00000     0.00000     0.00000     0.00000     0.00000     0.00000     0.00000     0.00000     0.00000     0.00000     0.00000     0.00000     0.00000     0.00000
   -31.37590     0.00000     0.00000     0.00000     0.00000     0.00000     0.00000     0.00000     0.00000     0.00000     0.00000     0.00000     0.00000     0.00000     0.00000     0.00000     0.00000     0.00000
   -31.30990     0.00000     0.00000     0.00000     0.00000     0.00000     0.00000     0.00000     0.00000     0.00000     0.00000     0.00000     0.00000     0.00000     0.00000     0.00000     0.00000     0.00000
   -31.24390     0.00000     0.00000     0.00000     0.00000     0.00000     0.00000     0.00000     0.00000     0.00000     0.00000     0.00000     0.00000     0.00000     0.00000     0.00000     0.00000     0.00000
   -31.17890     0.00000     0.00000     0.00000     0.00000     0.00000     0.00000     0.00000     0.00000     0.00000     0.00000     0.00000     0.00000     0.00000     0.00000     0.00000     0.00000     0.00000
   -31.11290     0.00000     0.00000     0.00000     0.00000     0.00000     0.00000     0.00000     0.00000     0.00000     0.00000     0.00000     0.00000     0.00000     0.00000     0.00000     0.00000     0.00000
   -31.04790     0.00000     0.00000     0.00000     0.00000     0.00000     0.00000     0.00000     0.00000     0.00000     0.00000     0.00000     0.00000     0.00000     0.00000     0.00000     0.00000     0.00000
   -30.98190     0.00000     0.00000     0.00000     0.00000     0.00000     0.00000     0.00000     0.00000     0.00000     0.00000     0.00000     0.00000     0.00000     0.00000     0.00000     0.00000     0.00000
   -30.91590     0.00000     0.00000     0.00000     0.00000     0.00000     0.00000     0.00000     0.00000     0.00000     0.00000     0.00000     0.00000     0.00000     0.00000     0.00000     0.00000     0.00000
   -30.85090     0.00000     0.00000     0.00000     0.00000     0.00000     0.00000     0.00000     0.00000     0.00000     0.00000     0.00000     0.00000     0.00000     0.00000     0.00000     0.00000     0.00000
   -30.78490     0.00000     0.00000     0.00000     0.00000     0.00000     0.00000     0.00000     0.00000     0.00000     0.00000     0.00000     0.00000     0.00000     0.00000     0.00000     0.00000     0.00000
   -30.71890     0.00000     0.00000     0.00000     0.00000     0.00000     0.00000     0.00000     0.00000     0.00000     0.00000     0.00000     0.00000     0.00000     0.00000     0.00000     0.00000     0.00000
   -30.65390     0.00000     0.00000     0.00000     0.00000     0.00000     0.00000     0.00000     0.00000     0.00000     0.00000     0.00000     0.00000     0.00000     0.00000     0.00000     0.00000     0.00000
   -30.58790     0.00000     0.00000     0.00000     0.00000     0.00000     0.00000     0.00000     0.00000     0.00000     0.00000     0.00000     0.00000     0.00000     0.00000     0.00000     0.00000     0.00000
   -30.52190     0.00000     0.00000     0.00000     0.00000     0.00000     0.00000     0.00000     0.00000     0.00000     0.00000     0.00000     0.00000     0.00000     0.00000     0.00000     0.00000     0.00000
   -30.45690     0.00000     0.00000     0.00000     0.00000     0.00000     0.00000     0.00000     0.00000     0.00000     0.00000     0.00000     0.00000     0.00000     0.00000     0.00000     0.00000     0.00000
   -30.39090     0.00000     0.00000     0.00000     0.00000     0.00000     0.00000     0.00000     0.00000     0.00000     0.00000     0.00000     0.00000     0.00000     0.00000     0.00000     0.00000     0.00000
   -30.32490     0.00000     0.00000     0.00000     0.00000     0.00000     0.00000     0.00000     0.00000     0.00000     0.00000     0.00000     0.00000     0.00000     0.00000     0.00000     0.00000     0.00000
   -30.25990     0.00000     0.00000     0.00000     0.00000     0.00000     0.00000     0.00000     0.00000     0.00000     0.00000     0.00000     0.00000     0.00000     0.00000     0.00000     0.00000     0.00000
   -30.19390     0.00000     0.00000     0.00000     0.00000     0.00000     0.00000     0.00000     0.00000     0.00000     0.00000     0.00000     0.00000     0.00000     0.00000     0.00000     0.00000     0.00000
   -30.12790     0.00000     0.00000     0.00000     0.00000     0.00000     0.00000     0.00000     0.00000     0.00000     0.00000     0.00000     0.00000     0.00000     0.00000     0.00000     0.00000     0.00000
   -30.06290     0.00000     0.00000     0.00000     0.00000     0.00000     0.00000     0.00000     0.00000     0.00000     0.00000     0.00000     0.00000     0.00000     0.00000     0.00000     0.00000     0.00000
   -29.99690     0.00000     0.00000     0.00000     0.00000     0.00000     0.00000     0.00000     0.00000     0.00000     0.00000     0.00000     0.00000     0.00000     0.00000     0.00000     0.00000     0.00000
   -29.93090     0.00000     0.00000     0.00000     0.00000     0.00000     0.00000     0.00000     0.00000     0.00000     0.00000     0.00000     0.00000     0.00000     0.00000     0.00000     0.00000     0.00000
   -29.86590     0.00000     0.00000     0.00000     0.00000     0.00000     0.00000     0.00000     0.00000     0.00000     0.00000     0.00000     0.00000     0.00000     0.00000     0.00000     0.00000     0.00000
   -29.79990     0.00000     0.00000     0.00000     0.00000     0.00000     0.00000     0.00000     0.00000     0.00000     0.00000     0.00000     0.00000     0.00000     0.00000     0.00000     0.00000     0.00000
   -29.73390     0.00000     0.00000     0.00000     0.00000     0.00000     0.00000     0.00000     0.00000     0.00000     0.00000     0.00000     0.00000     0.00000     0.00000     0.00000     0.00000     0.00000
   -29.66890     0.00000     0.00000     0.00000     0.00000     0.00000     0.00000     0.00000     0.00000     0.00000     0.00000     0.00000     0.00000     0.00000     0.00000     0.00000     0.00000     0.00000
   -29.60290     0.00000     0.00000     0.00000     0.00000     0.00000     0.00000     0.00000     0.00000     0.00000     0.00000     0.00000     0.00000     0.00000     0.00000     0.00000     0.00000     0.00000
   -29.53690     0.00000     0.00000     0.00000     0.00000     0.00000     0.00000     0.00000     0.00000     0.00000     0.00000     0.00000     0.00000     0.00000     0.00000     0.00000     0.00000     0.00000
   -29.47190     0.00000     0.00000     0.00000     0.00000     0.00000     0.00000     0.00000     0.00000     0.00000     0.00000     0.00000     0.00000     0.00000     0.00000     0.00000     0.00000     0.00000
   -29.40590     0.00000     0.00000     0.00000     0.00000     0.00000     0.00000     0.00000     0.00000     0.00000     0.00000     0.00000     0.00000     0.00000     0.00000     0.00000     0.00000     0.00000
   -29.33990     0.00000     0.00000     0.00000     0.00000     0.00000     0.00000     0.00000     0.00000     0.00000     0.00000     0.00000     0.00000     0.00000     0.00000     0.00000     0.00000     0.00000
   -29.27490     0.00000     0.00000     0.00000     0.00000     0.00000     0.00000     0.00000     0.00000     0.00000     0.00000     0.00000     0.00000     0.00000     0.00000     0.00000     0.00000     0.00000
   -29.20890     0.00000     0.00000     0.00000     0.00000     0.00000     0.00000     0.00000     0.00000     0.00000     0.00000     0.00000     0.00000     0.00000     0.00000     0.00000     0.00000     0.00000
   -29.14390     0.00000     0.00000     0.00000     0.00000     0.00000     0.00000     0.00000     0.00000     0.00000     0.00000     0.00000     0.00000     0.00000     0.00000     0.00000     0.00000     0.00000
   -29.07790     0.00000     0.00000     0.00000     0.00000     0.00000     0.00000     0.00000     0.00000     0.00000     0.00000     0.00000     0.00000     0.00000     0.00000     0.00000     0.00000     0.00000
   -29.01190     0.00000     0.00000     0.00000     0.00000     0.00000     0.00000     0.00000     0.00000     0.00000     0.00000     0.00000     0.00000     0.00000     0.00000     0.00000     0.00000     0.00000
   -28.94690     0.00000     0.00000     0.00000     0.00000     0.00000     0.00000     0.00000     0.00000     0.00000     0.00000     0.00000     0.00000     0.00000     0.00000     0.00000     0.00000     0.00000
   -28.88090     0.00000     0.00000     0.00000     0.00000     0.00000     0.00000     0.00000     0.00000     0.00000     0.00000     0.00000     0.00000     0.00000     0.00000     0.00000     0.00000     0.00000
   -28.81490     0.00000     0.00000     0.00000     0.00000     0.00000     0.00000     0.00000     0.00000     0.00000     0.00000     0.00000     0.00000     0.00000     0.00000     0.00000     0.00000     0.00000
   -28.74990     0.00001     7.99100     0.13280     0.31590     0.00001     0.00002     0.00034     0.00007     0.00008     0.00004     0.00000     0.00000     0.00000     0.00000     0.00000     0.00000     8.44027
   -28.68390     0.00004     6.46200     1.22000     6.23600     0.00006     0.00015     0.00015     0.00016     0.00004     0.00003     0.00001     0.00001     0.00001     0.00001     0.00000     0.00004    13.91870
   -28.61790     0.00005     5.27300     2.84000     7.58300     0.00006     0.00019     0.00004     0.00014     0.00006     0.00002     0.00001     0.00001     0.00001     0.00000     0.00001     0.00003    15.69663
   -28.55290     0.00017     3.48600     8.71500     6.51000     0.00040     0.00020     0.00008     0.00008     0.00004     0.00001     0.00002     0.00001     0.00003     0.00001     0.00001     0.00002    18.71208
   -28.48690     0.00012     1.35200    11.01000     1.84800     0.00038     0.00010     0.00003     0.00003     0.00001     0.00001     0.00000     0.00000     0.00006     0.00000     0.00000     0.00001    14.21074
   -28.42090     0.00000     0.00000     0.00000     0.00000     0.00000     0.00000     0.00000     0.00000     0.00000     0.00000     0.00000     0.00000     0.00000     0.00000     0.00000     0.00000     0.00000
   -28.35590     0.00000     0.00000     0.00000     0.00000     0.00000     0.00000     0.00000     0.00000     0.00000     0.00000     0.00000     0.00000     0.00000     0.00000     0.00000     0.00000     0.00000
   -28.28990     0.00000     0.00000     0.00000     0.00000     0.00000     0.00000     0.00000     0.00000     0.00000     0.00000     0.00000     0.00000     0.00000     0.00000     0.00000     0.00000     0.00000
   -28.22390     0.00000     0.00000     0.00000     0.00000     0.00000     0.00000     0.00000     0.00000     0.00000     0.00000     0.00000     0.00000     0.00000     0.00000     0.00000     0.00000     0.00000
   -28.15890     0.00000     0.00000     0.00000     0.00000     0.00000     0.00000     0.00000     0.00000     0.00000     0.00000     0.00000     0.00000     0.00000     0.00000     0.00000     0.00000     0.00000
   -28.09290     0.00000     0.00000     0.00000     0.00000     0.00000     0.00000     0.00000     0.00000     0.00000     0.00000     0.00000     0.00000     0.00000     0.00000     0.00000     0.00000     0.00000
   -28.02690     0.00000     0.00000     0.00000     0.00000     0.00000     0.00000     0.00000     0.00000     0.00000     0.00000     0.00000     0.00000     0.00000     0.00000     0.00000     0.00000     0.00000
   -27.96190     0.00000     0.00000     0.00000     0.00000     0.00000     0.00000     0.00000     0.00000     0.00000     0.00000     0.00000     0.00000     0.00000     0.00000     0.00000     0.00000     0.00000
   -27.89590     0.00000     0.00000     0.00000     0.00000     0.00000     0.00000     0.00000     0.00000     0.00000     0.00000     0.00000     0.00000     0.00000     0.00000     0.00000     0.00000     0.00000
   -27.82990     0.00000     0.00000     0.00000     0.00000     0.00000     0.00000     0.00000     0.00000     0.00000     0.00000     0.00000     0.00000     0.00000     0.00000     0.00000     0.00000     0.00000
   -27.76490     0.00000     0.00000     0.00000     0.00000     0.00000     0.00000     0.00000     0.00000     0.00000     0.00000     0.00000     0.00000     0.00000     0.00000     0.00000     0.00000     0.00000
   -27.69890     0.00000     0.00000     0.00000     0.00000     0.00000     0.00000     0.00000     0.00000     0.00000     0.00000     0.00000     0.00000     0.00000     0.00000     0.00000     0.00000     0.00000
   -27.63290     0.00000     0.00000     0.00000     0.00000     0.00000     0.00000     0.00000     0.00000     0.00000     0.00000     0.00000     0.00000     0.00000     0.00000     0.00000     0.00000     0.00000
   -27.56790     0.00000     0.00000     0.00000     0.00000     0.00000     0.00000     0.00000     0.00000     0.00000     0.00000     0.00000     0.00000     0.00000     0.00000     0.00000     0.00000     0.00000
   -27.50190     0.00000     0.00000     0.00000     0.00000     0.00000     0.00000     0.00000     0.00000     0.00000     0.00000     0.00000     0.00000     0.00000     0.00000     0.00000     0.00000     0.00000
   -27.43690     0.00000     0.00000     0.00000     0.00000     0.00000     0.00000     0.00000     0.00000     0.00000     0.00000     0.00000     0.00000     0.00000     0.00000     0.00000     0.00000     0.00000
   -27.37090     0.00332     0.00066     0.00112     0.00021     0.00000     0.00000     0.00049     0.00000     0.00000     0.00000     0.00004     0.00000     0.00000     0.00000     0.00000     0.00000     0.00586
   -27.30490     0.01563     0.01285     0.10220     0.04470     0.00029     0.00005     0.00077     0.00001     0.00010     0.00005     0.00023     0.00007     0.00004     0.00001     0.00000     0.00002     0.17702
   -27.23990     0.00847     0.12930     0.33330     0.27240     0.00174     0.00175     0.00027     0.00101     0.00012     0.00006     0.00019     0.00004     0.00010     0.00004     0.00001     0.00009     0.74888
   -27.17390     0.00111     1.08800     0.31390     0.74460     0.00102     0.00228     0.00034     0.00312     0.00067     0.00007     0.00002     0.00010     0.00004     0.00011     0.00007     0.00005     2.15550
   -27.10790     0.00053     2.02600     0.83490     1.70100     0.00115     0.00171     0.00116     0.00127     0.00030     0.00001     0.00001     0.00012     0.00005     0.00014     0.00002     0.00002     4.56838
   -27.04290     0.00000     0.00000     0.00000     0.00000     0.00000     0.00000     0.00000     0.00000     0.00000     0.00000     0.00000     0.00000     0.00000     0.00000     0.00000     0.00000     0.00000
   -26.97690     0.00000     0.00000     0.00000     0.00000     0.00000     0.00000     0.00000     0.00000     0.00000     0.00000     0.00000     0.00000     0.00000     0.00000     0.00000     0.00000     0.00000
   -26.91090     0.00000     0.00000     0.00000     0.00000     0.00000     0.00000     0.00000     0.00000     0.00000     0.00000     0.00000     0.00000     0.00000     0.00000     0.00000     0.00000     0.00000
   -26.84590     0.00000     0.00000     0.00000     0.00000     0.00000     0.00000     0.00000     0.00000     0.00000     0.00000     0.00000     0.00000     0.00000     0.00000     0.00000     0.00000     0.00000
   -26.77990     0.00000     0.00000     0.00000     0.00000     0.00000     0.00000     0.00000     0.00000     0.00000     0.00000     0.00000     0.00000     0.00000     0.00000     0.00000     0.00000     0.00000
   -26.71390     0.00000     0.00000     0.00000     0.00000     0.00000     0.00000     0.00000     0.00000     0.00000     0.00000     0.00000     0.00000     0.00000     0.00000     0.00000     0.00000     0.00000
   -26.64890     0.00000     0.00000     0.00000     0.00000     0.00000     0.00000     0.00000     0.00000     0.00000     0.00000     0.00000     0.00000     0.00000     0.00000     0.00000     0.00000     0.00000
   -26.58290     0.00000     0.00000     0.00000     0.00000     0.00000     0.00000     0.00000     0.00000     0.00000     0.00000     0.00000     0.00000     0.00000     0.00000     0.00000     0.00000     0.00000
   -26.51690     0.00000     0.00000     0.00000     0.00000     0.00000     0.00000     0.00000     0.00000     0.00000     0.00000     0.00000     0.00000     0.00000     0.00000     0.00000     0.00000     0.00000
   -26.45190     0.00000     0.00000     0.00000     0.00000     0.00000     0.00000     0.00000     0.00000     0.00000     0.00000     0.00000     0.00000     0.00000     0.00000     0.00000     0.00000     0.00000
   -26.38590     0.00000     0.00000     0.00000     0.00000     0.00000     0.00000     0.00000     0.00000     0.00000     0.00000     0.00000     0.00000     0.00000     0.00000     0.00000     0.00000     0.00000
   -26.31990     0.00000     0.00000     0.00000     0.00000     0.00000     0.00000     0.00000     0.00000     0.00000     0.00000     0.00000     0.00000     0.00000     0.00000     0.00000     0.00000     0.00000
   -26.25490     0.00000     0.00000     0.00000     0.00000     0.00000     0.00000     0.00000     0.00000     0.00000     0.00000     0.00000     0.00000     0.00000     0.00000     0.00000     0.00000     0.00000
   -26.18890     0.00000     0.00000     0.00000     0.00000     0.00000     0.00000     0.00000     0.00000     0.00000     0.00000     0.00000     0.00000     0.00000     0.00000     0.00000     0.00000     0.00000
   -26.12290     0.00000     0.00000     0.00000     0.00000     0.00000     0.00000     0.00000     0.00000     0.00000     0.00000     0.00000     0.00000     0.00000     0.00000     0.00000     0.00000     0.00000
   -26.05790     0.00000     0.00000     0.00000     0.00000     0.00000     0.00000     0.00000     0.00000     0.00000     0.00000     0.00000     0.00000     0.00000     0.00000     0.00000     0.00000     0.00000
   -25.99190     0.00000     0.00000     0.00000     0.00000     0.00000     0.00000     0.00000     0.00000     0.00000     0.00000     0.00000     0.00000     0.00000     0.00000     0.00000     0.00000     0.00000
   -25.92590     0.00000     0.00000     0.00000     0.00000     0.00000     0.00000     0.00000     0.00000     0.00000     0.00000     0.00000     0.00000     0.00000     0.00000     0.00000     0.00000     0.00000
   -25.86090     0.00000     0.00000     0.00000     0.00000     0.00000     0.00000     0.00000     0.00000     0.00000     0.00000     0.00000     0.00000     0.00000     0.00000     0.00000     0.00000     0.00000
   -25.79490     0.00000     0.00000     0.00000     0.00000     0.00000     0.00000     0.00000     0.00000     0.00000     0.00000     0.00000     0.00000     0.00000     0.00000     0.00000     0.00000     0.00000
   -25.72890     0.00000     0.00000     0.00000     0.00000     0.00000     0.00000     0.00000     0.00000     0.00000     0.00000     0.00000     0.00000     0.00000     0.00000     0.00000     0.00000     0.00000
   -25.66390     0.00000     0.00000     0.00000     0.00000     0.00000     0.00000     0.00000     0.00000     0.00000     0.00000     0.00000     0.00000     0.00000     0.00000     0.00000     0.00000     0.00000
   -25.59790     0.00000     0.00000     0.00000     0.00000     0.00000     0.00000     0.00000     0.00000     0.00000     0.00000     0.00000     0.00000     0.00000     0.00000     0.00000     0.00000     0.00000
   -25.53290     0.00000     0.00000     0.00000     0.00000     0.00000     0.00000     0.00000     0.00000     0.00000     0.00000     0.00000     0.00000     0.00000     0.00000     0.00000     0.00000     0.00000
   -25.46690     0.00000     0.00000     0.00000     0.00000     0.00000     0.00000     0.00000     0.00000     0.00000     0.00000     0.00000     0.00000     0.00000     0.00000     0.00000     0.00000     0.00000
   -25.40090     0.00000     0.00000     0.00000     0.00000     0.00000     0.00000     0.00000     0.00000     0.00000     0.00000     0.00000     0.00000     0.00000     0.00000     0.00000     0.00000     0.00000
   -25.33590     0.00000     0.00000     0.00000     0.00000     0.00000     0.00000     0.00000     0.00000     0.00000     0.00000     0.00000     0.00000     0.00000     0.00000     0.00000     0.00000     0.00000
   -25.26990     0.00000     0.00000     0.00000     0.00000     0.00000     0.00000     0.00000     0.00000     0.00000     0.00000     0.00000     0.00000     0.00000     0.00000     0.00000     0.00000     0.00000
   -25.20390     0.00000     0.00000     0.00000     0.00000     0.00000     0.00000     0.00000     0.00000     0.00000     0.00000     0.00000     0.00000     0.00000     0.00000     0.00000     0.00000     0.00000
   -25.13890     0.00000     0.00000     0.00000     0.00000     0.00000     0.00000     0.00000     0.00000     0.00000     0.00000     0.00000     0.00000     0.00000     0.00000     0.00000     0.00000     0.00000
   -25.07290     0.00000     0.00000     0.00000     0.00000     0.00000     0.00000     0.00000     0.00000     0.00000     0.00000     0.00000     0.00000     0.00000     0.00000     0.00000     0.00000     0.00000
   -25.00690     0.00000     0.00000     0.00000     0.00000     0.00000     0.00000     0.00000     0.00000     0.00000     0.00000     0.00000     0.00000     0.00000     0.00000     0.00000     0.00000     0.00000
   -24.94190     0.00000     0.00000     0.00000     0.00000     0.00000     0.00000     0.00000     0.00000     0.00000     0.00000     0.00000     0.00000     0.00000     0.00000     0.00000     0.00000     0.00000
   -24.87590     0.00000     0.00000     0.00000     0.00000     0.00000     0.00000     0.00000     0.00000     0.00000     0.00000     0.00000     0.00000     0.00000     0.00000     0.00000     0.00000     0.00000
   -24.80990     0.00000     0.00000     0.00000     0.00000     0.00000     0.00000     0.00000     0.00000     0.00000     0.00000     0.00000     0.00000     0.00000     0.00000     0.00000     0.00000     0.00000
   -24.74490     0.00000     0.00000     0.00000     0.00000     0.00000     0.00000     0.00000     0.00000     0.00000     0.00000     0.00000     0.00000     0.00000     0.00000     0.00000     0.00000     0.00000
   -24.67890     0.00000     0.00000     0.00000     0.00000     0.00000     0.00000     0.00000     0.00000     0.00000     0.00000     0.00000     0.00000     0.00000     0.00000     0.00000     0.00000     0.00000
   -24.61290     0.00000     0.00000     0.00000     0.00000     0.00000     0.00000     0.00000     0.00000     0.00000     0.00000     0.00000     0.00000     0.00000     0.00000     0.00000     0.00000     0.00000
   -24.54790     0.00000     0.00000     0.00000     0.00000     0.00000     0.00000     0.00000     0.00000     0.00000     0.00000     0.00000     0.00000     0.00000     0.00000     0.00000     0.00000     0.00000
   -24.48190     0.00000     0.00000     0.00000     0.00000     0.00000     0.00000     0.00000     0.00000     0.00000     0.00000     0.00000     0.00000     0.00000     0.00000     0.00000     0.00000     0.00000
   -24.41590     0.00000     0.00000     0.00000     0.00000     0.00000     0.00000     0.00000     0.00000     0.00000     0.00000     0.00000     0.00000     0.00000     0.00000     0.00000     0.00000     0.00000
   -24.35090     0.00000     0.00000     0.00000     0.00000     0.00000     0.00000     0.00000     0.00000     0.00000     0.00000     0.00000     0.00000     0.00000     0.00000     0.00000     0.00000     0.00000
   -24.28490     0.00000     0.00000     0.00000     0.00000     0.00000     0.00000     0.00000     0.00000     0.00000     0.00000     0.00000     0.00000     0.00000     0.00000     0.00000     0.00000     0.00000
   -24.21890     0.00000     0.00000     0.00000     0.00000     0.00000     0.00000     0.00000     0.00000     0.00000     0.00000     0.00000     0.00000     0.00000     0.00000     0.00000     0.00000     0.00000
   -24.15390     0.00000     0.00000     0.00000     0.00000     0.00000     0.00000     0.00000     0.00000     0.00000     0.00000     0.00000     0.00000     0.00000     0.00000     0.00000     0.00000     0.00000
   -24.08790     0.00000     0.00000     0.00000     0.00000     0.00000     0.00000     0.00000     0.00000     0.00000     0.00000     0.00000     0.00000     0.00000     0.00000     0.00000     0.00000     0.00000
   -24.02190     0.00000     0.00000     0.00000     0.00000     0.00000     0.00000     0.00000     0.00000     0.00000     0.00000     0.00000     0.00000     0.00000     0.00000     0.00000     0.00000     0.00000
   -23.95690     0.00000     0.00000     0.00000     0.00000     0.00000     0.00000     0.00000     0.00000     0.00000     0.00000     0.00000     0.00000     0.00000     0.00000     0.00000     0.00000     0.00000
   -23.89090     0.00000     0.00000     0.00000     0.00000     0.00000     0.00000     0.00000     0.00000     0.00000     0.00000     0.00000     0.00000     0.00000     0.00000     0.00000     0.00000     0.00000
   -23.82590     0.00000     0.00000     0.00000     0.00000     0.00000     0.00000     0.00000     0.00000     0.00000     0.00000     0.00000     0.00000     0.00000     0.00000     0.00000     0.00000     0.00000
   -23.75990     0.00000     0.00000     0.00000     0.00000     0.00000     0.00000     0.00000     0.00000     0.00000     0.00000     0.00000     0.00000     0.00000     0.00000     0.00000     0.00000     0.00000
   -23.69390     0.00000     0.00000     0.00000     0.00000     0.00000     0.00000     0.00000     0.00000     0.00000     0.00000     0.00000     0.00000     0.00000     0.00000     0.00000     0.00000     0.00000
   -23.62890     0.00000     0.00000     0.00000     0.00000     0.00000     0.00000     0.00000     0.00000     0.00000     0.00000     0.00000     0.00000     0.00000     0.00000     0.00000     0.00000     0.00000
   -23.56290     0.00000     0.00000     0.00000     0.00000     0.00000     0.00000     0.00000     0.00000     0.00000     0.00000     0.00000     0.00000     0.00000     0.00000     0.00000     0.00000     0.00000
   -23.49690     0.00000     0.00000     0.00000     0.00000     0.00000     0.00000     0.00000     0.00000     0.00000     0.00000     0.00000     0.00000     0.00000     0.00000     0.00000     0.00000     0.00000
   -23.43190     0.00000     0.00000     0.00000     0.00000     0.00000     0.00000     0.00000     0.00000     0.00000     0.00000     0.00000     0.00000     0.00000     0.00000     0.00000     0.00000     0.00000
   -23.36590     0.00000     0.00000     0.00000     0.00000     0.00000     0.00000     0.00000     0.00000     0.00000     0.00000     0.00000     0.00000     0.00000     0.00000     0.00000     0.00000     0.00000
   -23.29990     0.00000     0.00000     0.00000     0.00000     0.00000     0.00000     0.00000     0.00000     0.00000     0.00000     0.00000     0.00000     0.00000     0.00000     0.00000     0.00000     0.00000
   -23.23490     0.00000     0.00000     0.00000     0.00000     0.00000     0.00000     0.00000     0.00000     0.00000     0.00000     0.00000     0.00000     0.00000     0.00000     0.00000     0.00000     0.00000
   -23.16890     0.00000     0.00000     0.00000     0.00000     0.00000     0.00000     0.00000     0.00000     0.00000     0.00000     0.00000     0.00000     0.00000     0.00000     0.00000     0.00000     0.00000
   -23.10290     0.00000     0.00000     0.00000     0.00000     0.00000     0.00000     0.00000     0.00000     0.00000     0.00000     0.00000     0.00000     0.00000     0.00000     0.00000     0.00000     0.00000
   -23.03790     0.00000     0.00000     0.00000     0.00000     0.00000     0.00000     0.00000     0.00000     0.00000     0.00000     0.00000     0.00000     0.00000     0.00000     0.00000     0.00000     0.00000
   -22.97190     0.00000     0.00000     0.00000     0.00000     0.00000     0.00000     0.00000     0.00000     0.00000     0.00000     0.00000     0.00000     0.00000     0.00000     0.00000     0.00000     0.00000
   -22.90590     0.00000     0.00000     0.00000     0.00000     0.00000     0.00000     0.00000     0.00000     0.00000     0.00000     0.00000     0.00000     0.00000     0.00000     0.00000     0.00000     0.00000
   -22.84090     0.00000     0.00000     0.00000     0.00000     0.00000     0.00000     0.00000     0.00000     0.00000     0.00000     0.00000     0.00000     0.00000     0.00000     0.00000     0.00000     0.00000
   -22.77490     0.00000     0.00000     0.00000     0.00000     0.00000     0.00000     0.00000     0.00000     0.00000     0.00000     0.00000     0.00000     0.00000     0.00000     0.00000     0.00000     0.00000
   -22.70890     0.00000     0.00000     0.00000     0.00000     0.00000     0.00000     0.00000     0.00000     0.00000     0.00000     0.00000     0.00000     0.00000     0.00000     0.00000     0.00000     0.00000
   -22.64390     0.00000     0.00000     0.00000     0.00000     0.00000     0.00000     0.00000     0.00000     0.00000     0.00000     0.00000     0.00000     0.00000     0.00000     0.00000     0.00000     0.00000
   -22.57790     0.00000     0.00000     0.00000     0.00000     0.00000     0.00000     0.00000     0.00000     0.00000     0.00000     0.00000     0.00000     0.00000     0.00000     0.00000     0.00000     0.00000
   -22.51190     0.00000     0.00000     0.00000     0.00000     0.00000     0.00000     0.00000     0.00000     0.00000     0.00000     0.00000     0.00000     0.00000     0.00000     0.00000     0.00000     0.00000
   -22.44690     0.00000     0.00000     0.00000     0.00000     0.00000     0.00000     0.00000     0.00000     0.00000     0.00000     0.00000     0.00000     0.00000     0.00000     0.00000     0.00000     0.00000
   -22.38090     0.00000     0.00000     0.00000     0.00000     0.00000     0.00000     0.00000     0.00000     0.00000     0.00000     0.00000     0.00000     0.00000     0.00000     0.00000     0.00000     0.00000
   -22.31490     0.00000     0.00000     0.00000     0.00000     0.00000     0.00000     0.00000     0.00000     0.00000     0.00000     0.00000     0.00000     0.00000     0.00000     0.00000     0.00000     0.00000
   -22.24990     0.00000     0.00000     0.00000     0.00000     0.00000     0.00000     0.00000     0.00000     0.00000     0.00000     0.00000     0.00000     0.00000     0.00000     0.00000     0.00000     0.00000
   -22.18390     0.00000     0.00000     0.00000     0.00000     0.00000     0.00000     0.00000     0.00000     0.00000     0.00000     0.00000     0.00000     0.00000     0.00000     0.00000     0.00000     0.00000
   -22.11790     0.00000     0.00000     0.00000     0.00000     0.00000     0.00000     0.00000     0.00000     0.00000     0.00000     0.00000     0.00000     0.00000     0.00000     0.00000     0.00000     0.00000
   -22.05290     0.00000     0.00000     0.00000     0.00000     0.00000     0.00000     0.00000     0.00000     0.00000     0.00000     0.00000     0.00000     0.00000     0.00000     0.00000     0.00000     0.00000
   -21.98690     0.00000     0.00000     0.00000     0.00000     0.00000     0.00000     0.00000     0.00000     0.00000     0.00000     0.00000     0.00000     0.00000     0.00000     0.00000     0.00000     0.00000
   -21.92190     0.00000     0.00000     0.00000     0.00000     0.00000     0.00000     0.00000     0.00000     0.00000     0.00000     0.00000     0.00000     0.00000     0.00000     0.00000     0.00000     0.00000
   -21.85590     0.00000     0.00000     0.00000     0.00000     0.00000     0.00000     0.00000     0.00000     0.00000     0.00000     0.00000     0.00000     0.00000     0.00000     0.00000     0.00000     0.00000
   -21.78990     0.00000     0.00000     0.00000     0.00000     0.00000     0.00000     0.00000     0.00000     0.00000     0.00000     0.00000     0.00000     0.00000     0.00000     0.00000     0.00000     0.00000
   -21.72490     0.00000     0.00000     0.00000     0.00000     0.00000     0.00000     0.00000     0.00000     0.00000     0.00000     0.00000     0.00000     0.00000     0.00000     0.00000     0.00000     0.00000
   -21.65890     0.00000     0.00000     0.00000     0.00000     0.00000     0.00000     0.00000     0.00000     0.00000     0.00000     0.00000     0.00000     0.00000     0.00000     0.00000     0.00000     0.00000
   -21.59290     0.00000     0.00000     0.00000     0.00000     0.00000     0.00000     0.00000     0.00000     0.00000     0.00000     0.00000     0.00000     0.00000     0.00000     0.00000     0.00000     0.00000
   -21.52790     0.00000     0.00000     0.00000     0.00000     0.00000     0.00000     0.00000     0.00000     0.00000     0.00000     0.00000     0.00000     0.00000     0.00000     0.00000     0.00000     0.00000
   -21.46190     0.00000     0.00000     0.00000     0.00000     0.00000     0.00000     0.00000     0.00000     0.00000     0.00000     0.00000     0.00000     0.00000     0.00000     0.00000     0.00000     0.00000
   -21.39590     0.00000     0.00000     0.00000     0.00000     0.00000     0.00000     0.00000     0.00000     0.00000     0.00000     0.00000     0.00000     0.00000     0.00000     0.00000     0.00000     0.00000
   -21.33090     0.00037     0.00052     0.00052     0.00052     0.00000     0.00000     0.00000     0.00000     0.00000     0.00000     0.00000     0.00000     0.00000     0.00000     0.00000     0.00000     0.00194
   -21.26490     0.06898     0.04028     0.03948     0.04243     0.00354     0.00051     0.00848     0.00054     0.00002     0.00001     0.00012     0.00003     0.00009     0.00001     0.00000     0.00001     0.20455
   -21.19890     0.12640     0.07221     0.07335     0.08799     0.00706     0.00179     0.01042     0.00161     0.00026     0.00005     0.00016     0.00011     0.00017     0.00003     0.00001     0.00005     0.38166
   -21.13390     0.07869     0.04999     0.05479     0.05058     0.00300     0.00161     0.00734     0.00109     0.00031     0.00006     0.00013     0.00008     0.00007     0.00002     0.00000     0.00005     0.24781
   -21.06790     0.05461     0.04028     0.03780     0.03578     0.00186     0.00089     0.00600     0.00063     0.00028     0.00005     0.00011     0.00007     0.00004     0.00002     0.00000     0.00003     0.17846
   -21.00190     0.04098     0.03402     0.02806     0.02613     0.00124     0.00061     0.00495     0.00046     0.00028     0.00004     0.00009     0.00007     0.00003     0.00002     0.00000     0.00003     0.13701
   -20.93690     0.03122     0.02858     0.02066     0.01870     0.00087     0.00044     0.00402     0.00036     0.00028     0.00004     0.00008     0.00006     0.00002     0.00002     0.00000     0.00002     0.10537
   -20.87090     0.02342     0.02346     0.01471     0.01255     0.00064     0.00029     0.00315     0.00029     0.00028     0.00004     0.00006     0.00006     0.00001     0.00001     0.00000     0.00002     0.07900
   -20.80490     0.01698     0.01726     0.00885     0.00679     0.00047     0.00021     0.00225     0.00026     0.00027     0.00003     0.00005     0.00005     0.00001     0.00001     0.00000     0.00001     0.05350
   -20.73990     0.00744     0.01120     0.00228     0.00203     0.00031     0.00010     0.00123     0.00019     0.00023     0.00001     0.00002     0.00002     0.00001     0.00000     0.00000     0.00000     0.02507
   -20.67390     0.00241     0.00029     0.00013     0.00016     0.00021     0.00006     0.00003     0.00009     0.00001     0.00000     0.00000     0.00000     0.00000     0.00000     0.00000     0.00000     0.00341
   -20.60790     0.00620     0.01488     0.00495     0.00564     0.00029     0.00009     0.00147     0.00017     0.00026     0.00002     0.00002     0.00003     0.00001     0.00000     0.00000     0.00001     0.03403
   -20.54290     0.01098     0.02974     0.00806     0.00806     0.00044     0.00019     0.00274     0.00033     0.00073     0.00005     0.00004     0.00006     0.00001     0.00001     0.00000     0.00002     0.06144
   -20.47690     0.01172     0.03623     0.01013     0.00975     0.00059     0.00031     0.00325     0.00043     0.00087     0.00006     0.00004     0.00007     0.00001     0.00001     0.00000     0.00002     0.07348
   -20.41090     0.01218     0.04212     0.01196     0.01147     0.00082     0.00045     0.00372     0.00053     0.00093     0.00007     0.00004     0.00008     0.00001     0.00002     0.00000     0.00003     0.08443
   -20.34590     0.01221     0.04676     0.01343     0.01309     0.00107     0.00064     0.00404     0.00064     0.00097     0.00008     0.00004     0.00010     0.00002     0.00002     0.00001     0.00004     0.09316
   -20.27990     0.01182     0.05038     0.01470     0.01440     0.00138     0.00088     0.00427     0.00076     0.00098     0.00010     0.00004     0.00011     0.00002     0.00003     0.00001     0.00005     0.09992
   -20.21490     0.01105     0.05382     0.01584     0.01597     0.00175     0.00119     0.00445     0.00091     0.00094     0.00011     0.00004     0.00012     0.00003     0.00004     0.00001     0.00006     0.10632
   -20.14890     0.01001     0.05604     0.01680     0.01709     0.00213     0.00160     0.00455     0.00109     0.00089     0.00012     0.00003     0.00013     0.00003     0.00004     0.00001     0.00007     0.11064
   -20.08290     0.00872     0.05834     0.01754     0.01856     0.00267     0.00212     0.00457     0.00129     0.00084     0.00013     0.00003     0.00015     0.00004     0.00005     0.00001     0.00008     0.11512
   -20.01790     0.00733     0.05954     0.01828     0.01954     0.00332     0.00278     0.00456     0.00155     0.00074     0.00014     0.00002     0.00016     0.00005     0.00005     0.00001     0.00010     0.11817
   -19.95190     0.00583     0.06366     0.05648     0.07422     0.00421     0.00414     0.00465     0.00224     0.00111     0.00016     0.00002     0.00019     0.00007     0.00017     0.00012     0.00017     0.21743
   -19.88590     0.00459     0.08808     0.09200     0.16480     0.00587     0.00759     0.00579     0.00625     0.00493     0.00024     0.00002     0.00030     0.00009     0.00047     0.00033     0.00031     0.38164
   -19.82090     0.00212     0.30270     0.07651     0.43130     0.00947     0.03399     0.00754     0.04408     0.03177     0.00076     0.00001     0.00106     0.00015     0.00167     0.00125     0.00081     0.94519
   -19.75490     0.00001     0.00721     0.00267     0.00690     0.00611     0.01122     0.00017     0.01206     0.00028     0.00014     0.00000     0.00009     0.00011     0.00009     0.00001     0.00013     0.04721
   -19.68890     0.00001     0.00000     0.00000     0.00000     0.00000     0.00000     0.00000     0.00000     0.00000     0.00000     0.00000     0.00000     0.00000     0.00000     0.00000     0.00000     0.00001
   -19.62390     0.00002     0.00000     0.00000     0.00000     0.00001     0.00000     0.00000     0.00001     0.00000     0.00000     0.00000     0.00000     0.00000     0.00000     0.00000     0.00000     0.00005
   -19.55790     0.00006     0.00001     0.00001     0.00000     0.00002     0.00001     0.00000     0.00001     0.00000     0.00000     0.00000     0.00000     0.00000     0.00000     0.00000     0.00000     0.00012
   -19.49190     0.00014     0.00001     0.00002     0.00001     0.00003     0.00002     0.00000     0.00002     0.00000     0.00000     0.00000     0.00000     0.00000     0.00000     0.00000     0.00000     0.00024
   -19.42690     0.00019     0.00001     0.00003     0.00001     0.00004     0.00002     0.00000     0.00002     0.00000     0.00000     0.00000     0.00000     0.00000     0.00000     0.00000     0.00000     0.00033
   -19.36090     0.00025     0.00002     0.00004     0.00002     0.00005     0.00002     0.00000     0.00002     0.00000     0.00000     0.00000     0.00000     0.00000     0.00000     0.00000     0.00000     0.00044
   -19.29490     0.00033     0.00003     0.00006     0.00003     0.00006     0.00003     0.00000     0.00003     0.00000     0.00000     0.00000     0.00000     0.00000     0.00000     0.00000     0.00000     0.00057
   -19.22990     0.00045     0.00004     0.00009     0.00004     0.00007     0.00003     0.00000     0.00004     0.00000     0.00000     0.00000     0.00000     0.00000     0.00000     0.00000     0.00000     0.00076
   -19.16390     0.00054     0.00005     0.00012     0.00005     0.00009     0.00003     0.00000     0.00004     0.00000     0.00000     0.00000     0.00000     0.00000     0.00000     0.00000     0.00000     0.00093
   -19.09790     0.00064     0.00006     0.00015     0.00007     0.00010     0.00004     0.00000     0.00004     0.00000     0.00000     0.00000     0.00000     0.00000     0.00000     0.00000     0.00000     0.00110
   -19.03290     0.00075     0.00008     0.00019     0.00008     0.00012     0.00004     0.00001     0.00005     0.00000     0.00000     0.00000     0.00000     0.00000     0.00000     0.00000     0.00000     0.00131
   -18.96690     0.00089     0.00010     0.00024     0.00011     0.00013     0.00004     0.00001     0.00005     0.00000     0.00000     0.00000     0.00000     0.00000     0.00000     0.00000     0.00000     0.00158
   -18.90090     0.00103     0.00012     0.00029     0.00014     0.00015     0.00005     0.00001     0.00006     0.00000     0.00000     0.00001     0.00000     0.00000     0.00000     0.00000     0.00000     0.00185
   -18.83590     0.00116     0.00014     0.00035     0.00016     0.00016     0.00005     0.00001     0.00007     0.00000     0.00000     0.00001     0.00000     0.00000     0.00000     0.00000     0.00000     0.00211
   -18.76990     0.00129     0.00016     0.00041     0.00019     0.00018     0.00005     0.00002     0.00007     0.00000     0.00000     0.00001     0.00000     0.00000     0.00000     0.00000     0.00000     0.00239
   -18.70390     0.00147     0.00019     0.00050     0.00024     0.00019     0.00006     0.00002     0.00008     0.00000     0.00000     0.00001     0.00000     0.00000     0.00000     0.00000     0.00000     0.00277
   -18.63890     0.00164     0.00023     0.00059     0.00030     0.00020     0.00007     0.00002     0.00008     0.00000     0.00000     0.00001     0.00000     0.00000     0.00000     0.00000     0.00000     0.00315
   -18.57290     0.00181     0.00026     0.00069     0.00035     0.00022     0.00008     0.00003     0.00009     0.00000     0.00000     0.00001     0.00000     0.00000     0.00000     0.00000     0.00000     0.00355
   -18.50690     0.00198     0.00030     0.00080     0.00040     0.00023     0.00008     0.00003     0.00009     0.00000     0.00000     0.00001     0.00000     0.00000     0.00000     0.00000     0.00000     0.00394
   -18.44190     0.00218     0.00034     0.00092     0.00047     0.00024     0.00009     0.00004     0.00010     0.00000     0.00000     0.00001     0.00000     0.00000     0.00000     0.00000     0.00000     0.00441
   -18.37590     0.00240     0.00040     0.00108     0.00056     0.00025     0.00011     0.00005     0.00010     0.00000     0.00000     0.00002     0.00000     0.00000     0.00000     0.00000     0.00000     0.00496
   -18.31090     0.00261     0.00045     0.00124     0.00065     0.00026     0.00011     0.00006     0.00011     0.00000     0.00000     0.00002     0.00000     0.00000     0.00000     0.00000     0.00000     0.00551
   -18.24490     0.00283     0.00050     0.00142     0.00073     0.00027     0.00012     0.00006     0.00012     0.00000     0.00000     0.00002     0.00000     0.00000     0.00000     0.00000     0.00000     0.00608
   -18.17890     0.00306     0.00056     0.00161     0.00082     0.00029     0.00012     0.00008     0.00012     0.00000     0.00000     0.00002     0.00000     0.00000     0.00000     0.00000     0.00000     0.00667
   -18.11390     0.00332     0.00064     0.00186     0.00094     0.00030     0.00013     0.00009     0.00013     0.00000     0.00000     0.00002     0.00000     0.00000     0.00000     0.00000     0.00000     0.00743
   -18.04790     0.00360     0.00072     0.00213     0.00107     0.00030     0.00014     0.00010     0.00013     0.00000     0.00000     0.00003     0.00000     0.00000     0.00000     0.00000     0.00000     0.00822
   -17.98190     0.00388     0.00080     0.00241     0.00121     0.00031     0.00014     0.00012     0.00014     0.00000     0.00000     0.00003     0.00000     0.00000     0.00000     0.00000     0.00000     0.00904
   -17.91690     0.00417     0.00088     0.00272     0.00134     0.00032     0.00015     0.00014     0.00014     0.00000     0.00000     0.00003     0.00000     0.00000     0.00000     0.00000     0.00000     0.00990
   -17.85090     0.00449     0.00099     0.00310     0.00149     0.00034     0.00015     0.00016     0.00015     0.00000     0.00000     0.00003     0.00000     0.00000     0.00000     0.00000     0.00000     0.01091
   -17.78490     0.00484     0.00111     0.00352     0.00170     0.00034     0.00017     0.00018     0.00015     0.00001     0.00000     0.00004     0.00000     0.00000     0.00000     0.00000     0.00000     0.01205
   -17.71990     0.00521     0.00122     0.00398     0.00192     0.00034     0.00018     0.00021     0.00016     0.00001     0.00000     0.00004     0.00000     0.00000     0.00000     0.00000     0.00000     0.01326
   -17.65390     0.00561     0.00134     0.00449     0.00213     0.00034     0.00019     0.00024     0.00016     0.00001     0.00000     0.00004     0.00000     0.00000     0.00000     0.00000     0.00000     0.01457
   -17.58790     0.00604     0.00148     0.00508     0.00234     0.00034     0.00020     0.00028     0.00017     0.00001     0.00000     0.00005     0.00000     0.00000     0.00000     0.00000     0.00000     0.01600
   -17.52290     0.00653     0.00166     0.00583     0.00265     0.00035     0.00021     0.00033     0.00017     0.00001     0.00000     0.00005     0.00000     0.00001     0.00000     0.00000     0.00000     0.01781
   -17.45690     0.00709     0.00183     0.00666     0.00299     0.00034     0.00022     0.00039     0.00018     0.00002     0.00000     0.00005     0.00000     0.00001     0.00000     0.00000     0.00001     0.01979
   -17.39090     0.00771     0.00202     0.00766     0.00332     0.00034     0.00024     0.00047     0.00018     0.00002     0.00001     0.00006     0.00000     0.00001     0.00000     0.00000     0.00001     0.02204
   -17.32590     0.00839     0.00223     0.00886     0.00365     0.00033     0.00026     0.00057     0.00019     0.00002     0.00001     0.00006     0.00000     0.00001     0.00000     0.00000     0.00001     0.02460
   -17.25990     0.00931     0.00252     0.01064     0.00414     0.00034     0.00027     0.00072     0.00020     0.00002     0.00001     0.00007     0.00001     0.00001     0.00000     0.00000     0.00001     0.02828
   -17.19390     0.01050     0.00284     0.02751     0.00470     0.00170     0.00032     0.00111     0.00021     0.00002     0.00001     0.00007     0.00001     0.00002     0.00001     0.00000     0.00002     0.04905
   -17.12890     0.01309     0.00327     0.04840     0.00537     0.00298     0.00044     0.00287     0.00025     0.00003     0.00002     0.00009     0.00001     0.00002     0.00001     0.00000     0.00002     0.07688
   -17.06290     0.01451     0.00389     0.04916     0.00628     0.00307     0.00060     0.00287     0.00030     0.00003     0.00003     0.00010     0.00001     0.00003     0.00002     0.00000     0.00004     0.08093
   -16.99690     0.01761     0.00520     0.05041     0.00795     0.00323     0.00078     0.00269     0.00035     0.00003     0.00004     0.00009     0.00002     0.00005     0.00002     0.00000     0.00005     0.08854
   -16.93190     0.01672     0.00477     0.05011     0.00793     0.00334     0.00092     0.00259     0.00036     0.00004     0.00004     0.00009     0.00002     0.00005     0.00003     0.00000     0.00006     0.08707
   -16.86590     0.01605     0.00442     0.05078     0.00803     0.00350     0.00109     0.00255     0.00037     0.00005     0.00005     0.00009     0.00002     0.00005     0.00003     0.00000     0.00007     0.08715
   -16.79990     0.01573     0.00421     0.05063     0.00809     0.00360     0.00127     0.00246     0.00038     0.00005     0.00005     0.00009     0.00003     0.00005     0.00003     0.00000     0.00008     0.08675
   -16.73490     0.01521     0.00392     0.05073     0.00807     0.00373     0.00143     0.00238     0.00039     0.00006     0.00005     0.00008     0.00003     0.00006     0.00003     0.00000     0.00008     0.08626
   -16.66890     0.01456     0.00357     0.05083     0.00804     0.00386     0.00163     0.00236     0.00039     0.00007     0.00006     0.00008     0.00003     0.00006     0.00003     0.00000     0.00009     0.08567
   -16.60290     0.01407     0.00331     0.05026     0.00808     0.00396     0.00184     0.00226     0.00039     0.00009     0.00006     0.00008     0.00003     0.00006     0.00004     0.00000     0.00010     0.08463
   -16.53790     0.01349     0.00302     0.05001     0.00792     0.00408     0.00205     0.00223     0.00039     0.00010     0.00007     0.00007     0.00003     0.00006     0.00004     0.00001     0.00011     0.08367
   -16.47190     0.01282     0.00265     0.04954     0.00769     0.00416     0.00233     0.00221     0.00038     0.00011     0.00007     0.00007     0.00003     0.00006     0.00004     0.00001     0.00012     0.08228
   -16.40690     0.01214     0.00238     0.04870     0.00763     0.00432     0.00260     0.00218     0.00036     0.00013     0.00008     0.00006     0.00003     0.00006     0.00004     0.00001     0.00012     0.08084
   -16.34090     0.01148     0.00211     0.04784     0.00748     0.00446     0.00296     0.00219     0.00035     0.00015     0.00008     0.00006     0.00003     0.00007     0.00005     0.00001     0.00013     0.07945
   -16.27490     0.01062     0.00177     0.04673     0.00759     0.00474     0.00350     0.00223     0.00033     0.00018     0.00009     0.00005     0.00003     0.00007     0.00005     0.00002     0.00013     0.07812
   -16.20990     0.00968     0.00153     0.04625     0.00912     0.00615     0.00509     0.00227     0.00030     0.00023     0.00009     0.00005     0.00003     0.00006     0.00007     0.00004     0.00014     0.08111
   -16.14390     0.00888     0.00131     0.04151     0.00880     0.00504     0.00454     0.00242     0.00028     0.00030     0.00010     0.00004     0.00003     0.00006     0.00005     0.00004     0.00013     0.07353
   -16.07790     0.00760     0.00100     0.03602     0.00831     0.00406     0.00400     0.00245     0.00025     0.00036     0.00009     0.00003     0.00003     0.00005     0.00004     0.00004     0.00012     0.06446
   -16.01290     0.00462     0.00061     0.02241     0.00714     0.00300     0.00313     0.00182     0.00009     0.00038     0.00007     0.00003     0.00002     0.00003     0.00003     0.00004     0.00008     0.04350
   -15.94690     0.00203     0.00034     0.00992     0.00471     0.00172     0.00173     0.00096     0.00003     0.00030     0.00003     0.00002     0.00001     0.00002     0.00002     0.00002     0.00004     0.02190
   -15.88090     0.00000     0.00000     0.00000     0.00000     0.00000     0.00000     0.00000     0.00000     0.00000     0.00000     0.00000     0.00000     0.00000     0.00000     0.00000     0.00000     0.00000
   -15.81590     0.00003     0.00001     0.00004     0.00003     0.00178     0.00000     0.00273     0.00000     0.00000     0.00000     0.00000     0.00000     0.00002     0.00000     0.00000     0.00000     0.00464
   -15.74990     0.00071     0.00039     0.00155     0.00256     0.00796     0.00036     0.01217     0.00009     0.00009     0.00001     0.00002     0.00002     0.00007     0.00002     0.00001     0.00001     0.02603
   -15.68390     0.00463     0.00222     0.01330     0.01728     0.01620     0.00368     0.02178     0.00029     0.00120     0.00007     0.00005     0.00012     0.00014     0.00010     0.00006     0.00007     0.08119
   -15.61890     0.00761     0.00477     0.01815     0.03532     0.02612     0.00662     0.03265     0.00065     0.00406     0.00013     0.00007     0.00030     0.00019     0.00022     0.00013     0.00010     0.13710
   -15.55290     0.00853     0.00926     0.01929     0.03854     0.02804     0.00613     0.03166     0.00098     0.00431     0.00015     0.00011     0.00036     0.00018     0.00028     0.00012     0.00011     0.14805
   -15.48690     0.00651     0.00674     0.01908     0.02856     0.01969     0.00486     0.02749     0.00086     0.00452     0.00014     0.00008     0.00027     0.00016     0.00020     0.00011     0.00012     0.11939
   -15.42190     0.00525     0.00502     0.01887     0.02434     0.01512     0.00444     0.02533     0.00080     0.00583     0.00014     0.00007     0.00022     0.00014     0.00016     0.00011     0.00012     0.10597
   -15.35590     0.00447     0.00420     0.01882     0.02202     0.01249     0.00405     0.02461     0.00084     0.00722     0.00014     0.00007     0.00020     0.00013     0.00014     0.00011     0.00013     0.09965
   -15.28990     0.00380     0.00369     0.01794     0.02015     0.01053     0.00401     0.02401     0.00123     0.01093     0.00014     0.00006     0.00019     0.00013     0.00013     0.00013     0.00013     0.09720
   -15.22490     0.00327     0.00351     0.01746     0.01880     0.00893     0.00411     0.02354     0.00183     0.01624     0.00013     0.00005     0.00019     0.00012     0.00014     0.00016     0.00013     0.09862
   -15.15890     0.00298     0.00336     0.01590     0.01732     0.00774     0.00254     0.02222     0.00155     0.01314     0.00009     0.00005     0.00016     0.00012     0.00013     0.00015     0.00012     0.08756
   -15.09290     0.00303     0.00308     0.01323     0.01380     0.00639     0.00154     0.02006     0.00121     0.01019     0.00007     0.00004     0.00014     0.00010     0.00011     0.00012     0.00009     0.07321
   -15.02790     0.00941     0.00316     0.01328     0.01042     0.00529     0.00138     0.02763     0.00156     0.00942     0.00008     0.00008     0.00011     0.00009     0.00010     0.00013     0.00011     0.08223
   -14.96190     0.00786     0.00768     0.01339     0.01310     0.00456     0.00214     0.02894     0.00286     0.02062     0.00014     0.00006     0.00014     0.00008     0.00014     0.00033     0.00017     0.10220
   -14.89590     0.00771     0.01029     0.01199     0.01128     0.00414     0.00246     0.03085     0.00412     0.02743     0.00016     0.00005     0.00012     0.00006     0.00020     0.00044     0.00024     0.11154
   -14.83090     0.00440     0.00952     0.00790     0.00889     0.00248     0.00226     0.02383     0.00415     0.02968     0.00014     0.00003     0.00010     0.00004     0.00018     0.00048     0.00023     0.09431
   -14.76490     0.00105     0.00886     0.00528     0.00664     0.00131     0.00216     0.01628     0.00391     0.03149     0.00012     0.00002     0.00007     0.00003     0.00017     0.00050     0.00021     0.07810
   -14.69990     0.00021     0.00829     0.00397     0.00591     0.00115     0.00224     0.01271     0.00382     0.03325     0.00011     0.00002     0.00007     0.00002     0.00017     0.00053     0.00020     0.07266
   -14.63390     0.00012     0.00766     0.00303     0.00613     0.00120     0.00236     0.01043     0.00374     0.03525     0.00010     0.00002     0.00007     0.00002     0.00017     0.00057     0.00019     0.07107
   -14.56790     0.00028     0.00712     0.00268     0.00683     0.00143     0.00251     0.00904     0.00390     0.03762     0.00009     0.00002     0.00007     0.00002     0.00017     0.00062     0.00018     0.07258
   -14.50290     0.00126     0.00675     0.00285     0.00857     0.00189     0.00286     0.01290     0.00513     0.04047     0.00013     0.00003     0.00010     0.00003     0.00018     0.00069     0.00019     0.08402
   -14.43690     0.00353     0.00615     0.00375     0.01261     0.00276     0.00411     0.02043     0.00794     0.04053     0.00020     0.00004     0.00013     0.00005     0.00020     0.00085     0.00026     0.10352
   -14.37090     0.00684     0.00489     0.00372     0.01781     0.00308     0.00619     0.02808     0.00993     0.03842     0.00022     0.00005     0.00012     0.00007     0.00019     0.00107     0.00034     0.12101
   -14.30590     0.00675     0.00331     0.00252     0.01548     0.00204     0.00380     0.01447     0.00417     0.02595     0.00010     0.00004     0.00006     0.00004     0.00006     0.00073     0.00021     0.07973
   -14.23990     0.00773     0.00265     0.00257     0.01409     0.00265     0.00287     0.01141     0.00266     0.02093     0.00006     0.00004     0.00004     0.00003     0.00004     0.00059     0.00017     0.06853
   -14.17390     0.01008     0.00289     0.00310     0.01355     0.00400     0.00238     0.01174     0.00192     0.01750     0.00005     0.00006     0.00004     0.00004     0.00003     0.00049     0.00015     0.06800
   -14.10890     0.01351     0.00280     0.00325     0.01140     0.00567     0.00176     0.00996     0.00107     0.01377     0.00003     0.00005     0.00003     0.00003     0.00003     0.00036     0.00012     0.06383
   -14.04290     0.01501     0.00230     0.00312     0.00856     0.00613     0.00159     0.00836     0.00084     0.01150     0.00003     0.00004     0.00003     0.00003     0.00003     0.00030     0.00010     0.05798
   -13.97690     0.02096     0.00371     0.00417     0.00706     0.00748     0.00296     0.01959     0.00177     0.01144     0.00005     0.00012     0.00005     0.00007     0.00004     0.00031     0.00011     0.07989
   -13.91190     0.03305     0.00491     0.00605     0.00590     0.01043     0.00612     0.03839     0.00459     0.01451     0.00011     0.00034     0.00010     0.00014     0.00007     0.00037     0.00014     0.12525
   -13.84590     0.04519     0.00831     0.01246     0.00805     0.01404     0.01012     0.04346     0.00816     0.02013     0.00023     0.00072     0.00018     0.00029     0.00018     0.00044     0.00022     0.17219
   -13.77990     0.04113     0.00814     0.01254     0.00770     0.01114     0.00731     0.02777     0.00471     0.01985     0.00027     0.00041     0.00019     0.00037     0.00025     0.00045     0.00024     0.14249
   -13.71490     0.03809     0.00843     0.01381     0.00813     0.01002     0.00528     0.01729     0.00316     0.02008     0.00030     0.00029     0.00018     0.00040     0.00030     0.00046     0.00024     0.12643
   -13.64890     0.03417     0.00878     0.01529     0.00824     0.00867     0.00399     0.01120     0.00218     0.01853     0.00031     0.00021     0.00016     0.00042     0.00031     0.00045     0.00026     0.11318
   -13.58290     0.02955     0.00949     0.01624     0.00866     0.00704     0.00328     0.00792     0.00159     0.01709     0.00032     0.00017     0.00017     0.00046     0.00031     0.00046     0.00030     0.10303
   -13.51790     0.02568     0.01086     0.01677     0.01031     0.00574     0.00281     0.00553     0.00123     0.01505     0.00036     0.00013     0.00020     0.00055     0.00033     0.00044     0.00035     0.09633
   -13.45190     0.02106     0.01411     0.01863     0.01300     0.00477     0.00268     0.00392     0.00126     0.01298     0.00045     0.00010     0.00025     0.00069     0.00039     0.00040     0.00048     0.09517
   -13.38590     0.01746     0.01386     0.01664     0.01255     0.00361     0.00234     0.00292     0.00103     0.01272     0.00041     0.00008     0.00022     0.00060     0.00037     0.00040     0.00046     0.08568
   -13.32090     0.01370     0.01355     0.01483     0.01155     0.00259     0.00198     0.00222     0.00086     0.01196     0.00037     0.00006     0.00020     0.00056     0.00034     0.00039     0.00041     0.07557
   -13.25490     0.00799     0.00812     0.01081     0.00596     0.00205     0.00174     0.00162     0.00076     0.01092     0.00030     0.00005     0.00010     0.00022     0.00022     0.00036     0.00033     0.05153
   -13.18890     0.00477     0.00557     0.00662     0.00494     0.00161     0.00157     0.00135     0.00067     0.00998     0.00023     0.00004     0.00008     0.00014     0.00015     0.00032     0.00023     0.03827
   -13.12390     0.00319     0.00459     0.00489     0.00468     0.00134     0.00144     0.00131     0.00064     0.00932     0.00021     0.00004     0.00007     0.00013     0.00011     0.00030     0.00020     0.03248
   -13.05790     0.00203     0.00362     0.00348     0.00445     0.00111     0.00133     0.00133     0.00060     0.00877     0.00018     0.00004     0.00007     0.00012     0.00008     0.00028     0.00016     0.02765
   -12.99190     0.00149     0.00368     0.00301     0.00451     0.00092     0.00121     0.00144     0.00059     0.00859     0.00019     0.00004     0.00007     0.00012     0.00008     0.00025     0.00016     0.02634
   -12.92690     0.00136     0.00393     0.00379     0.00504     0.00070     0.00100     0.00142     0.00057     0.00728     0.00020     0.00003     0.00008     0.00015     0.00008     0.00021     0.00017     0.02600
   -12.86090     0.00162     0.00419     0.00544     0.00537     0.00057     0.00086     0.00125     0.00054     0.00580     0.00021     0.00003     0.00008     0.00019     0.00008     0.00019     0.00018     0.02659
   -12.79590     0.00230     0.00508     0.00862     0.00600     0.00048     0.00074     0.00114     0.00051     0.00456     0.00023     0.00002     0.00010     0.00025     0.00008     0.00016     0.00020     0.03046
   -12.72990     0.00249     0.00659     0.00932     0.00730     0.00044     0.00065     0.00115     0.00047     0.00392     0.00027     0.00002     0.00012     0.00025     0.00010     0.00013     0.00024     0.03347
   -12.66390     0.00276     0.00789     0.01015     0.00832     0.00044     0.00060     0.00119     0.00044     0.00332     0.00030     0.00001     0.00013     0.00026     0.00011     0.00010     0.00028     0.03632
   -12.59890     0.00320     0.01010     0.01119     0.00916     0.00055     0.00057     0.00138     0.00045     0.00302     0.00035     0.00002     0.00014     0.00027     0.00013     0.00009     0.00033     0.04094
   -12.53290     0.00383     0.01279     0.01241     0.01065     0.00069     0.00055     0.00182     0.00049     0.00298     0.00041     0.00002     0.00015     0.00028     0.00015     0.00007     0.00039     0.04769
   -12.46690     0.04342     0.01624     0.01370     0.01236     0.00158     0.00138     0.00477     0.00074     0.01170     0.00050     0.00012     0.00017     0.00030     0.00019     0.00014     0.00049     0.10780
   -12.40190     0.04333     0.02253     0.01565     0.01497     0.00196     0.00173     0.00609     0.00168     0.01449     0.00067     0.00012     0.00017     0.00032     0.00020     0.00017     0.00064     0.12469
   -12.33590     0.09832     0.05106     0.02016     0.02694     0.00575     0.00668     0.01079     0.00891     0.02348     0.00163     0.00043     0.00018     0.00038     0.00022     0.00053     0.00144     0.25690
   -12.26990     0.09674     0.03482     0.02360     0.02231     0.00449     0.00315     0.01240     0.00382     0.02061     0.00086     0.00043     0.00018     0.00044     0.00021     0.00032     0.00086     0.22524
   -12.20490     0.08032     0.03241     0.02536     0.02352     0.00499     0.00322     0.01345     0.00317     0.01989     0.00071     0.00035     0.00019     0.00047     0.00021     0.00036     0.00077     0.20939
   -12.13890     0.07244     0.03200     0.02560     0.02609     0.00529     0.00341     0.01463     0.00312     0.02082     0.00063     0.00032     0.00019     0.00048     0.00022     0.00040     0.00072     0.20637
   -12.07290     0.06455     0.03195     0.02516     0.02965     0.00573     0.00383     0.01577     0.00326     0.02200     0.00059     0.00031     0.00021     0.00050     0.00024     0.00046     0.00070     0.20492
   -12.00790     0.05835     0.03241     0.02389     0.03265     0.00605     0.00430     0.01665     0.00343     0.02378     0.00056     0.00030     0.00023     0.00049     0.00026     0.00053     0.00067     0.20455
   -11.94190     0.05460     0.03398     0.02252     0.03659     0.00665     0.00490     0.01876     0.00388     0.02683     0.00056     0.00032     0.00026     0.00048     0.00031     0.00062     0.00067     0.21193
   -11.87590     0.05364     0.03582     0.02287     0.03928     0.00761     0.00556     0.02102     0.00438     0.03355     0.00060     0.00037     0.00029     0.00047     0.00036     0.00082     0.00068     0.22731
   -11.81090     0.05044     0.04025     0.02268     0.04005     0.00826     0.00644     0.02503     0.00490     0.03823     0.00067     0.00041     0.00035     0.00045     0.00045     0.00091     0.00065     0.24017
   -11.74490     0.04017     0.04848     0.02082     0.03411     0.00892     0.00790     0.02489     0.00532     0.04322     0.00073     0.00041     0.00039     0.00042     0.00050     0.00101     0.00057     0.23786
   -11.67890     0.03076     0.05752     0.01874     0.03182     0.00856     0.00973     0.02368     0.00619     0.05106     0.00067     0.00035     0.00044     0.00035     0.00053     0.00105     0.00054     0.24198
   -11.61390     0.02126     0.05606     0.01619     0.02950     0.00821     0.01035     0.02008     0.00769     0.06253     0.00062     0.00026     0.00038     0.00030     0.00044     0.00116     0.00052     0.23554
   -11.54790     0.01627     0.04973     0.01501     0.02669     0.00781     0.00999     0.01866     0.00869     0.06744     0.00058     0.00020     0.00032     0.00028     0.00036     0.00119     0.00049     0.22372
   -11.48190     0.01146     0.04456     0.01274     0.02546     0.00727     0.01079     0.01696     0.01053     0.07530     0.00059     0.00015     0.00027     0.00024     0.00028     0.00126     0.00049     0.21835
   -11.41690     0.00688     0.03635     0.01051     0.02242     0.00614     0.01139     0.01446     0.01168     0.06906     0.00056     0.00009     0.00021     0.00020     0.00021     0.00108     0.00047     0.19172
   -11.35090     0.00382     0.02107     0.00830     0.01602     0.00540     0.01004     0.01156     0.01009     0.03882     0.00039     0.00005     0.00015     0.00015     0.00015     0.00057     0.00034     0.12691
   -11.28490     0.00197     0.00113     0.00096     0.00071     0.00125     0.00027     0.00013     0.00031     0.00859     0.00004     0.00002     0.00000     0.00003     0.00000     0.00019     0.00005     0.01564
   -11.21990     0.00222     0.00179     0.00122     0.00086     0.00176     0.00036     0.00023     0.00050     0.01159     0.00006     0.00002     0.00001     0.00004     0.00000     0.00021     0.00007     0.02094
   -11.15390     0.00258     0.00254     0.00153     0.00087     0.00237     0.00044     0.00035     0.00070     0.01148     0.00008     0.00003     0.00001     0.00005     0.00000     0.00015     0.00009     0.02327
   -11.08890     0.00289     0.00304     0.00181     0.00083     0.00294     0.00051     0.00048     0.00084     0.00921     0.00010     0.00003     0.00001     0.00007     0.00001     0.00009     0.00010     0.02298
   -11.02290     0.00802     0.00580     0.00377     0.00292     0.00930     0.00587     0.00132     0.00636     0.00898     0.00016     0.00005     0.00004     0.00019     0.00005     0.00008     0.00017     0.05308
   -10.95690     0.01243     0.01265     0.00613     0.00604     0.02195     0.01517     0.00769     0.01463     0.01017     0.00021     0.00009     0.00008     0.00054     0.00013     0.00009     0.00029     0.10830
   -10.89190     0.01031     0.01220     0.00935     0.00481     0.03069     0.01049     0.01475     0.01137     0.01017     0.00024     0.00012     0.00009     0.00078     0.00013     0.00012     0.00032     0.11593
   -10.82590     0.00853     0.01160     0.00822     0.00410     0.02283     0.00826     0.00995     0.00951     0.01006     0.00028     0.00011     0.00009     0.00073     0.00013     0.00012     0.00033     0.09486
   -10.75990     0.00850     0.01267     0.00953     0.00430     0.02479     0.00779     0.01133     0.00949     0.01030     0.00033     0.00014     0.00012     0.00094     0.00014     0.00014     0.00040     0.10090
   -10.69490     0.00725     0.01392     0.00808     0.00402     0.02011     0.00672     0.00743     0.00876     0.01069     0.00038     0.00009     0.00013     0.00073     0.00015     0.00017     0.00044     0.08907
   -10.62890     0.00670     0.02128     0.01006     0.00869     0.01999     0.00987     0.00621     0.01222     0.01123     0.00043     0.00006     0.00014     0.00064     0.00016     0.00022     0.00048     0.10839
   -10.56290     0.00645     0.02923     0.01029     0.01090     0.01986     0.01259     0.00704     0.01532     0.01281     0.00051     0.00004     0.00018     0.00059     0.00019     0.00026     0.00051     0.12677
   -10.49790     0.00631     0.03157     0.01040     0.01149     0.02082     0.01469     0.00817     0.01705     0.01233     0.00055     0.00004     0.00023     0.00058     0.00024     0.00031     0.00054     0.13533
   -10.43190     0.00615     0.02699     0.01043     0.01120     0.02120     0.01599     0.00760     0.01717     0.01179     0.00055     0.00003     0.00024     0.00057     0.00027     0.00037     0.00056     0.13113
   -10.36590     0.00617     0.02479     0.01021     0.01077     0.02144     0.01743     0.00780     0.01770     0.01196     0.00058     0.00003     0.00027     0.00058     0.00030     0.00043     0.00058     0.13103
   -10.30090     0.00630     0.02165     0.00980     0.01023     0.02195     0.01877     0.00798     0.01803     0.01180     0.00059     0.00003     0.00029     0.00060     0.00034     0.00050     0.00061     0.12948
   -10.23490     0.00653     0.01975     0.00915     0.00983     0.02190     0.02044     0.00823     0.01859     0.01214     0.00060     0.00003     0.00033     0.00061     0.00038     0.00057     0.00063     0.12972
   -10.16890     0.00713     0.01764     0.00886     0.00914     0.02229     0.02144     0.00850     0.01912     0.01244     0.00064     0.00003     0.00036     0.00063     0.00042     0.00064     0.00066     0.12994
   -10.10390     0.00769     0.01613     0.00855     0.00872     0.02232     0.02317     0.00868     0.01929     0.01303     0.00068     0.00003     0.00039     0.00065     0.00046     0.00073     0.00069     0.13121
   -10.03790     0.00846     0.01504     0.00811     0.00796     0.02256     0.02419     0.00903     0.02029     0.01353     0.00072     0.00003     0.00042     0.00067     0.00052     0.00082     0.00073     0.13309
    -9.97190     0.00999     0.01363     0.00787     0.00776     0.02262     0.02626     0.00933     0.02090     0.01418     0.00077     0.00003     0.00048     0.00072     0.00058     0.00092     0.00078     0.13682
    -9.90690     0.01176     0.01270     0.00748     0.00741     0.02276     0.02825     0.00957     0.02181     0.01502     0.00085     0.00004     0.00053     0.00074     0.00065     0.00103     0.00086     0.14145
    -9.84090     0.01297     0.01227     0.00740     0.00722     0.02316     0.03060     0.01009     0.02333     0.01590     0.00094     0.00004     0.00058     0.00073     0.00073     0.00115     0.00093     0.14803
    -9.77490     0.01518     0.01174     0.00732     0.00725     0.02308     0.03398     0.01048     0.02460     0.01692     0.00104     0.00004     0.00065     0.00070     0.00083     0.00129     0.00104     0.15615
    -9.70990     0.01967     0.01222     0.00765     0.00734     0.02516     0.03814     0.01138     0.02694     0.01814     0.00128     0.00004     0.00075     0.00068     0.00100     0.00147     0.00128     0.17313
    -9.64390     0.01090     0.00832     0.00518     0.00690     0.01854     0.03331     0.00918     0.02475     0.01882     0.00075     0.00003     0.00066     0.00055     0.00080     0.00159     0.00086     0.14114
    -9.57790     0.00988     0.00771     0.00488     0.00723     0.01911     0.03523     0.00874     0.02509     0.02074     0.00058     0.00003     0.00067     0.00057     0.00081     0.00182     0.00089     0.14399
    -9.51290     0.01332     0.00881     0.00620     0.00865     0.02144     0.03958     0.00848     0.02742     0.02351     0.00064     0.00004     0.00082     0.00070     0.00096     0.00220     0.00110     0.16388
    -9.44690     0.01814     0.01148     0.00804     0.01145     0.02634     0.04652     0.00786     0.03005     0.02813     0.00079     0.00005     0.00101     0.00103     0.00112     0.00278     0.00139     0.19618
    -9.38090     0.01767     0.01797     0.01010     0.01641     0.02909     0.07261     0.00779     0.03728     0.04797     0.00106     0.00008     0.00139     0.00129     0.00160     0.00448     0.00209     0.26889
    -9.31590     0.01471     0.01761     0.01003     0.02020     0.02345     0.03391     0.00620     0.03430     0.02002     0.00127     0.00007     0.00150     0.00124     0.00102     0.00366     0.00212     0.19131
    -9.24990     0.01364     0.01642     0.01044     0.02514     0.01581     0.02489     0.00404     0.03337     0.01231     0.00140     0.00007     0.00167     0.00118     0.00104     0.00423     0.00301     0.16866
    -9.18490     0.00737     0.01865     0.00437     0.02233     0.00801     0.02028     0.00269     0.03374     0.00916     0.00113     0.00006     0.00128     0.00064     0.00092     0.00234     0.00137     0.13435
    -9.11890     0.00617     0.00731     0.00289     0.00840     0.00544     0.01070     0.00209     0.02181     0.00430     0.00049     0.00006     0.00056     0.00052     0.00060     0.00070     0.00056     0.07259
    -9.05290     0.00710     0.00326     0.00229     0.00469     0.00535     0.00732     0.00192     0.01667     0.00197     0.00030     0.00005     0.00041     0.00052     0.00045     0.00028     0.00041     0.05299
    -8.98790     0.00728     0.00177     0.00177     0.00329     0.00483     0.00624     0.00169     0.01432     0.00135     0.00025     0.00005     0.00037     0.00047     0.00038     0.00017     0.00033     0.04453
    -8.92190     0.00744     0.00136     0.00159     0.00280     0.00490     0.00616     0.00159     0.01295     0.00103     0.00023     0.00004     0.00035     0.00046     0.00036     0.00012     0.00031     0.04169
    -8.85590     0.00754     0.00118     0.00192     0.00253     0.00505     0.00649     0.00171     0.01273     0.00082     0.00030     0.00004     0.00036     0.00045     0.00036     0.00009     0.00035     0.04190
    -8.79090     0.00752     0.00109     0.00223     0.00236     0.00511     0.00670     0.00187     0.01301     0.00070     0.00037     0.00005     0.00037     0.00043     0.00036     0.00007     0.00038     0.04262
    -8.72490     0.00773     0.00127     0.00266     0.00238     0.00543     0.00703     0.00220     0.01415     0.00066     0.00045     0.00005     0.00041     0.00043     0.00040     0.00007     0.00046     0.04579
    -8.65890     0.00773     0.00154     0.00292     0.00243     0.00567     0.00792     0.00237     0.01538     0.00124     0.00050     0.00005     0.00045     0.00043     0.00044     0.00014     0.00051     0.04972
    -8.59390     0.00769     0.00181     0.00313     0.00248     0.00588     0.00871     0.00252     0.01662     0.00162     0.00054     0.00005     0.00048     0.00043     0.00048     0.00022     0.00054     0.05320
    -8.52790     0.00796     0.00265     0.00341     0.00265     0.00609     0.01026     0.00279     0.01857     0.00273     0.00060     0.00005     0.00056     0.00043     0.00055     0.00046     0.00060     0.06035
    -8.46190     0.00830     0.00379     0.00372     0.00293     0.00630     0.01197     0.00306     0.02126     0.00384     0.00066     0.00005     0.00067     0.00043     0.00063     0.00078     0.00064     0.06903
    -8.39690     0.00893     0.00589     0.00398     0.00342     0.00647     0.01450     0.00336     0.02520     0.00572     0.00070     0.00005     0.00085     0.00044     0.00073     0.00137     0.00066     0.08227
    -8.33090     0.00819     0.00567     0.00422     0.00383     0.00666     0.01535     0.00332     0.02683     0.00590     0.00074     0.00005     0.00088     0.00045     0.00075     0.00142     0.00068     0.08493
    -8.26490     0.00790     0.00586     0.00445     0.00427     0.00685     0.01613     0.00341     0.02859     0.00597     0.00078     0.00005     0.00095     0.00046     0.00078     0.00155     0.00070     0.08870
    -8.19990     0.00750     0.00620     0.00457     0.00495     0.00694     0.01746     0.00345     0.03135     0.00629     0.00081     0.00005     0.00104     0.00047     0.00082     0.00176     0.00072     0.09438
    -8.13390     0.00702     0.00604     0.00476     0.00528     0.00706     0.01820     0.00346     0.03332     0.00619     0.00085     0.00005     0.00109     0.00048     0.00083     0.00181     0.00073     0.09717
    -8.06790     0.00671     0.00628     0.00496     0.00590     0.00715     0.01956     0.00350     0.03581     0.00630     0.00088     0.00005     0.00118     0.00050     0.00087     0.00200     0.00075     0.10238
    -8.00290     0.00690     0.00641     0.00566     0.00725     0.00802     0.02202     0.00362     0.04246     0.00631     0.00098     0.00005     0.00138     0.00056     0.00091     0.00224     0.00080     0.11556
    -7.93690     0.00988     0.00630     0.00614     0.00795     0.01004     0.02544     0.00368     0.04839     0.00628     0.00104     0.00005     0.00150     0.00063     0.00093     0.00229     0.00082     0.13135
    -7.87090     0.00746     0.00613     0.00446     0.00726     0.00758     0.02339     0.00357     0.04428     0.00623     0.00092     0.00004     0.00141     0.00058     0.00091     0.00235     0.00069     0.11726
    -7.80590     0.00649     0.00539     0.00366     0.00593     0.00660     0.02199     0.00349     0.04172     0.00608     0.00085     0.00004     0.00129     0.00055     0.00086     0.00209     0.00062     0.10765
    -7.73990     0.00635     0.00466     0.00282     0.00447     0.00613     0.01981     0.00340     0.03698     0.00597     0.00077     0.00003     0.00112     0.00049     0.00083     0.00177     0.00057     0.09619
    -7.67390     0.00709     0.00464     0.00278     0.00405     0.00679     0.02046     0.00348     0.03757     0.00591     0.00077     0.00003     0.00110     0.00050     0.00090     0.00171     0.00060     0.09839
    -7.60890     0.00798     0.00441     0.00262     0.00368     0.00742     0.02121     0.00349     0.03792     0.00583     0.00075     0.00003     0.00107     0.00050     0.00091     0.00162     0.00059     0.10006
    -7.54290     0.00882     0.00427     0.00253     0.00337     0.00808     0.02213     0.00350     0.03750     0.00573     0.00073     0.00003     0.00104     0.00050     0.00093     0.00155     0.00058     0.10131
    -7.47790     0.00974     0.00406     0.00245     0.00316     0.00888     0.02283     0.00351     0.03724     0.00564     0.00072     0.00003     0.00102     0.00049     0.00094     0.00148     0.00057     0.10274
    -7.41190     0.01031     0.00390     0.00244     0.00301     0.00948     0.02373     0.00351     0.03745     0.00557     0.00072     0.00003     0.00099     0.00049     0.00095     0.00143     0.00057     0.10457
    -7.34590     0.01099     0.00375     0.00243     0.00294     0.01024     0.02481     0.00353     0.03793     0.00552     0.00072     0.00003     0.00098     0.00049     0.00096     0.00140     0.00057     0.10728
    -7.28090     0.01165     0.00364     0.00241     0.00292     0.01099     0.02600     0.00356     0.03834     0.00545     0.00072     0.00003     0.00097     0.00050     0.00096     0.00138     0.00056     0.11008
    -7.21490     0.01216     0.00351     0.00239     0.00289     0.01162     0.02697     0.00354     0.03821     0.00537     0.00070     0.00003     0.00095     0.00049     0.00096     0.00135     0.00056     0.11171
    -7.14890     0.01282     0.00341     0.00245     0.00295     0.01246     0.02866     0.00358     0.03836     0.00528     0.00070     0.00003     0.00093     0.00049     0.00097     0.00133     0.00055     0.11497
    -7.08390     0.01353     0.00334     0.00256     0.00305     0.01341     0.03088     0.00369     0.03978     0.00521     0.00072     0.00003     0.00092     0.00051     0.00099     0.00131     0.00056     0.12049
    -7.01790     0.01425     0.00332     0.00268     0.00313     0.01432     0.03420     0.00384     0.04699     0.00527     0.00079     0.00004     0.00094     0.00051     0.00101     0.00130     0.00057     0.13315
    -6.95190     0.01473     0.00321     0.00270     0.00315     0.01507     0.03670     0.00373     0.04131     0.00504     0.00069     0.00004     0.00089     0.00051     0.00098     0.00130     0.00055     0.13059
    -6.88690     0.01544     0.00305     0.00282     0.00328     0.01620     0.03581     0.00371     0.02935     0.00486     0.00057     0.00004     0.00082     0.00053     0.00096     0.00132     0.00052     0.11929
    -6.82090     0.01602     0.00298     0.00300     0.00343     0.01718     0.03661     0.00378     0.02550     0.00471     0.00053     0.00004     0.00080     0.00054     0.00098     0.00135     0.00052     0.11797
    -6.75490     0.01641     0.00295     0.00310     0.00354     0.01782     0.03513     0.00392     0.02450     0.00464     0.00052     0.00004     0.00079     0.00055     0.00098     0.00134     0.00052     0.11675
    -6.68990     0.01700     0.00297     0.00333     0.00377     0.01878     0.03668     0.00418     0.02501     0.00459     0.00055     0.00005     0.00079     0.00059     0.00101     0.00135     0.00054     0.12119
    -6.62390     0.01733     0.00295     0.00337     0.00382     0.01974     0.03106     0.00436     0.02226     0.00451     0.00057     0.00005     0.00076     0.00055     0.00103     0.00130     0.00054     0.11421
    -6.55790     0.01825     0.00310     0.00328     0.00392     0.02084     0.03173     0.00483     0.02501     0.00447     0.00061     0.00006     0.00079     0.00057     0.00110     0.00132     0.00055     0.12042
    -6.49290     0.01933     0.00320     0.00337     0.00408     0.02196     0.03486     0.00538     0.02804     0.00457     0.00066     0.00006     0.00083     0.00061     0.00119     0.00137     0.00059     0.13010
    -6.42690     0.02042     0.00330     0.00353     0.00423     0.02301     0.03570     0.00601     0.02928     0.00469     0.00071     0.00007     0.00089     0.00066     0.00129     0.00139     0.00063     0.13580
    -6.36090     0.02163     0.00346     0.00379     0.00445     0.02417     0.03778     0.00683     0.03259     0.00504     0.00080     0.00008     0.00098     0.00080     0.00153     0.00145     0.00077     0.14615
    -6.29590     0.02313     0.00364     0.00399     0.00473     0.02570     0.03810     0.00776     0.03564     0.00553     0.00092     0.00008     0.00106     0.00095     0.00181     0.00148     0.00092     0.15544
    -6.22990     0.02366     0.00381     0.00380     0.00459     0.02649     0.03629     0.00842     0.03506     0.00514     0.00090     0.00007     0.00111     0.00077     0.00166     0.00136     0.00087     0.15401
    -6.16390     0.02551     0.00410     0.00370     0.00464     0.02853     0.03478     0.00980     0.03462     0.00498     0.00093     0.00007     0.00122     0.00073     0.00163     0.00128     0.00085     0.15737
    -6.09890     0.02889     0.00448     0.00370     0.00483     0.03199     0.03497     0.01219     0.03601     0.00512     0.00099     0.00007     0.00146     0.00072     0.00174     0.00122     0.00088     0.16927
    -6.03290     0.02801     0.00469     0.00374     0.00510     0.03074     0.03626     0.01169     0.03736     0.00542     0.00104     0.00007     0.00155     0.00072     0.00164     0.00122     0.00094     0.17020
    -5.96690     0.02718     0.00505     0.00375     0.00545     0.03043     0.03832     0.01180     0.03914     0.00536     0.00106     0.00007     0.00159     0.00075     0.00161     0.00121     0.00101     0.17378
    -5.90190     0.02665     0.00536     0.00383     0.00567     0.03068     0.04047     0.01178     0.04204     0.00530     0.00105     0.00007     0.00151     0.00077     0.00161     0.00122     0.00104     0.17905
    -5.83590     0.02556     0.00561     0.00403     0.00611     0.02965     0.04195     0.01083     0.04790     0.00546     0.00108     0.00007     0.00144     0.00083     0.00153     0.00117     0.00110     0.18433
    -5.76990     0.02554     0.00604     0.00451     0.00664     0.02980     0.04623     0.01063     0.05766     0.00570     0.00111     0.00007     0.00147     0.00091     0.00156     0.00120     0.00119     0.20029
    -5.70490     0.02395     0.00644     0.00455     0.00684     0.02774     0.04763     0.01012     0.05999     0.00548     0.00113     0.00007     0.00143     0.00090     0.00153     0.00116     0.00127     0.20022
    -5.63890     0.02095     0.00644     0.00381     0.00650     0.02169     0.04557     0.00815     0.05100     0.00525     0.00113     0.00006     0.00106     0.00085     0.00110     0.00111     0.00115     0.17582
    -5.57390     0.01821     0.00573     0.00259     0.00564     0.01685     0.03585     0.00716     0.03582     0.00506     0.00108     0.00004     0.00078     0.00079     0.00084     0.00103     0.00102     0.13851
    -5.50790     0.01723     0.00573     0.00226     0.00540     0.01498     0.03371     0.00699     0.03258     0.00510     0.00110     0.00004     0.00067     0.00078     0.00078     0.00098     0.00096     0.12930
    -5.44190     0.01678     0.00600     0.00223     0.00543     0.01426     0.03491     0.00711     0.03006     0.00499     0.00117     0.00004     0.00069     0.00072     0.00083     0.00097     0.00098     0.12717
    -5.37690     0.01693     0.00639     0.00269     0.00576     0.01530     0.04031     0.00764     0.03194     0.00510     0.00122     0.00004     0.00082     0.00075     0.00095     0.00103     0.00093     0.13779
    -5.31090     0.01890     0.00724     0.00418     0.00698     0.02086     0.06028     0.01087     0.03872     0.00615     0.00152     0.00007     0.00127     0.00097     0.00132     0.00135     0.00099     0.18166
    -5.24490     0.01901     0.00779     0.00867     0.01160     0.03764     0.10090     0.01174     0.04556     0.00671     0.00160     0.00009     0.00129     0.00126     0.00172     0.00230     0.00117     0.25904
    -5.17990     0.01722     0.00751     0.00359     0.00677     0.01746     0.04763     0.00923     0.03893     0.00590     0.00140     0.00006     0.00103     0.00092     0.00111     0.00113     0.00105     0.16093
    -5.11390     0.01575     0.00701     0.00345     0.00606     0.01566     0.03987     0.00872     0.03810     0.00542     0.00130     0.00005     0.00098     0.00084     0.00108     0.00100     0.00103     0.14632
    -5.04790     0.01612     0.00697     0.00370     0.00651     0.01916     0.03891     0.00979     0.03948     0.00561     0.00135     0.00006     0.00116     0.00082     0.00146     0.00100     0.00106     0.15316
    -4.98290     0.01667     0.00734     0.00414     0.00760     0.02423     0.03993     0.01076     0.04631     0.00701     0.00148     0.00007     0.00132     0.00081     0.00180     0.00105     0.00110     0.17162
    -4.91690     0.01737     0.00826     0.00459     0.00866     0.02444     0.04240     0.01067     0.05135     0.00863     0.00157     0.00007     0.00139     0.00085     0.00183     0.00108     0.00112     0.18429
    -4.85090     0.01643     0.00775     0.00479     0.00846     0.02327     0.04105     0.01100     0.04750     0.00798     0.00146     0.00007     0.00145     0.00081     0.00187     0.00102     0.00112     0.17602
    -4.78590     0.01613     0.00803     0.00500     0.00910     0.02217     0.04319     0.01136     0.04915     0.00838     0.00150     0.00007     0.00150     0.00084     0.00183     0.00103     0.00117     0.18046
    -4.71990     0.01508     0.00758     0.00535     0.00906     0.02323     0.04324     0.01154     0.05024     0.00852     0.00148     0.00008     0.00158     0.00081     0.00199     0.00111     0.00117     0.18204
    -4.65390     0.01543     0.00922     0.00559     0.01043     0.02403     0.04568     0.01218     0.05575     0.00990     0.00164     0.00008     0.00175     0.00081     0.00210     0.00112     0.00126     0.19697
    -4.58890     0.01452     0.00858     0.00584     0.01068     0.02399     0.04575     0.01288     0.05583     0.01046     0.00158     0.00008     0.00182     0.00079     0.00219     0.00110     0.00124     0.19735
    -4.52290     0.01397     0.00893     0.00597     0.01151     0.02418     0.04758     0.01343     0.05898     0.01146     0.00161     0.00008     0.00186     0.00080     0.00224     0.00110     0.00126     0.20496
    -4.45690     0.01347     0.00931     0.00612     0.01260     0.02454     0.05024     0.01409     0.06225     0.01253     0.00161     0.00008     0.00200     0.00081     0.00236     0.00114     0.00129     0.21444
    -4.39190     0.01355     0.01170     0.00635     0.01694     0.02470     0.05889     0.01544     0.06940     0.01391     0.00175     0.00009     0.00216     0.00088     0.00256     0.00116     0.00149     0.24096
    -4.32590     0.01294     0.01267     0.00660     0.01775     0.02437     0.06235     0.01612     0.07304     0.01575     0.00179     0.00008     0.00235     0.00087     0.00265     0.00115     0.00150     0.25200
    -4.25990     0.01211     0.01149     0.00684     0.01585     0.02444     0.05905     0.01618     0.07342     0.01749     0.00171     0.00009     0.00228     0.00080     0.00259     0.00115     0.00140     0.24689
    -4.19490     0.01150     0.00970     0.00675     0.01474     0.02462     0.05695     0.01690     0.07343     0.01899     0.00165     0.00009     0.00230     0.00078     0.00265     0.00120     0.00135     0.24361
    -4.12890     0.01144     0.00878     0.00689     0.01469     0.02570     0.05690     0.01801     0.07596     0.02132     0.00167     0.00010     0.00240     0.00079     0.00284     0.00125     0.00136     0.25010
    -4.06290     0.01136     0.00847     0.00713     0.01489     0.02630     0.05881     0.01923     0.07693     0.02485     0.00182     0.00011     0.00269     0.00080     0.00301     0.00134     0.00142     0.25917
    -3.99790     0.01096     0.00801     0.00740     0.01418     0.02548     0.05518     0.01924     0.07602     0.02584     0.00167     0.00011     0.00241     0.00075     0.00282     0.00127     0.00135     0.25270
    -3.93190     0.01088     0.00759     0.00750     0.01396     0.02543     0.05446     0.02018     0.07559     0.02724     0.00167     0.00012     0.00246     0.00075     0.00284     0.00130     0.00133     0.25330
    -3.86690     0.01060     0.00709     0.00760     0.01370     0.02536     0.05420     0.02133     0.07552     0.02898     0.00165     0.00012     0.00252     0.00076     0.00283     0.00135     0.00131     0.25492
    -3.80090     0.01031     0.00675     0.00780     0.01349     0.02581     0.05398     0.02258     0.07525     0.03098     0.00166     0.00012     0.00264     0.00075     0.00288     0.00141     0.00130     0.25773
    -3.73490     0.00978     0.00652     0.00785     0.01344     0.02561     0.05344     0.02338     0.07487     0.03250     0.00160     0.00013     0.00255     0.00073     0.00278     0.00142     0.00129     0.25788
    -3.66990     0.00932     0.00623     0.00779     0.01324     0.02566     0.05223     0.02397     0.07324     0.03376     0.00158     0.00013     0.00258     0.00071     0.00278     0.00143     0.00126     0.25590
    -3.60390     0.00904     0.00605     0.00796     0.01310     0.02571     0.05146     0.02488     0.07244     0.03555     0.00159     0.00013     0.00263     0.00070     0.00277     0.00148     0.00126     0.25675
    -3.53790     0.00878     0.00595     0.00788     0.01319     0.02581     0.05105     0.02610     0.07108     0.03781     0.00158     0.00013     0.00271     0.00069     0.00279     0.00149     0.00125     0.25830
    -3.47290     0.00863     0.00613     0.00774     0.01358     0.02582     0.05202     0.02786     0.07117     0.04067     0.00158     0.00013     0.00276     0.00070     0.00279     0.00153     0.00126     0.26436
    -3.40690     0.00844     0.00609     0.00766     0.01368     0.02592     0.05087     0.02955     0.06972     0.04209     0.00155     0.00013     0.00275     0.00070     0.00280     0.00153     0.00126     0.26474
    -3.34090     0.00824     0.00615     0.00788     0.01362     0.02613     0.05005     0.03189     0.06813     0.04467     0.00155     0.00013     0.00279     0.00072     0.00278     0.00156     0.00125     0.26753
    -3.27590     0.00818     0.00643     0.00822     0.01350     0.02646     0.04977     0.03467     0.06677     0.04794     0.00158     0.00013     0.00287     0.00074     0.00281     0.00160     0.00126     0.27292
    -3.20990     0.00820     0.00680     0.00829     0.01366     0.02662     0.04958     0.03788     0.06529     0.05018     0.00158     0.00013     0.00296     0.00077     0.00284     0.00158     0.00126     0.27760
    -3.14390     0.00816     0.00725     0.00826     0.01396     0.02711     0.04996     0.04173     0.06461     0.05495     0.00162     0.00013     0.00311     0.00080     0.00294     0.00161     0.00129     0.28747
    -3.07890     0.00806     0.00775     0.00823     0.01430     0.02712     0.04972     0.04479     0.06326     0.05848     0.00163     0.00012     0.00318     0.00082     0.00302     0.00160     0.00133     0.29341
    -3.01290     0.00792     0.00835     0.00812     0.01449     0.02787     0.04945     0.05061     0.06198     0.06359     0.00166     0.00012     0.00329     0.00085     0.00313     0.00163     0.00138     0.30446
    -2.94690     0.00793     0.00914     0.00797     0.01451     0.02807     0.04790     0.05710     0.05932     0.06713     0.00168     0.00011     0.00347     0.00090     0.00320     0.00162     0.00137     0.31142
    -2.88190     0.00821     0.01068     0.00782     0.01552     0.02917     0.04799     0.06762     0.05921     0.06599     0.00178     0.00011     0.00415     0.00100     0.00365     0.00157     0.00143     0.32590
    -2.81590     0.00841     0.01173     0.00798     0.01560     0.02694     0.04570     0.06731     0.05423     0.05888     0.00179     0.00011     0.00428     0.00106     0.00389     0.00150     0.00144     0.31085
    -2.74990     0.00773     0.01216     0.00830     0.01486     0.02564     0.04152     0.06761     0.04743     0.05609     0.00176     0.00010     0.00381     0.00103     0.00347     0.00148     0.00138     0.29437
    -2.68490     0.00639     0.01316     0.00884     0.01424     0.02488     0.03795     0.07007     0.04266     0.05626     0.00176     0.00010     0.00348     0.00092     0.00307     0.00149     0.00136     0.28663
    -2.61890     0.00566     0.01448     0.00997     0.01376     0.02402     0.03484     0.07405     0.03784     0.05430     0.00174     0.00010     0.00322     0.00092     0.00287     0.00144     0.00131     0.28053
    -2.55290     0.00533     0.01618     0.01095     0.01343     0.02306     0.03278     0.07573     0.03454     0.05675     0.00177     0.00009     0.00306     0.00095     0.00279     0.00145     0.00132     0.28018
    -2.48790     0.00592     0.01861     0.01274     0.01330     0.02306     0.03131     0.08255     0.03242     0.05592     0.00184     0.00008     0.00305     0.00111     0.00293     0.00148     0.00137     0.28769
    -2.42190     0.00544     0.01816     0.01245     0.01323     0.01950     0.02854     0.06772     0.02861     0.05270     0.00174     0.00007     0.00278     0.00102     0.00278     0.00142     0.00132     0.25748
    -2.35590     0.00522     0.02003     0.01379     0.01329     0.01809     0.02712     0.06004     0.02616     0.05683     0.00174     0.00006     0.00270     0.00106     0.00275     0.00151     0.00131     0.25171
    -2.29090     0.00534     0.01938     0.01204     0.01333     0.01477     0.02529     0.04853     0.02316     0.05858     0.00160     0.00005     0.00258     0.00098     0.00271     0.00148     0.00124     0.23106
    -2.22490     0.00576     0.01910     0.01078     0.01247     0.01281     0.02304     0.03749     0.02072     0.05783     0.00147     0.00005     0.00255     0.00094     0.00257     0.00147     0.00114     0.21019
    -2.15890     0.00616     0.02079     0.00959     0.01362     0.01167     0.02091     0.03276     0.01910     0.05865     0.00143     0.00004     0.00257     0.00091     0.00255     0.00154     0.00112     0.20342
    -2.09390     0.00666     0.02159     0.00794     0.01516     0.01036     0.02028     0.03146     0.01855     0.04937     0.00151     0.00004     0.00269     0.00087     0.00267     0.00177     0.00121     0.19213
    -2.02790     0.00652     0.01507     0.00388     0.01114     0.00812     0.01871     0.02725     0.01810     0.02428     0.00127     0.00004     0.00245     0.00072     0.00236     0.00171     0.00098     0.14260
    -1.96290     0.00688     0.00205     0.00081     0.00205     0.00666     0.01672     0.02782     0.01546     0.01511     0.00086     0.00004     0.00206     0.00064     0.00189     0.00101     0.00064     0.10070
    -1.89690     0.00696     0.00179     0.00079     0.00183     0.00666     0.01684     0.02828     0.01548     0.01441     0.00081     0.00003     0.00202     0.00067     0.00181     0.00093     0.00060     0.09992
    -1.83090     0.00711     0.00166     0.00081     0.00169     0.00670     0.01695     0.02937     0.01553     0.01399     0.00077     0.00003     0.00200     0.00069     0.00175     0.00088     0.00056     0.10049
    -1.76590     0.00736     0.00160     0.00088     0.00160     0.00680     0.01716     0.03064     0.01563     0.01369     0.00073     0.00003     0.00199     0.00074     0.00170     0.00084     0.00053     0.10193
    -1.69990     0.00756     0.00158     0.00097     0.00152     0.00691     0.01740     0.03160     0.01571     0.01345     0.00070     0.00003     0.00199     0.00079     0.00165     0.00080     0.00051     0.10316
    -1.63390     0.00781     0.00157     0.00105     0.00145     0.00703     0.01762     0.03322     0.01581     0.01330     0.00067     0.00003     0.00199     0.00084     0.00162     0.00077     0.00049     0.10527
    -1.56890     0.00797     0.00157     0.00114     0.00139     0.00715     0.01782     0.03425     0.01596     0.01321     0.00065     0.00003     0.00198     0.00089     0.00158     0.00074     0.00046     0.10679
    -1.50290     0.00813     0.00159     0.00123     0.00133     0.00727     0.01806     0.03575     0.01626     0.01328     0.00062     0.00003     0.00199     0.00093     0.00156     0.00071     0.00044     0.10917
    -1.43690     0.00830     0.00160     0.00134     0.00127     0.00747     0.01835     0.03679     0.01653     0.01329     0.00060     0.00003     0.00200     0.00098     0.00154     0.00069     0.00042     0.11119
    -1.37190     0.00855     0.00161     0.00145     0.00123     0.00770     0.01865     0.03823     0.01681     0.01332     0.00057     0.00002     0.00201     0.00104     0.00152     0.00066     0.00040     0.11378
    -1.30590     0.00883     0.00162     0.00157     0.00119     0.00795     0.01896     0.03984     0.01709     0.01337     0.00055     0.00002     0.00203     0.00109     0.00150     0.00064     0.00038     0.11663
    -1.23990     0.00909     0.00164     0.00167     0.00117     0.00826     0.01926     0.04135     0.01738     0.01351     0.00053     0.00002     0.00205     0.00114     0.00148     0.00062     0.00037     0.11954
    -1.17490     0.00928     0.00168     0.00178     0.00118     0.00867     0.01957     0.04236     0.01776     0.01378     0.00053     0.00002     0.00205     0.00120     0.00147     0.00060     0.00037     0.12229
    -1.10890     0.00952     0.00172     0.00188     0.00119     0.00912     0.01989     0.04356     0.01819     0.01416     0.00052     0.00002     0.00206     0.00124     0.00146     0.00057     0.00037     0.12548
    -1.04290     0.00980     0.00176     0.00199     0.00121     0.00957     0.02028     0.04489     0.01868     0.01467     0.00052     0.00002     0.00207     0.00130     0.00145     0.00055     0.00037     0.12913
    -0.97790     0.01013     0.00179     0.00211     0.00123     0.01007     0.02070     0.04627     0.01925     0.01529     0.00052     0.00002     0.00208     0.00135     0.00145     0.00053     0.00038     0.13317
    -0.91190     0.01046     0.00183     0.00222     0.00127     0.01064     0.02112     0.04743     0.01984     0.01605     0.00052     0.00002     0.00210     0.00140     0.00144     0.00051     0.00038     0.13724
    -0.84590     0.01084     0.00187     0.00237     0.00134     0.01133     0.02160     0.04883     0.02047     0.01724     0.00052     0.00002     0.00211     0.00147     0.00144     0.00049     0.00039     0.14233
    -0.78090     0.01127     0.00195     0.00246     0.00151     0.01219     0.02208     0.05089     0.02122     0.01896     0.00057     0.00002     0.00209     0.00151     0.00143     0.00046     0.00044     0.14905
    -0.71490     0.01175     0.00205     0.00255     0.00172     0.01315     0.02266     0.05349     0.02204     0.02115     0.00065     0.00002     0.00208     0.00156     0.00145     0.00045     0.00051     0.15729
    -0.64890     0.01237     0.00214     0.00268     0.00192     0.01414     0.02337     0.05675     0.02289     0.02342     0.00072     0.00002     0.00209     0.00161     0.00148     0.00046     0.00058     0.16665
    -0.58390     0.01312     0.00222     0.00282     0.00215     0.01522     0.02431     0.05919     0.02380     0.02572     0.00078     0.00002     0.00211     0.00168     0.00151     0.00047     0.00065     0.17578
    -0.51790     0.01419     0.00231     0.00303     0.00244     0.01655     0.02552     0.06211     0.02481     0.02880     0.00085     0.00002     0.00215     0.00178     0.00155     0.00047     0.00074     0.18734
    -0.45190     0.01641     0.00244     0.00339     0.00295     0.01863     0.02745     0.06779     0.02620     0.03495     0.00097     0.00002     0.00222     0.00204     0.00165     0.00048     0.00090     0.20847
    -0.38690     0.01907     0.00273     0.00373     0.00384     0.02118     0.02983     0.07368     0.02784     0.04231     0.00121     0.00002     0.00226     0.00259     0.00177     0.00050     0.00119     0.23374
    -0.32090     0.01879     0.00290     0.00349     0.00430     0.02193     0.03012     0.07231     0.02875     0.04231     0.00137     0.00002     0.00212     0.00265     0.00173     0.00050     0.00132     0.23461
    -0.25590     0.02580     0.00310     0.00341     0.00480     0.02337     0.03116     0.07572     0.02977     0.04737     0.00155     0.00004     0.00206     0.00267     0.00173     0.00051     0.00149     0.25456
    -0.18990     0.02298     0.00323     0.00331     0.00492     0.02352     0.03148     0.06927     0.03083     0.04269     0.00160     0.00004     0.00193     0.00266     0.00165     0.00052     0.00149     0.24213
    -0.12390     0.02561     0.00343     0.00318     0.00498     0.02443     0.03224     0.07010     0.03203     0.04359     0.00168     0.00005     0.00186     0.00274     0.00159     0.00053     0.00154     0.24959
    -0.05890     0.02603     0.00491     0.00330     0.00648     0.02503     0.03591     0.06021     0.03576     0.03509     0.00225     0.00006     0.00175     0.00276     0.00151     0.00056     0.00206     0.24367
     0.00710     0.02631     0.00611     0.00314     0.00733     0.02586     0.03860     0.05196     0.03851     0.02898     0.00266     0.00007     0.00161     0.00264     0.00141     0.00058     0.00245     0.23823
     0.07310     0.02649     0.00533     0.00306     0.00622     0.02747     0.03843     0.05145     0.03705     0.02395     0.00225     0.00008     0.00150     0.00272     0.00129     0.00057     0.00207     0.22992
     0.13810     0.02801     0.00398     0.00258     0.00447     0.02921     0.03708     0.05382     0.03497     0.02148     0.00165     0.00009     0.00136     0.00269     0.00113     0.00054     0.00150     0.22456
     0.20410     0.02853     0.00515     0.00256     0.00436     0.03344     0.03698     0.06254     0.03495     0.02748     0.00184     0.00009     0.00137     0.00294     0.00102     0.00058     0.00162     0.24545
     0.27010     0.03045     0.00760     0.00281     0.00559     0.04293     0.04182     0.09057     0.03880     0.04661     0.00273     0.00010     0.00160     0.00330     0.00103     0.00072     0.00236     0.31901
     0.33510     0.03107     0.00726     0.00261     0.00541     0.05135     0.04579     0.11220     0.04062     0.05685     0.00286     0.00011     0.00163     0.00353     0.00100     0.00067     0.00244     0.36539
     0.40110     0.03397     0.00672     0.00244     0.00512     0.06421     0.05135     0.13560     0.04343     0.06893     0.00286     0.00011     0.00163     0.00379     0.00101     0.00064     0.00243     0.42423
     0.46710     0.03632     0.00639     0.00226     0.00503     0.07492     0.05540     0.16060     0.04552     0.08216     0.00300     0.00012     0.00171     0.00400     0.00097     0.00062     0.00255     0.48157
     0.53210     0.03985     0.00542     0.00216     0.00431     0.08887     0.06218     0.16440     0.05003     0.08940     0.00270     0.00013     0.00160     0.00413     0.00092     0.00063     0.00229     0.51902
     0.59810     0.04486     0.00489     0.00210     0.00387     0.08791     0.06181     0.16620     0.04983     0.09901     0.00253     0.00014     0.00147     0.00431     0.00085     0.00057     0.00212     0.53247
     0.66410     0.05055     0.00436     0.00217     0.00345     0.07178     0.05078     0.15840     0.03914     0.10480     0.00230     0.00015     0.00131     0.00459     0.00076     0.00046     0.00187     0.49688
     0.72910     0.05468     0.00412     0.00230     0.00319     0.06320     0.06051     0.15760     0.04581     0.11800     0.00213     0.00016     0.00123     0.00488     0.00077     0.00040     0.00170     0.52068
     0.79510     0.06352     0.00391     0.00239     0.00288     0.07060     0.06635     0.15860     0.04505     0.11600     0.00191     0.00017     0.00112     0.00509     0.00074     0.00042     0.00152     0.54028
     0.86110     0.08903     0.00635     0.00433     0.00468     0.15760     0.12690     0.28840     0.05921     0.17250     0.00218     0.00024     0.00145     0.00580     0.00106     0.00060     0.00181     0.92214
     0.92610     0.07658     0.00556     0.00296     0.00359     0.16530     0.08787     0.26620     0.03990     0.14450     0.00194     0.00022     0.00096     0.00603     0.00081     0.00041     0.00159     0.80441
     0.99210     0.04505     0.00458     0.00231     0.00294     0.14710     0.06732     0.23110     0.03521     0.13240     0.00173     0.00014     0.00072     0.00579     0.00068     0.00029     0.00146     0.67882
     1.05810     0.04422     0.00496     0.00260     0.00316     0.20380     0.08252     0.20510     0.04723     0.12920     0.00168     0.00016     0.00062     0.00543     0.00066     0.00035     0.00146     0.73316
     1.12310     0.03599     0.00485     0.00259     0.00288     0.23810     0.08064     0.17220     0.04089     0.12910     0.00156     0.00019     0.00053     0.00545     0.00065     0.00036     0.00133     0.71733
     1.18910     0.03207     0.00422     0.00249     0.00194     0.26990     0.06998     0.14920     0.03211     0.10240     0.00114     0.00023     0.00044     0.00415     0.00056     0.00027     0.00094     0.67204
     1.25510     0.04267     0.00431     0.00281     0.00184     0.33530     0.06968     0.12890     0.03263     0.09546     0.00104     0.00030     0.00046     0.00380     0.00058     0.00030     0.00084     0.72092
     1.32010     0.06438     0.00477     0.00282     0.00222     0.29280     0.07005     0.12220     0.03318     0.08277     0.00107     0.00024     0.00049     0.00365     0.00052     0.00022     0.00083     0.68222
     1.38610     0.11150     0.00578     0.00553     0.00406     0.35620     0.10050     0.11880     0.05627     0.09405     0.00125     0.00040     0.00100     0.00324     0.00080     0.00031     0.00084     0.86052
     1.45210     0.10590     0.00598     0.00558     0.00434     0.35920     0.11450     0.11150     0.05644     0.11260     0.00151     0.00046     0.00100     0.00421     0.00073     0.00031     0.00089     0.88515
     1.51710     0.08980     0.00568     0.00423     0.00411     0.32980     0.08365     0.09582     0.05072     0.08552     0.00145     0.00037     0.00070     0.00407     0.00065     0.00023     0.00089     0.75768
     1.58310     0.09269     0.00568     0.00381     0.00475     0.33620     0.07353     0.09274     0.05658     0.07094     0.00150     0.00039     0.00064     0.00319     0.00070     0.00023     0.00102     0.74457
     1.64810     0.12290     0.00581     0.00392     0.00515     0.50250     0.07194     0.18010     0.06893     0.06854     0.00143     0.00051     0.00059     0.00425     0.00077     0.00021     0.00097     1.03853
     1.71410     0.12570     0.00616     0.00455     0.00602     0.52150     0.08109     0.18680     0.10050     0.07078     0.00144     0.00059     0.00062     0.00531     0.00091     0.00020     0.00107     1.11323
     1.78010     0.11120     0.00646     0.00561     0.00749     0.41430     0.09617     0.14190     0.16300     0.07354     0.00143     0.00064     0.00070     0.00522     0.00096     0.00023     0.00105     1.02991
     1.84510     0.11130     0.00689     0.00651     0.00778     0.36550     0.11960     0.12340     0.16450     0.07686     0.00146     0.00069     0.00076     0.00536     0.00096     0.00030     0.00110     0.99299
     1.91110     0.10630     0.00686     0.00675     0.00735     0.34300     0.10540     0.12010     0.09592     0.08193     0.00142     0.00066     0.00063     0.00551     0.00084     0.00023     0.00106     0.88395
     1.97710     0.10160     0.00702     0.00721     0.00758     0.31930     0.10390     0.11530     0.08339     0.08710     0.00144     0.00065     0.00067     0.00571     0.00085     0.00027     0.00107     0.84306
     2.04210     0.09890     0.00753     0.00792     0.00820     0.30900     0.10790     0.11340     0.08030     0.09828     0.00156     0.00069     0.00073     0.00578     0.00088     0.00033     0.00115     0.84255
     2.10810     0.09279     0.00758     0.00893     0.00847     0.26900     0.11100     0.09019     0.07615     0.10350     0.00168     0.00064     0.00075     0.00622     0.00088     0.00039     0.00127     0.77944
     2.17410     0.08381     0.00716     0.00886     0.00802     0.23120     0.11070     0.07733     0.06902     0.09143     0.00151     0.00062     0.00079     0.00582     0.00093     0.00045     0.00106     0.69870
     2.23910     0.08704     0.00756     0.01012     0.00841     0.22610     0.11790     0.07700     0.06824     0.10600     0.00162     0.00065     0.00089     0.00630     0.00102     0.00055     0.00113     0.72051
     2.30510     0.08471     0.00768     0.01083     0.00817     0.22030     0.12570     0.07524     0.06397     0.10240     0.00152     0.00060     0.00091     0.00646     0.00105     0.00062     0.00093     0.71109
     2.37110     0.08206     0.00790     0.01085     0.00959     0.25370     0.13040     0.07839     0.06857     0.12710     0.00164     0.00067     0.00097     0.00575     0.00119     0.00066     0.00100     0.78044
     2.43610     0.09499     0.00935     0.01174     0.01285     0.33220     0.13250     0.11240     0.07164     0.21130     0.00209     0.00081     0.00125     0.00618     0.00145     0.00077     0.00130     1.00282
     2.50210     0.08019     0.00784     0.01180     0.01149     0.28220     0.13800     0.07122     0.07165     0.17610     0.00175     0.00084     0.00128     0.00551     0.00142     0.00090     0.00097     0.86315
     2.56810     0.06523     0.00750     0.01105     0.01002     0.23930     0.14380     0.05618     0.06944     0.15900     0.00143     0.00081     0.00160     0.00516     0.00170     0.00106     0.00102     0.77429
     2.63310     0.04928     0.00728     0.01017     0.00973     0.24390     0.14380     0.05511     0.06097     0.13340     0.00126     0.00080     0.00188     0.00480     0.00218     0.00111     0.00146     0.72714
     2.69910     0.05006     0.00754     0.01157     0.01091     0.26710     0.15350     0.06079     0.06073     0.11620     0.00136     0.00091     0.00184     0.00537     0.00279     0.00116     0.00184     0.75367
     2.76510     0.05333     0.00768     0.01367     0.01334     0.30420     0.18100     0.04108     0.06572     0.15400     0.00146     0.00099     0.00172     0.00575     0.00365     0.00127     0.00217     0.85104
     2.83010     0.06410     0.01146     0.01489     0.00535     0.07485     0.17020     0.06793     0.06921     0.34970     0.00226     0.00090     0.00170     0.00525     0.00126     0.00119     0.00087     0.84111
     2.89610     0.03717     0.00861     0.00497     0.00354     0.04975     0.04360     0.05950     0.02831     0.25700     0.00145     0.00064     0.00113     0.00159     0.00097     0.00101     0.00057     0.49981
     2.96210     0.02574     0.00697     0.00217     0.00298     0.04098     0.01673     0.04947     0.01513     0.20980     0.00098     0.00057     0.00090     0.00055     0.00088     0.00093     0.00043     0.37522
     3.02710     0.02517     0.00709     0.00238     0.00338     0.04294     0.01875     0.05092     0.01760     0.18660     0.00092     0.00067     0.00118     0.00058     0.00117     0.00133     0.00055     0.36124
     3.09310     0.02423     0.00723     0.00231     0.00352     0.04334     0.01875     0.05375     0.01748     0.15630     0.00080     0.00065     0.00120     0.00063     0.00121     0.00138     0.00058     0.33337
     3.15910     0.02452     0.00767     0.00225     0.00380     0.04295     0.01890     0.05720     0.01741     0.05625     0.00080     0.00065     0.00119     0.00078     0.00124     0.00144     0.00067     0.23772
     3.22410     0.02468     0.00830     0.00226     0.00404     0.04313     0.01989     0.06132     0.01796     0.01202     0.00092     0.00066     0.00127     0.00096     0.00134     0.00156     0.00084     0.20116
     3.29010     0.02450     0.01049     0.00241     0.00453     0.04702     0.02495     0.08026     0.01942     0.01497     0.00129     0.00067     0.00145     0.00142     0.00161     0.00185     0.00146     0.23830
     3.35510     0.02529     0.01470     0.00291     0.00559     0.05485     0.03610     0.11260     0.02223     0.02581     0.00173     0.00071     0.00158     0.00212     0.00198     0.00202     0.00271     0.31292
     3.42110     0.02698     0.01540     0.00320     0.00613     0.05506     0.03966     0.11400     0.02424     0.03218     0.00221     0.00072     0.00171     0.00256     0.00216     0.00213     0.00360     0.33194
     3.48710     0.03437     0.01698     0.00390     0.00730     0.05708     0.04703     0.12350     0.02843     0.03577     0.00228     0.00074     0.00187     0.00365     0.00237     0.00218     0.00397     0.37142
     3.55210     0.04887     0.01778     0.00635     0.00953     0.06225     0.06715     0.17470     0.04194     0.04090     0.00196     0.00097     0.00209     0.00725     0.00267     0.00218     0.00399     0.49058
     3.61810     0.05063     0.01655     0.00792     0.01033     0.06202     0.08443     0.19680     0.05339     0.04034     0.00181     0.00098     0.00224     0.00911     0.00264     0.00221     0.00368     0.54508
     3.68410     0.03728     0.01165     0.00743     0.00756     0.04592     0.06665     0.16400     0.04165     0.03356     0.00172     0.00102     0.00228     0.00730     0.00238     0.00222     0.00303     0.43565
     3.74910     0.03304     0.00966     0.00715     0.00634     0.03904     0.06254     0.14860     0.03962     0.03132     0.00165     0.00096     0.00250     0.00733     0.00233     0.00239     0.00270     0.39716
     3.81510     0.03450     0.00871     0.00749     0.00565     0.03525     0.06425     0.14510     0.03809     0.03005     0.00155     0.00094     0.00271     0.00798     0.00226     0.00237     0.00256     0.38947
     3.88110     0.03329     0.00796     0.00790     0.00532     0.03236     0.06673     0.12800     0.04024     0.02909     0.00156     0.00091     0.00299     0.00840     0.00225     0.00235     0.00256     0.37190
     3.94610     0.03408     0.00740     0.00842     0.00516     0.03208     0.07363     0.12200     0.04569     0.03266     0.00160     0.00093     0.00353     0.00907     0.00256     0.00262     0.00281     0.38425
     4.01210     0.04049     0.00707     0.00864     0.00484     0.03024     0.07549     0.10800     0.04222     0.02709     0.00136     0.00129     0.00340     0.00852     0.00210     0.00233     0.00286     0.36595
     4.07810     0.05362     0.00741     0.01117     0.00579     0.03796     0.09413     0.09147     0.04544     0.02644     0.00125     0.00154     0.00333     0.00768     0.00197     0.00222     0.00451     0.39593
     4.14310     0.05137     0.00647     0.01126     0.00605     0.03720     0.07916     0.06367     0.04103     0.02389     0.00078     0.00156     0.00252     0.00512     0.00191     0.00173     0.00388     0.33760
     4.20910     0.05297     0.00687     0.01149     0.00869     0.06515     0.07887     0.06000     0.04457     0.02837     0.00078     0.00169     0.00256     0.00542     0.00225     0.00192     0.00579     0.37739
     4.27510     0.05414     0.00691     0.01182     0.00797     0.05289     0.08274     0.06272     0.05760     0.04245     0.00115     0.00179     0.00315     0.00840     0.00320     0.00285     0.00704     0.40682
     4.34010     0.05153     0.00681     0.01182     0.00797     0.05345     0.07786     0.06003     0.04924     0.03585     0.00129     0.00184     0.00278     0.00720     0.00311     0.00193     0.00696     0.37968
     4.40610     0.05875     0.00782     0.01260     0.00895     0.05843     0.07743     0.07080     0.06364     0.04191     0.00188     0.00253     0.00305     0.00948     0.00407     0.00214     0.00869     0.43217
     4.47210     0.07262     0.00768     0.01267     0.00902     0.05493     0.07852     0.07419     0.07239     0.04073     0.00152     0.00348     0.00343     0.00823     0.00523     0.00202     0.00729     0.45396
     4.53710     0.05886     0.00788     0.01304     0.00901     0.05341     0.08198     0.07713     0.07954     0.03887     0.00162     0.00278     0.00365     0.00944     0.00666     0.00188     0.00697     0.45272
     4.60310     0.04397     0.00714     0.01231     0.00826     0.04611     0.07374     0.07004     0.08283     0.03916     0.00130     0.00192     0.00322     0.00741     0.00753     0.00181     0.00625     0.41299
     4.66910     0.03636     0.00719     0.01223     0.00827     0.04353     0.07214     0.06665     0.08390     0.04173     0.00131     0.00154     0.00339     0.00659     0.00788     0.00205     0.00605     0.40081
     4.73410     0.04938     0.00778     0.01299     0.00898     0.04144     0.07052     0.06681     0.08469     0.04601     0.00148     0.00243     0.00396     0.00599     0.00822     0.00259     0.00594     0.41919
     4.80010     0.06056     0.00709     0.01215     0.00804     0.03768     0.06773     0.04987     0.07559     0.05057     0.00160     0.00312     0.00394     0.00482     0.00692     0.00358     0.00567     0.39893
     4.86610     0.06276     0.00634     0.01156     0.00708     0.03029     0.06509     0.04215     0.06574     0.05833     0.00193     0.00317     0.00388     0.00351     0.00538     0.00426     0.00557     0.37705
     4.93110     0.05902     0.00592     0.01119     0.00657     0.02645     0.06378     0.04395     0.06379     0.06786     0.00219     0.00290     0.00401     0.00254     0.00526     0.00408     0.00559     0.37511
     4.99710     0.05991     0.00568     0.01100     0.00633     0.02397     0.06190     0.04727     0.06235     0.08734     0.00246     0.00306     0.00421     0.00180     0.00555     0.00365     0.00581     0.39230
     5.06310     0.07810     0.00721     0.01226     0.00756     0.02896     0.07279     0.07508     0.06563     0.14190     0.00361     0.00471     0.00535     0.00188     0.00673     0.00420     0.00728     0.52326
     5.12810     0.07126     0.00812     0.01336     0.00769     0.03257     0.08759     0.08769     0.06298     0.12060     0.00353     0.00449     0.00533     0.00203     0.00611     0.00371     0.00655     0.52362
     5.19410     0.06429     0.00915     0.01535     0.00826     0.03660     0.10400     0.08476     0.06371     0.11230     0.00355     0.00400     0.00505     0.00208     0.00544     0.00401     0.00628     0.52882
     5.25910     0.06089     0.01074     0.01825     0.00943     0.03876     0.12240     0.08872     0.07607     0.10410     0.00331     0.00389     0.00483     0.00203     0.00484     0.00554     0.00580     0.55960
     5.32510     0.04738     0.01046     0.01973     0.00922     0.03853     0.12920     0.07939     0.07748     0.09360     0.00304     0.00295     0.00438     0.00146     0.00417     0.00517     0.00527     0.53142
     5.39110     0.04028     0.01004     0.02127     0.00884     0.03763     0.13110     0.06784     0.06813     0.08569     0.00273     0.00245     0.00385     0.00102     0.00348     0.00424     0.00454     0.49314
     5.45610     0.03981     0.01025     0.02358     0.00892     0.03976     0.13650     0.06776     0.06322     0.08017     0.00249     0.00249     0.00363     0.00105     0.00309     0.00387     0.00408     0.49066
     5.52210     0.05368     0.00676     0.01685     0.00585     0.02887     0.10400     0.08710     0.05988     0.08126     0.00242     0.00377     0.00360     0.00195     0.00355     0.00433     0.00419     0.46805
     5.58810     0.04059     0.00280     0.01196     0.00222     0.01407     0.08555     0.08702     0.05912     0.08714     0.00224     0.00326     0.00316     0.00138     0.00301     0.00461     0.00400     0.41213
     5.65310     0.03792     0.00226     0.01128     0.00170     0.01300     0.07851     0.08667     0.06292     0.09482     0.00223     0.00329     0.00294     0.00123     0.00284     0.00470     0.00422     0.41053
     5.71910     0.03214     0.00215     0.01070     0.00165     0.01376     0.07340     0.06591     0.06310     0.08528     0.00193     0.00306     0.00274     0.00087     0.00262     0.00400     0.00375     0.36705
     5.78510     0.03127     0.00223     0.01028     0.00176     0.01742     0.07378     0.05605     0.07836     0.08850     0.00210     0.00336     0.00269     0.00066     0.00283     0.00381     0.00414     0.37923
     5.85010     0.03161     0.00209     0.00845     0.00178     0.01740     0.06869     0.08431     0.07398     0.12900     0.00220     0.00355     0.00298     0.00088     0.00274     0.00581     0.00325     0.43871
     5.91610     0.03146     0.00210     0.00653     0.00184     0.01883     0.06516     0.09490     0.07577     0.08132     0.00181     0.00370     0.00296     0.00082     0.00287     0.00404     0.00273     0.39685
     5.98210     0.03470     0.00255     0.00567     0.00216     0.02260     0.06475     0.13550     0.08131     0.07437     0.00219     0.00517     0.00319     0.00090     0.00317     0.00356     0.00275     0.44454
     6.04710     0.04041     0.00306     0.00490     0.00275     0.02908     0.06732     0.18870     0.08532     0.07725     0.00270     0.00719     0.00357     0.00108     0.00330     0.00346     0.00288     0.52298
     6.11310     0.04665     0.00337     0.00543     0.00328     0.03646     0.07520     0.21280     0.09105     0.08937     0.00285     0.00918     0.00391     0.00131     0.00368     0.00331     0.00284     0.59069
     6.17910     0.05913     0.00385     0.00762     0.00417     0.05035     0.09839     0.26250     0.10750     0.13010     0.00335     0.01321     0.00499     0.00175     0.00485     0.00347     0.00311     0.75835
     6.24410     0.05090     0.00378     0.00800     0.00399     0.04718     0.10280     0.25210     0.11440     0.13240     0.00299     0.01230     0.00483     0.00157     0.00467     0.00379     0.00256     0.74824
     6.31010     0.04322     0.00380     0.00826     0.00384     0.04385     0.09229     0.22780     0.11090     0.13750     0.00267     0.01103     0.00411     0.00121     0.00428     0.00373     0.00211     0.70059
     6.37610     0.03971     0.00417     0.00842     0.00413     0.04620     0.09084     0.22200     0.11090     0.12080     0.00255     0.01341     0.00365     0.00123     0.00397     0.00333     0.00189     0.67721
     6.44110     0.03549     0.00407     0.00580     0.00384     0.04546     0.07544     0.21050     0.10760     0.12310     0.00237     0.01168     0.00338     0.00128     0.00375     0.00339     0.00174     0.63889
     6.50710     0.03482     0.00384     0.00789     0.00358     0.04624     0.08033     0.19040     0.10650     0.13490     0.00198     0.01129     0.00303     0.00145     0.00350     0.00348     0.00169     0.63493
     6.57310     0.03549     0.00410     0.00856     0.00361     0.05076     0.08339     0.18390     0.10380     0.15510     0.00187     0.01170     0.00298     0.00162     0.00340     0.00324     0.00168     0.65519
     6.63810     0.03441     0.00363     0.00672     0.00360     0.04912     0.09320     0.16060     0.09653     0.16040     0.00145     0.01197     0.00278     0.00154     0.00298     0.00312     0.00165     0.63370
     6.70410     0.03452     0.00359     0.00537     0.00381     0.04501     0.09404     0.14710     0.09539     0.18470     0.00140     0.01225     0.00249     0.00150     0.00279     0.00308     0.00174     0.63878
     6.77010     0.03438     0.00351     0.00492     0.00405     0.04139     0.09467     0.13490     0.09515     0.23280     0.00149     0.01271     0.00217     0.00133     0.00254     0.00322     0.00189     0.67113
     6.83510     0.03555     0.00384     0.00520     0.00442     0.04516     0.10530     0.11480     0.10370     0.22490     0.00168     0.01451     0.00215     0.00121     0.00244     0.00331     0.00219     0.67036
     6.90110     0.03565     0.00433     0.00538     0.00471     0.04661     0.10380     0.10560     0.10400     0.22600     0.00179     0.01626     0.00200     0.00106     0.00216     0.00324     0.00237     0.66497
     6.96610     0.03702     0.00532     0.00568     0.00529     0.05334     0.11050     0.09128     0.11430     0.19120     0.00196     0.01871     0.00208     0.00098     0.00214     0.00329     0.00270     0.64579
     7.03210     0.04166     0.00773     0.00663     0.00697     0.07203     0.12750     0.09179     0.14500     0.18750     0.00218     0.02567     0.00235     0.00097     0.00246     0.00343     0.00330     0.72716
     7.09810     0.03642     0.00731     0.00568     0.00657     0.06918     0.11960     0.07105     0.14110     0.14720     0.00197     0.01877     0.00175     0.00086     0.00228     0.00337     0.00266     0.63578
     7.16310     0.04716     0.00742     0.00589     0.00717     0.09375     0.12170     0.07023     0.14520     0.14300     0.00206     0.01865     0.00158     0.00087     0.00228     0.00334     0.00266     0.67296
     7.22910     0.04832     0.00674     0.00534     0.00756     0.11030     0.11400     0.06380     0.13750     0.14650     0.00208     0.01655     0.00169     0.00089     0.00219     0.00319     0.00260     0.66924
     7.29510     0.04553     0.00498     0.00471     0.00592     0.09995     0.09095     0.05453     0.12220     0.14450     0.00282     0.01303     0.00216     0.00096     0.00248     0.00300     0.00345     0.60118
     7.36010     0.03815     0.00388     0.00439     0.00519     0.07461     0.08144     0.05094     0.11560     0.14110     0.00276     0.01077     0.00248     0.00103     0.00268     0.00293     0.00318     0.54112
     7.42610     0.03287     0.00312     0.00411     0.00463     0.06198     0.07797     0.04386     0.11440     0.13720     0.00248     0.00873     0.00261     0.00102     0.00251     0.00344     0.00258     0.50351
     7.49210     0.03319     0.00268     0.00398     0.00422     0.07288     0.08040     0.04040     0.11390     0.13530     0.00291     0.00736     0.00283     0.00107     0.00255     0.00394     0.00269     0.51028
     7.55710     0.03862     0.00261     0.00443     0.00413     0.10570     0.08771     0.04198     0.11560     0.14960     0.00381     0.00712     0.00321     0.00122     0.00268     0.00490     0.00312     0.57644
     7.62310     0.04114     0.00249     0.00502     0.00415     0.10060     0.09398     0.03817     0.12230     0.14200     0.00347     0.00703     0.00283     0.00122     0.00235     0.00412     0.00304     0.57393
     7.68910     0.07224     0.00253     0.00613     0.00418     0.13490     0.10750     0.04895     0.12250     0.12100     0.00393     0.00854     0.00273     0.00130     0.00236     0.00427     0.00347     0.64654
     7.75410     0.08846     0.00247     0.00726     0.00393     0.14710     0.11890     0.05796     0.13220     0.08607     0.00421     0.01065     0.00261     0.00127     0.00215     0.00457     0.00299     0.67280
     7.82010     0.13670     0.00286     0.00909     0.00411     0.14260     0.14300     0.07604     0.15060     0.08221     0.00423     0.01613     0.00264     0.00128     0.00218     0.00520     0.00278     0.78165
     7.88610     0.07983     0.00330     0.00847     0.00442     0.13820     0.11740     0.05621     0.17010     0.09284     0.00396     0.00963     0.00249     0.00105     0.00211     0.00590     0.00240     0.69831
     7.95110     0.08010     0.00344     0.00879     0.00444     0.13540     0.10940     0.05587     0.19750     0.11880     0.00411     0.00869     0.00292     0.00111     0.00234     0.00759     0.00220     0.74269
     8.01710     0.10270     0.00402     0.00923     0.00439     0.09890     0.09826     0.05132     0.20780     0.12630     0.00400     0.00867     0.00303     0.00083     0.00239     0.00715     0.00189     0.73089
     8.08310     0.08297     0.00377     0.00899     0.00444     0.07812     0.09102     0.04533     0.20400     0.12560     0.00321     0.00760     0.00281     0.00070     0.00236     0.00587     0.00167     0.66845
     8.14810     0.07998     0.00381     0.00924     0.00537     0.07130     0.10340     0.04521     0.23630     0.14170     0.00343     0.00808     0.00295     0.00079     0.00262     0.00560     0.00180     0.72156
     8.21410     0.07214     0.00344     0.00724     0.00427     0.06010     0.09721     0.03405     0.16620     0.10290     0.00354     0.00696     0.00284     0.00051     0.00228     0.00488     0.00166     0.57022
     8.28010     0.11090     0.00355     0.00672     0.00560     0.06413     0.12270     0.03304     0.18870     0.10250     0.00454     0.00883     0.00449     0.00063     0.00223     0.00539     0.00187     0.66581
     8.34510     0.12160     0.00436     0.00681     0.00623     0.06437     0.14250     0.03598     0.23540     0.10090     0.00477     0.01196     0.00475     0.00103     0.00224     0.00564     0.00212     0.75066
     8.41110     0.10060     0.00521     0.00721     0.00528     0.05717     0.12370     0.02823     0.19240     0.09160     0.00447     0.01154     0.00401     0.00107     0.00221     0.00426     0.00208     0.64105
     8.47710     0.09234     0.00490     0.00669     0.00464     0.05291     0.10120     0.02335     0.14820     0.05560     0.00364     0.00779     0.00373     0.00067     0.00207     0.00329     0.00168     0.51271
     8.54210     0.08999     0.00484     0.00622     0.00450     0.04682     0.09534     0.02214     0.13540     0.04979     0.00346     0.00718     0.00390     0.00053     0.00226     0.00300     0.00172     0.47710
     8.60810     0.08643     0.00598     0.00663     0.00477     0.04795     0.09287     0.02996     0.14650     0.06514     0.00418     0.01650     0.00439     0.00059     0.00185     0.00329     0.00172     0.51874
     8.67410     0.10590     0.00775     0.00901     0.00684     0.06401     0.11680     0.04227     0.19990     0.09232     0.00521     0.02541     0.00491     0.00121     0.00226     0.00364     0.00218     0.68962
     8.73910     0.10470     0.00918     0.01147     0.00854     0.06654     0.13030     0.04302     0.20470     0.13350     0.00495     0.02319     0.00396     0.00183     0.00244     0.00387     0.00279     0.75499
     8.80510     0.11690     0.01125     0.01431     0.01145     0.09636     0.12900     0.05426     0.15090     0.16080     0.00380     0.02070     0.00459     0.00213     0.00262     0.00443     0.00260     0.78608
     8.87010     0.11630     0.00860     0.01186     0.00820     0.07332     0.09909     0.03953     0.11600     0.15410     0.00341     0.01500     0.00450     0.00157     0.00243     0.00474     0.00232     0.66097
     8.93610     0.08299     0.00631     0.00917     0.00479     0.04338     0.06019     0.02503     0.06561     0.10990     0.00231     0.01047     0.00301     0.00057     0.00170     0.00446     0.00173     0.43163
     9.00210     0.09222     0.00641     0.01019     0.00448     0.04019     0.06135     0.02557     0.06070     0.10400     0.00211     0.00965     0.00258     0.00042     0.00147     0.00371     0.00165     0.42670
     9.06710     0.07319     0.00665     0.00981     0.00412     0.03678     0.06088     0.02655     0.06198     0.10510     0.00211     0.00899     0.00241     0.00038     0.00158     0.00357     0.00183     0.40593
     9.13310     0.08895     0.00773     0.01037     0.00518     0.04531     0.06337     0.02815     0.06297     0.10670     0.00278     0.01494     0.00331     0.00056     0.00202     0.00351     0.00214     0.44798
     9.19910     0.09415     0.00921     0.01191     0.00612     0.05304     0.07248     0.03238     0.07448     0.11310     0.00423     0.01711     0.00415     0.00063     0.00205     0.00371     0.00254     0.50129
     9.26410     0.09932     0.01054     0.01386     0.00669     0.06756     0.09553     0.04566     0.08369     0.11800     0.00639     0.02136     0.00480     0.00060     0.00227     0.00395     0.00341     0.58364
     9.33010     0.10450     0.00736     0.01407     0.00563     0.05038     0.10210     0.03401     0.08043     0.12100     0.00828     0.02068     0.00496     0.00050     0.00230     0.00406     0.00438     0.56463
     9.39610     0.08654     0.00603     0.01221     0.00479     0.03601     0.08235     0.02589     0.07679     0.11710     0.00786     0.01653     0.00417     0.00045     0.00208     0.00377     0.00422     0.48679
     9.46110     0.07603     0.00624     0.01056     0.00466     0.03540     0.07337     0.03121     0.09147     0.10860     0.00822     0.01488     0.00428     0.00054     0.00223     0.00353     0.00444     0.47566
     9.52710     0.07425     0.00704     0.00895     0.00552     0.05021     0.08438     0.04610     0.10590     0.10460     0.00914     0.01568     0.00498     0.00089     0.00270     0.00350     0.00514     0.52898
     9.59310     0.06676     0.00868     0.00966     0.00592     0.04654     0.09529     0.04638     0.13210     0.10880     0.01054     0.01535     0.00488     0.00140     0.00273     0.00363     0.00606     0.56472
     9.65810     0.06121     0.00812     0.01003     0.00615     0.03238     0.08562     0.03115     0.12430     0.10400     0.01324     0.01172     0.00451     0.00102     0.00269     0.00352     0.00770     0.50737
     9.72410     0.05480     0.00662     0.00783     0.00611     0.02492     0.08097     0.02291     0.10580     0.08861     0.01443     0.00860     0.00409     0.00082     0.00252     0.00319     0.00780     0.44001
     9.79010     0.05078     0.00625     0.00576     0.00607     0.02330     0.08371     0.01988     0.10290     0.07319     0.01398     0.00622     0.00363     0.00069     0.00245     0.00317     0.00841     0.41038
     9.85510     0.05011     0.00659     0.00605     0.00636     0.02345     0.08510     0.01999     0.11140     0.06738     0.00936     0.00554     0.00308     0.00073     0.00232     0.00309     0.00710     0.40765
     9.92110     0.06114     0.00833     0.00767     0.00834     0.02462     0.09218     0.02222     0.14640     0.07066     0.00806     0.00613     0.00329     0.00127     0.00261     0.00346     0.00632     0.47269
     9.98710     0.05428     0.00682     0.00551     0.00587     0.01914     0.08349     0.01835     0.11470     0.07475     0.00693     0.00513     0.00301     0.00095     0.00273     0.00335     0.00722     0.41223
    10.05210     0.05767     0.00752     0.00520     0.00566     0.03039     0.07943     0.02198     0.10400     0.07844     0.00610     0.00556     0.00282     0.00084     0.00292     0.00332     0.00736     0.41921
    10.11810     0.07798     0.00993     0.00615     0.00696     0.05131     0.08664     0.03267     0.10310     0.09245     0.00691     0.00709     0.00324     0.00084     0.00391     0.00361     0.00911     0.50190
    10.18410     0.11020     0.01145     0.00830     0.00803     0.07086     0.10450     0.04610     0.09446     0.08381     0.00739     0.00926     0.00314     0.00106     0.00398     0.00364     0.01018     0.57637
    10.24910     0.12300     0.00958     0.00993     0.00920     0.06232     0.09666     0.04415     0.09134     0.05398     0.00699     0.01047     0.00281     0.00107     0.00317     0.00292     0.00765     0.53523
    10.31510     0.15500     0.01000     0.01330     0.01327     0.05609     0.10040     0.04509     0.09941     0.04871     0.00710     0.01404     0.00317     0.00114     0.00348     0.00282     0.00689     0.57991
    10.38110     0.12350     0.00741     0.01116     0.01246     0.04108     0.08655     0.04039     0.08527     0.04187     0.00645     0.01095     0.00252     0.00095     0.00270     0.00264     0.00508     0.48098
    10.44610     0.09122     0.00579     0.00821     0.01055     0.02575     0.07113     0.03138     0.06779     0.03567     0.00525     0.00637     0.00173     0.00077     0.00238     0.00258     0.00473     0.37130
    10.51210     0.07088     0.00489     0.00791     0.01001     0.02162     0.06040     0.02689     0.06043     0.03075     0.00496     0.00511     0.00152     0.00061     0.00216     0.00247     0.00451     0.31512
    10.57710     0.06552     0.00542     0.00859     0.00986     0.01961     0.05269     0.02396     0.06204     0.02776     0.00554     0.00489     0.00160     0.00064     0.00188     0.00234     0.00412     0.29645
    10.64310     0.05904     0.00551     0.00907     0.00879     0.01395     0.04341     0.01789     0.06138     0.02266     0.00567     0.00477     0.00160     0.00057     0.00144     0.00202     0.00364     0.26142
    10.70910     0.05297     0.00536     0.01080     0.00794     0.01303     0.03867     0.01605     0.06461     0.02258     0.00595     0.00456     0.00163     0.00050     0.00102     0.00203     0.00355     0.25127
    10.77410     0.04313     0.00413     0.00923     0.00711     0.01272     0.03620     0.01331     0.04495     0.02156     0.00574     0.00355     0.00168     0.00042     0.00076     0.00196     0.00351     0.20995
    10.84010     0.02950     0.00266     0.00582     0.00494     0.00796     0.02651     0.00904     0.02628     0.01961     0.00463     0.00239     0.00138     0.00022     0.00051     0.00134     0.00302     0.14582
    10.90610     0.02781     0.00224     0.00438     0.00416     0.00566     0.02466     0.00774     0.02168     0.02430     0.00413     0.00200     0.00121     0.00013     0.00042     0.00129     0.00356     0.13539
    10.97110     0.02415     0.00178     0.00214     0.00247     0.00301     0.01480     0.00663     0.01370     0.02738     0.00244     0.00174     0.00082     0.00006     0.00027     0.00099     0.00272     0.10511
    11.03710     0.01623     0.00130     0.00144     0.00182     0.00167     0.00792     0.00405     0.00690     0.01798     0.00117     0.00106     0.00041     0.00003     0.00021     0.00053     0.00122     0.06394
    11.10310     0.01302     0.00140     0.00128     0.00207     0.00128     0.00643     0.00306     0.00529     0.01830     0.00102     0.00076     0.00031     0.00002     0.00023     0.00036     0.00092     0.05576
    11.16810     0.01184     0.00161     0.00132     0.00205     0.00086     0.00517     0.00264     0.00444     0.02227     0.00099     0.00069     0.00029     0.00002     0.00025     0.00032     0.00081     0.05559
    11.23410     0.00935     0.00123     0.00106     0.00187     0.00055     0.00390     0.00214     0.00244     0.00904     0.00073     0.00061     0.00024     0.00001     0.00022     0.00008     0.00066     0.03414
    11.30010     0.00478     0.00088     0.00056     0.00163     0.00032     0.00271     0.00111     0.00129     0.00690     0.00035     0.00034     0.00019     0.00001     0.00026     0.00006     0.00034     0.02172
    11.36510     0.00177     0.00039     0.00021     0.00075     0.00013     0.00116     0.00041     0.00058     0.00409     0.00014     0.00013     0.00008     0.00000     0.00013     0.00003     0.00014     0.01013
    11.43110     0.00024     0.00006     0.00003     0.00012     0.00002     0.00019     0.00006     0.00010     0.00079     0.00002     0.00002     0.00001     0.00000     0.00002     0.00001     0.00002     0.00170
    11.49710     0.00000     0.00000     0.00000     0.00000     0.00000     0.00000     0.00000     0.00000     0.00000     0.00000     0.00000     0.00000     0.00000     0.00000     0.00000     0.00000     0.00000
    11.56210     0.00000     0.00000     0.00000     0.00000     0.00000     0.00000     0.00000     0.00000     0.00000     0.00000     0.00000     0.00000     0.00000     0.00000     0.00000     0.00000     0.00000
    11.62810     0.00000     0.00000     0.00000     0.00000     0.00000     0.00000     0.00000     0.00000     0.00000     0.00000     0.00000     0.00000     0.00000     0.00000     0.00000     0.00000     0.00000
    11.69410     0.00000     0.00000     0.00000     0.00000     0.00000     0.00000     0.00000     0.00000     0.00000     0.00000     0.00000     0.00000     0.00000     0.00000     0.00000     0.00000     0.00000
    11.75910     0.00000     0.00000     0.00000     0.00000     0.00000     0.00000     0.00000     0.00000     0.00000     0.00000     0.00000     0.00000     0.00000     0.00000     0.00000     0.00000     0.00000
    11.82510     0.00000     0.00000     0.00000     0.00000     0.00000     0.00000     0.00000     0.00000     0.00000     0.00000     0.00000     0.00000     0.00000     0.00000     0.00000     0.00000     0.00000
    11.89110     0.00000     0.00000     0.00000     0.00000     0.00000     0.00000     0.00000     0.00000     0.00000     0.00000     0.00000     0.00000     0.00000     0.00000     0.00000     0.00000     0.00000
    11.95610     0.00000     0.00000     0.00000     0.00000     0.00000     0.00000     0.00000     0.00000     0.00000     0.00000     0.00000     0.00000     0.00000     0.00000     0.00000     0.00000     0.00000
    12.02210     0.00000     0.00000     0.00000     0.00000     0.00000     0.00000     0.00000     0.00000     0.00000     0.00000     0.00000     0.00000     0.00000     0.00000     0.00000     0.00000     0.00000
    12.08810     0.00000     0.00000     0.00000     0.00000     0.00000     0.00000     0.00000     0.00000     0.00000     0.00000     0.00000     0.00000     0.00000     0.00000     0.00000     0.00000     0.00000
    12.15310     0.00000     0.00000     0.00000     0.00000     0.00000     0.00000     0.00000     0.00000     0.00000     0.00000     0.00000     0.00000     0.00000     0.00000     0.00000     0.00000     0.00000
    12.21910     0.00000     0.00000     0.00000     0.00000     0.00000     0.00000     0.00000     0.00000     0.00000     0.00000     0.00000     0.00000     0.00000     0.00000     0.00000     0.00000     0.00000
    12.28510     0.00000     0.00000     0.00000     0.00000     0.00000     0.00000     0.00000     0.00000     0.00000     0.00000     0.00000     0.00000     0.00000     0.00000     0.00000     0.00000     0.00000
    12.35010     0.00000     0.00000     0.00000     0.00000     0.00000     0.00000     0.00000     0.00000     0.00000     0.00000     0.00000     0.00000     0.00000     0.00000     0.00000     0.00000     0.00000
    12.41610     0.00000     0.00000     0.00000     0.00000     0.00000     0.00000     0.00000     0.00000     0.00000     0.00000     0.00000     0.00000     0.00000     0.00000     0.00000     0.00000     0.00000
    12.48110     0.00000     0.00000     0.00000     0.00000     0.00000     0.00000     0.00000     0.00000     0.00000     0.00000     0.00000     0.00000     0.00000     0.00000     0.00000     0.00000     0.00000
    12.54710     0.00000     0.00000     0.00000     0.00000     0.00000     0.00000     0.00000     0.00000     0.00000     0.00000     0.00000     0.00000     0.00000     0.00000     0.00000     0.00000     0.00000
    12.61310     0.00000     0.00000     0.00000     0.00000     0.00000     0.00000     0.00000     0.00000     0.00000     0.00000     0.00000     0.00000     0.00000     0.00000     0.00000     0.00000     0.00000
    12.67810     0.00000     0.00000     0.00000     0.00000     0.00000     0.00000     0.00000     0.00000     0.00000     0.00000     0.00000     0.00000     0.00000     0.00000     0.00000     0.00000     0.00000
    12.74410     0.00000     0.00000     0.00000     0.00000     0.00000     0.00000     0.00000     0.00000     0.00000     0.00000     0.00000     0.00000     0.00000     0.00000     0.00000     0.00000     0.00000
    12.81010     0.00000     0.00000     0.00000     0.00000     0.00000     0.00000     0.00000     0.00000     0.00000     0.00000     0.00000     0.00000     0.00000     0.00000     0.00000     0.00000     0.00000
    12.87510     0.00000     0.00000     0.00000     0.00000     0.00000     0.00000     0.00000     0.00000     0.00000     0.00000     0.00000     0.00000     0.00000     0.00000     0.00000     0.00000     0.00000
    12.94110     0.00000     0.00000     0.00000     0.00000     0.00000     0.00000     0.00000     0.00000     0.00000     0.00000     0.00000     0.00000     0.00000     0.00000     0.00000     0.00000     0.00000
    13.00710     0.00000     0.00000     0.00000     0.00000     0.00000     0.00000     0.00000     0.00000     0.00000     0.00000     0.00000     0.00000     0.00000     0.00000     0.00000     0.00000     0.00000
    13.07210     0.00000     0.00000     0.00000     0.00000     0.00000     0.00000     0.00000     0.00000     0.00000     0.00000     0.00000     0.00000     0.00000     0.00000     0.00000     0.00000     0.00000
    13.13810     0.00000     0.00000     0.00000     0.00000     0.00000     0.00000     0.00000     0.00000     0.00000     0.00000     0.00000     0.00000     0.00000     0.00000     0.00000     0.00000     0.00000
    13.20410     0.00000     0.00000     0.00000     0.00000     0.00000     0.00000     0.00000     0.00000     0.00000     0.00000     0.00000     0.00000     0.00000     0.00000     0.00000     0.00000     0.00000
    13.26910     0.00000     0.00000     0.00000     0.00000     0.00000     0.00000     0.00000     0.00000     0.00000     0.00000     0.00000     0.00000     0.00000     0.00000     0.00000     0.00000     0.00000
    13.33510     0.00000     0.00000     0.00000     0.00000     0.00000     0.00000     0.00000     0.00000     0.00000     0.00000     0.00000     0.00000     0.00000     0.00000     0.00000     0.00000     0.00000
    13.40110     0.00000     0.00000     0.00000     0.00000     0.00000     0.00000     0.00000     0.00000     0.00000     0.00000     0.00000     0.00000     0.00000     0.00000     0.00000     0.00000     0.00000
    13.46610     0.00000     0.00000     0.00000     0.00000     0.00000     0.00000     0.00000     0.00000     0.00000     0.00000     0.00000     0.00000     0.00000     0.00000     0.00000     0.00000     0.00000
    13.53210     0.00000     0.00000     0.00000     0.00000     0.00000     0.00000     0.00000     0.00000     0.00000     0.00000     0.00000     0.00000     0.00000     0.00000     0.00000     0.00000     0.00000
    13.59810     0.00000     0.00000     0.00000     0.00000     0.00000     0.00000     0.00000     0.00000     0.00000     0.00000     0.00000     0.00000     0.00000     0.00000     0.00000     0.00000     0.00000
    13.66310     0.00000     0.00000     0.00000     0.00000     0.00000     0.00000     0.00000     0.00000     0.00000     0.00000     0.00000     0.00000     0.00000     0.00000     0.00000     0.00000     0.00000
    13.72910     0.00000     0.00000     0.00000     0.00000     0.00000     0.00000     0.00000     0.00000     0.00000     0.00000     0.00000     0.00000     0.00000     0.00000     0.00000     0.00000     0.00000
    13.79510     0.00000     0.00000     0.00000     0.00000     0.00000     0.00000     0.00000     0.00000     0.00000     0.00000     0.00000     0.00000     0.00000     0.00000     0.00000     0.00000     0.00000
    13.86010     0.00000     0.00000     0.00000     0.00000     0.00000     0.00000     0.00000     0.00000     0.00000     0.00000     0.00000     0.00000     0.00000     0.00000     0.00000     0.00000     0.00000
    13.92610     0.00000     0.00000     0.00000     0.00000     0.00000     0.00000     0.00000     0.00000     0.00000     0.00000     0.00000     0.00000     0.00000     0.00000     0.00000     0.00000     0.00000
    13.99210     0.00000     0.00000     0.00000     0.00000     0.00000     0.00000     0.00000     0.00000     0.00000     0.00000     0.00000     0.00000     0.00000     0.00000     0.00000     0.00000     0.00000
    14.05710     0.00000     0.00000     0.00000     0.00000     0.00000     0.00000     0.00000     0.00000     0.00000     0.00000     0.00000     0.00000     0.00000     0.00000     0.00000     0.00000     0.00000
    14.12310     0.00000     0.00000     0.00000     0.00000     0.00000     0.00000     0.00000     0.00000     0.00000     0.00000     0.00000     0.00000     0.00000     0.00000     0.00000     0.00000     0.00000
    14.18910     0.00000     0.00000     0.00000     0.00000     0.00000     0.00000     0.00000     0.00000     0.00000     0.00000     0.00000     0.00000     0.00000     0.00000     0.00000     0.00000     0.00000
    14.25410     0.00000     0.00000     0.00000     0.00000     0.00000     0.00000     0.00000     0.00000     0.00000     0.00000     0.00000     0.00000     0.00000     0.00000     0.00000     0.00000     0.00000
    14.32010     0.00000     0.00000     0.00000     0.00000     0.00000     0.00000     0.00000     0.00000     0.00000     0.00000     0.00000     0.00000     0.00000     0.00000     0.00000     0.00000     0.00000
    14.38510     0.00000     0.00000     0.00000     0.00000     0.00000     0.00000     0.00000     0.00000     0.00000     0.00000     0.00000     0.00000     0.00000     0.00000     0.00000     0.00000     0.00000
    14.45110     0.00000     0.00000     0.00000     0.00000     0.00000     0.00000     0.00000     0.00000     0.00000     0.00000     0.00000     0.00000     0.00000     0.00000     0.00000     0.00000     0.00000
    14.51710     0.00000     0.00000     0.00000     0.00000     0.00000     0.00000     0.00000     0.00000     0.00000     0.00000     0.00000     0.00000     0.00000     0.00000     0.00000     0.00000     0.00000
    14.58210     0.00000     0.00000     0.00000     0.00000     0.00000     0.00000     0.00000     0.00000     0.00000     0.00000     0.00000     0.00000     0.00000     0.00000     0.00000     0.00000     0.00000
    14.64810     0.00000     0.00000     0.00000     0.00000     0.00000     0.00000     0.00000     0.00000     0.00000     0.00000     0.00000     0.00000     0.00000     0.00000     0.00000     0.00000     0.00000
    14.71410     0.00000     0.00000     0.00000     0.00000     0.00000     0.00000     0.00000     0.00000     0.00000     0.00000     0.00000     0.00000     0.00000     0.00000     0.00000     0.00000     0.00000
    14.77910     0.00000     0.00000     0.00000     0.00000     0.00000     0.00000     0.00000     0.00000     0.00000     0.00000     0.00000     0.00000     0.00000     0.00000     0.00000     0.00000     0.00000
    14.84510     0.00000     0.00000     0.00000     0.00000     0.00000     0.00000     0.00000     0.00000     0.00000     0.00000     0.00000     0.00000     0.00000     0.00000     0.00000     0.00000     0.00000
    14.91110     0.00000     0.00000     0.00000     0.00000     0.00000     0.00000     0.00000     0.00000     0.00000     0.00000     0.00000     0.00000     0.00000     0.00000     0.00000     0.00000     0.00000
    14.97610     0.00000     0.00000     0.00000     0.00000     0.00000     0.00000     0.00000     0.00000     0.00000     0.00000     0.00000     0.00000     0.00000     0.00000     0.00000     0.00000     0.00000
    15.04210     0.00000     0.00000     0.00000     0.00000     0.00000     0.00000     0.00000     0.00000     0.00000     0.00000     0.00000     0.00000     0.00000     0.00000     0.00000     0.00000     0.00000
    15.10810     0.00000     0.00000     0.00000     0.00000     0.00000     0.00000     0.00000     0.00000     0.00000     0.00000     0.00000     0.00000     0.00000     0.00000     0.00000     0.00000     0.00000
    15.17310     0.00000     0.00000     0.00000     0.00000     0.00000     0.00000     0.00000     0.00000     0.00000     0.00000     0.00000     0.00000     0.00000     0.00000     0.00000     0.00000     0.00000
    15.23910     0.00000     0.00000     0.00000     0.00000     0.00000     0.00000     0.00000     0.00000     0.00000     0.00000     0.00000     0.00000     0.00000     0.00000     0.00000     0.00000     0.00000
    15.30510     0.00000     0.00000     0.00000     0.00000     0.00000     0.00000     0.00000     0.00000     0.00000     0.00000     0.00000     0.00000     0.00000     0.00000     0.00000     0.00000     0.00000
    15.37010     0.00000     0.00000     0.00000     0.00000     0.00000     0.00000     0.00000     0.00000     0.00000     0.00000     0.00000     0.00000     0.00000     0.00000     0.00000     0.00000     0.00000
    15.43610     0.00000     0.00000     0.00000     0.00000     0.00000     0.00000     0.00000     0.00000     0.00000     0.00000     0.00000     0.00000     0.00000     0.00000     0.00000     0.00000     0.00000
    15.50210     0.00000     0.00000     0.00000     0.00000     0.00000     0.00000     0.00000     0.00000     0.00000     0.00000     0.00000     0.00000     0.00000     0.00000     0.00000     0.00000     0.00000
    15.56710     0.00000     0.00000     0.00000     0.00000     0.00000     0.00000     0.00000     0.00000     0.00000     0.00000     0.00000     0.00000     0.00000     0.00000     0.00000     0.00000     0.00000
    15.63310     0.00000     0.00000     0.00000     0.00000     0.00000     0.00000     0.00000     0.00000     0.00000     0.00000     0.00000     0.00000     0.00000     0.00000     0.00000     0.00000     0.00000
    15.69910     0.00000     0.00000     0.00000     0.00000     0.00000     0.00000     0.00000     0.00000     0.00000     0.00000     0.00000     0.00000     0.00000     0.00000     0.00000     0.00000     0.00000
    15.76410     0.00000     0.00000     0.00000     0.00000     0.00000     0.00000     0.00000     0.00000     0.00000     0.00000     0.00000     0.00000     0.00000     0.00000     0.00000     0.00000     0.00000
    15.83010     0.00000     0.00000     0.00000     0.00000     0.00000     0.00000     0.00000     0.00000     0.00000     0.00000     0.00000     0.00000     0.00000     0.00000     0.00000     0.00000     0.00000
    15.89610     0.00000     0.00000     0.00000     0.00000     0.00000     0.00000     0.00000     0.00000     0.00000     0.00000     0.00000     0.00000     0.00000     0.00000     0.00000     0.00000     0.00000
    15.96110     0.00000     0.00000     0.00000     0.00000     0.00000     0.00000     0.00000     0.00000     0.00000     0.00000     0.00000     0.00000     0.00000     0.00000     0.00000     0.00000     0.00000
