     #Energy           s          py          pz          px         dxy         dyz         dz2         dxz         dx2       fy3x2        fxyz        fyz2         fz3        fxz2        fzx2         fx3       tot  
   -82.45490     0.00000     0.00000     0.00000     0.00000     0.00000     0.00000     0.00000     0.00000     0.00000     0.00000     0.00000     0.00000     0.00000     0.00000     0.00000     0.00000     0.00000
   -82.38890     0.00000     0.00000     0.00000     0.00000     0.00000     0.00000     0.00000     0.00000     0.00000     0.00000     0.00000     0.00000     0.00000     0.00000     0.00000     0.00000     0.00000
   -82.32390     0.00000     0.00000     0.00000     0.00000     0.00000     0.00000     0.00000     0.00000     0.00000     0.00000     0.00000     0.00000     0.00000     0.00000     0.00000     0.00000     0.00000
   -82.25790     0.00000     0.00000     0.00000     0.00000     0.00000     0.00000     0.00000     0.00000     0.00000     0.00000     0.00000     0.00000     0.00000     0.00000     0.00000     0.00000     0.00000
   -82.19190     0.00000     0.00000     0.00000     0.00000     0.00000     0.00000     0.00000     0.00000     0.00000     0.00000     0.00000     0.00000     0.00000     0.00000     0.00000     0.00000     0.00000
   -82.12690     0.00000     0.00000     0.00000     0.00000     0.00000     0.00000     0.00000     0.00000     0.00000     0.00000     0.00000     0.00000     0.00000     0.00000     0.00000     0.00000     0.00000
   -82.06090     0.00000     0.00000     0.00000     0.00000     0.00000     0.00000     0.00000     0.00000     0.00000     0.00000     0.00000     0.00000     0.00000     0.00000     0.00000     0.00000     0.00000
   -81.99490     0.00000     0.00000     0.00000     0.00000     0.00000     0.00000     0.00000     0.00000     0.00000     0.00000     0.00000     0.00000     0.00000     0.00000     0.00000     0.00000     0.00000
   -81.92990     0.00000     0.00000     0.00000     0.00000     0.00000     0.00000     0.00000     0.00000     0.00000     0.00000     0.00000     0.00000     0.00000     0.00000     0.00000     0.00000     0.00000
   -81.86390     0.00000     0.00000     0.00000     0.00000     0.00000     0.00000     0.00000     0.00000     0.00000     0.00000     0.00000     0.00000     0.00000     0.00000     0.00000     0.00000     0.00000
   -81.79790     0.00000     0.00000     0.00000     0.00000     0.00000     0.00000     0.00000     0.00000     0.00000     0.00000     0.00000     0.00000     0.00000     0.00000     0.00000     0.00000     0.00000
   -81.73290     0.00000     0.00000     0.00000     0.00000     0.00000     0.00000     0.00000     0.00000     0.00000     0.00000     0.00000     0.00000     0.00000     0.00000     0.00000     0.00000     0.00000
   -81.66690     0.00000     0.00000     0.00000     0.00000     0.00000     0.00000     0.00000     0.00000     0.00000     0.00000     0.00000     0.00000     0.00000     0.00000     0.00000     0.00000     0.00000
   -81.60190     0.00000     0.00000     0.00000     0.00000     0.00000     0.00000     0.00000     0.00000     0.00000     0.00000     0.00000     0.00000     0.00000     0.00000     0.00000     0.00000     0.00000
   -81.53590     0.00000     0.00000     0.00000     0.00000     0.00000     0.00000     0.00000     0.00000     0.00000     0.00000     0.00000     0.00000     0.00000     0.00000     0.00000     0.00000     0.00000
   -81.46990     0.00000     0.00000     0.00000     0.00000     0.00000     0.00000     0.00000     0.00000     0.00000     0.00000     0.00000     0.00000     0.00000     0.00000     0.00000     0.00000     0.00000
   -81.40490     0.00000     0.00000     0.00000     0.00000     0.00000     0.00000     0.00000     0.00000     0.00000     0.00000     0.00000     0.00000     0.00000     0.00000     0.00000     0.00000     0.00000
   -81.33890     0.00000     0.00000     0.00000     0.00000     0.00000     0.00000     0.00000     0.00000     0.00000     0.00000     0.00000     0.00000     0.00000     0.00000     0.00000     0.00000     0.00000
   -81.27290     0.00000     0.00000     0.00000     0.00000     0.00000     0.00000     0.00000     0.00000     0.00000     0.00000     0.00000     0.00000     0.00000     0.00000     0.00000     0.00000     0.00000
   -81.20790     0.00000     0.00000     0.00000     0.00000     0.00000     0.00000     0.00000     0.00000     0.00000     0.00000     0.00000     0.00000     0.00000     0.00000     0.00000     0.00000     0.00000
   -81.14190     0.00000     0.00000     0.00000     0.00000     0.00000     0.00000     0.00000     0.00000     0.00000     0.00000     0.00000     0.00000     0.00000     0.00000     0.00000     0.00000     0.00000
   -81.07590     0.00000     0.00000     0.00000     0.00000     0.00000     0.00000     0.00000     0.00000     0.00000     0.00000     0.00000     0.00000     0.00000     0.00000     0.00000     0.00000     0.00000
   -81.01090     0.00000     0.00000     0.00000     0.00000     0.00000     0.00000     0.00000     0.00000     0.00000     0.00000     0.00000     0.00000     0.00000     0.00000     0.00000     0.00000     0.00000
   -80.94490     0.00000     0.00000     0.00000     0.00000     0.00000     0.00000     0.00000     0.00000     0.00000     0.00000     0.00000     0.00000     0.00000     0.00000     0.00000     0.00000     0.00000
   -80.87890     0.00000     0.00000     0.00000     0.00000     0.00000     0.00000     0.00000     0.00000     0.00000     0.00000     0.00000     0.00000     0.00000     0.00000     0.00000     0.00000     0.00000
   -80.81390     0.00000     0.00000     0.00000     0.00000     0.00000     0.00000     0.00000     0.00000     0.00000     0.00000     0.00000     0.00000     0.00000     0.00000     0.00000     0.00000     0.00000
   -80.74790     0.00000     0.00000     0.00000     0.00000     0.00000     0.00000     0.00000     0.00000     0.00000     0.00000     0.00000     0.00000     0.00000     0.00000     0.00000     0.00000     0.00000
   -80.68190     0.00000     0.00000     0.00000     0.00000     0.00000     0.00000     0.00000     0.00000     0.00000     0.00000     0.00000     0.00000     0.00000     0.00000     0.00000     0.00000     0.00000
   -80.61690     0.00000     0.00000     0.00000     0.00000     0.00000     0.00000     0.00000     0.00000     0.00000     0.00000     0.00000     0.00000     0.00000     0.00000     0.00000     0.00000     0.00000
   -80.55090     0.00000     0.00000     0.00000     0.00000     0.00000     0.00000     0.00000     0.00000     0.00000     0.00000     0.00000     0.00000     0.00000     0.00000     0.00000     0.00000     0.00000
   -80.48490     0.00000     0.00000     0.00000     0.00000     0.00000     0.00000     0.00000     0.00000     0.00000     0.00000     0.00000     0.00000     0.00000     0.00000     0.00000     0.00000     0.00000
   -80.41990     0.00000     0.00000     0.00000     0.00000     0.00000     0.00000     0.00000     0.00000     0.00000     0.00000     0.00000     0.00000     0.00000     0.00000     0.00000     0.00000     0.00000
   -80.35390     0.00000     0.00000     0.00000     0.00000     0.00000     0.00000     0.00000     0.00000     0.00000     0.00000     0.00000     0.00000     0.00000     0.00000     0.00000     0.00000     0.00000
   -80.28790     0.00000     0.00000     0.00000     0.00000     0.00000     0.00000     0.00000     0.00000     0.00000     0.00000     0.00000     0.00000     0.00000     0.00000     0.00000     0.00000     0.00000
   -80.22290     0.00000     0.00000     0.00000     0.00000     0.00000     0.00000     0.00000     0.00000     0.00000     0.00000     0.00000     0.00000     0.00000     0.00000     0.00000     0.00000     0.00000
   -80.15690     0.00000     0.00000     0.00000     0.00000     0.00000     0.00000     0.00000     0.00000     0.00000     0.00000     0.00000     0.00000     0.00000     0.00000     0.00000     0.00000     0.00000
   -80.09090     0.00000     0.00000     0.00000     0.00000     0.00000     0.00000     0.00000     0.00000     0.00000     0.00000     0.00000     0.00000     0.00000     0.00000     0.00000     0.00000     0.00000
   -80.02590     0.00000     0.00000     0.00000     0.00000     0.00000     0.00000     0.00000     0.00000     0.00000     0.00000     0.00000     0.00000     0.00000     0.00000     0.00000     0.00000     0.00000
   -79.95990     0.00000     0.00000     0.00000     0.00000     0.00000     0.00000     0.00000     0.00000     0.00000     0.00000     0.00000     0.00000     0.00000     0.00000     0.00000     0.00000     0.00000
   -79.89490     0.00000     0.00000     0.00000     0.00000     0.00000     0.00000     0.00000     0.00000     0.00000     0.00000     0.00000     0.00000     0.00000     0.00000     0.00000     0.00000     0.00000
   -79.82890     0.00000     0.00000     0.00000     0.00000     0.00000     0.00000     0.00000     0.00000     0.00000     0.00000     0.00000     0.00000     0.00000     0.00000     0.00000     0.00000     0.00000
   -79.76290     0.00000     0.00000     0.00000     0.00000     0.00000     0.00000     0.00000     0.00000     0.00000     0.00000     0.00000     0.00000     0.00000     0.00000     0.00000     0.00000     0.00000
   -79.69790     0.00000     0.00000     0.00000     0.00000     0.00000     0.00000     0.00000     0.00000     0.00000     0.00000     0.00000     0.00000     0.00000     0.00000     0.00000     0.00000     0.00000
   -79.63190     0.00000     0.00000     0.00000     0.00000     0.00000     0.00000     0.00000     0.00000     0.00000     0.00000     0.00000     0.00000     0.00000     0.00000     0.00000     0.00000     0.00000
   -79.56590     0.00000     0.00000     0.00000     0.00000     0.00000     0.00000     0.00000     0.00000     0.00000     0.00000     0.00000     0.00000     0.00000     0.00000     0.00000     0.00000     0.00000
   -79.50090     0.00000     0.00000     0.00000     0.00000     0.00000     0.00000     0.00000     0.00000     0.00000     0.00000     0.00000     0.00000     0.00000     0.00000     0.00000     0.00000     0.00000
   -79.43490     0.00000     0.00000     0.00000     0.00000     0.00000     0.00000     0.00000     0.00000     0.00000     0.00000     0.00000     0.00000     0.00000     0.00000     0.00000     0.00000     0.00000
   -79.36890     0.00000     0.00000     0.00000     0.00000     0.00000     0.00000     0.00000     0.00000     0.00000     0.00000     0.00000     0.00000     0.00000     0.00000     0.00000     0.00000     0.00000
   -79.30390     0.00000     0.00000     0.00000     0.00000     0.00000     0.00000     0.00000     0.00000     0.00000     0.00000     0.00000     0.00000     0.00000     0.00000     0.00000     0.00000     0.00000
   -79.23790     0.00000     0.00000     0.00000     0.00000     0.00000     0.00000     0.00000     0.00000     0.00000     0.00000     0.00000     0.00000     0.00000     0.00000     0.00000     0.00000     0.00000
   -79.17190     0.00000     0.00000     0.00000     0.00000     0.00000     0.00000     0.00000     0.00000     0.00000     0.00000     0.00000     0.00000     0.00000     0.00000     0.00000     0.00000     0.00000
   -79.10690     0.00000     0.00000     0.00000     0.00000     0.00000     0.00000     0.00000     0.00000     0.00000     0.00000     0.00000     0.00000     0.00000     0.00000     0.00000     0.00000     0.00000
   -79.04090     0.00000     0.00000     0.00000     0.00000     0.00000     0.00000     0.00000     0.00000     0.00000     0.00000     0.00000     0.00000     0.00000     0.00000     0.00000     0.00000     0.00000
   -78.97490     0.00000     0.00000     0.00000     0.00000     0.00000     0.00000     0.00000     0.00000     0.00000     0.00000     0.00000     0.00000     0.00000     0.00000     0.00000     0.00000     0.00000
   -78.90990     0.00000     0.00000     0.00000     0.00000     0.00000     0.00000     0.00000     0.00000     0.00000     0.00000     0.00000     0.00000     0.00000     0.00000     0.00000     0.00000     0.00000
   -78.84390     0.00000     0.00000     0.00000     0.00000     0.00000     0.00000     0.00000     0.00000     0.00000     0.00000     0.00000     0.00000     0.00000     0.00000     0.00000     0.00000     0.00000
   -78.77790     0.00000     0.00000     0.00000     0.00000     0.00000     0.00000     0.00000     0.00000     0.00000     0.00000     0.00000     0.00000     0.00000     0.00000     0.00000     0.00000     0.00000
   -78.71290     0.00000     0.00000     0.00000     0.00000     0.00000     0.00000     0.00000     0.00000     0.00000     0.00000     0.00000     0.00000     0.00000     0.00000     0.00000     0.00000     0.00000
   -78.64690     0.00000     0.00000     0.00000     0.00000     0.00000     0.00000     0.00000     0.00000     0.00000     0.00000     0.00000     0.00000     0.00000     0.00000     0.00000     0.00000     0.00000
   -78.58090     0.00000     0.00000     0.00000     0.00000     0.00000     0.00000     0.00000     0.00000     0.00000     0.00000     0.00000     0.00000     0.00000     0.00000     0.00000     0.00000     0.00000
   -78.51590     0.00000     0.00000     0.00000     0.00000     0.00000     0.00000     0.00000     0.00000     0.00000     0.00000     0.00000     0.00000     0.00000     0.00000     0.00000     0.00000     0.00000
   -78.44990     0.00000     0.00000     0.00000     0.00000     0.00000     0.00000     0.00000     0.00000     0.00000     0.00000     0.00000     0.00000     0.00000     0.00000     0.00000     0.00000     0.00000
   -78.38390     0.00000     0.00000     0.00000     0.00000     0.00000     0.00000     0.00000     0.00000     0.00000     0.00000     0.00000     0.00000     0.00000     0.00000     0.00000     0.00000     0.00000
   -78.31890     0.00000     0.00000     0.00000     0.00000     0.00000     0.00000     0.00000     0.00000     0.00000     0.00000     0.00000     0.00000     0.00000     0.00000     0.00000     0.00000     0.00000
   -78.25290     0.00000     0.00000     0.00000     0.00000     0.00000     0.00000     0.00000     0.00000     0.00000     0.00000     0.00000     0.00000     0.00000     0.00000     0.00000     0.00000     0.00000
   -78.18690     0.00000     0.00000     0.00000     0.00000     0.00000     0.00000     0.00000     0.00000     0.00000     0.00000     0.00000     0.00000     0.00000     0.00000     0.00000     0.00000     0.00000
   -78.12190     0.00000     0.00000     0.00000     0.00000     0.00000     0.00000     0.00000     0.00000     0.00000     0.00000     0.00000     0.00000     0.00000     0.00000     0.00000     0.00000     0.00000
   -78.05590     0.00000     0.00000     0.00000     0.00000     0.00000     0.00000     0.00000     0.00000     0.00000     0.00000     0.00000     0.00000     0.00000     0.00000     0.00000     0.00000     0.00000
   -77.99090     0.00000     0.00000     0.00000     0.00000     0.00000     0.00000     0.00000     0.00000     0.00000     0.00000     0.00000     0.00000     0.00000     0.00000     0.00000     0.00000     0.00000
   -77.92490     0.00000     0.00000     0.00000     0.00000     0.00000     0.00000     0.00000     0.00000     0.00000     0.00000     0.00000     0.00000     0.00000     0.00000     0.00000     0.00000     0.00000
   -77.85890     0.00000     0.00000     0.00000     0.00000     0.00000     0.00000     0.00000     0.00000     0.00000     0.00000     0.00000     0.00000     0.00000     0.00000     0.00000     0.00000     0.00000
   -77.79390     0.00000     0.00000     0.00000     0.00000     0.00000     0.00000     0.00000     0.00000     0.00000     0.00000     0.00000     0.00000     0.00000     0.00000     0.00000     0.00000     0.00000
   -77.72790     0.00000     0.00000     0.00000     0.00000     0.00000     0.00000     0.00000     0.00000     0.00000     0.00000     0.00000     0.00000     0.00000     0.00000     0.00000     0.00000     0.00000
   -77.66190     0.00000     0.00000     0.00000     0.00000     0.00000     0.00000     0.00000     0.00000     0.00000     0.00000     0.00000     0.00000     0.00000     0.00000     0.00000     0.00000     0.00000
   -77.59690     0.00000     0.00000     0.00000     0.00000     0.00000     0.00000     0.00000     0.00000     0.00000     0.00000     0.00000     0.00000     0.00000     0.00000     0.00000     0.00000     0.00000
   -77.53090     0.00000     0.00000     0.00000     0.00000     0.00000     0.00000     0.00000     0.00000     0.00000     0.00000     0.00000     0.00000     0.00000     0.00000     0.00000     0.00000     0.00000
   -77.46490     0.00000     0.00000     0.00000     0.00000     0.00000     0.00000     0.00000     0.00000     0.00000     0.00000     0.00000     0.00000     0.00000     0.00000     0.00000     0.00000     0.00000
   -77.39990     0.00000     0.00000     0.00000     0.00000     0.00000     0.00000     0.00000     0.00000     0.00000     0.00000     0.00000     0.00000     0.00000     0.00000     0.00000     0.00000     0.00000
   -77.33390     0.00000     0.00000     0.00000     0.00000     0.00000     0.00000     0.00000     0.00000     0.00000     0.00000     0.00000     0.00000     0.00000     0.00000     0.00000     0.00000     0.00000
   -77.26790     0.00000     0.00000     0.00000     0.00000     0.00000     0.00000     0.00000     0.00000     0.00000     0.00000     0.00000     0.00000     0.00000     0.00000     0.00000     0.00000     0.00000
   -77.20290     0.00000     0.00000     0.00000     0.00000     0.00000     0.00000     0.00000     0.00000     0.00000     0.00000     0.00000     0.00000     0.00000     0.00000     0.00000     0.00000     0.00000
   -77.13690     0.00000     0.00000     0.00000     0.00000     0.00000     0.00000     0.00000     0.00000     0.00000     0.00000     0.00000     0.00000     0.00000     0.00000     0.00000     0.00000     0.00000
   -77.07090     0.00000     0.00000     0.00000     0.00000     0.00000     0.00000     0.00000     0.00000     0.00000     0.00000     0.00000     0.00000     0.00000     0.00000     0.00000     0.00000     0.00000
   -77.00590     0.00000     0.00000     0.00000     0.00000     0.00000     0.00000     0.00000     0.00000     0.00000     0.00000     0.00000     0.00000     0.00000     0.00000     0.00000     0.00000     0.00000
   -76.93990     0.00000     0.00000     0.00000     0.00000     0.00000     0.00000     0.00000     0.00000     0.00000     0.00000     0.00000     0.00000     0.00000     0.00000     0.00000     0.00000     0.00000
   -76.87390     0.00000     0.00000     0.00000     0.00000     0.00000     0.00000     0.00000     0.00000     0.00000     0.00000     0.00000     0.00000     0.00000     0.00000     0.00000     0.00000     0.00000
   -76.80890     0.00000     0.00000     0.00000     0.00000     0.00000     0.00000     0.00000     0.00000     0.00000     0.00000     0.00000     0.00000     0.00000     0.00000     0.00000     0.00000     0.00000
   -76.74290     0.00000     0.00000     0.00000     0.00000     0.00000     0.00000     0.00000     0.00000     0.00000     0.00000     0.00000     0.00000     0.00000     0.00000     0.00000     0.00000     0.00000
   -76.67690     0.00000     0.00000     0.00000     0.00000     0.00000     0.00000     0.00000     0.00000     0.00000     0.00000     0.00000     0.00000     0.00000     0.00000     0.00000     0.00000     0.00000
   -76.61190     0.00000     0.00000     0.00000     0.00000     0.00000     0.00000     0.00000     0.00000     0.00000     0.00000     0.00000     0.00000     0.00000     0.00000     0.00000     0.00000     0.00000
   -76.54590     0.00000     0.00000     0.00000     0.00000     0.00000     0.00000     0.00000     0.00000     0.00000     0.00000     0.00000     0.00000     0.00000     0.00000     0.00000     0.00000     0.00000
   -76.47990     0.00000     0.00000     0.00000     0.00000     0.00000     0.00000     0.00000     0.00000     0.00000     0.00000     0.00000     0.00000     0.00000     0.00000     0.00000     0.00000     0.00000
   -76.41490     0.00000     0.00000     0.00000     0.00000     0.00000     0.00000     0.00000     0.00000     0.00000     0.00000     0.00000     0.00000     0.00000     0.00000     0.00000     0.00000     0.00000
   -76.34890     0.00000     0.00000     0.00000     0.00000     0.00000     0.00000     0.00000     0.00000     0.00000     0.00000     0.00000     0.00000     0.00000     0.00000     0.00000     0.00000     0.00000
   -76.28390     0.00000     0.00000     0.00000     0.00000     0.00000     0.00000     0.00000     0.00000     0.00000     0.00000     0.00000     0.00000     0.00000     0.00000     0.00000     0.00000     0.00000
   -76.21790     0.00000     0.00000     0.00000     0.00000     0.00000     0.00000     0.00000     0.00000     0.00000     0.00000     0.00000     0.00000     0.00000     0.00000     0.00000     0.00000     0.00000
   -76.15190     0.00000     0.00000     0.00000     0.00000     0.00000     0.00000     0.00000     0.00000     0.00000     0.00000     0.00000     0.00000     0.00000     0.00000     0.00000     0.00000     0.00000
   -76.08690     0.00000     0.00000     0.00000     0.00000     0.00000     0.00000     0.00000     0.00000     0.00000     0.00000     0.00000     0.00000     0.00000     0.00000     0.00000     0.00000     0.00000
   -76.02090     0.00000     0.00000     0.00000     0.00000     0.00000     0.00000     0.00000     0.00000     0.00000     0.00000     0.00000     0.00000     0.00000     0.00000     0.00000     0.00000     0.00000
   -75.95490     0.00000     0.00000     0.00000     0.00000     0.00000     0.00000     0.00000     0.00000     0.00000     0.00000     0.00000     0.00000     0.00000     0.00000     0.00000     0.00000     0.00000
   -75.88990     0.00000     0.00000     0.00000     0.00000     0.00000     0.00000     0.00000     0.00000     0.00000     0.00000     0.00000     0.00000     0.00000     0.00000     0.00000     0.00000     0.00000
   -75.82390     0.00000     0.00000     0.00000     0.00000     0.00000     0.00000     0.00000     0.00000     0.00000     0.00000     0.00000     0.00000     0.00000     0.00000     0.00000     0.00000     0.00000
   -75.75790     0.00000     0.00000     0.00000     0.00000     0.00000     0.00000     0.00000     0.00000     0.00000     0.00000     0.00000     0.00000     0.00000     0.00000     0.00000     0.00000     0.00000
   -75.69290     0.00000     0.00000     0.00000     0.00000     0.00000     0.00000     0.00000     0.00000     0.00000     0.00000     0.00000     0.00000     0.00000     0.00000     0.00000     0.00000     0.00000
   -75.62690     0.00000     0.00000     0.00000     0.00000     0.00000     0.00000     0.00000     0.00000     0.00000     0.00000     0.00000     0.00000     0.00000     0.00000     0.00000     0.00000     0.00000
   -75.56090     0.00000     0.00000     0.00000     0.00000     0.00000     0.00000     0.00000     0.00000     0.00000     0.00000     0.00000     0.00000     0.00000     0.00000     0.00000     0.00000     0.00000
   -75.49590     0.00000     0.00000     0.00000     0.00000     0.00000     0.00000     0.00000     0.00000     0.00000     0.00000     0.00000     0.00000     0.00000     0.00000     0.00000     0.00000     0.00000
   -75.42990     0.00000     0.00000     0.00000     0.00000     0.00000     0.00000     0.00000     0.00000     0.00000     0.00000     0.00000     0.00000     0.00000     0.00000     0.00000     0.00000     0.00000
   -75.36390     0.00000     0.00000     0.00000     0.00000     0.00000     0.00000     0.00000     0.00000     0.00000     0.00000     0.00000     0.00000     0.00000     0.00000     0.00000     0.00000     0.00000
   -75.29890     0.00000     0.00000     0.00000     0.00000     0.00000     0.00000     0.00000     0.00000     0.00000     0.00000     0.00000     0.00000     0.00000     0.00000     0.00000     0.00000     0.00000
   -75.23290     0.00000     0.00000     0.00000     0.00000     0.00000     0.00000     0.00000     0.00000     0.00000     0.00000     0.00000     0.00000     0.00000     0.00000     0.00000     0.00000     0.00000
   -75.16690     0.00000     0.00000     0.00000     0.00000     0.00000     0.00000     0.00000     0.00000     0.00000     0.00000     0.00000     0.00000     0.00000     0.00000     0.00000     0.00000     0.00000
   -75.10190     0.00000     0.00000     0.00000     0.00000     0.00000     0.00000     0.00000     0.00000     0.00000     0.00000     0.00000     0.00000     0.00000     0.00000     0.00000     0.00000     0.00000
   -75.03590     0.00000     0.00000     0.00000     0.00000     0.00000     0.00000     0.00000     0.00000     0.00000     0.00000     0.00000     0.00000     0.00000     0.00000     0.00000     0.00000     0.00000
   -74.96990     0.00000     0.00000     0.00000     0.00000     0.00000     0.00000     0.00000     0.00000     0.00000     0.00000     0.00000     0.00000     0.00000     0.00000     0.00000     0.00000     0.00000
   -74.90490     0.00000     0.00000     0.00000     0.00000     0.00000     0.00000     0.00000     0.00000     0.00000     0.00000     0.00000     0.00000     0.00000     0.00000     0.00000     0.00000     0.00000
   -74.83890     0.00000     0.00000     0.00000     0.00000     0.00000     0.00000     0.00000     0.00000     0.00000     0.00000     0.00000     0.00000     0.00000     0.00000     0.00000     0.00000     0.00000
   -74.77290     0.00000     0.00000     0.00000     0.00000     0.00000     0.00000     0.00000     0.00000     0.00000     0.00000     0.00000     0.00000     0.00000     0.00000     0.00000     0.00000     0.00000
   -74.70790     0.00000     0.00000     0.00000     0.00000     0.00000     0.00000     0.00000     0.00000     0.00000     0.00000     0.00000     0.00000     0.00000     0.00000     0.00000     0.00000     0.00000
   -74.64190     0.00000     0.00000     0.00000     0.00000     0.00000     0.00000     0.00000     0.00000     0.00000     0.00000     0.00000     0.00000     0.00000     0.00000     0.00000     0.00000     0.00000
   -74.57590     0.00000     0.00000     0.00000     0.00000     0.00000     0.00000     0.00000     0.00000     0.00000     0.00000     0.00000     0.00000     0.00000     0.00000     0.00000     0.00000     0.00000
   -74.51090     0.00000     0.00000     0.00000     0.00000     0.00000     0.00000     0.00000     0.00000     0.00000     0.00000     0.00000     0.00000     0.00000     0.00000     0.00000     0.00000     0.00000
   -74.44490     0.00000     0.00000     0.00000     0.00000     0.00000     0.00000     0.00000     0.00000     0.00000     0.00000     0.00000     0.00000     0.00000     0.00000     0.00000     0.00000     0.00000
   -74.37990     0.00000     0.00000     0.00000     0.00000     0.00000     0.00000     0.00000     0.00000     0.00000     0.00000     0.00000     0.00000     0.00000     0.00000     0.00000     0.00000     0.00000
   -74.31390     0.00000     0.00000     0.00000     0.00000     0.00000     0.00000     0.00000     0.00000     0.00000     0.00000     0.00000     0.00000     0.00000     0.00000     0.00000     0.00000     0.00000
   -74.24790     0.00000     0.00000     0.00000     0.00000     0.00000     0.00000     0.00000     0.00000     0.00000     0.00000     0.00000     0.00000     0.00000     0.00000     0.00000     0.00000     0.00000
   -74.18290     0.00000     0.00000     0.00000     0.00000     0.00000     0.00000     0.00000     0.00000     0.00000     0.00000     0.00000     0.00000     0.00000     0.00000     0.00000     0.00000     0.00000
   -74.11690     0.00000     0.00000     0.00000     0.00000     0.00000     0.00000     0.00000     0.00000     0.00000     0.00000     0.00000     0.00000     0.00000     0.00000     0.00000     0.00000     0.00000
   -74.05090     0.00000     0.00000     0.00000     0.00000     0.00000     0.00000     0.00000     0.00000     0.00000     0.00000     0.00000     0.00000     0.00000     0.00000     0.00000     0.00000     0.00000
   -73.98590     0.00000     0.00000     0.00000     0.00000     0.00000     0.00000     0.00000     0.00000     0.00000     0.00000     0.00000     0.00000     0.00000     0.00000     0.00000     0.00000     0.00000
   -73.91990     0.00000     0.00000     0.00000     0.00000     0.00000     0.00000     0.00000     0.00000     0.00000     0.00000     0.00000     0.00000     0.00000     0.00000     0.00000     0.00000     0.00000
   -73.85390     0.00000     0.00000     0.00000     0.00000     0.00000     0.00000     0.00000     0.00000     0.00000     0.00000     0.00000     0.00000     0.00000     0.00000     0.00000     0.00000     0.00000
   -73.78890     0.00000     0.00000     0.00000     0.00000     0.00000     0.00000     0.00000     0.00000     0.00000     0.00000     0.00000     0.00000     0.00000     0.00000     0.00000     0.00000     0.00000
   -73.72290     0.00000     0.00000     0.00000     0.00000     0.00000     0.00000     0.00000     0.00000     0.00000     0.00000     0.00000     0.00000     0.00000     0.00000     0.00000     0.00000     0.00000
   -73.65690     0.00000     0.00000     0.00000     0.00000     0.00000     0.00000     0.00000     0.00000     0.00000     0.00000     0.00000     0.00000     0.00000     0.00000     0.00000     0.00000     0.00000
   -73.59190     0.00000     0.00000     0.00000     0.00000     0.00000     0.00000     0.00000     0.00000     0.00000     0.00000     0.00000     0.00000     0.00000     0.00000     0.00000     0.00000     0.00000
   -73.52590     0.00000     0.00000     0.00000     0.00000     0.00000     0.00000     0.00000     0.00000     0.00000     0.00000     0.00000     0.00000     0.00000     0.00000     0.00000     0.00000     0.00000
   -73.45990     0.00000     0.00000     0.00000     0.00000     0.00000     0.00000     0.00000     0.00000     0.00000     0.00000     0.00000     0.00000     0.00000     0.00000     0.00000     0.00000     0.00000
   -73.39490     0.00000     0.00000     0.00000     0.00000     0.00000     0.00000     0.00000     0.00000     0.00000     0.00000     0.00000     0.00000     0.00000     0.00000     0.00000     0.00000     0.00000
   -73.32890     0.00000     0.00000     0.00000     0.00000     0.00000     0.00000     0.00000     0.00000     0.00000     0.00000     0.00000     0.00000     0.00000     0.00000     0.00000     0.00000     0.00000
   -73.26290     0.00000     0.00000     0.00000     0.00000     0.00000     0.00000     0.00000     0.00000     0.00000     0.00000     0.00000     0.00000     0.00000     0.00000     0.00000     0.00000     0.00000
   -73.19790     0.00000     0.00000     0.00000     0.00000     0.00000     0.00000     0.00000     0.00000     0.00000     0.00000     0.00000     0.00000     0.00000     0.00000     0.00000     0.00000     0.00000
   -73.13190     0.00000     0.00000     0.00000     0.00000     0.00000     0.00000     0.00000     0.00000     0.00000     0.00000     0.00000     0.00000     0.00000     0.00000     0.00000     0.00000     0.00000
   -73.06590     0.00000     0.00000     0.00000     0.00000     0.00000     0.00000     0.00000     0.00000     0.00000     0.00000     0.00000     0.00000     0.00000     0.00000     0.00000     0.00000     0.00000
   -73.00090     0.00000     0.00000     0.00000     0.00000     0.00000     0.00000     0.00000     0.00000     0.00000     0.00000     0.00000     0.00000     0.00000     0.00000     0.00000     0.00000     0.00000
   -72.93490     0.00000     0.00000     0.00000     0.00000     0.00000     0.00000     0.00000     0.00000     0.00000     0.00000     0.00000     0.00000     0.00000     0.00000     0.00000     0.00000     0.00000
   -72.86890     0.00000     0.00000     0.00000     0.00000     0.00000     0.00000     0.00000     0.00000     0.00000     0.00000     0.00000     0.00000     0.00000     0.00000     0.00000     0.00000     0.00000
   -72.80390     0.00000     0.00000     0.00000     0.00000     0.00000     0.00000     0.00000     0.00000     0.00000     0.00000     0.00000     0.00000     0.00000     0.00000     0.00000     0.00000     0.00000
   -72.73790     0.00000     0.00000     0.00000     0.00000     0.00000     0.00000     0.00000     0.00000     0.00000     0.00000     0.00000     0.00000     0.00000     0.00000     0.00000     0.00000     0.00000
   -72.67290     0.00000     0.00000     0.00000     0.00000     0.00000     0.00000     0.00000     0.00000     0.00000     0.00000     0.00000     0.00000     0.00000     0.00000     0.00000     0.00000     0.00000
   -72.60690     0.00000     0.00000     0.00000     0.00000     0.00000     0.00000     0.00000     0.00000     0.00000     0.00000     0.00000     0.00000     0.00000     0.00000     0.00000     0.00000     0.00000
   -72.54090     0.00000     0.00000     0.00000     0.00000     0.00000     0.00000     0.00000     0.00000     0.00000     0.00000     0.00000     0.00000     0.00000     0.00000     0.00000     0.00000     0.00000
   -72.47590     0.00000     0.00000     0.00000     0.00000     0.00000     0.00000     0.00000     0.00000     0.00000     0.00000     0.00000     0.00000     0.00000     0.00000     0.00000     0.00000     0.00000
   -72.40990     0.00000     0.00000     0.00000     0.00000     0.00000     0.00000     0.00000     0.00000     0.00000     0.00000     0.00000     0.00000     0.00000     0.00000     0.00000     0.00000     0.00000
   -72.34390     0.00000     0.00000     0.00000     0.00000     0.00000     0.00000     0.00000     0.00000     0.00000     0.00000     0.00000     0.00000     0.00000     0.00000     0.00000     0.00000     0.00000
   -72.27890     0.00000     0.00000     0.00000     0.00000     0.00000     0.00000     0.00000     0.00000     0.00000     0.00000     0.00000     0.00000     0.00000     0.00000     0.00000     0.00000     0.00000
   -72.21290     0.00000     0.00000     0.00000     0.00000     0.00000     0.00000     0.00000     0.00000     0.00000     0.00000     0.00000     0.00000     0.00000     0.00000     0.00000     0.00000     0.00000
   -72.14690     0.00000     0.00000     0.00000     0.00000     0.00000     0.00000     0.00000     0.00000     0.00000     0.00000     0.00000     0.00000     0.00000     0.00000     0.00000     0.00000     0.00000
   -72.08190     0.00000     0.00000     0.00000     0.00000     0.00000     0.00000     0.00000     0.00000     0.00000     0.00000     0.00000     0.00000     0.00000     0.00000     0.00000     0.00000     0.00000
   -72.01590     0.00000     0.00000     0.00000     0.00000     0.00000     0.00000     0.00000     0.00000     0.00000     0.00000     0.00000     0.00000     0.00000     0.00000     0.00000     0.00000     0.00000
   -71.94990     0.00000     0.00000     0.00000     0.00000     0.00000     0.00000     0.00000     0.00000     0.00000     0.00000     0.00000     0.00000     0.00000     0.00000     0.00000     0.00000     0.00000
   -71.88490     0.00000     0.00000     0.00000     0.00000     0.00000     0.00000     0.00000     0.00000     0.00000     0.00000     0.00000     0.00000     0.00000     0.00000     0.00000     0.00000     0.00000
   -71.81890     0.00000     0.00000     0.00000     0.00000     0.00000     0.00000     0.00000     0.00000     0.00000     0.00000     0.00000     0.00000     0.00000     0.00000     0.00000     0.00000     0.00000
   -71.75290     0.00000     0.00000     0.00000     0.00000     0.00000     0.00000     0.00000     0.00000     0.00000     0.00000     0.00000     0.00000     0.00000     0.00000     0.00000     0.00000     0.00000
   -71.68790     0.00000     0.00000     0.00000     0.00000     0.00000     0.00000     0.00000     0.00000     0.00000     0.00000     0.00000     0.00000     0.00000     0.00000     0.00000     0.00000     0.00000
   -71.62190     0.00000     0.00000     0.00000     0.00000     0.00000     0.00000     0.00000     0.00000     0.00000     0.00000     0.00000     0.00000     0.00000     0.00000     0.00000     0.00000     0.00000
   -71.55590     0.00000     0.00000     0.00000     0.00000     0.00000     0.00000     0.00000     0.00000     0.00000     0.00000     0.00000     0.00000     0.00000     0.00000     0.00000     0.00000     0.00000
   -71.49090     0.00000     0.00000     0.00000     0.00000     0.00000     0.00000     0.00000     0.00000     0.00000     0.00000     0.00000     0.00000     0.00000     0.00000     0.00000     0.00000     0.00000
   -71.42490     0.00000     0.00000     0.00000     0.00000     0.00000     0.00000     0.00000     0.00000     0.00000     0.00000     0.00000     0.00000     0.00000     0.00000     0.00000     0.00000     0.00000
   -71.35890     0.00000     0.00000     0.00000     0.00000     0.00000     0.00000     0.00000     0.00000     0.00000     0.00000     0.00000     0.00000     0.00000     0.00000     0.00000     0.00000     0.00000
   -71.29390     0.00000     0.00000     0.00000     0.00000     0.00000     0.00000     0.00000     0.00000     0.00000     0.00000     0.00000     0.00000     0.00000     0.00000     0.00000     0.00000     0.00000
   -71.22790     0.00000     0.00000     0.00000     0.00000     0.00000     0.00000     0.00000     0.00000     0.00000     0.00000     0.00000     0.00000     0.00000     0.00000     0.00000     0.00000     0.00000
   -71.16190     0.00000     0.00000     0.00000     0.00000     0.00000     0.00000     0.00000     0.00000     0.00000     0.00000     0.00000     0.00000     0.00000     0.00000     0.00000     0.00000     0.00000
   -71.09690     0.00000     0.00000     0.00000     0.00000     0.00000     0.00000     0.00000     0.00000     0.00000     0.00000     0.00000     0.00000     0.00000     0.00000     0.00000     0.00000     0.00000
   -71.03090     0.00000     0.00000     0.00000     0.00000     0.00000     0.00000     0.00000     0.00000     0.00000     0.00000     0.00000     0.00000     0.00000     0.00000     0.00000     0.00000     0.00000
   -70.96490     0.00000     0.00000     0.00000     0.00000     0.00000     0.00000     0.00000     0.00000     0.00000     0.00000     0.00000     0.00000     0.00000     0.00000     0.00000     0.00000     0.00000
   -70.89990     0.00000     0.00000     0.00000     0.00000     0.00000     0.00000     0.00000     0.00000     0.00000     0.00000     0.00000     0.00000     0.00000     0.00000     0.00000     0.00000     0.00000
   -70.83390     0.00000     0.00000     0.00000     0.00000     0.00000     0.00000     0.00000     0.00000     0.00000     0.00000     0.00000     0.00000     0.00000     0.00000     0.00000     0.00000     0.00000
   -70.76890     0.00000     0.00000     0.00000     0.00000     0.00000     0.00000     0.00000     0.00000     0.00000     0.00000     0.00000     0.00000     0.00000     0.00000     0.00000     0.00000     0.00000
   -70.70290     0.00000     0.00000     0.00000     0.00000     0.00000     0.00000     0.00000     0.00000     0.00000     0.00000     0.00000     0.00000     0.00000     0.00000     0.00000     0.00000     0.00000
   -70.63690     0.00000     0.00000     0.00000     0.00000     0.00000     0.00000     0.00000     0.00000     0.00000     0.00000     0.00000     0.00000     0.00000     0.00000     0.00000     0.00000     0.00000
   -70.57190     0.00000     0.00000     0.00000     0.00000     0.00000     0.00000     0.00000     0.00000     0.00000     0.00000     0.00000     0.00000     0.00000     0.00000     0.00000     0.00000     0.00000
   -70.50590     0.00000     0.00000     0.00000     0.00000     0.00000     0.00000     0.00000     0.00000     0.00000     0.00000     0.00000     0.00000     0.00000     0.00000     0.00000     0.00000     0.00000
   -70.43990     0.00000     0.00000     0.00000     0.00000     0.00000     0.00000     0.00000     0.00000     0.00000     0.00000     0.00000     0.00000     0.00000     0.00000     0.00000     0.00000     0.00000
   -70.37490     0.00000     0.00000     0.00000     0.00000     0.00000     0.00000     0.00000     0.00000     0.00000     0.00000     0.00000     0.00000     0.00000     0.00000     0.00000     0.00000     0.00000
   -70.30890     0.00000     0.00000     0.00000     0.00000     0.00000     0.00000     0.00000     0.00000     0.00000     0.00000     0.00000     0.00000     0.00000     0.00000     0.00000     0.00000     0.00000
   -70.24290     0.00000     0.00000     0.00000     0.00000     0.00000     0.00000     0.00000     0.00000     0.00000     0.00000     0.00000     0.00000     0.00000     0.00000     0.00000     0.00000     0.00000
   -70.17790     0.00000     0.00000     0.00000     0.00000     0.00000     0.00000     0.00000     0.00000     0.00000     0.00000     0.00000     0.00000     0.00000     0.00000     0.00000     0.00000     0.00000
   -70.11190     0.00000     0.00000     0.00000     0.00000     0.00000     0.00000     0.00000     0.00000     0.00000     0.00000     0.00000     0.00000     0.00000     0.00000     0.00000     0.00000     0.00000
   -70.04590     0.00000     0.00000     0.00000     0.00000     0.00000     0.00000     0.00000     0.00000     0.00000     0.00000     0.00000     0.00000     0.00000     0.00000     0.00000     0.00000     0.00000
   -69.98090     0.00000     0.00000     0.00000     0.00000     0.00000     0.00000     0.00000     0.00000     0.00000     0.00000     0.00000     0.00000     0.00000     0.00000     0.00000     0.00000     0.00000
   -69.91490     0.00000     0.00000     0.00000     0.00000     0.00000     0.00000     0.00000     0.00000     0.00000     0.00000     0.00000     0.00000     0.00000     0.00000     0.00000     0.00000     0.00000
   -69.84890     0.00000     0.00000     0.00000     0.00000     0.00000     0.00000     0.00000     0.00000     0.00000     0.00000     0.00000     0.00000     0.00000     0.00000     0.00000     0.00000     0.00000
   -69.78390     0.00000     0.00000     0.00000     0.00000     0.00000     0.00000     0.00000     0.00000     0.00000     0.00000     0.00000     0.00000     0.00000     0.00000     0.00000     0.00000     0.00000
   -69.71790     0.00000     0.00000     0.00000     0.00000     0.00000     0.00000     0.00000     0.00000     0.00000     0.00000     0.00000     0.00000     0.00000     0.00000     0.00000     0.00000     0.00000
   -69.65190     0.00000     0.00000     0.00000     0.00000     0.00000     0.00000     0.00000     0.00000     0.00000     0.00000     0.00000     0.00000     0.00000     0.00000     0.00000     0.00000     0.00000
   -69.58690     0.00000     0.00000     0.00000     0.00000     0.00000     0.00000     0.00000     0.00000     0.00000     0.00000     0.00000     0.00000     0.00000     0.00000     0.00000     0.00000     0.00000
   -69.52090     0.00000     0.00000     0.00000     0.00000     0.00000     0.00000     0.00000     0.00000     0.00000     0.00000     0.00000     0.00000     0.00000     0.00000     0.00000     0.00000     0.00000
   -69.45490     0.00000     0.00000     0.00000     0.00000     0.00000     0.00000     0.00000     0.00000     0.00000     0.00000     0.00000     0.00000     0.00000     0.00000     0.00000     0.00000     0.00000
   -69.38990     0.00000     0.00000     0.00000     0.00000     0.00000     0.00000     0.00000     0.00000     0.00000     0.00000     0.00000     0.00000     0.00000     0.00000     0.00000     0.00000     0.00000
   -69.32390     0.00000     0.00000     0.00000     0.00000     0.00000     0.00000     0.00000     0.00000     0.00000     0.00000     0.00000     0.00000     0.00000     0.00000     0.00000     0.00000     0.00000
   -69.25790     0.00000     0.00000     0.00000     0.00000     0.00000     0.00000     0.00000     0.00000     0.00000     0.00000     0.00000     0.00000     0.00000     0.00000     0.00000     0.00000     0.00000
   -69.19290     0.00000     0.00000     0.00000     0.00000     0.00000     0.00000     0.00000     0.00000     0.00000     0.00000     0.00000     0.00000     0.00000     0.00000     0.00000     0.00000     0.00000
   -69.12690     0.00000     0.00000     0.00000     0.00000     0.00000     0.00000     0.00000     0.00000     0.00000     0.00000     0.00000     0.00000     0.00000     0.00000     0.00000     0.00000     0.00000
   -69.06190     0.00000     0.00000     0.00000     0.00000     0.00000     0.00000     0.00000     0.00000     0.00000     0.00000     0.00000     0.00000     0.00000     0.00000     0.00000     0.00000     0.00000
   -68.99590     0.00000     0.00000     0.00000     0.00000     0.00000     0.00000     0.00000     0.00000     0.00000     0.00000     0.00000     0.00000     0.00000     0.00000     0.00000     0.00000     0.00000
   -68.92990     0.00000     0.00000     0.00000     0.00000     0.00000     0.00000     0.00000     0.00000     0.00000     0.00000     0.00000     0.00000     0.00000     0.00000     0.00000     0.00000     0.00000
   -68.86490     0.00000     0.00000     0.00000     0.00000     0.00000     0.00000     0.00000     0.00000     0.00000     0.00000     0.00000     0.00000     0.00000     0.00000     0.00000     0.00000     0.00000
   -68.79890     0.00000     0.00000     0.00000     0.00000     0.00000     0.00000     0.00000     0.00000     0.00000     0.00000     0.00000     0.00000     0.00000     0.00000     0.00000     0.00000     0.00000
   -68.73290     0.00000     0.00000     0.00000     0.00000     0.00000     0.00000     0.00000     0.00000     0.00000     0.00000     0.00000     0.00000     0.00000     0.00000     0.00000     0.00000     0.00000
   -68.66790     0.00000     0.00000     0.00000     0.00000     0.00000     0.00000     0.00000     0.00000     0.00000     0.00000     0.00000     0.00000     0.00000     0.00000     0.00000     0.00000     0.00000
   -68.60190     0.00000     0.00000     0.00000     0.00000     0.00000     0.00000     0.00000     0.00000     0.00000     0.00000     0.00000     0.00000     0.00000     0.00000     0.00000     0.00000     0.00000
   -68.53590     0.00000     0.00000     0.00000     0.00000     0.00000     0.00000     0.00000     0.00000     0.00000     0.00000     0.00000     0.00000     0.00000     0.00000     0.00000     0.00000     0.00000
   -68.47090     0.00000     0.00000     0.00000     0.00000     0.00000     0.00000     0.00000     0.00000     0.00000     0.00000     0.00000     0.00000     0.00000     0.00000     0.00000     0.00000     0.00000
   -68.40490     0.00000     0.00000     0.00000     0.00000     0.00000     0.00000     0.00000     0.00000     0.00000     0.00000     0.00000     0.00000     0.00000     0.00000     0.00000     0.00000     0.00000
   -68.33890     0.00000     0.00000     0.00000     0.00000     0.00000     0.00000     0.00000     0.00000     0.00000     0.00000     0.00000     0.00000     0.00000     0.00000     0.00000     0.00000     0.00000
   -68.27390     0.00000     0.00000     0.00000     0.00000     0.00000     0.00000     0.00000     0.00000     0.00000     0.00000     0.00000     0.00000     0.00000     0.00000     0.00000     0.00000     0.00000
   -68.20790     0.00000     0.00000     0.00000     0.00000     0.00000     0.00000     0.00000     0.00000     0.00000     0.00000     0.00000     0.00000     0.00000     0.00000     0.00000     0.00000     0.00000
   -68.14190     0.00000     0.00000     0.00000     0.00000     0.00000     0.00000     0.00000     0.00000     0.00000     0.00000     0.00000     0.00000     0.00000     0.00000     0.00000     0.00000     0.00000
   -68.07690     0.00000     0.00000     0.00000     0.00000     0.00000     0.00000     0.00000     0.00000     0.00000     0.00000     0.00000     0.00000     0.00000     0.00000     0.00000     0.00000     0.00000
   -68.01090     0.00000     0.00000     0.00000     0.00000     0.00000     0.00000     0.00000     0.00000     0.00000     0.00000     0.00000     0.00000     0.00000     0.00000     0.00000     0.00000     0.00000
   -67.94490     0.00000     0.00000     0.00000     0.00000     0.00000     0.00000     0.00000     0.00000     0.00000     0.00000     0.00000     0.00000     0.00000     0.00000     0.00000     0.00000     0.00000
   -67.87990     0.00000     0.00000     0.00000     0.00000     0.00000     0.00000     0.00000     0.00000     0.00000     0.00000     0.00000     0.00000     0.00000     0.00000     0.00000     0.00000     0.00000
   -67.81390     0.00000     0.00000     0.00000     0.00000     0.00000     0.00000     0.00000     0.00000     0.00000     0.00000     0.00000     0.00000     0.00000     0.00000     0.00000     0.00000     0.00000
   -67.74790     0.00000     0.00000     0.00000     0.00000     0.00000     0.00000     0.00000     0.00000     0.00000     0.00000     0.00000     0.00000     0.00000     0.00000     0.00000     0.00000     0.00000
   -67.68290     0.00000     0.00000     0.00000     0.00000     0.00000     0.00000     0.00000     0.00000     0.00000     0.00000     0.00000     0.00000     0.00000     0.00000     0.00000     0.00000     0.00000
   -67.61690     0.00000     0.00000     0.00000     0.00000     0.00000     0.00000     0.00000     0.00000     0.00000     0.00000     0.00000     0.00000     0.00000     0.00000     0.00000     0.00000     0.00000
   -67.55090     0.00000     0.00000     0.00000     0.00000     0.00000     0.00000     0.00000     0.00000     0.00000     0.00000     0.00000     0.00000     0.00000     0.00000     0.00000     0.00000     0.00000
   -67.48590     0.00000     0.00000     0.00000     0.00000     0.00000     0.00000     0.00000     0.00000     0.00000     0.00000     0.00000     0.00000     0.00000     0.00000     0.00000     0.00000     0.00000
   -67.41990     0.00000     0.00000     0.00000     0.00000     0.00000     0.00000     0.00000     0.00000     0.00000     0.00000     0.00000     0.00000     0.00000     0.00000     0.00000     0.00000     0.00000
   -67.35390     0.00000     0.00000     0.00000     0.00000     0.00000     0.00000     0.00000     0.00000     0.00000     0.00000     0.00000     0.00000     0.00000     0.00000     0.00000     0.00000     0.00000
   -67.28890     0.00000     0.00000     0.00000     0.00000     0.00000     0.00000     0.00000     0.00000     0.00000     0.00000     0.00000     0.00000     0.00000     0.00000     0.00000     0.00000     0.00000
   -67.22290     0.00000     0.00000     0.00000     0.00000     0.00000     0.00000     0.00000     0.00000     0.00000     0.00000     0.00000     0.00000     0.00000     0.00000     0.00000     0.00000     0.00000
   -67.15790     0.00000     0.00000     0.00000     0.00000     0.00000     0.00000     0.00000     0.00000     0.00000     0.00000     0.00000     0.00000     0.00000     0.00000     0.00000     0.00000     0.00000
   -67.09190     0.00000     0.00000     0.00000     0.00000     0.00000     0.00000     0.00000     0.00000     0.00000     0.00000     0.00000     0.00000     0.00000     0.00000     0.00000     0.00000     0.00000
   -67.02590     0.00000     0.00000     0.00000     0.00000     0.00000     0.00000     0.00000     0.00000     0.00000     0.00000     0.00000     0.00000     0.00000     0.00000     0.00000     0.00000     0.00000
   -66.96090     0.00000     0.00000     0.00000     0.00000     0.00000     0.00000     0.00000     0.00000     0.00000     0.00000     0.00000     0.00000     0.00000     0.00000     0.00000     0.00000     0.00000
   -66.89490     0.00000     0.00000     0.00000     0.00000     0.00000     0.00000     0.00000     0.00000     0.00000     0.00000     0.00000     0.00000     0.00000     0.00000     0.00000     0.00000     0.00000
   -66.82890     0.00000     0.00000     0.00000     0.00000     0.00000     0.00000     0.00000     0.00000     0.00000     0.00000     0.00000     0.00000     0.00000     0.00000     0.00000     0.00000     0.00000
   -66.76390     0.00000     0.00000     0.00000     0.00000     0.00000     0.00000     0.00000     0.00000     0.00000     0.00000     0.00000     0.00000     0.00000     0.00000     0.00000     0.00000     0.00000
   -66.69790     0.00000     0.00000     0.00000     0.00000     0.00000     0.00000     0.00000     0.00000     0.00000     0.00000     0.00000     0.00000     0.00000     0.00000     0.00000     0.00000     0.00000
   -66.63190     0.00000     0.00000     0.00000     0.00000     0.00000     0.00000     0.00000     0.00000     0.00000     0.00000     0.00000     0.00000     0.00000     0.00000     0.00000     0.00000     0.00000
   -66.56690     0.00000     0.00000     0.00000     0.00000     0.00000     0.00000     0.00000     0.00000     0.00000     0.00000     0.00000     0.00000     0.00000     0.00000     0.00000     0.00000     0.00000
   -66.50090     0.00000     0.00000     0.00000     0.00000     0.00000     0.00000     0.00000     0.00000     0.00000     0.00000     0.00000     0.00000     0.00000     0.00000     0.00000     0.00000     0.00000
   -66.43490     0.00000     0.00000     0.00000     0.00000     0.00000     0.00000     0.00000     0.00000     0.00000     0.00000     0.00000     0.00000     0.00000     0.00000     0.00000     0.00000     0.00000
   -66.36990     0.00000     0.00000     0.00000     0.00000     0.00000     0.00000     0.00000     0.00000     0.00000     0.00000     0.00000     0.00000     0.00000     0.00000     0.00000     0.00000     0.00000
   -66.30390     0.00000     0.00000     0.00000     0.00000     0.00000     0.00000     0.00000     0.00000     0.00000     0.00000     0.00000     0.00000     0.00000     0.00000     0.00000     0.00000     0.00000
   -66.23790     0.00000     0.00000     0.00000     0.00000     0.00000     0.00000     0.00000     0.00000     0.00000     0.00000     0.00000     0.00000     0.00000     0.00000     0.00000     0.00000     0.00000
   -66.17290     0.00000     0.00000     0.00000     0.00000     0.00000     0.00000     0.00000     0.00000     0.00000     0.00000     0.00000     0.00000     0.00000     0.00000     0.00000     0.00000     0.00000
   -66.10690     0.00000     0.00000     0.00000     0.00000     0.00000     0.00000     0.00000     0.00000     0.00000     0.00000     0.00000     0.00000     0.00000     0.00000     0.00000     0.00000     0.00000
   -66.04090     0.00000     0.00000     0.00000     0.00000     0.00000     0.00000     0.00000     0.00000     0.00000     0.00000     0.00000     0.00000     0.00000     0.00000     0.00000     0.00000     0.00000
   -65.97590     0.00000     0.00000     0.00000     0.00000     0.00000     0.00000     0.00000     0.00000     0.00000     0.00000     0.00000     0.00000     0.00000     0.00000     0.00000     0.00000     0.00000
   -65.90990     0.00000     0.00000     0.00000     0.00000     0.00000     0.00000     0.00000     0.00000     0.00000     0.00000     0.00000     0.00000     0.00000     0.00000     0.00000     0.00000     0.00000
   -65.84390     0.00000     0.00000     0.00000     0.00000     0.00000     0.00000     0.00000     0.00000     0.00000     0.00000     0.00000     0.00000     0.00000     0.00000     0.00000     0.00000     0.00000
   -65.77890     0.00000     0.00000     0.00000     0.00000     0.00000     0.00000     0.00000     0.00000     0.00000     0.00000     0.00000     0.00000     0.00000     0.00000     0.00000     0.00000     0.00000
   -65.71290     0.00000     0.00000     0.00000     0.00000     0.00000     0.00000     0.00000     0.00000     0.00000     0.00000     0.00000     0.00000     0.00000     0.00000     0.00000     0.00000     0.00000
   -65.64690     0.00000     0.00000     0.00000     0.00000     0.00000     0.00000     0.00000     0.00000     0.00000     0.00000     0.00000     0.00000     0.00000     0.00000     0.00000     0.00000     0.00000
   -65.58190     0.00000     0.00000     0.00000     0.00000     0.00000     0.00000     0.00000     0.00000     0.00000     0.00000     0.00000     0.00000     0.00000     0.00000     0.00000     0.00000     0.00000
   -65.51590     0.00000     0.00000     0.00000     0.00000     0.00000     0.00000     0.00000     0.00000     0.00000     0.00000     0.00000     0.00000     0.00000     0.00000     0.00000     0.00000     0.00000
   -65.45090     0.00000     0.00000     0.00000     0.00000     0.00000     0.00000     0.00000     0.00000     0.00000     0.00000     0.00000     0.00000     0.00000     0.00000     0.00000     0.00000     0.00000
   -65.38490     0.00000     0.00000     0.00000     0.00000     0.00000     0.00000     0.00000     0.00000     0.00000     0.00000     0.00000     0.00000     0.00000     0.00000     0.00000     0.00000     0.00000
   -65.31890     0.00000     0.00000     0.00000     0.00000     0.00000     0.00000     0.00000     0.00000     0.00000     0.00000     0.00000     0.00000     0.00000     0.00000     0.00000     0.00000     0.00000
   -65.25390     0.00000     0.00000     0.00000     0.00000     0.00000     0.00000     0.00000     0.00000     0.00000     0.00000     0.00000     0.00000     0.00000     0.00000     0.00000     0.00000     0.00000
   -65.18790     0.00000     0.00000     0.00000     0.00000     0.00000     0.00000     0.00000     0.00000     0.00000     0.00000     0.00000     0.00000     0.00000     0.00000     0.00000     0.00000     0.00000
   -65.12190     0.00000     0.00000     0.00000     0.00000     0.00000     0.00000     0.00000     0.00000     0.00000     0.00000     0.00000     0.00000     0.00000     0.00000     0.00000     0.00000     0.00000
   -65.05690     0.00000     0.00000     0.00000     0.00000     0.00000     0.00000     0.00000     0.00000     0.00000     0.00000     0.00000     0.00000     0.00000     0.00000     0.00000     0.00000     0.00000
   -64.99090     0.00000     0.00000     0.00000     0.00000     0.00000     0.00000     0.00000     0.00000     0.00000     0.00000     0.00000     0.00000     0.00000     0.00000     0.00000     0.00000     0.00000
   -64.92490     0.00000     0.00000     0.00000     0.00000     0.00000     0.00000     0.00000     0.00000     0.00000     0.00000     0.00000     0.00000     0.00000     0.00000     0.00000     0.00000     0.00000
   -64.85990     0.00000     0.00000     0.00000     0.00000     0.00000     0.00000     0.00000     0.00000     0.00000     0.00000     0.00000     0.00000     0.00000     0.00000     0.00000     0.00000     0.00000
   -64.79390     0.00000     0.00000     0.00000     0.00000     0.00000     0.00000     0.00000     0.00000     0.00000     0.00000     0.00000     0.00000     0.00000     0.00000     0.00000     0.00000     0.00000
   -64.72790     0.00000     0.00000     0.00000     0.00000     0.00000     0.00000     0.00000     0.00000     0.00000     0.00000     0.00000     0.00000     0.00000     0.00000     0.00000     0.00000     0.00000
   -64.66290     0.00000     0.00000     0.00000     0.00000     0.00000     0.00000     0.00000     0.00000     0.00000     0.00000     0.00000     0.00000     0.00000     0.00000     0.00000     0.00000     0.00000
   -64.59690     0.00000     0.00000     0.00000     0.00000     0.00000     0.00000     0.00000     0.00000     0.00000     0.00000     0.00000     0.00000     0.00000     0.00000     0.00000     0.00000     0.00000
   -64.53090     0.00000     0.00000     0.00000     0.00000     0.00000     0.00000     0.00000     0.00000     0.00000     0.00000     0.00000     0.00000     0.00000     0.00000     0.00000     0.00000     0.00000
   -64.46590     0.00000     0.00000     0.00000     0.00000     0.00000     0.00000     0.00000     0.00000     0.00000     0.00000     0.00000     0.00000     0.00000     0.00000     0.00000     0.00000     0.00000
   -64.39990     0.00000     0.00000     0.00000     0.00000     0.00000     0.00000     0.00000     0.00000     0.00000     0.00000     0.00000     0.00000     0.00000     0.00000     0.00000     0.00000     0.00000
   -64.33390     0.00000     0.00000     0.00000     0.00000     0.00000     0.00000     0.00000     0.00000     0.00000     0.00000     0.00000     0.00000     0.00000     0.00000     0.00000     0.00000     0.00000
   -64.26890     0.00000     0.00000     0.00000     0.00000     0.00000     0.00000     0.00000     0.00000     0.00000     0.00000     0.00000     0.00000     0.00000     0.00000     0.00000     0.00000     0.00000
   -64.20290     0.00000     0.00000     0.00000     0.00000     0.00000     0.00000     0.00000     0.00000     0.00000     0.00000     0.00000     0.00000     0.00000     0.00000     0.00000     0.00000     0.00000
   -64.13690     0.00000     0.00000     0.00000     0.00000     0.00000     0.00000     0.00000     0.00000     0.00000     0.00000     0.00000     0.00000     0.00000     0.00000     0.00000     0.00000     0.00000
   -64.07190     0.00000     0.00000     0.00000     0.00000     0.00000     0.00000     0.00000     0.00000     0.00000     0.00000     0.00000     0.00000     0.00000     0.00000     0.00000     0.00000     0.00000
   -64.00590     0.00000     0.00000     0.00000     0.00000     0.00000     0.00000     0.00000     0.00000     0.00000     0.00000     0.00000     0.00000     0.00000     0.00000     0.00000     0.00000     0.00000
   -63.93990     0.00000     0.00000     0.00000     0.00000     0.00000     0.00000     0.00000     0.00000     0.00000     0.00000     0.00000     0.00000     0.00000     0.00000     0.00000     0.00000     0.00000
   -63.87490     0.00000     0.00000     0.00000     0.00000     0.00000     0.00000     0.00000     0.00000     0.00000     0.00000     0.00000     0.00000     0.00000     0.00000     0.00000     0.00000     0.00000
   -63.80890     0.00000     0.00000     0.00000     0.00000     0.00000     0.00000     0.00000     0.00000     0.00000     0.00000     0.00000     0.00000     0.00000     0.00000     0.00000     0.00000     0.00000
   -63.74290     0.00000     0.00000     0.00000     0.00000     0.00000     0.00000     0.00000     0.00000     0.00000     0.00000     0.00000     0.00000     0.00000     0.00000     0.00000     0.00000     0.00000
   -63.67790     0.00000     0.00000     0.00000     0.00000     0.00000     0.00000     0.00000     0.00000     0.00000     0.00000     0.00000     0.00000     0.00000     0.00000     0.00000     0.00000     0.00000
   -63.61190     0.00000     0.00000     0.00000     0.00000     0.00000     0.00000     0.00000     0.00000     0.00000     0.00000     0.00000     0.00000     0.00000     0.00000     0.00000     0.00000     0.00000
   -63.54690     0.00000     0.00000     0.00000     0.00000     0.00000     0.00000     0.00000     0.00000     0.00000     0.00000     0.00000     0.00000     0.00000     0.00000     0.00000     0.00000     0.00000
   -63.48090     0.00000     0.00000     0.00000     0.00000     0.00000     0.00000     0.00000     0.00000     0.00000     0.00000     0.00000     0.00000     0.00000     0.00000     0.00000     0.00000     0.00000
   -63.41490     0.00000     0.00000     0.00000     0.00000     0.00000     0.00000     0.00000     0.00000     0.00000     0.00000     0.00000     0.00000     0.00000     0.00000     0.00000     0.00000     0.00000
   -63.34990     0.00000     0.00000     0.00000     0.00000     0.00000     0.00000     0.00000     0.00000     0.00000     0.00000     0.00000     0.00000     0.00000     0.00000     0.00000     0.00000     0.00000
   -63.28390     0.00000     0.00000     0.00000     0.00000     0.00000     0.00000     0.00000     0.00000     0.00000     0.00000     0.00000     0.00000     0.00000     0.00000     0.00000     0.00000     0.00000
   -63.21790     0.00000     0.00000     0.00000     0.00000     0.00000     0.00000     0.00000     0.00000     0.00000     0.00000     0.00000     0.00000     0.00000     0.00000     0.00000     0.00000     0.00000
   -63.15290     0.00000     0.00000     0.00000     0.00000     0.00000     0.00000     0.00000     0.00000     0.00000     0.00000     0.00000     0.00000     0.00000     0.00000     0.00000     0.00000     0.00000
   -63.08690     0.00000     0.00000     0.00000     0.00000     0.00000     0.00000     0.00000     0.00000     0.00000     0.00000     0.00000     0.00000     0.00000     0.00000     0.00000     0.00000     0.00000
   -63.02090     0.00000     0.00000     0.00000     0.00000     0.00000     0.00000     0.00000     0.00000     0.00000     0.00000     0.00000     0.00000     0.00000     0.00000     0.00000     0.00000     0.00000
   -62.95590     0.00000     0.00000     0.00000     0.00000     0.00000     0.00000     0.00000     0.00000     0.00000     0.00000     0.00000     0.00000     0.00000     0.00000     0.00000     0.00000     0.00000
   -62.88990     0.00000     0.00000     0.00000     0.00000     0.00000     0.00000     0.00000     0.00000     0.00000     0.00000     0.00000     0.00000     0.00000     0.00000     0.00000     0.00000     0.00000
   -62.82390     0.00000     0.00000     0.00000     0.00000     0.00000     0.00000     0.00000     0.00000     0.00000     0.00000     0.00000     0.00000     0.00000     0.00000     0.00000     0.00000     0.00000
   -62.75890     0.00000     0.00000     0.00000     0.00000     0.00000     0.00000     0.00000     0.00000     0.00000     0.00000     0.00000     0.00000     0.00000     0.00000     0.00000     0.00000     0.00000
   -62.69290     0.00000     0.00000     0.00000     0.00000     0.00000     0.00000     0.00000     0.00000     0.00000     0.00000     0.00000     0.00000     0.00000     0.00000     0.00000     0.00000     0.00000
   -62.62690     0.00000     0.00000     0.00000     0.00000     0.00000     0.00000     0.00000     0.00000     0.00000     0.00000     0.00000     0.00000     0.00000     0.00000     0.00000     0.00000     0.00000
   -62.56190     0.00000     0.00000     0.00000     0.00000     0.00000     0.00000     0.00000     0.00000     0.00000     0.00000     0.00000     0.00000     0.00000     0.00000     0.00000     0.00000     0.00000
   -62.49590     0.00000     0.00000     0.00000     0.00000     0.00000     0.00000     0.00000     0.00000     0.00000     0.00000     0.00000     0.00000     0.00000     0.00000     0.00000     0.00000     0.00000
   -62.42990     0.00000     0.00000     0.00000     0.00000     0.00000     0.00000     0.00000     0.00000     0.00000     0.00000     0.00000     0.00000     0.00000     0.00000     0.00000     0.00000     0.00000
   -62.36490     0.00000     0.00000     0.00000     0.00000     0.00000     0.00000     0.00000     0.00000     0.00000     0.00000     0.00000     0.00000     0.00000     0.00000     0.00000     0.00000     0.00000
   -62.29890     0.00000     0.00000     0.00000     0.00000     0.00000     0.00000     0.00000     0.00000     0.00000     0.00000     0.00000     0.00000     0.00000     0.00000     0.00000     0.00000     0.00000
   -62.23290     0.00000     0.00000     0.00000     0.00000     0.00000     0.00000     0.00000     0.00000     0.00000     0.00000     0.00000     0.00000     0.00000     0.00000     0.00000     0.00000     0.00000
   -62.16790     0.00000     0.00000     0.00000     0.00000     0.00000     0.00000     0.00000     0.00000     0.00000     0.00000     0.00000     0.00000     0.00000     0.00000     0.00000     0.00000     0.00000
   -62.10190     0.00000     0.00000     0.00000     0.00000     0.00000     0.00000     0.00000     0.00000     0.00000     0.00000     0.00000     0.00000     0.00000     0.00000     0.00000     0.00000     0.00000
   -62.03590     0.00000     0.00000     0.00000     0.00000     0.00000     0.00000     0.00000     0.00000     0.00000     0.00000     0.00000     0.00000     0.00000     0.00000     0.00000     0.00000     0.00000
   -61.97090     0.00000     0.00000     0.00000     0.00000     0.00000     0.00000     0.00000     0.00000     0.00000     0.00000     0.00000     0.00000     0.00000     0.00000     0.00000     0.00000     0.00000
   -61.90490     0.00000     0.00000     0.00000     0.00000     0.00000     0.00000     0.00000     0.00000     0.00000     0.00000     0.00000     0.00000     0.00000     0.00000     0.00000     0.00000     0.00000
   -61.83990     0.00000     0.00000     0.00000     0.00000     0.00000     0.00000     0.00000     0.00000     0.00000     0.00000     0.00000     0.00000     0.00000     0.00000     0.00000     0.00000     0.00000
   -61.77390     0.00000     0.00000     0.00000     0.00000     0.00000     0.00000     0.00000     0.00000     0.00000     0.00000     0.00000     0.00000     0.00000     0.00000     0.00000     0.00000     0.00000
   -61.70790     0.00000     0.00000     0.00000     0.00000     0.00000     0.00000     0.00000     0.00000     0.00000     0.00000     0.00000     0.00000     0.00000     0.00000     0.00000     0.00000     0.00000
   -61.64290     0.00000     0.00000     0.00000     0.00000     0.00000     0.00000     0.00000     0.00000     0.00000     0.00000     0.00000     0.00000     0.00000     0.00000     0.00000     0.00000     0.00000
   -61.57690     0.00000     0.00000     0.00000     0.00000     0.00000     0.00000     0.00000     0.00000     0.00000     0.00000     0.00000     0.00000     0.00000     0.00000     0.00000     0.00000     0.00000
   -61.51090     0.00000     0.00000     0.00000     0.00000     0.00000     0.00000     0.00000     0.00000     0.00000     0.00000     0.00000     0.00000     0.00000     0.00000     0.00000     0.00000     0.00000
   -61.44590     0.00000     0.00000     0.00000     0.00000     0.00000     0.00000     0.00000     0.00000     0.00000     0.00000     0.00000     0.00000     0.00000     0.00000     0.00000     0.00000     0.00000
   -61.37990     0.00000     0.00000     0.00000     0.00000     0.00000     0.00000     0.00000     0.00000     0.00000     0.00000     0.00000     0.00000     0.00000     0.00000     0.00000     0.00000     0.00000
   -61.31390     0.00000     0.00000     0.00000     0.00000     0.00000     0.00000     0.00000     0.00000     0.00000     0.00000     0.00000     0.00000     0.00000     0.00000     0.00000     0.00000     0.00000
   -61.24890     0.00000     0.00000     0.00000     0.00000     0.00000     0.00000     0.00000     0.00000     0.00000     0.00000     0.00000     0.00000     0.00000     0.00000     0.00000     0.00000     0.00000
   -61.18290     0.00000     0.00000     0.00000     0.00000     0.00000     0.00000     0.00000     0.00000     0.00000     0.00000     0.00000     0.00000     0.00000     0.00000     0.00000     0.00000     0.00000
   -61.11690     0.00000     0.00000     0.00000     0.00000     0.00000     0.00000     0.00000     0.00000     0.00000     0.00000     0.00000     0.00000     0.00000     0.00000     0.00000     0.00000     0.00000
   -61.05190     0.00000     0.00000     0.00000     0.00000     0.00000     0.00000     0.00000     0.00000     0.00000     0.00000     0.00000     0.00000     0.00000     0.00000     0.00000     0.00000     0.00000
   -60.98590     0.00000     0.00000     0.00000     0.00000     0.00000     0.00000     0.00000     0.00000     0.00000     0.00000     0.00000     0.00000     0.00000     0.00000     0.00000     0.00000     0.00000
   -60.91990     0.00000     0.00000     0.00000     0.00000     0.00000     0.00000     0.00000     0.00000     0.00000     0.00000     0.00000     0.00000     0.00000     0.00000     0.00000     0.00000     0.00000
   -60.85490     0.00000     0.00000     0.00000     0.00000     0.00000     0.00000     0.00000     0.00000     0.00000     0.00000     0.00000     0.00000     0.00000     0.00000     0.00000     0.00000     0.00000
   -60.78890     0.00000     0.00000     0.00000     0.00000     0.00000     0.00000     0.00000     0.00000     0.00000     0.00000     0.00000     0.00000     0.00000     0.00000     0.00000     0.00000     0.00000
   -60.72290     0.00000     0.00000     0.00000     0.00000     0.00000     0.00000     0.00000     0.00000     0.00000     0.00000     0.00000     0.00000     0.00000     0.00000     0.00000     0.00000     0.00000
   -60.65790     0.00000     0.00000     0.00000     0.00000     0.00000     0.00000     0.00000     0.00000     0.00000     0.00000     0.00000     0.00000     0.00000     0.00000     0.00000     0.00000     0.00000
   -60.59190     0.00000     0.00000     0.00000     0.00000     0.00000     0.00000     0.00000     0.00000     0.00000     0.00000     0.00000     0.00000     0.00000     0.00000     0.00000     0.00000     0.00000
   -60.52590     0.00000     0.00000     0.00000     0.00000     0.00000     0.00000     0.00000     0.00000     0.00000     0.00000     0.00000     0.00000     0.00000     0.00000     0.00000     0.00000     0.00000
   -60.46090     0.00000     0.00000     0.00000     0.00000     0.00000     0.00000     0.00000     0.00000     0.00000     0.00000     0.00000     0.00000     0.00000     0.00000     0.00000     0.00000     0.00000
   -60.39490     0.00000     0.00000     0.00000     0.00000     0.00000     0.00000     0.00000     0.00000     0.00000     0.00000     0.00000     0.00000     0.00000     0.00000     0.00000     0.00000     0.00000
   -60.32890     0.00000     0.00000     0.00000     0.00000     0.00000     0.00000     0.00000     0.00000     0.00000     0.00000     0.00000     0.00000     0.00000     0.00000     0.00000     0.00000     0.00000
   -60.26390     0.00000     0.00000     0.00000     0.00000     0.00000     0.00000     0.00000     0.00000     0.00000     0.00000     0.00000     0.00000     0.00000     0.00000     0.00000     0.00000     0.00000
   -60.19790     0.00000     0.00000     0.00000     0.00000     0.00000     0.00000     0.00000     0.00000     0.00000     0.00000     0.00000     0.00000     0.00000     0.00000     0.00000     0.00000     0.00000
   -60.13190     0.00000     0.00000     0.00000     0.00000     0.00000     0.00000     0.00000     0.00000     0.00000     0.00000     0.00000     0.00000     0.00000     0.00000     0.00000     0.00000     0.00000
   -60.06690     0.00000     0.00000     0.00000     0.00000     0.00000     0.00000     0.00000     0.00000     0.00000     0.00000     0.00000     0.00000     0.00000     0.00000     0.00000     0.00000     0.00000
   -60.00090     0.00000     0.00000     0.00000     0.00000     0.00000     0.00000     0.00000     0.00000     0.00000     0.00000     0.00000     0.00000     0.00000     0.00000     0.00000     0.00000     0.00000
   -59.93590     0.00000     0.00000     0.00000     0.00000     0.00000     0.00000     0.00000     0.00000     0.00000     0.00000     0.00000     0.00000     0.00000     0.00000     0.00000     0.00000     0.00000
   -59.86990     0.00000     0.00000     0.00000     0.00000     0.00000     0.00000     0.00000     0.00000     0.00000     0.00000     0.00000     0.00000     0.00000     0.00000     0.00000     0.00000     0.00000
   -59.80390     0.00000     0.00000     0.00000     0.00000     0.00000     0.00000     0.00000     0.00000     0.00000     0.00000     0.00000     0.00000     0.00000     0.00000     0.00000     0.00000     0.00000
   -59.73890     0.00000     0.00000     0.00000     0.00000     0.00000     0.00000     0.00000     0.00000     0.00000     0.00000     0.00000     0.00000     0.00000     0.00000     0.00000     0.00000     0.00000
   -59.67290     0.00000     0.00000     0.00000     0.00000     0.00000     0.00000     0.00000     0.00000     0.00000     0.00000     0.00000     0.00000     0.00000     0.00000     0.00000     0.00000     0.00000
   -59.60690     0.00000     0.00000     0.00000     0.00000     0.00000     0.00000     0.00000     0.00000     0.00000     0.00000     0.00000     0.00000     0.00000     0.00000     0.00000     0.00000     0.00000
   -59.54190     0.00000     0.00000     0.00000     0.00000     0.00000     0.00000     0.00000     0.00000     0.00000     0.00000     0.00000     0.00000     0.00000     0.00000     0.00000     0.00000     0.00000
   -59.47590     0.00000     0.00000     0.00000     0.00000     0.00000     0.00000     0.00000     0.00000     0.00000     0.00000     0.00000     0.00000     0.00000     0.00000     0.00000     0.00000     0.00000
   -59.40990     0.00000     0.00000     0.00000     0.00000     0.00000     0.00000     0.00000     0.00000     0.00000     0.00000     0.00000     0.00000     0.00000     0.00000     0.00000     0.00000     0.00000
   -59.34490     0.00000     0.00000     0.00000     0.00000     0.00000     0.00000     0.00000     0.00000     0.00000     0.00000     0.00000     0.00000     0.00000     0.00000     0.00000     0.00000     0.00000
   -59.27890     0.00000     0.00000     0.00000     0.00000     0.00000     0.00000     0.00000     0.00000     0.00000     0.00000     0.00000     0.00000     0.00000     0.00000     0.00000     0.00000     0.00000
   -59.21290     0.00000     0.00000     0.00000     0.00000     0.00000     0.00000     0.00000     0.00000     0.00000     0.00000     0.00000     0.00000     0.00000     0.00000     0.00000     0.00000     0.00000
   -59.14790     0.00000     0.00000     0.00000     0.00000     0.00000     0.00000     0.00000     0.00000     0.00000     0.00000     0.00000     0.00000     0.00000     0.00000     0.00000     0.00000     0.00000
   -59.08190     0.00000     0.00000     0.00000     0.00000     0.00000     0.00000     0.00000     0.00000     0.00000     0.00000     0.00000     0.00000     0.00000     0.00000     0.00000     0.00000     0.00000
   -59.01590     0.00000     0.00000     0.00000     0.00000     0.00000     0.00000     0.00000     0.00000     0.00000     0.00000     0.00000     0.00000     0.00000     0.00000     0.00000     0.00000     0.00000
   -58.95090     0.00000     0.00000     0.00000     0.00000     0.00000     0.00000     0.00000     0.00000     0.00000     0.00000     0.00000     0.00000     0.00000     0.00000     0.00000     0.00000     0.00000
   -58.88490     0.00000     0.00000     0.00000     0.00000     0.00000     0.00000     0.00000     0.00000     0.00000     0.00000     0.00000     0.00000     0.00000     0.00000     0.00000     0.00000     0.00000
   -58.81890     0.00000     0.00000     0.00000     0.00000     0.00000     0.00000     0.00000     0.00000     0.00000     0.00000     0.00000     0.00000     0.00000     0.00000     0.00000     0.00000     0.00000
   -58.75390     0.00000     0.00000     0.00000     0.00000     0.00000     0.00000     0.00000     0.00000     0.00000     0.00000     0.00000     0.00000     0.00000     0.00000     0.00000     0.00000     0.00000
   -58.68790     0.00000     0.00000     0.00000     0.00000     0.00000     0.00000     0.00000     0.00000     0.00000     0.00000     0.00000     0.00000     0.00000     0.00000     0.00000     0.00000     0.00000
   -58.62190     0.00000     0.00000     0.00000     0.00000     0.00000     0.00000     0.00000     0.00000     0.00000     0.00000     0.00000     0.00000     0.00000     0.00000     0.00000     0.00000     0.00000
   -58.55690     0.00000     0.00000     0.00000     0.00000     0.00000     0.00000     0.00000     0.00000     0.00000     0.00000     0.00000     0.00000     0.00000     0.00000     0.00000     0.00000     0.00000
   -58.49090     0.00000     0.00000     0.00000     0.00000     0.00000     0.00000     0.00000     0.00000     0.00000     0.00000     0.00000     0.00000     0.00000     0.00000     0.00000     0.00000     0.00000
   -58.42490     0.00000     0.00000     0.00000     0.00000     0.00000     0.00000     0.00000     0.00000     0.00000     0.00000     0.00000     0.00000     0.00000     0.00000     0.00000     0.00000     0.00000
   -58.35990     0.00000     0.00000     0.00000     0.00000     0.00000     0.00000     0.00000     0.00000     0.00000     0.00000     0.00000     0.00000     0.00000     0.00000     0.00000     0.00000     0.00000
   -58.29390     0.00000     0.00000     0.00000     0.00000     0.00000     0.00000     0.00000     0.00000     0.00000     0.00000     0.00000     0.00000     0.00000     0.00000     0.00000     0.00000     0.00000
   -58.22890     0.00000     0.00000     0.00000     0.00000     0.00000     0.00000     0.00000     0.00000     0.00000     0.00000     0.00000     0.00000     0.00000     0.00000     0.00000     0.00000     0.00000
   -58.16290     0.00000     0.00000     0.00000     0.00000     0.00000     0.00000     0.00000     0.00000     0.00000     0.00000     0.00000     0.00000     0.00000     0.00000     0.00000     0.00000     0.00000
   -58.09690     0.00000     0.00000     0.00000     0.00000     0.00000     0.00000     0.00000     0.00000     0.00000     0.00000     0.00000     0.00000     0.00000     0.00000     0.00000     0.00000     0.00000
   -58.03190     0.00000     0.00000     0.00000     0.00000     0.00000     0.00000     0.00000     0.00000     0.00000     0.00000     0.00000     0.00000     0.00000     0.00000     0.00000     0.00000     0.00000
   -57.96590     0.00000     0.00000     0.00000     0.00000     0.00000     0.00000     0.00000     0.00000     0.00000     0.00000     0.00000     0.00000     0.00000     0.00000     0.00000     0.00000     0.00000
   -57.89990     0.00000     0.00000     0.00000     0.00000     0.00000     0.00000     0.00000     0.00000     0.00000     0.00000     0.00000     0.00000     0.00000     0.00000     0.00000     0.00000     0.00000
   -57.83490     0.00000     0.00000     0.00000     0.00000     0.00000     0.00000     0.00000     0.00000     0.00000     0.00000     0.00000     0.00000     0.00000     0.00000     0.00000     0.00000     0.00000
   -57.76890     0.00000     0.00000     0.00000     0.00000     0.00000     0.00000     0.00000     0.00000     0.00000     0.00000     0.00000     0.00000     0.00000     0.00000     0.00000     0.00000     0.00000
   -57.70290     0.00000     0.00000     0.00000     0.00000     0.00000     0.00000     0.00000     0.00000     0.00000     0.00000     0.00000     0.00000     0.00000     0.00000     0.00000     0.00000     0.00000
   -57.63790     0.00000     0.00000     0.00000     0.00000     0.00000     0.00000     0.00000     0.00000     0.00000     0.00000     0.00000     0.00000     0.00000     0.00000     0.00000     0.00000     0.00000
   -57.57190     0.00000     0.00000     0.00000     0.00000     0.00000     0.00000     0.00000     0.00000     0.00000     0.00000     0.00000     0.00000     0.00000     0.00000     0.00000     0.00000     0.00000
   -57.50590     0.00000     0.00000     0.00000     0.00000     0.00000     0.00000     0.00000     0.00000     0.00000     0.00000     0.00000     0.00000     0.00000     0.00000     0.00000     0.00000     0.00000
   -57.44090     0.00000     0.00000     0.00000     0.00000     0.00000     0.00000     0.00000     0.00000     0.00000     0.00000     0.00000     0.00000     0.00000     0.00000     0.00000     0.00000     0.00000
   -57.37490     0.00000     0.00000     0.00000     0.00000     0.00000     0.00000     0.00000     0.00000     0.00000     0.00000     0.00000     0.00000     0.00000     0.00000     0.00000     0.00000     0.00000
   -57.30890     0.00000     0.00000     0.00000     0.00000     0.00000     0.00000     0.00000     0.00000     0.00000     0.00000     0.00000     0.00000     0.00000     0.00000     0.00000     0.00000     0.00000
   -57.24390     0.00000     0.00000     0.00000     0.00000     0.00000     0.00000     0.00000     0.00000     0.00000     0.00000     0.00000     0.00000     0.00000     0.00000     0.00000     0.00000     0.00000
   -57.17790     0.00000     0.00000     0.00000     0.00000     0.00000     0.00000     0.00000     0.00000     0.00000     0.00000     0.00000     0.00000     0.00000     0.00000     0.00000     0.00000     0.00000
   -57.11190     0.00000     0.00000     0.00000     0.00000     0.00000     0.00000     0.00000     0.00000     0.00000     0.00000     0.00000     0.00000     0.00000     0.00000     0.00000     0.00000     0.00000
   -57.04690     0.00000     0.00000     0.00000     0.00000     0.00000     0.00000     0.00000     0.00000     0.00000     0.00000     0.00000     0.00000     0.00000     0.00000     0.00000     0.00000     0.00000
   -56.98090     0.00000     0.00000     0.00000     0.00000     0.00000     0.00000     0.00000     0.00000     0.00000     0.00000     0.00000     0.00000     0.00000     0.00000     0.00000     0.00000     0.00000
   -56.91490     0.00000     0.00000     0.00000     0.00000     0.00000     0.00000     0.00000     0.00000     0.00000     0.00000     0.00000     0.00000     0.00000     0.00000     0.00000     0.00000     0.00000
   -56.84990     0.00000     0.00000     0.00000     0.00000     0.00000     0.00000     0.00000     0.00000     0.00000     0.00000     0.00000     0.00000     0.00000     0.00000     0.00000     0.00000     0.00000
   -56.78390     0.00000     0.00000     0.00000     0.00000     0.00000     0.00000     0.00000     0.00000     0.00000     0.00000     0.00000     0.00000     0.00000     0.00000     0.00000     0.00000     0.00000
   -56.71790     0.00000     0.00000     0.00000     0.00000     0.00000     0.00000     0.00000     0.00000     0.00000     0.00000     0.00000     0.00000     0.00000     0.00000     0.00000     0.00000     0.00000
   -56.65290     0.00000     0.00000     0.00000     0.00000     0.00000     0.00000     0.00000     0.00000     0.00000     0.00000     0.00000     0.00000     0.00000     0.00000     0.00000     0.00000     0.00000
   -56.58690     0.00000     0.00000     0.00000     0.00000     0.00000     0.00000     0.00000     0.00000     0.00000     0.00000     0.00000     0.00000     0.00000     0.00000     0.00000     0.00000     0.00000
   -56.52090     0.00000     0.00000     0.00000     0.00000     0.00000     0.00000     0.00000     0.00000     0.00000     0.00000     0.00000     0.00000     0.00000     0.00000     0.00000     0.00000     0.00000
   -56.45590     0.00000     0.00000     0.00000     0.00000     0.00000     0.00000     0.00000     0.00000     0.00000     0.00000     0.00000     0.00000     0.00000     0.00000     0.00000     0.00000     0.00000
   -56.38990     0.00000     0.00000     0.00000     0.00000     0.00000     0.00000     0.00000     0.00000     0.00000     0.00000     0.00000     0.00000     0.00000     0.00000     0.00000     0.00000     0.00000
   -56.32490     0.00000     0.00000     0.00000     0.00000     0.00000     0.00000     0.00000     0.00000     0.00000     0.00000     0.00000     0.00000     0.00000     0.00000     0.00000     0.00000     0.00000
   -56.25890     0.00000     0.00000     0.00000     0.00000     0.00000     0.00000     0.00000     0.00000     0.00000     0.00000     0.00000     0.00000     0.00000     0.00000     0.00000     0.00000     0.00000
   -56.19290     0.00000     0.00000     0.00000     0.00000     0.00000     0.00000     0.00000     0.00000     0.00000     0.00000     0.00000     0.00000     0.00000     0.00000     0.00000     0.00000     0.00000
   -56.12790     0.00000     0.00000     0.00000     0.00000     0.00000     0.00000     0.00000     0.00000     0.00000     0.00000     0.00000     0.00000     0.00000     0.00000     0.00000     0.00000     0.00000
   -56.06190     0.00000     0.00000     0.00000     0.00000     0.00000     0.00000     0.00000     0.00000     0.00000     0.00000     0.00000     0.00000     0.00000     0.00000     0.00000     0.00000     0.00000
   -55.99590     0.00000     0.00000     0.00000     0.00000     0.00000     0.00000     0.00000     0.00000     0.00000     0.00000     0.00000     0.00000     0.00000     0.00000     0.00000     0.00000     0.00000
   -55.93090     0.00000     0.00000     0.00000     0.00000     0.00000     0.00000     0.00000     0.00000     0.00000     0.00000     0.00000     0.00000     0.00000     0.00000     0.00000     0.00000     0.00000
   -55.86490     0.00000     0.00000     0.00000     0.00000     0.00000     0.00000     0.00000     0.00000     0.00000     0.00000     0.00000     0.00000     0.00000     0.00000     0.00000     0.00000     0.00000
   -55.79890     0.00000     0.00000     0.00000     0.00000     0.00000     0.00000     0.00000     0.00000     0.00000     0.00000     0.00000     0.00000     0.00000     0.00000     0.00000     0.00000     0.00000
   -55.73390     0.00000     0.00000     0.00000     0.00000     0.00000     0.00000     0.00000     0.00000     0.00000     0.00000     0.00000     0.00000     0.00000     0.00000     0.00000     0.00000     0.00000
   -55.66790     0.00000     0.00000     0.00000     0.00000     0.00000     0.00000     0.00000     0.00000     0.00000     0.00000     0.00000     0.00000     0.00000     0.00000     0.00000     0.00000     0.00000
   -55.60190     0.00000     0.00000     0.00000     0.00000     0.00000     0.00000     0.00000     0.00000     0.00000     0.00000     0.00000     0.00000     0.00000     0.00000     0.00000     0.00000     0.00000
   -55.53690     0.00000     0.00000     0.00000     0.00000     0.00000     0.00000     0.00000     0.00000     0.00000     0.00000     0.00000     0.00000     0.00000     0.00000     0.00000     0.00000     0.00000
   -55.47090     0.00000     0.00000     0.00000     0.00000     0.00000     0.00000     0.00000     0.00000     0.00000     0.00000     0.00000     0.00000     0.00000     0.00000     0.00000     0.00000     0.00000
   -55.40490     0.00000     0.00000     0.00000     0.00000     0.00000     0.00000     0.00000     0.00000     0.00000     0.00000     0.00000     0.00000     0.00000     0.00000     0.00000     0.00000     0.00000
   -55.33990     0.00000     0.00000     0.00000     0.00000     0.00000     0.00000     0.00000     0.00000     0.00000     0.00000     0.00000     0.00000     0.00000     0.00000     0.00000     0.00000     0.00000
   -55.27390     0.00000     0.00000     0.00000     0.00000     0.00000     0.00000     0.00000     0.00000     0.00000     0.00000     0.00000     0.00000     0.00000     0.00000     0.00000     0.00000     0.00000
   -55.20790     0.00000     0.00000     0.00000     0.00000     0.00000     0.00000     0.00000     0.00000     0.00000     0.00000     0.00000     0.00000     0.00000     0.00000     0.00000     0.00000     0.00000
   -55.14290     0.00000     0.00000     0.00000     0.00000     0.00000     0.00000     0.00000     0.00000     0.00000     0.00000     0.00000     0.00000     0.00000     0.00000     0.00000     0.00000     0.00000
   -55.07690     0.00000     0.00000     0.00000     0.00000     0.00000     0.00000     0.00000     0.00000     0.00000     0.00000     0.00000     0.00000     0.00000     0.00000     0.00000     0.00000     0.00000
   -55.01090     0.00000     0.00000     0.00000     0.00000     0.00000     0.00000     0.00000     0.00000     0.00000     0.00000     0.00000     0.00000     0.00000     0.00000     0.00000     0.00000     0.00000
   -54.94590     0.00000     0.00000     0.00000     0.00000     0.00000     0.00000     0.00000     0.00000     0.00000     0.00000     0.00000     0.00000     0.00000     0.00000     0.00000     0.00000     0.00000
   -54.87990     0.00000     0.00000     0.00000     0.00000     0.00000     0.00000     0.00000     0.00000     0.00000     0.00000     0.00000     0.00000     0.00000     0.00000     0.00000     0.00000     0.00000
   -54.81390     0.00000     0.00000     0.00000     0.00000     0.00000     0.00000     0.00000     0.00000     0.00000     0.00000     0.00000     0.00000     0.00000     0.00000     0.00000     0.00000     0.00000
   -54.74890     0.00000     0.00000     0.00000     0.00000     0.00000     0.00000     0.00000     0.00000     0.00000     0.00000     0.00000     0.00000     0.00000     0.00000     0.00000     0.00000     0.00000
   -54.68290     0.00000     0.00000     0.00000     0.00000     0.00000     0.00000     0.00000     0.00000     0.00000     0.00000     0.00000     0.00000     0.00000     0.00000     0.00000     0.00000     0.00000
   -54.61790     0.00000     0.00000     0.00000     0.00000     0.00000     0.00000     0.00000     0.00000     0.00000     0.00000     0.00000     0.00000     0.00000     0.00000     0.00000     0.00000     0.00000
   -54.55190     0.00000     0.00000     0.00000     0.00000     0.00000     0.00000     0.00000     0.00000     0.00000     0.00000     0.00000     0.00000     0.00000     0.00000     0.00000     0.00000     0.00000
   -54.48590     0.00000     0.00000     0.00000     0.00000     0.00000     0.00000     0.00000     0.00000     0.00000     0.00000     0.00000     0.00000     0.00000     0.00000     0.00000     0.00000     0.00000
   -54.42090     0.00000     0.00000     0.00000     0.00000     0.00000     0.00000     0.00000     0.00000     0.00000     0.00000     0.00000     0.00000     0.00000     0.00000     0.00000     0.00000     0.00000
   -54.35490     0.00000     0.00000     0.00000     0.00000     0.00000     0.00000     0.00000     0.00000     0.00000     0.00000     0.00000     0.00000     0.00000     0.00000     0.00000     0.00000     0.00000
   -54.28890     0.00000     0.00000     0.00000     0.00000     0.00000     0.00000     0.00000     0.00000     0.00000     0.00000     0.00000     0.00000     0.00000     0.00000     0.00000     0.00000     0.00000
   -54.22390     0.00000     0.00000     0.00000     0.00000     0.00000     0.00000     0.00000     0.00000     0.00000     0.00000     0.00000     0.00000     0.00000     0.00000     0.00000     0.00000     0.00000
   -54.15790     0.00000     0.00000     0.00000     0.00000     0.00000     0.00000     0.00000     0.00000     0.00000     0.00000     0.00000     0.00000     0.00000     0.00000     0.00000     0.00000     0.00000
   -54.09190     0.00000     0.00000     0.00000     0.00000     0.00000     0.00000     0.00000     0.00000     0.00000     0.00000     0.00000     0.00000     0.00000     0.00000     0.00000     0.00000     0.00000
   -54.02690     0.00000     0.00000     0.00000     0.00000     0.00000     0.00000     0.00000     0.00000     0.00000     0.00000     0.00000     0.00000     0.00000     0.00000     0.00000     0.00000     0.00000
   -53.96090     0.00000     0.00000     0.00000     0.00000     0.00000     0.00000     0.00000     0.00000     0.00000     0.00000     0.00000     0.00000     0.00000     0.00000     0.00000     0.00000     0.00000
   -53.89490     0.00000     0.00000     0.00000     0.00000     0.00000     0.00000     0.00000     0.00000     0.00000     0.00000     0.00000     0.00000     0.00000     0.00000     0.00000     0.00000     0.00000
   -53.82990     0.00000     0.00000     0.00000     0.00000     0.00000     0.00000     0.00000     0.00000     0.00000     0.00000     0.00000     0.00000     0.00000     0.00000     0.00000     0.00000     0.00000
   -53.76390     0.00000     0.00000     0.00000     0.00000     0.00000     0.00000     0.00000     0.00000     0.00000     0.00000     0.00000     0.00000     0.00000     0.00000     0.00000     0.00000     0.00000
   -53.69790     0.00000     0.00000     0.00000     0.00000     0.00000     0.00000     0.00000     0.00000     0.00000     0.00000     0.00000     0.00000     0.00000     0.00000     0.00000     0.00000     0.00000
   -53.63290     0.00000     0.00000     0.00000     0.00000     0.00000     0.00000     0.00000     0.00000     0.00000     0.00000     0.00000     0.00000     0.00000     0.00000     0.00000     0.00000     0.00000
   -53.56690     0.00000     0.00000     0.00000     0.00000     0.00000     0.00000     0.00000     0.00000     0.00000     0.00000     0.00000     0.00000     0.00000     0.00000     0.00000     0.00000     0.00000
   -53.50090     0.00000     0.00000     0.00000     0.00000     0.00000     0.00000     0.00000     0.00000     0.00000     0.00000     0.00000     0.00000     0.00000     0.00000     0.00000     0.00000     0.00000
   -53.43590     0.00000     0.00000     0.00000     0.00000     0.00000     0.00000     0.00000     0.00000     0.00000     0.00000     0.00000     0.00000     0.00000     0.00000     0.00000     0.00000     0.00000
   -53.36990     0.00000     0.00000     0.00000     0.00000     0.00000     0.00000     0.00000     0.00000     0.00000     0.00000     0.00000     0.00000     0.00000     0.00000     0.00000     0.00000     0.00000
   -53.30390     0.00000     0.00000     0.00000     0.00000     0.00000     0.00000     0.00000     0.00000     0.00000     0.00000     0.00000     0.00000     0.00000     0.00000     0.00000     0.00000     0.00000
   -53.23890     0.00000     0.00000     0.00000     0.00000     0.00000     0.00000     0.00000     0.00000     0.00000     0.00000     0.00000     0.00000     0.00000     0.00000     0.00000     0.00000     0.00000
   -53.17290     0.00000     0.00000     0.00000     0.00000     0.00000     0.00000     0.00000     0.00000     0.00000     0.00000     0.00000     0.00000     0.00000     0.00000     0.00000     0.00000     0.00000
   -53.10690     0.00000     0.00000     0.00000     0.00000     0.00000     0.00000     0.00000     0.00000     0.00000     0.00000     0.00000     0.00000     0.00000     0.00000     0.00000     0.00000     0.00000
   -53.04190     0.00000     0.00000     0.00000     0.00000     0.00000     0.00000     0.00000     0.00000     0.00000     0.00000     0.00000     0.00000     0.00000     0.00000     0.00000     0.00000     0.00000
   -52.97590     0.00000     0.00000     0.00000     0.00000     0.00000     0.00000     0.00000     0.00000     0.00000     0.00000     0.00000     0.00000     0.00000     0.00000     0.00000     0.00000     0.00000
   -52.90990     0.00000     0.00000     0.00000     0.00000     0.00000     0.00000     0.00000     0.00000     0.00000     0.00000     0.00000     0.00000     0.00000     0.00000     0.00000     0.00000     0.00000
   -52.84490     0.00000     0.00000     0.00000     0.00000     0.00000     0.00000     0.00000     0.00000     0.00000     0.00000     0.00000     0.00000     0.00000     0.00000     0.00000     0.00000     0.00000
   -52.77890     0.00000     0.00000     0.00000     0.00000     0.00000     0.00000     0.00000     0.00000     0.00000     0.00000     0.00000     0.00000     0.00000     0.00000     0.00000     0.00000     0.00000
   -52.71390     0.00000     0.00000     0.00000     0.00000     0.00000     0.00000     0.00000     0.00000     0.00000     0.00000     0.00000     0.00000     0.00000     0.00000     0.00000     0.00000     0.00000
   -52.64790     0.00000     0.00000     0.00000     0.00000     0.00000     0.00000     0.00000     0.00000     0.00000     0.00000     0.00000     0.00000     0.00000     0.00000     0.00000     0.00000     0.00000
   -52.58190     0.00000     0.00000     0.00000     0.00000     0.00000     0.00000     0.00000     0.00000     0.00000     0.00000     0.00000     0.00000     0.00000     0.00000     0.00000     0.00000     0.00000
   -52.51690     0.00000     0.00000     0.00000     0.00000     0.00000     0.00000     0.00000     0.00000     0.00000     0.00000     0.00000     0.00000     0.00000     0.00000     0.00000     0.00000     0.00000
   -52.45090     0.00000     0.00000     0.00000     0.00000     0.00000     0.00000     0.00000     0.00000     0.00000     0.00000     0.00000     0.00000     0.00000     0.00000     0.00000     0.00000     0.00000
   -52.38490     0.00000     0.00000     0.00000     0.00000     0.00000     0.00000     0.00000     0.00000     0.00000     0.00000     0.00000     0.00000     0.00000     0.00000     0.00000     0.00000     0.00000
   -52.31990     0.00000     0.00000     0.00000     0.00000     0.00000     0.00000     0.00000     0.00000     0.00000     0.00000     0.00000     0.00000     0.00000     0.00000     0.00000     0.00000     0.00000
   -52.25390     0.00000     0.00000     0.00000     0.00000     0.00000     0.00000     0.00000     0.00000     0.00000     0.00000     0.00000     0.00000     0.00000     0.00000     0.00000     0.00000     0.00000
   -52.18790     0.00000     0.00000     0.00000     0.00000     0.00000     0.00000     0.00000     0.00000     0.00000     0.00000     0.00000     0.00000     0.00000     0.00000     0.00000     0.00000     0.00000
   -52.12290     0.00000     0.00000     0.00000     0.00000     0.00000     0.00000     0.00000     0.00000     0.00000     0.00000     0.00000     0.00000     0.00000     0.00000     0.00000     0.00000     0.00000
   -52.05690     0.00000     0.00000     0.00000     0.00000     0.00000     0.00000     0.00000     0.00000     0.00000     0.00000     0.00000     0.00000     0.00000     0.00000     0.00000     0.00000     0.00000
   -51.99090     0.00000     0.00000     0.00000     0.00000     0.00000     0.00000     0.00000     0.00000     0.00000     0.00000     0.00000     0.00000     0.00000     0.00000     0.00000     0.00000     0.00000
   -51.92590     0.00000     0.00000     0.00000     0.00000     0.00000     0.00000     0.00000     0.00000     0.00000     0.00000     0.00000     0.00000     0.00000     0.00000     0.00000     0.00000     0.00000
   -51.85990     0.00000     0.00000     0.00000     0.00000     0.00000     0.00000     0.00000     0.00000     0.00000     0.00000     0.00000     0.00000     0.00000     0.00000     0.00000     0.00000     0.00000
   -51.79390     0.00000     0.00000     0.00000     0.00000     0.00000     0.00000     0.00000     0.00000     0.00000     0.00000     0.00000     0.00000     0.00000     0.00000     0.00000     0.00000     0.00000
   -51.72890     0.00000     0.00000     0.00000     0.00000     0.00000     0.00000     0.00000     0.00000     0.00000     0.00000     0.00000     0.00000     0.00000     0.00000     0.00000     0.00000     0.00000
   -51.66290     0.00000     0.00000     0.00000     0.00000     0.00000     0.00000     0.00000     0.00000     0.00000     0.00000     0.00000     0.00000     0.00000     0.00000     0.00000     0.00000     0.00000
   -51.59690     0.00000     0.00000     0.00000     0.00000     0.00000     0.00000     0.00000     0.00000     0.00000     0.00000     0.00000     0.00000     0.00000     0.00000     0.00000     0.00000     0.00000
   -51.53190     0.00000     0.00000     0.00000     0.00000     0.00000     0.00000     0.00000     0.00000     0.00000     0.00000     0.00000     0.00000     0.00000     0.00000     0.00000     0.00000     0.00000
   -51.46590     0.00000     0.00000     0.00000     0.00000     0.00000     0.00000     0.00000     0.00000     0.00000     0.00000     0.00000     0.00000     0.00000     0.00000     0.00000     0.00000     0.00000
   -51.39990     0.00000     0.00000     0.00000     0.00000     0.00000     0.00000     0.00000     0.00000     0.00000     0.00000     0.00000     0.00000     0.00000     0.00000     0.00000     0.00000     0.00000
   -51.33490     0.00000     0.00000     0.00000     0.00000     0.00000     0.00000     0.00000     0.00000     0.00000     0.00000     0.00000     0.00000     0.00000     0.00000     0.00000     0.00000     0.00000
   -51.26890     0.00000     0.00000     0.00000     0.00000     0.00000     0.00000     0.00000     0.00000     0.00000     0.00000     0.00000     0.00000     0.00000     0.00000     0.00000     0.00000     0.00000
   -51.20290     0.00000     0.00000     0.00000     0.00000     0.00000     0.00000     0.00000     0.00000     0.00000     0.00000     0.00000     0.00000     0.00000     0.00000     0.00000     0.00000     0.00000
   -51.13790     0.00000     0.00000     0.00000     0.00000     0.00000     0.00000     0.00000     0.00000     0.00000     0.00000     0.00000     0.00000     0.00000     0.00000     0.00000     0.00000     0.00000
   -51.07190     0.00000     0.00000     0.00000     0.00000     0.00000     0.00000     0.00000     0.00000     0.00000     0.00000     0.00000     0.00000     0.00000     0.00000     0.00000     0.00000     0.00000
   -51.00590     0.00000     0.00000     0.00000     0.00000     0.00000     0.00000     0.00000     0.00000     0.00000     0.00000     0.00000     0.00000     0.00000     0.00000     0.00000     0.00000     0.00000
   -50.94090     0.00000     0.00000     0.00000     0.00000     0.00000     0.00000     0.00000     0.00000     0.00000     0.00000     0.00000     0.00000     0.00000     0.00000     0.00000     0.00000     0.00000
   -50.87490     0.00000     0.00000     0.00000     0.00000     0.00000     0.00000     0.00000     0.00000     0.00000     0.00000     0.00000     0.00000     0.00000     0.00000     0.00000     0.00000     0.00000
   -50.80990     0.00000     0.00000     0.00000     0.00000     0.00000     0.00000     0.00000     0.00000     0.00000     0.00000     0.00000     0.00000     0.00000     0.00000     0.00000     0.00000     0.00000
   -50.74390     0.00000     0.00000     0.00000     0.00000     0.00000     0.00000     0.00000     0.00000     0.00000     0.00000     0.00000     0.00000     0.00000     0.00000     0.00000     0.00000     0.00000
   -50.67790     0.00000     0.00000     0.00000     0.00000     0.00000     0.00000     0.00000     0.00000     0.00000     0.00000     0.00000     0.00000     0.00000     0.00000     0.00000     0.00000     0.00000
   -50.61290     0.00000     0.00000     0.00000     0.00000     0.00000     0.00000     0.00000     0.00000     0.00000     0.00000     0.00000     0.00000     0.00000     0.00000     0.00000     0.00000     0.00000
   -50.54690     0.00000     0.00000     0.00000     0.00000     0.00000     0.00000     0.00000     0.00000     0.00000     0.00000     0.00000     0.00000     0.00000     0.00000     0.00000     0.00000     0.00000
   -50.48090     0.00000     0.00000     0.00000     0.00000     0.00000     0.00000     0.00000     0.00000     0.00000     0.00000     0.00000     0.00000     0.00000     0.00000     0.00000     0.00000     0.00000
   -50.41590     0.00000     0.00000     0.00000     0.00000     0.00000     0.00000     0.00000     0.00000     0.00000     0.00000     0.00000     0.00000     0.00000     0.00000     0.00000     0.00000     0.00000
   -50.34990     0.00000     0.00000     0.00000     0.00000     0.00000     0.00000     0.00000     0.00000     0.00000     0.00000     0.00000     0.00000     0.00000     0.00000     0.00000     0.00000     0.00000
   -50.28390     0.00000     0.00000     0.00000     0.00000     0.00000     0.00000     0.00000     0.00000     0.00000     0.00000     0.00000     0.00000     0.00000     0.00000     0.00000     0.00000     0.00000
   -50.21890     0.00000     0.00000     0.00000     0.00000     0.00000     0.00000     0.00000     0.00000     0.00000     0.00000     0.00000     0.00000     0.00000     0.00000     0.00000     0.00000     0.00000
   -50.15290     0.00000     0.00000     0.00000     0.00000     0.00000     0.00000     0.00000     0.00000     0.00000     0.00000     0.00000     0.00000     0.00000     0.00000     0.00000     0.00000     0.00000
   -50.08690     0.00000     0.00000     0.00000     0.00000     0.00000     0.00000     0.00000     0.00000     0.00000     0.00000     0.00000     0.00000     0.00000     0.00000     0.00000     0.00000     0.00000
   -50.02190     0.00000     0.00000     0.00000     0.00000     0.00000     0.00000     0.00000     0.00000     0.00000     0.00000     0.00000     0.00000     0.00000     0.00000     0.00000     0.00000     0.00000
   -49.95590     0.00000     0.00000     0.00000     0.00000     0.00000     0.00000     0.00000     0.00000     0.00000     0.00000     0.00000     0.00000     0.00000     0.00000     0.00000     0.00000     0.00000
   -49.88990     0.00000     0.00000     0.00000     0.00000     0.00000     0.00000     0.00000     0.00000     0.00000     0.00000     0.00000     0.00000     0.00000     0.00000     0.00000     0.00000     0.00000
   -49.82490     0.00000     0.00000     0.00000     0.00000     0.00000     0.00000     0.00000     0.00000     0.00000     0.00000     0.00000     0.00000     0.00000     0.00000     0.00000     0.00000     0.00000
   -49.75890     0.00000     0.00000     0.00000     0.00000     0.00000     0.00000     0.00000     0.00000     0.00000     0.00000     0.00000     0.00000     0.00000     0.00000     0.00000     0.00000     0.00000
   -49.69290     0.00000     0.00000     0.00000     0.00000     0.00000     0.00000     0.00000     0.00000     0.00000     0.00000     0.00000     0.00000     0.00000     0.00000     0.00000     0.00000     0.00000
   -49.62790     0.00000     0.00000     0.00000     0.00000     0.00000     0.00000     0.00000     0.00000     0.00000     0.00000     0.00000     0.00000     0.00000     0.00000     0.00000     0.00000     0.00000
   -49.56190     0.00000     0.00000     0.00000     0.00000     0.00000     0.00000     0.00000     0.00000     0.00000     0.00000     0.00000     0.00000     0.00000     0.00000     0.00000     0.00000     0.00000
   -49.49590     0.00000     0.00000     0.00000     0.00000     0.00000     0.00000     0.00000     0.00000     0.00000     0.00000     0.00000     0.00000     0.00000     0.00000     0.00000     0.00000     0.00000
   -49.43090     0.00000     0.00000     0.00000     0.00000     0.00000     0.00000     0.00000     0.00000     0.00000     0.00000     0.00000     0.00000     0.00000     0.00000     0.00000     0.00000     0.00000
   -49.36490     0.00000     0.00000     0.00000     0.00000     0.00000     0.00000     0.00000     0.00000     0.00000     0.00000     0.00000     0.00000     0.00000     0.00000     0.00000     0.00000     0.00000
   -49.29890     0.00000     0.00000     0.00000     0.00000     0.00000     0.00000     0.00000     0.00000     0.00000     0.00000     0.00000     0.00000     0.00000     0.00000     0.00000     0.00000     0.00000
   -49.23390     0.00000     0.00000     0.00000     0.00000     0.00000     0.00000     0.00000     0.00000     0.00000     0.00000     0.00000     0.00000     0.00000     0.00000     0.00000     0.00000     0.00000
   -49.16790     0.00000     0.00000     0.00000     0.00000     0.00000     0.00000     0.00000     0.00000     0.00000     0.00000     0.00000     0.00000     0.00000     0.00000     0.00000     0.00000     0.00000
   -49.10290     0.00000     0.00000     0.00000     0.00000     0.00000     0.00000     0.00000     0.00000     0.00000     0.00000     0.00000     0.00000     0.00000     0.00000     0.00000     0.00000     0.00000
   -49.03690     0.00000     0.00000     0.00000     0.00000     0.00000     0.00000     0.00000     0.00000     0.00000     0.00000     0.00000     0.00000     0.00000     0.00000     0.00000     0.00000     0.00000
   -48.97090     0.00000     0.00000     0.00000     0.00000     0.00000     0.00000     0.00000     0.00000     0.00000     0.00000     0.00000     0.00000     0.00000     0.00000     0.00000     0.00000     0.00000
   -48.90590     0.00000     0.00000     0.00000     0.00000     0.00000     0.00000     0.00000     0.00000     0.00000     0.00000     0.00000     0.00000     0.00000     0.00000     0.00000     0.00000     0.00000
   -48.83990     0.00000     0.00000     0.00000     0.00000     0.00000     0.00000     0.00000     0.00000     0.00000     0.00000     0.00000     0.00000     0.00000     0.00000     0.00000     0.00000     0.00000
   -48.77390     0.00000     0.00000     0.00000     0.00000     0.00000     0.00000     0.00000     0.00000     0.00000     0.00000     0.00000     0.00000     0.00000     0.00000     0.00000     0.00000     0.00000
   -48.70890     0.00000     0.00000     0.00000     0.00000     0.00000     0.00000     0.00000     0.00000     0.00000     0.00000     0.00000     0.00000     0.00000     0.00000     0.00000     0.00000     0.00000
   -48.64290     0.00000     0.00000     0.00000     0.00000     0.00000     0.00000     0.00000     0.00000     0.00000     0.00000     0.00000     0.00000     0.00000     0.00000     0.00000     0.00000     0.00000
   -48.57690     0.00000     0.00000     0.00000     0.00000     0.00000     0.00000     0.00000     0.00000     0.00000     0.00000     0.00000     0.00000     0.00000     0.00000     0.00000     0.00000     0.00000
   -48.51190     0.00000     0.00000     0.00000     0.00000     0.00000     0.00000     0.00000     0.00000     0.00000     0.00000     0.00000     0.00000     0.00000     0.00000     0.00000     0.00000     0.00000
   -48.44590     0.00000     0.00000     0.00000     0.00000     0.00000     0.00000     0.00000     0.00000     0.00000     0.00000     0.00000     0.00000     0.00000     0.00000     0.00000     0.00000     0.00000
   -48.37990     0.00000     0.00000     0.00000     0.00000     0.00000     0.00000     0.00000     0.00000     0.00000     0.00000     0.00000     0.00000     0.00000     0.00000     0.00000     0.00000     0.00000
   -48.31490     0.00000     0.00000     0.00000     0.00000     0.00000     0.00000     0.00000     0.00000     0.00000     0.00000     0.00000     0.00000     0.00000     0.00000     0.00000     0.00000     0.00000
   -48.24890     0.00000     0.00000     0.00000     0.00000     0.00000     0.00000     0.00000     0.00000     0.00000     0.00000     0.00000     0.00000     0.00000     0.00000     0.00000     0.00000     0.00000
   -48.18290     0.00000     0.00000     0.00000     0.00000     0.00000     0.00000     0.00000     0.00000     0.00000     0.00000     0.00000     0.00000     0.00000     0.00000     0.00000     0.00000     0.00000
   -48.11790     0.00000     0.00000     0.00000     0.00000     0.00000     0.00000     0.00000     0.00000     0.00000     0.00000     0.00000     0.00000     0.00000     0.00000     0.00000     0.00000     0.00000
   -48.05190     0.00000     0.00000     0.00000     0.00000     0.00000     0.00000     0.00000     0.00000     0.00000     0.00000     0.00000     0.00000     0.00000     0.00000     0.00000     0.00000     0.00000
   -47.98590     0.00000     0.00000     0.00000     0.00000     0.00000     0.00000     0.00000     0.00000     0.00000     0.00000     0.00000     0.00000     0.00000     0.00000     0.00000     0.00000     0.00000
   -47.92090     0.00000     0.00000     0.00000     0.00000     0.00000     0.00000     0.00000     0.00000     0.00000     0.00000     0.00000     0.00000     0.00000     0.00000     0.00000     0.00000     0.00000
   -47.85490     0.00000     0.00000     0.00000     0.00000     0.00000     0.00000     0.00000     0.00000     0.00000     0.00000     0.00000     0.00000     0.00000     0.00000     0.00000     0.00000     0.00000
   -47.78890     0.00000     0.00000     0.00000     0.00000     0.00000     0.00000     0.00000     0.00000     0.00000     0.00000     0.00000     0.00000     0.00000     0.00000     0.00000     0.00000     0.00000
   -47.72390     0.00000     0.00000     0.00000     0.00000     0.00000     0.00000     0.00000     0.00000     0.00000     0.00000     0.00000     0.00000     0.00000     0.00000     0.00000     0.00000     0.00000
   -47.65790     0.00000     0.00000     0.00000     0.00000     0.00000     0.00000     0.00000     0.00000     0.00000     0.00000     0.00000     0.00000     0.00000     0.00000     0.00000     0.00000     0.00000
   -47.59190     0.00000     0.00000     0.00000     0.00000     0.00000     0.00000     0.00000     0.00000     0.00000     0.00000     0.00000     0.00000     0.00000     0.00000     0.00000     0.00000     0.00000
   -47.52690     0.00000     0.00000     0.00000     0.00000     0.00000     0.00000     0.00000     0.00000     0.00000     0.00000     0.00000     0.00000     0.00000     0.00000     0.00000     0.00000     0.00000
   -47.46090     0.00000     0.00000     0.00000     0.00000     0.00000     0.00000     0.00000     0.00000     0.00000     0.00000     0.00000     0.00000     0.00000     0.00000     0.00000     0.00000     0.00000
   -47.39490     0.00000     0.00000     0.00000     0.00000     0.00000     0.00000     0.00000     0.00000     0.00000     0.00000     0.00000     0.00000     0.00000     0.00000     0.00000     0.00000     0.00000
   -47.32990     0.00000     0.00000     0.00000     0.00000     0.00000     0.00000     0.00000     0.00000     0.00000     0.00000     0.00000     0.00000     0.00000     0.00000     0.00000     0.00000     0.00000
   -47.26390     0.00000     0.00000     0.00000     0.00000     0.00000     0.00000     0.00000     0.00000     0.00000     0.00000     0.00000     0.00000     0.00000     0.00000     0.00000     0.00000     0.00000
   -47.19890     0.00000     0.00000     0.00000     0.00000     0.00000     0.00000     0.00000     0.00000     0.00000     0.00000     0.00000     0.00000     0.00000     0.00000     0.00000     0.00000     0.00000
   -47.13290     0.00000     0.00000     0.00000     0.00000     0.00000     0.00000     0.00000     0.00000     0.00000     0.00000     0.00000     0.00000     0.00000     0.00000     0.00000     0.00000     0.00000
   -47.06690     0.00000     0.00000     0.00000     0.00000     0.00000     0.00000     0.00000     0.00000     0.00000     0.00000     0.00000     0.00000     0.00000     0.00000     0.00000     0.00000     0.00000
   -47.00190     0.00000     0.00000     0.00000     0.00000     0.00000     0.00000     0.00000     0.00000     0.00000     0.00000     0.00000     0.00000     0.00000     0.00000     0.00000     0.00000     0.00000
   -46.93590     0.00000     0.00000     0.00000     0.00000     0.00000     0.00000     0.00000     0.00000     0.00000     0.00000     0.00000     0.00000     0.00000     0.00000     0.00000     0.00000     0.00000
   -46.86990     0.00000     0.00000     0.00000     0.00000     0.00000     0.00000     0.00000     0.00000     0.00000     0.00000     0.00000     0.00000     0.00000     0.00000     0.00000     0.00000     0.00000
   -46.80490     0.00000     0.00000     0.00000     0.00000     0.00000     0.00000     0.00000     0.00000     0.00000     0.00000     0.00000     0.00000     0.00000     0.00000     0.00000     0.00000     0.00000
   -46.73890     0.00000     0.00000     0.00000     0.00000     0.00000     0.00000     0.00000     0.00000     0.00000     0.00000     0.00000     0.00000     0.00000     0.00000     0.00000     0.00000     0.00000
   -46.67290     0.00000     0.00000     0.00000     0.00000     0.00000     0.00000     0.00000     0.00000     0.00000     0.00000     0.00000     0.00000     0.00000     0.00000     0.00000     0.00000     0.00000
   -46.60790     0.00000     0.00000     0.00000     0.00000     0.00000     0.00000     0.00000     0.00000     0.00000     0.00000     0.00000     0.00000     0.00000     0.00000     0.00000     0.00000     0.00000
   -46.54190     0.00000     0.00000     0.00000     0.00000     0.00000     0.00000     0.00000     0.00000     0.00000     0.00000     0.00000     0.00000     0.00000     0.00000     0.00000     0.00000     0.00000
   -46.47590     0.00000     0.00000     0.00000     0.00000     0.00000     0.00000     0.00000     0.00000     0.00000     0.00000     0.00000     0.00000     0.00000     0.00000     0.00000     0.00000     0.00000
   -46.41090     0.00000     0.00000     0.00000     0.00000     0.00000     0.00000     0.00000     0.00000     0.00000     0.00000     0.00000     0.00000     0.00000     0.00000     0.00000     0.00000     0.00000
   -46.34490     0.00000     0.00000     0.00000     0.00000     0.00000     0.00000     0.00000     0.00000     0.00000     0.00000     0.00000     0.00000     0.00000     0.00000     0.00000     0.00000     0.00000
   -46.27890     0.00000     0.00000     0.00000     0.00000     0.00000     0.00000     0.00000     0.00000     0.00000     0.00000     0.00000     0.00000     0.00000     0.00000     0.00000     0.00000     0.00000
   -46.21390     0.00000     0.00000     0.00000     0.00000     0.00000     0.00000     0.00000     0.00000     0.00000     0.00000     0.00000     0.00000     0.00000     0.00000     0.00000     0.00000     0.00000
   -46.14790     0.00000     0.00000     0.00000     0.00000     0.00000     0.00000     0.00000     0.00000     0.00000     0.00000     0.00000     0.00000     0.00000     0.00000     0.00000     0.00000     0.00000
   -46.08190     0.00000     0.00000     0.00000     0.00000     0.00000     0.00000     0.00000     0.00000     0.00000     0.00000     0.00000     0.00000     0.00000     0.00000     0.00000     0.00000     0.00000
   -46.01690     0.00000     0.00000     0.00000     0.00000     0.00000     0.00000     0.00000     0.00000     0.00000     0.00000     0.00000     0.00000     0.00000     0.00000     0.00000     0.00000     0.00000
   -45.95090     0.00000     0.00000     0.00000     0.00000     0.00000     0.00000     0.00000     0.00000     0.00000     0.00000     0.00000     0.00000     0.00000     0.00000     0.00000     0.00000     0.00000
   -45.88490     0.00000     0.00000     0.00000     0.00000     0.00000     0.00000     0.00000     0.00000     0.00000     0.00000     0.00000     0.00000     0.00000     0.00000     0.00000     0.00000     0.00000
   -45.81990     0.00000     0.00000     0.00000     0.00000     0.00000     0.00000     0.00000     0.00000     0.00000     0.00000     0.00000     0.00000     0.00000     0.00000     0.00000     0.00000     0.00000
   -45.75390     0.00000     0.00000     0.00000     0.00000     0.00000     0.00000     0.00000     0.00000     0.00000     0.00000     0.00000     0.00000     0.00000     0.00000     0.00000     0.00000     0.00000
   -45.68790     0.00000     0.00000     0.00000     0.00000     0.00000     0.00000     0.00000     0.00000     0.00000     0.00000     0.00000     0.00000     0.00000     0.00000     0.00000     0.00000     0.00000
   -45.62290     0.00000     0.00000     0.00000     0.00000     0.00000     0.00000     0.00000     0.00000     0.00000     0.00000     0.00000     0.00000     0.00000     0.00000     0.00000     0.00000     0.00000
   -45.55690     0.00000     0.00000     0.00000     0.00000     0.00000     0.00000     0.00000     0.00000     0.00000     0.00000     0.00000     0.00000     0.00000     0.00000     0.00000     0.00000     0.00000
   -45.49190     0.00000     0.00000     0.00000     0.00000     0.00000     0.00000     0.00000     0.00000     0.00000     0.00000     0.00000     0.00000     0.00000     0.00000     0.00000     0.00000     0.00000
   -45.42590     0.00000     0.00000     0.00000     0.00000     0.00000     0.00000     0.00000     0.00000     0.00000     0.00000     0.00000     0.00000     0.00000     0.00000     0.00000     0.00000     0.00000
   -45.35990     0.00000     0.00000     0.00000     0.00000     0.00000     0.00000     0.00000     0.00000     0.00000     0.00000     0.00000     0.00000     0.00000     0.00000     0.00000     0.00000     0.00000
   -45.29490     0.00000     0.00000     0.00000     0.00000     0.00000     0.00000     0.00000     0.00000     0.00000     0.00000     0.00000     0.00000     0.00000     0.00000     0.00000     0.00000     0.00000
   -45.22890     0.00000     0.00000     0.00000     0.00000     0.00000     0.00000     0.00000     0.00000     0.00000     0.00000     0.00000     0.00000     0.00000     0.00000     0.00000     0.00000     0.00000
   -45.16290     0.00000     0.00000     0.00000     0.00000     0.00000     0.00000     0.00000     0.00000     0.00000     0.00000     0.00000     0.00000     0.00000     0.00000     0.00000     0.00000     0.00000
   -45.09790     0.00000     0.00000     0.00000     0.00000     0.00000     0.00000     0.00000     0.00000     0.00000     0.00000     0.00000     0.00000     0.00000     0.00000     0.00000     0.00000     0.00000
   -45.03190     0.00000     0.00000     0.00000     0.00000     0.00000     0.00000     0.00000     0.00000     0.00000     0.00000     0.00000     0.00000     0.00000     0.00000     0.00000     0.00000     0.00000
   -44.96590     0.00000     0.00000     0.00000     0.00000     0.00000     0.00000     0.00000     0.00000     0.00000     0.00000     0.00000     0.00000     0.00000     0.00000     0.00000     0.00000     0.00000
   -44.90090     0.00000     0.00000     0.00000     0.00000     0.00000     0.00000     0.00000     0.00000     0.00000     0.00000     0.00000     0.00000     0.00000     0.00000     0.00000     0.00000     0.00000
   -44.83490     0.00000     0.00000     0.00000     0.00000     0.00000     0.00000     0.00000     0.00000     0.00000     0.00000     0.00000     0.00000     0.00000     0.00000     0.00000     0.00000     0.00000
   -44.76890     0.00000     0.00000     0.00000     0.00000     0.00000     0.00000     0.00000     0.00000     0.00000     0.00000     0.00000     0.00000     0.00000     0.00000     0.00000     0.00000     0.00000
   -44.70390     0.00000     0.00000     0.00000     0.00000     0.00000     0.00000     0.00000     0.00000     0.00000     0.00000     0.00000     0.00000     0.00000     0.00000     0.00000     0.00000     0.00000
   -44.63790     0.00000     0.00000     0.00000     0.00000     0.00000     0.00000     0.00000     0.00000     0.00000     0.00000     0.00000     0.00000     0.00000     0.00000     0.00000     0.00000     0.00000
   -44.57190     0.00000     0.00000     0.00000     0.00000     0.00000     0.00000     0.00000     0.00000     0.00000     0.00000     0.00000     0.00000     0.00000     0.00000     0.00000     0.00000     0.00000
   -44.50690     0.00000     0.00000     0.00000     0.00000     0.00000     0.00000     0.00000     0.00000     0.00000     0.00000     0.00000     0.00000     0.00000     0.00000     0.00000     0.00000     0.00000
   -44.44090     0.00000     0.00000     0.00000     0.00000     0.00000     0.00000     0.00000     0.00000     0.00000     0.00000     0.00000     0.00000     0.00000     0.00000     0.00000     0.00000     0.00000
   -44.37490     0.00000     0.00000     0.00000     0.00000     0.00000     0.00000     0.00000     0.00000     0.00000     0.00000     0.00000     0.00000     0.00000     0.00000     0.00000     0.00000     0.00000
   -44.30990     0.00000     0.00000     0.00000     0.00000     0.00000     0.00000     0.00000     0.00000     0.00000     0.00000     0.00000     0.00000     0.00000     0.00000     0.00000     0.00000     0.00000
   -44.24390     0.00000     0.00000     0.00000     0.00000     0.00000     0.00000     0.00000     0.00000     0.00000     0.00000     0.00000     0.00000     0.00000     0.00000     0.00000     0.00000     0.00000
   -44.17790     0.00000     0.00000     0.00000     0.00000     0.00000     0.00000     0.00000     0.00000     0.00000     0.00000     0.00000     0.00000     0.00000     0.00000     0.00000     0.00000     0.00000
   -44.11290     0.00000     0.00000     0.00000     0.00000     0.00000     0.00000     0.00000     0.00000     0.00000     0.00000     0.00000     0.00000     0.00000     0.00000     0.00000     0.00000     0.00000
   -44.04690     0.00000     0.00000     0.00000     0.00000     0.00000     0.00000     0.00000     0.00000     0.00000     0.00000     0.00000     0.00000     0.00000     0.00000     0.00000     0.00000     0.00000
   -43.98090     0.00000     0.00000     0.00000     0.00000     0.00000     0.00000     0.00000     0.00000     0.00000     0.00000     0.00000     0.00000     0.00000     0.00000     0.00000     0.00000     0.00000
   -43.91590     0.00000     0.00000     0.00000     0.00000     0.00000     0.00000     0.00000     0.00000     0.00000     0.00000     0.00000     0.00000     0.00000     0.00000     0.00000     0.00000     0.00000
   -43.84990     0.00000     0.00000     0.00000     0.00000     0.00000     0.00000     0.00000     0.00000     0.00000     0.00000     0.00000     0.00000     0.00000     0.00000     0.00000     0.00000     0.00000
   -43.78390     0.00000     0.00000     0.00000     0.00000     0.00000     0.00000     0.00000     0.00000     0.00000     0.00000     0.00000     0.00000     0.00000     0.00000     0.00000     0.00000     0.00000
   -43.71890     0.00000     0.00000     0.00000     0.00000     0.00000     0.00000     0.00000     0.00000     0.00000     0.00000     0.00000     0.00000     0.00000     0.00000     0.00000     0.00000     0.00000
   -43.65290     0.00000     0.00000     0.00000     0.00000     0.00000     0.00000     0.00000     0.00000     0.00000     0.00000     0.00000     0.00000     0.00000     0.00000     0.00000     0.00000     0.00000
   -43.58790     0.00000     0.00000     0.00000     0.00000     0.00000     0.00000     0.00000     0.00000     0.00000     0.00000     0.00000     0.00000     0.00000     0.00000     0.00000     0.00000     0.00000
   -43.52190     0.00000     0.00000     0.00000     0.00000     0.00000     0.00000     0.00000     0.00000     0.00000     0.00000     0.00000     0.00000     0.00000     0.00000     0.00000     0.00000     0.00000
   -43.45590     0.00000     0.00000     0.00000     0.00000     0.00000     0.00000     0.00000     0.00000     0.00000     0.00000     0.00000     0.00000     0.00000     0.00000     0.00000     0.00000     0.00000
   -43.39090     0.00000     0.00000     0.00000     0.00000     0.00000     0.00000     0.00000     0.00000     0.00000     0.00000     0.00000     0.00000     0.00000     0.00000     0.00000     0.00000     0.00000
   -43.32490     0.00000     0.00000     0.00000     0.00000     0.00000     0.00000     0.00000     0.00000     0.00000     0.00000     0.00000     0.00000     0.00000     0.00000     0.00000     0.00000     0.00000
   -43.25890     0.00000     0.00000     0.00000     0.00000     0.00000     0.00000     0.00000     0.00000     0.00000     0.00000     0.00000     0.00000     0.00000     0.00000     0.00000     0.00000     0.00000
   -43.19390     0.00000     0.00000     0.00000     0.00000     0.00000     0.00000     0.00000     0.00000     0.00000     0.00000     0.00000     0.00000     0.00000     0.00000     0.00000     0.00000     0.00000
   -43.12790     0.00000     0.00000     0.00000     0.00000     0.00000     0.00000     0.00000     0.00000     0.00000     0.00000     0.00000     0.00000     0.00000     0.00000     0.00000     0.00000     0.00000
   -43.06190     0.00000     0.00000     0.00000     0.00000     0.00000     0.00000     0.00000     0.00000     0.00000     0.00000     0.00000     0.00000     0.00000     0.00000     0.00000     0.00000     0.00000
   -42.99690     0.00000     0.00000     0.00000     0.00000     0.00000     0.00000     0.00000     0.00000     0.00000     0.00000     0.00000     0.00000     0.00000     0.00000     0.00000     0.00000     0.00000
   -42.93090     0.00000     0.00000     0.00000     0.00000     0.00000     0.00000     0.00000     0.00000     0.00000     0.00000     0.00000     0.00000     0.00000     0.00000     0.00000     0.00000     0.00000
   -42.86490     0.00000     0.00000     0.00000     0.00000     0.00000     0.00000     0.00000     0.00000     0.00000     0.00000     0.00000     0.00000     0.00000     0.00000     0.00000     0.00000     0.00000
   -42.79990     0.00000     0.00000     0.00000     0.00000     0.00000     0.00000     0.00000     0.00000     0.00000     0.00000     0.00000     0.00000     0.00000     0.00000     0.00000     0.00000     0.00000
   -42.73390     0.00000     0.00000     0.00000     0.00000     0.00000     0.00000     0.00000     0.00000     0.00000     0.00000     0.00000     0.00000     0.00000     0.00000     0.00000     0.00000     0.00000
   -42.66790     0.00000     0.00000     0.00000     0.00000     0.00000     0.00000     0.00000     0.00000     0.00000     0.00000     0.00000     0.00000     0.00000     0.00000     0.00000     0.00000     0.00000
   -42.60290     0.00000     0.00000     0.00000     0.00000     0.00000     0.00000     0.00000     0.00000     0.00000     0.00000     0.00000     0.00000     0.00000     0.00000     0.00000     0.00000     0.00000
   -42.53690     0.00000     0.00000     0.00000     0.00000     0.00000     0.00000     0.00000     0.00000     0.00000     0.00000     0.00000     0.00000     0.00000     0.00000     0.00000     0.00000     0.00000
   -42.47090     0.00000     0.00000     0.00000     0.00000     0.00000     0.00000     0.00000     0.00000     0.00000     0.00000     0.00000     0.00000     0.00000     0.00000     0.00000     0.00000     0.00000
   -42.40590     0.00000     0.00000     0.00000     0.00000     0.00000     0.00000     0.00000     0.00000     0.00000     0.00000     0.00000     0.00000     0.00000     0.00000     0.00000     0.00000     0.00000
   -42.33990     0.00000     0.00000     0.00000     0.00000     0.00000     0.00000     0.00000     0.00000     0.00000     0.00000     0.00000     0.00000     0.00000     0.00000     0.00000     0.00000     0.00000
   -42.27390     0.00000     0.00000     0.00000     0.00000     0.00000     0.00000     0.00000     0.00000     0.00000     0.00000     0.00000     0.00000     0.00000     0.00000     0.00000     0.00000     0.00000
   -42.20890     0.00000     0.00000     0.00000     0.00000     0.00000     0.00000     0.00000     0.00000     0.00000     0.00000     0.00000     0.00000     0.00000     0.00000     0.00000     0.00000     0.00000
   -42.14290     0.00000     0.00000     0.00000     0.00000     0.00000     0.00000     0.00000     0.00000     0.00000     0.00000     0.00000     0.00000     0.00000     0.00000     0.00000     0.00000     0.00000
   -42.07690     0.00000     0.00000     0.00000     0.00000     0.00000     0.00000     0.00000     0.00000     0.00000     0.00000     0.00000     0.00000     0.00000     0.00000     0.00000     0.00000     0.00000
   -42.01190     0.00000     0.00000     0.00000     0.00000     0.00000     0.00000     0.00000     0.00000     0.00000     0.00000     0.00000     0.00000     0.00000     0.00000     0.00000     0.00000     0.00000
   -41.94590     0.00000     0.00000     0.00000     0.00000     0.00000     0.00000     0.00000     0.00000     0.00000     0.00000     0.00000     0.00000     0.00000     0.00000     0.00000     0.00000     0.00000
   -41.88090     0.00000     0.00000     0.00000     0.00000     0.00000     0.00000     0.00000     0.00000     0.00000     0.00000     0.00000     0.00000     0.00000     0.00000     0.00000     0.00000     0.00000
   -41.81490     0.00000     0.00000     0.00000     0.00000     0.00000     0.00000     0.00000     0.00000     0.00000     0.00000     0.00000     0.00000     0.00000     0.00000     0.00000     0.00000     0.00000
   -41.74890     0.00000     0.00000     0.00000     0.00000     0.00000     0.00000     0.00000     0.00000     0.00000     0.00000     0.00000     0.00000     0.00000     0.00000     0.00000     0.00000     0.00000
   -41.68390     0.00000     0.00000     0.00000     0.00000     0.00000     0.00000     0.00000     0.00000     0.00000     0.00000     0.00000     0.00000     0.00000     0.00000     0.00000     0.00000     0.00000
   -41.61790     0.00000     0.00000     0.00000     0.00000     0.00000     0.00000     0.00000     0.00000     0.00000     0.00000     0.00000     0.00000     0.00000     0.00000     0.00000     0.00000     0.00000
   -41.55190     0.00000     0.00000     0.00000     0.00000     0.00000     0.00000     0.00000     0.00000     0.00000     0.00000     0.00000     0.00000     0.00000     0.00000     0.00000     0.00000     0.00000
   -41.48690     0.00000     0.00000     0.00000     0.00000     0.00000     0.00000     0.00000     0.00000     0.00000     0.00000     0.00000     0.00000     0.00000     0.00000     0.00000     0.00000     0.00000
   -41.42090     0.00000     0.00000     0.00000     0.00000     0.00000     0.00000     0.00000     0.00000     0.00000     0.00000     0.00000     0.00000     0.00000     0.00000     0.00000     0.00000     0.00000
   -41.35490     0.00000     0.00000     0.00000     0.00000     0.00000     0.00000     0.00000     0.00000     0.00000     0.00000     0.00000     0.00000     0.00000     0.00000     0.00000     0.00000     0.00000
   -41.28990     0.00000     0.00000     0.00000     0.00000     0.00000     0.00000     0.00000     0.00000     0.00000     0.00000     0.00000     0.00000     0.00000     0.00000     0.00000     0.00000     0.00000
   -41.22390     0.00000     0.00000     0.00000     0.00000     0.00000     0.00000     0.00000     0.00000     0.00000     0.00000     0.00000     0.00000     0.00000     0.00000     0.00000     0.00000     0.00000
   -41.15790     0.00000     0.00000     0.00000     0.00000     0.00000     0.00000     0.00000     0.00000     0.00000     0.00000     0.00000     0.00000     0.00000     0.00000     0.00000     0.00000     0.00000
   -41.09290     0.00000     0.00000     0.00000     0.00000     0.00000     0.00000     0.00000     0.00000     0.00000     0.00000     0.00000     0.00000     0.00000     0.00000     0.00000     0.00000     0.00000
   -41.02690     0.00000     0.00000     0.00000     0.00000     0.00000     0.00000     0.00000     0.00000     0.00000     0.00000     0.00000     0.00000     0.00000     0.00000     0.00000     0.00000     0.00000
   -40.96090     0.00000     0.00000     0.00000     0.00000     0.00000     0.00000     0.00000     0.00000     0.00000     0.00000     0.00000     0.00000     0.00000     0.00000     0.00000     0.00000     0.00000
   -40.89590     0.00000     0.00000     0.00000     0.00000     0.00000     0.00000     0.00000     0.00000     0.00000     0.00000     0.00000     0.00000     0.00000     0.00000     0.00000     0.00000     0.00000
   -40.82990     0.00000     0.00000     0.00000     0.00000     0.00000     0.00000     0.00000     0.00000     0.00000     0.00000     0.00000     0.00000     0.00000     0.00000     0.00000     0.00000     0.00000
   -40.76390     0.00000     0.00000     0.00000     0.00000     0.00000     0.00000     0.00000     0.00000     0.00000     0.00000     0.00000     0.00000     0.00000     0.00000     0.00000     0.00000     0.00000
   -40.69890     0.00000     0.00000     0.00000     0.00000     0.00000     0.00000     0.00000     0.00000     0.00000     0.00000     0.00000     0.00000     0.00000     0.00000     0.00000     0.00000     0.00000
   -40.63290     0.00000     0.00000     0.00000     0.00000     0.00000     0.00000     0.00000     0.00000     0.00000     0.00000     0.00000     0.00000     0.00000     0.00000     0.00000     0.00000     0.00000
   -40.56690     0.00000     0.00000     0.00000     0.00000     0.00000     0.00000     0.00000     0.00000     0.00000     0.00000     0.00000     0.00000     0.00000     0.00000     0.00000     0.00000     0.00000
   -40.50190     0.00000     0.00000     0.00000     0.00000     0.00000     0.00000     0.00000     0.00000     0.00000     0.00000     0.00000     0.00000     0.00000     0.00000     0.00000     0.00000     0.00000
   -40.43590     0.00000     0.00000     0.00000     0.00000     0.00000     0.00000     0.00000     0.00000     0.00000     0.00000     0.00000     0.00000     0.00000     0.00000     0.00000     0.00000     0.00000
   -40.36990     0.00000     0.00000     0.00000     0.00000     0.00000     0.00000     0.00000     0.00000     0.00000     0.00000     0.00000     0.00000     0.00000     0.00000     0.00000     0.00000     0.00000
   -40.30490     0.00000     0.00000     0.00000     0.00000     0.00000     0.00000     0.00000     0.00000     0.00000     0.00000     0.00000     0.00000     0.00000     0.00000     0.00000     0.00000     0.00000
   -40.23890     0.00000     0.00000     0.00000     0.00000     0.00000     0.00000     0.00000     0.00000     0.00000     0.00000     0.00000     0.00000     0.00000     0.00000     0.00000     0.00000     0.00000
   -40.17290     0.00000     0.00000     0.00000     0.00000     0.00000     0.00000     0.00000     0.00000     0.00000     0.00000     0.00000     0.00000     0.00000     0.00000     0.00000     0.00000     0.00000
   -40.10790     0.00000     0.00000     0.00000     0.00000     0.00000     0.00000     0.00000     0.00000     0.00000     0.00000     0.00000     0.00000     0.00000     0.00000     0.00000     0.00000     0.00000
   -40.04190     0.00000     0.00000     0.00000     0.00000     0.00000     0.00000     0.00000     0.00000     0.00000     0.00000     0.00000     0.00000     0.00000     0.00000     0.00000     0.00000     0.00000
   -39.97690     0.00000     0.00000     0.00000     0.00000     0.00000     0.00000     0.00000     0.00000     0.00000     0.00000     0.00000     0.00000     0.00000     0.00000     0.00000     0.00000     0.00000
   -39.91090     0.00000     0.00000     0.00000     0.00000     0.00000     0.00000     0.00000     0.00000     0.00000     0.00000     0.00000     0.00000     0.00000     0.00000     0.00000     0.00000     0.00000
   -39.84490     0.00000     0.00000     0.00000     0.00000     0.00000     0.00000     0.00000     0.00000     0.00000     0.00000     0.00000     0.00000     0.00000     0.00000     0.00000     0.00000     0.00000
   -39.77990     0.00000     0.00000     0.00000     0.00000     0.00000     0.00000     0.00000     0.00000     0.00000     0.00000     0.00000     0.00000     0.00000     0.00000     0.00000     0.00000     0.00000
   -39.71390     0.00000     0.00000     0.00000     0.00000     0.00000     0.00000     0.00000     0.00000     0.00000     0.00000     0.00000     0.00000     0.00000     0.00000     0.00000     0.00000     0.00000
   -39.64790     0.00000     0.00000     0.00000     0.00000     0.00000     0.00000     0.00000     0.00000     0.00000     0.00000     0.00000     0.00000     0.00000     0.00000     0.00000     0.00000     0.00000
   -39.58290     0.00000     0.00000     0.00000     0.00000     0.00000     0.00000     0.00000     0.00000     0.00000     0.00000     0.00000     0.00000     0.00000     0.00000     0.00000     0.00000     0.00000
   -39.51690     0.00000     0.00000     0.00000     0.00000     0.00000     0.00000     0.00000     0.00000     0.00000     0.00000     0.00000     0.00000     0.00000     0.00000     0.00000     0.00000     0.00000
   -39.45090     0.00000     0.00000     0.00000     0.00000     0.00000     0.00000     0.00000     0.00000     0.00000     0.00000     0.00000     0.00000     0.00000     0.00000     0.00000     0.00000     0.00000
   -39.38590     0.00000     0.00000     0.00000     0.00000     0.00000     0.00000     0.00000     0.00000     0.00000     0.00000     0.00000     0.00000     0.00000     0.00000     0.00000     0.00000     0.00000
   -39.31990     0.00000     0.00000     0.00000     0.00000     0.00000     0.00000     0.00000     0.00000     0.00000     0.00000     0.00000     0.00000     0.00000     0.00000     0.00000     0.00000     0.00000
   -39.25390     0.00000     0.00000     0.00000     0.00000     0.00000     0.00000     0.00000     0.00000     0.00000     0.00000     0.00000     0.00000     0.00000     0.00000     0.00000     0.00000     0.00000
   -39.18890     0.00000     0.00000     0.00000     0.00000     0.00000     0.00000     0.00000     0.00000     0.00000     0.00000     0.00000     0.00000     0.00000     0.00000     0.00000     0.00000     0.00000
   -39.12290     0.00000     0.00000     0.00000     0.00000     0.00000     0.00000     0.00000     0.00000     0.00000     0.00000     0.00000     0.00000     0.00000     0.00000     0.00000     0.00000     0.00000
   -39.05690     0.00000     0.00000     0.00000     0.00000     0.00000     0.00000     0.00000     0.00000     0.00000     0.00000     0.00000     0.00000     0.00000     0.00000     0.00000     0.00000     0.00000
   -38.99190     0.00000     0.00000     0.00000     0.00000     0.00000     0.00000     0.00000     0.00000     0.00000     0.00000     0.00000     0.00000     0.00000     0.00000     0.00000     0.00000     0.00000
   -38.92590     0.00000     0.00000     0.00000     0.00000     0.00000     0.00000     0.00000     0.00000     0.00000     0.00000     0.00000     0.00000     0.00000     0.00000     0.00000     0.00000     0.00000
   -38.85990     0.00000     0.00000     0.00000     0.00000     0.00000     0.00000     0.00000     0.00000     0.00000     0.00000     0.00000     0.00000     0.00000     0.00000     0.00000     0.00000     0.00000
   -38.79490     0.00000     0.00000     0.00000     0.00000     0.00000     0.00000     0.00000     0.00000     0.00000     0.00000     0.00000     0.00000     0.00000     0.00000     0.00000     0.00000     0.00000
   -38.72890     0.00000     0.00000     0.00000     0.00000     0.00000     0.00000     0.00000     0.00000     0.00000     0.00000     0.00000     0.00000     0.00000     0.00000     0.00000     0.00000     0.00000
   -38.66290     0.00000     0.00000     0.00000     0.00000     0.00000     0.00000     0.00000     0.00000     0.00000     0.00000     0.00000     0.00000     0.00000     0.00000     0.00000     0.00000     0.00000
   -38.59790     0.00000     0.00000     0.00000     0.00000     0.00000     0.00000     0.00000     0.00000     0.00000     0.00000     0.00000     0.00000     0.00000     0.00000     0.00000     0.00000     0.00000
   -38.53190     0.00000     0.00000     0.00000     0.00000     0.00000     0.00000     0.00000     0.00000     0.00000     0.00000     0.00000     0.00000     0.00000     0.00000     0.00000     0.00000     0.00000
   -38.46590     0.00000     0.00000     0.00000     0.00000     0.00000     0.00000     0.00000     0.00000     0.00000     0.00000     0.00000     0.00000     0.00000     0.00000     0.00000     0.00000     0.00000
   -38.40090     0.00000     0.00000     0.00000     0.00000     0.00000     0.00000     0.00000     0.00000     0.00000     0.00000     0.00000     0.00000     0.00000     0.00000     0.00000     0.00000     0.00000
   -38.33490     0.00000     0.00000     0.00000     0.00000     0.00000     0.00000     0.00000     0.00000     0.00000     0.00000     0.00000     0.00000     0.00000     0.00000     0.00000     0.00000     0.00000
   -38.26990     0.00000     0.00000     0.00000     0.00000     0.00000     0.00000     0.00000     0.00000     0.00000     0.00000     0.00000     0.00000     0.00000     0.00000     0.00000     0.00000     0.00000
   -38.20390     0.00000     0.00000     0.00000     0.00000     0.00000     0.00000     0.00000     0.00000     0.00000     0.00000     0.00000     0.00000     0.00000     0.00000     0.00000     0.00000     0.00000
   -38.13790     0.00000     0.00000     0.00000     0.00000     0.00000     0.00000     0.00000     0.00000     0.00000     0.00000     0.00000     0.00000     0.00000     0.00000     0.00000     0.00000     0.00000
   -38.07290     0.00000     0.00000     0.00000     0.00000     0.00000     0.00000     0.00000     0.00000     0.00000     0.00000     0.00000     0.00000     0.00000     0.00000     0.00000     0.00000     0.00000
   -38.00690     0.00000     0.00000     0.00000     0.00000     0.00000     0.00000     0.00000     0.00000     0.00000     0.00000     0.00000     0.00000     0.00000     0.00000     0.00000     0.00000     0.00000
   -37.94090     0.00000     0.00000     0.00000     0.00000     0.00000     0.00000     0.00000     0.00000     0.00000     0.00000     0.00000     0.00000     0.00000     0.00000     0.00000     0.00000     0.00000
   -37.87590     0.00000     0.00000     0.00000     0.00000     0.00000     0.00000     0.00000     0.00000     0.00000     0.00000     0.00000     0.00000     0.00000     0.00000     0.00000     0.00000     0.00000
   -37.80990     0.00000     0.00000     0.00000     0.00000     0.00000     0.00000     0.00000     0.00000     0.00000     0.00000     0.00000     0.00000     0.00000     0.00000     0.00000     0.00000     0.00000
   -37.74390     0.00000     0.00000     0.00000     0.00000     0.00000     0.00000     0.00000     0.00000     0.00000     0.00000     0.00000     0.00000     0.00000     0.00000     0.00000     0.00000     0.00000
   -37.67890     0.00000     0.00000     0.00000     0.00000     0.00000     0.00000     0.00000     0.00000     0.00000     0.00000     0.00000     0.00000     0.00000     0.00000     0.00000     0.00000     0.00000
   -37.61290     0.00000     0.00000     0.00000     0.00000     0.00000     0.00000     0.00000     0.00000     0.00000     0.00000     0.00000     0.00000     0.00000     0.00000     0.00000     0.00000     0.00000
   -37.54690     0.00000     0.00000     0.00000     0.00000     0.00000     0.00000     0.00000     0.00000     0.00000     0.00000     0.00000     0.00000     0.00000     0.00000     0.00000     0.00000     0.00000
   -37.48190     0.00000     0.00000     0.00000     0.00000     0.00000     0.00000     0.00000     0.00000     0.00000     0.00000     0.00000     0.00000     0.00000     0.00000     0.00000     0.00000     0.00000
   -37.41590     0.00000     0.00000     0.00000     0.00000     0.00000     0.00000     0.00000     0.00000     0.00000     0.00000     0.00000     0.00000     0.00000     0.00000     0.00000     0.00000     0.00000
   -37.34990     0.00000     0.00000     0.00000     0.00000     0.00000     0.00000     0.00000     0.00000     0.00000     0.00000     0.00000     0.00000     0.00000     0.00000     0.00000     0.00000     0.00000
   -37.28490     0.00000     0.00000     0.00000     0.00000     0.00000     0.00000     0.00000     0.00000     0.00000     0.00000     0.00000     0.00000     0.00000     0.00000     0.00000     0.00000     0.00000
   -37.21890     0.00000     0.00000     0.00000     0.00000     0.00000     0.00000     0.00000     0.00000     0.00000     0.00000     0.00000     0.00000     0.00000     0.00000     0.00000     0.00000     0.00000
   -37.15290     0.00000     0.00000     0.00000     0.00000     0.00000     0.00000     0.00000     0.00000     0.00000     0.00000     0.00000     0.00000     0.00000     0.00000     0.00000     0.00000     0.00000
   -37.08790     0.00000     0.00000     0.00000     0.00000     0.00000     0.00000     0.00000     0.00000     0.00000     0.00000     0.00000     0.00000     0.00000     0.00000     0.00000     0.00000     0.00000
   -37.02190     0.00000     0.00000     0.00000     0.00000     0.00000     0.00000     0.00000     0.00000     0.00000     0.00000     0.00000     0.00000     0.00000     0.00000     0.00000     0.00000     0.00000
   -36.95590     0.00000     0.00000     0.00000     0.00000     0.00000     0.00000     0.00000     0.00000     0.00000     0.00000     0.00000     0.00000     0.00000     0.00000     0.00000     0.00000     0.00000
   -36.89090     0.00000     0.00000     0.00000     0.00000     0.00000     0.00000     0.00000     0.00000     0.00000     0.00000     0.00000     0.00000     0.00000     0.00000     0.00000     0.00000     0.00000
   -36.82490     0.00000     0.00000     0.00000     0.00000     0.00000     0.00000     0.00000     0.00000     0.00000     0.00000     0.00000     0.00000     0.00000     0.00000     0.00000     0.00000     0.00000
   -36.75890     0.00000     0.00000     0.00000     0.00000     0.00000     0.00000     0.00000     0.00000     0.00000     0.00000     0.00000     0.00000     0.00000     0.00000     0.00000     0.00000     0.00000
   -36.69390     0.00000     0.00000     0.00000     0.00000     0.00000     0.00000     0.00000     0.00000     0.00000     0.00000     0.00000     0.00000     0.00000     0.00000     0.00000     0.00000     0.00000
   -36.62790     0.00000     0.00000     0.00000     0.00000     0.00000     0.00000     0.00000     0.00000     0.00000     0.00000     0.00000     0.00000     0.00000     0.00000     0.00000     0.00000     0.00000
   -36.56190     0.00000     0.00000     0.00000     0.00000     0.00000     0.00000     0.00000     0.00000     0.00000     0.00000     0.00000     0.00000     0.00000     0.00000     0.00000     0.00000     0.00000
   -36.49690     0.00000     0.00000     0.00000     0.00000     0.00000     0.00000     0.00000     0.00000     0.00000     0.00000     0.00000     0.00000     0.00000     0.00000     0.00000     0.00000     0.00000
   -36.43090     0.00000     0.00000     0.00000     0.00000     0.00000     0.00000     0.00000     0.00000     0.00000     0.00000     0.00000     0.00000     0.00000     0.00000     0.00000     0.00000     0.00000
   -36.36590     0.00000     0.00000     0.00000     0.00000     0.00000     0.00000     0.00000     0.00000     0.00000     0.00000     0.00000     0.00000     0.00000     0.00000     0.00000     0.00000     0.00000
   -36.29990     0.00000     0.00000     0.00000     0.00000     0.00000     0.00000     0.00000     0.00000     0.00000     0.00000     0.00000     0.00000     0.00000     0.00000     0.00000     0.00000     0.00000
   -36.23390     0.00000     0.00000     0.00000     0.00000     0.00000     0.00000     0.00000     0.00000     0.00000     0.00000     0.00000     0.00000     0.00000     0.00000     0.00000     0.00000     0.00000
   -36.16890     0.00000     0.00000     0.00000     0.00000     0.00000     0.00000     0.00000     0.00000     0.00000     0.00000     0.00000     0.00000     0.00000     0.00000     0.00000     0.00000     0.00000
   -36.10290     0.00000     0.00000     0.00000     0.00000     0.00000     0.00000     0.00000     0.00000     0.00000     0.00000     0.00000     0.00000     0.00000     0.00000     0.00000     0.00000     0.00000
   -36.03690     0.00000     0.00000     0.00000     0.00000     0.00000     0.00000     0.00000     0.00000     0.00000     0.00000     0.00000     0.00000     0.00000     0.00000     0.00000     0.00000     0.00000
   -35.97190     0.00000     0.00000     0.00000     0.00000     0.00000     0.00000     0.00000     0.00000     0.00000     0.00000     0.00000     0.00000     0.00000     0.00000     0.00000     0.00000     0.00000
   -35.90590     0.00000     0.00000     0.00000     0.00000     0.00000     0.00000     0.00000     0.00000     0.00000     0.00000     0.00000     0.00000     0.00000     0.00000     0.00000     0.00000     0.00000
   -35.83990     0.00000     0.00000     0.00000     0.00000     0.00000     0.00000     0.00000     0.00000     0.00000     0.00000     0.00000     0.00000     0.00000     0.00000     0.00000     0.00000     0.00000
   -35.77490     0.00000     0.00000     0.00000     0.00000     0.00000     0.00000     0.00000     0.00000     0.00000     0.00000     0.00000     0.00000     0.00000     0.00000     0.00000     0.00000     0.00000
   -35.70890     0.00000     0.00000     0.00000     0.00000     0.00000     0.00000     0.00000     0.00000     0.00000     0.00000     0.00000     0.00000     0.00000     0.00000     0.00000     0.00000     0.00000
   -35.64290     0.00000     0.00000     0.00000     0.00000     0.00000     0.00000     0.00000     0.00000     0.00000     0.00000     0.00000     0.00000     0.00000     0.00000     0.00000     0.00000     0.00000
   -35.57790     0.00000     0.00000     0.00000     0.00000     0.00000     0.00000     0.00000     0.00000     0.00000     0.00000     0.00000     0.00000     0.00000     0.00000     0.00000     0.00000     0.00000
   -35.51190     0.00000     0.00000     0.00000     0.00000     0.00000     0.00000     0.00000     0.00000     0.00000     0.00000     0.00000     0.00000     0.00000     0.00000     0.00000     0.00000     0.00000
   -35.44590     0.00000     0.00000     0.00000     0.00000     0.00000     0.00000     0.00000     0.00000     0.00000     0.00000     0.00000     0.00000     0.00000     0.00000     0.00000     0.00000     0.00000
   -35.38090     0.00000     0.00000     0.00000     0.00000     0.00000     0.00000     0.00000     0.00000     0.00000     0.00000     0.00000     0.00000     0.00000     0.00000     0.00000     0.00000     0.00000
   -35.31490     0.00000     0.00000     0.00000     0.00000     0.00000     0.00000     0.00000     0.00000     0.00000     0.00000     0.00000     0.00000     0.00000     0.00000     0.00000     0.00000     0.00000
   -35.24890     0.00000     0.00000     0.00000     0.00000     0.00000     0.00000     0.00000     0.00000     0.00000     0.00000     0.00000     0.00000     0.00000     0.00000     0.00000     0.00000     0.00000
   -35.18390     0.00000     0.00000     0.00000     0.00000     0.00000     0.00000     0.00000     0.00000     0.00000     0.00000     0.00000     0.00000     0.00000     0.00000     0.00000     0.00000     0.00000
   -35.11790     0.00000     0.00000     0.00000     0.00000     0.00000     0.00000     0.00000     0.00000     0.00000     0.00000     0.00000     0.00000     0.00000     0.00000     0.00000     0.00000     0.00000
   -35.05190     0.00747     0.00918     0.01505     0.00707     0.00004     0.00001     0.00093     0.00001     0.00004     0.00000     0.00000     0.00000     0.00000     0.00000     0.00000     0.00000     0.03982
   -34.98690     0.00000     0.00000     0.00000     0.00000     0.00000     0.00000     0.00000     0.00000     0.00000     0.00000     0.00000     0.00000     0.00000     0.00000     0.00000     0.00000     0.00000
   -34.92090     0.00000     0.00000     0.00000     0.00000     0.00000     0.00000     0.00000     0.00000     0.00000     0.00000     0.00000     0.00000     0.00000     0.00000     0.00000     0.00000     0.00000
   -34.85490     0.00000     0.00000     0.00000     0.00000     0.00000     0.00000     0.00000     0.00000     0.00000     0.00000     0.00000     0.00000     0.00000     0.00000     0.00000     0.00000     0.00000
   -34.78990     0.00000     0.00000     0.00000     0.00000     0.00000     0.00000     0.00000     0.00000     0.00000     0.00000     0.00000     0.00000     0.00000     0.00000     0.00000     0.00000     0.00000
   -34.72390     0.00000     0.00000     0.00000     0.00000     0.00000     0.00000     0.00000     0.00000     0.00000     0.00000     0.00000     0.00000     0.00000     0.00000     0.00000     0.00000     0.00000
   -34.65890     0.00000     0.00000     0.00000     0.00000     0.00000     0.00000     0.00000     0.00000     0.00000     0.00000     0.00000     0.00000     0.00000     0.00000     0.00000     0.00000     0.00000
   -34.59290     0.00000     0.00000     0.00000     0.00000     0.00000     0.00000     0.00000     0.00000     0.00000     0.00000     0.00000     0.00000     0.00000     0.00000     0.00000     0.00000     0.00000
   -34.52690     0.00000     0.00000     0.00000     0.00000     0.00000     0.00000     0.00000     0.00000     0.00000     0.00000     0.00000     0.00000     0.00000     0.00000     0.00000     0.00000     0.00000
   -34.46190     0.00000     0.00000     0.00000     0.00000     0.00000     0.00000     0.00000     0.00000     0.00000     0.00000     0.00000     0.00000     0.00000     0.00000     0.00000     0.00000     0.00000
   -34.39590     0.00000     0.00000     0.00000     0.00000     0.00000     0.00000     0.00000     0.00000     0.00000     0.00000     0.00000     0.00000     0.00000     0.00000     0.00000     0.00000     0.00000
   -34.32990     0.00000     0.00000     0.00000     0.00000     0.00000     0.00000     0.00000     0.00000     0.00000     0.00000     0.00000     0.00000     0.00000     0.00000     0.00000     0.00000     0.00000
   -34.26490     0.00000     0.00000     0.00000     0.00000     0.00000     0.00000     0.00000     0.00000     0.00000     0.00000     0.00000     0.00000     0.00000     0.00000     0.00000     0.00000     0.00000
   -34.19890     0.00000     0.00000     0.00000     0.00000     0.00000     0.00000     0.00000     0.00000     0.00000     0.00000     0.00000     0.00000     0.00000     0.00000     0.00000     0.00000     0.00000
   -34.13290     0.00000     0.00000     0.00000     0.00000     0.00000     0.00000     0.00000     0.00000     0.00000     0.00000     0.00000     0.00000     0.00000     0.00000     0.00000     0.00000     0.00000
   -34.06790     0.00000     0.00000     0.00000     0.00000     0.00000     0.00000     0.00000     0.00000     0.00000     0.00000     0.00000     0.00000     0.00000     0.00000     0.00000     0.00000     0.00000
   -34.00190     0.00000     0.00000     0.00000     0.00000     0.00000     0.00000     0.00000     0.00000     0.00000     0.00000     0.00000     0.00000     0.00000     0.00000     0.00000     0.00000     0.00000
   -33.93590     0.00000     0.00000     0.00000     0.00000     0.00000     0.00000     0.00000     0.00000     0.00000     0.00000     0.00000     0.00000     0.00000     0.00000     0.00000     0.00000     0.00000
   -33.87090     0.00000     0.00000     0.00000     0.00000     0.00000     0.00000     0.00000     0.00000     0.00000     0.00000     0.00000     0.00000     0.00000     0.00000     0.00000     0.00000     0.00000
   -33.80490     0.00000     0.00000     0.00000     0.00000     0.00000     0.00000     0.00000     0.00000     0.00000     0.00000     0.00000     0.00000     0.00000     0.00000     0.00000     0.00000     0.00000
   -33.73890     0.00000     0.00000     0.00000     0.00000     0.00000     0.00000     0.00000     0.00000     0.00000     0.00000     0.00000     0.00000     0.00000     0.00000     0.00000     0.00000     0.00000
   -33.67390     0.00000     0.00000     0.00000     0.00000     0.00000     0.00000     0.00000     0.00000     0.00000     0.00000     0.00000     0.00000     0.00000     0.00000     0.00000     0.00000     0.00000
   -33.60790     0.00000     0.00000     0.00000     0.00000     0.00000     0.00000     0.00000     0.00000     0.00000     0.00000     0.00000     0.00000     0.00000     0.00000     0.00000     0.00000     0.00000
   -33.54190     0.00000     0.00000     0.00000     0.00000     0.00000     0.00000     0.00000     0.00000     0.00000     0.00000     0.00000     0.00000     0.00000     0.00000     0.00000     0.00000     0.00000
   -33.47690     0.00000     0.00000     0.00000     0.00000     0.00000     0.00000     0.00000     0.00000     0.00000     0.00000     0.00000     0.00000     0.00000     0.00000     0.00000     0.00000     0.00000
   -33.41090     0.00000     0.00000     0.00000     0.00000     0.00000     0.00000     0.00000     0.00000     0.00000     0.00000     0.00000     0.00000     0.00000     0.00000     0.00000     0.00000     0.00000
   -33.34490     0.00000     0.00000     0.00000     0.00000     0.00000     0.00000     0.00000     0.00000     0.00000     0.00000     0.00000     0.00000     0.00000     0.00000     0.00000     0.00000     0.00000
   -33.27990     0.00000     0.00000     0.00000     0.00000     0.00000     0.00000     0.00000     0.00000     0.00000     0.00000     0.00000     0.00000     0.00000     0.00000     0.00000     0.00000     0.00000
   -33.21390     0.00000     0.00000     0.00000     0.00000     0.00000     0.00000     0.00000     0.00000     0.00000     0.00000     0.00000     0.00000     0.00000     0.00000     0.00000     0.00000     0.00000
   -33.14790     0.00000     0.00000     0.00000     0.00000     0.00000     0.00000     0.00000     0.00000     0.00000     0.00000     0.00000     0.00000     0.00000     0.00000     0.00000     0.00000     0.00000
   -33.08290     0.00000     0.00000     0.00000     0.00000     0.00000     0.00000     0.00000     0.00000     0.00000     0.00000     0.00000     0.00000     0.00000     0.00000     0.00000     0.00000     0.00000
   -33.01690     0.00000     0.00000     0.00000     0.00000     0.00000     0.00000     0.00000     0.00000     0.00000     0.00000     0.00000     0.00000     0.00000     0.00000     0.00000     0.00000     0.00000
   -32.95090     0.00000     0.00000     0.00000     0.00000     0.00000     0.00000     0.00000     0.00000     0.00000     0.00000     0.00000     0.00000     0.00000     0.00000     0.00000     0.00000     0.00000
   -32.88590     0.00000     0.00000     0.00000     0.00000     0.00000     0.00000     0.00000     0.00000     0.00000     0.00000     0.00000     0.00000     0.00000     0.00000     0.00000     0.00000     0.00000
   -32.81990     0.00000     0.00000     0.00000     0.00000     0.00000     0.00000     0.00000     0.00000     0.00000     0.00000     0.00000     0.00000     0.00000     0.00000     0.00000     0.00000     0.00000
   -32.75490     0.00000     0.00000     0.00000     0.00000     0.00000     0.00000     0.00000     0.00000     0.00000     0.00000     0.00000     0.00000     0.00000     0.00000     0.00000     0.00000     0.00000
   -32.68890     0.00000     0.00000     0.00000     0.00000     0.00000     0.00000     0.00000     0.00000     0.00000     0.00000     0.00000     0.00000     0.00000     0.00000     0.00000     0.00000     0.00000
   -32.62290     0.00000     0.00000     0.00000     0.00000     0.00000     0.00000     0.00000     0.00000     0.00000     0.00000     0.00000     0.00000     0.00000     0.00000     0.00000     0.00000     0.00000
   -32.55790     0.00000     0.00000     0.00000     0.00000     0.00000     0.00000     0.00000     0.00000     0.00000     0.00000     0.00000     0.00000     0.00000     0.00000     0.00000     0.00000     0.00000
   -32.49190     0.00000     0.00000     0.00000     0.00000     0.00000     0.00000     0.00000     0.00000     0.00000     0.00000     0.00000     0.00000     0.00000     0.00000     0.00000     0.00000     0.00000
   -32.42590     0.00000     0.00000     0.00000     0.00000     0.00000     0.00000     0.00000     0.00000     0.00000     0.00000     0.00000     0.00000     0.00000     0.00000     0.00000     0.00000     0.00000
   -32.36090     0.00000     0.00000     0.00000     0.00000     0.00000     0.00000     0.00000     0.00000     0.00000     0.00000     0.00000     0.00000     0.00000     0.00000     0.00000     0.00000     0.00000
   -32.29490     0.00000     0.00000     0.00000     0.00000     0.00000     0.00000     0.00000     0.00000     0.00000     0.00000     0.00000     0.00000     0.00000     0.00000     0.00000     0.00000     0.00000
   -32.22890     0.00000     0.00000     0.00000     0.00000     0.00000     0.00000     0.00000     0.00000     0.00000     0.00000     0.00000     0.00000     0.00000     0.00000     0.00000     0.00000     0.00000
   -32.16390     0.00000     0.00000     0.00000     0.00000     0.00000     0.00000     0.00000     0.00000     0.00000     0.00000     0.00000     0.00000     0.00000     0.00000     0.00000     0.00000     0.00000
   -32.09790     0.00000     0.00000     0.00000     0.00000     0.00000     0.00000     0.00000     0.00000     0.00000     0.00000     0.00000     0.00000     0.00000     0.00000     0.00000     0.00000     0.00000
   -32.03190     0.00000     0.00000     0.00000     0.00000     0.00000     0.00000     0.00000     0.00000     0.00000     0.00000     0.00000     0.00000     0.00000     0.00000     0.00000     0.00000     0.00000
   -31.96690     0.00000     0.00000     0.00000     0.00000     0.00000     0.00000     0.00000     0.00000     0.00000     0.00000     0.00000     0.00000     0.00000     0.00000     0.00000     0.00000     0.00000
   -31.90090     0.00000     0.00000     0.00000     0.00000     0.00000     0.00000     0.00000     0.00000     0.00000     0.00000     0.00000     0.00000     0.00000     0.00000     0.00000     0.00000     0.00000
   -31.83490     0.00000     0.00000     0.00000     0.00000     0.00000     0.00000     0.00000     0.00000     0.00000     0.00000     0.00000     0.00000     0.00000     0.00000     0.00000     0.00000     0.00000
   -31.76990     0.00000     0.00000     0.00000     0.00000     0.00000     0.00000     0.00000     0.00000     0.00000     0.00000     0.00000     0.00000     0.00000     0.00000     0.00000     0.00000     0.00000
   -31.70390     0.00000     0.00000     0.00000     0.00000     0.00000     0.00000     0.00000     0.00000     0.00000     0.00000     0.00000     0.00000     0.00000     0.00000     0.00000     0.00000     0.00000
   -31.63790     0.00000     0.00000     0.00000     0.00000     0.00000     0.00000     0.00000     0.00000     0.00000     0.00000     0.00000     0.00000     0.00000     0.00000     0.00000     0.00000     0.00000
   -31.57290     0.00000     0.00000     0.00000     0.00000     0.00000     0.00000     0.00000     0.00000     0.00000     0.00000     0.00000     0.00000     0.00000     0.00000     0.00000     0.00000     0.00000
   -31.50690     0.00000     0.00000     0.00000     0.00000     0.00000     0.00000     0.00000     0.00000     0.00000     0.00000     0.00000     0.00000     0.00000     0.00000     0.00000     0.00000     0.00000
   -31.44090     0.00000     0.00000     0.00000     0.00000     0.00000     0.00000     0.00000     0.00000     0.00000     0.00000     0.00000     0.00000     0.00000     0.00000     0.00000     0.00000     0.00000
   -31.37590     0.00000     0.00000     0.00000     0.00000     0.00000     0.00000     0.00000     0.00000     0.00000     0.00000     0.00000     0.00000     0.00000     0.00000     0.00000     0.00000     0.00000
   -31.30990     0.00000     0.00000     0.00000     0.00000     0.00000     0.00000     0.00000     0.00000     0.00000     0.00000     0.00000     0.00000     0.00000     0.00000     0.00000     0.00000     0.00000
   -31.24390     0.00000     0.00000     0.00000     0.00000     0.00000     0.00000     0.00000     0.00000     0.00000     0.00000     0.00000     0.00000     0.00000     0.00000     0.00000     0.00000     0.00000
   -31.17890     0.00000     0.00000     0.00000     0.00000     0.00000     0.00000     0.00000     0.00000     0.00000     0.00000     0.00000     0.00000     0.00000     0.00000     0.00000     0.00000     0.00000
   -31.11290     0.00000     0.00000     0.00000     0.00000     0.00000     0.00000     0.00000     0.00000     0.00000     0.00000     0.00000     0.00000     0.00000     0.00000     0.00000     0.00000     0.00000
   -31.04790     0.00000     0.00000     0.00000     0.00000     0.00000     0.00000     0.00000     0.00000     0.00000     0.00000     0.00000     0.00000     0.00000     0.00000     0.00000     0.00000     0.00000
   -30.98190     0.00000     0.00000     0.00000     0.00000     0.00000     0.00000     0.00000     0.00000     0.00000     0.00000     0.00000     0.00000     0.00000     0.00000     0.00000     0.00000     0.00000
   -30.91590     0.00000     0.00000     0.00000     0.00000     0.00000     0.00000     0.00000     0.00000     0.00000     0.00000     0.00000     0.00000     0.00000     0.00000     0.00000     0.00000     0.00000
   -30.85090     0.00000     0.00000     0.00000     0.00000     0.00000     0.00000     0.00000     0.00000     0.00000     0.00000     0.00000     0.00000     0.00000     0.00000     0.00000     0.00000     0.00000
   -30.78490     0.00000     0.00000     0.00000     0.00000     0.00000     0.00000     0.00000     0.00000     0.00000     0.00000     0.00000     0.00000     0.00000     0.00000     0.00000     0.00000     0.00000
   -30.71890     0.00000     0.00000     0.00000     0.00000     0.00000     0.00000     0.00000     0.00000     0.00000     0.00000     0.00000     0.00000     0.00000     0.00000     0.00000     0.00000     0.00000
   -30.65390     0.00000     0.00000     0.00000     0.00000     0.00000     0.00000     0.00000     0.00000     0.00000     0.00000     0.00000     0.00000     0.00000     0.00000     0.00000     0.00000     0.00000
   -30.58790     0.00000     0.00000     0.00000     0.00000     0.00000     0.00000     0.00000     0.00000     0.00000     0.00000     0.00000     0.00000     0.00000     0.00000     0.00000     0.00000     0.00000
   -30.52190     0.00000     0.00000     0.00000     0.00000     0.00000     0.00000     0.00000     0.00000     0.00000     0.00000     0.00000     0.00000     0.00000     0.00000     0.00000     0.00000     0.00000
   -30.45690     0.00000     0.00000     0.00000     0.00000     0.00000     0.00000     0.00000     0.00000     0.00000     0.00000     0.00000     0.00000     0.00000     0.00000     0.00000     0.00000     0.00000
   -30.39090     0.00000     0.00000     0.00000     0.00000     0.00000     0.00000     0.00000     0.00000     0.00000     0.00000     0.00000     0.00000     0.00000     0.00000     0.00000     0.00000     0.00000
   -30.32490     0.00000     0.00000     0.00000     0.00000     0.00000     0.00000     0.00000     0.00000     0.00000     0.00000     0.00000     0.00000     0.00000     0.00000     0.00000     0.00000     0.00000
   -30.25990     0.00000     0.00000     0.00000     0.00000     0.00000     0.00000     0.00000     0.00000     0.00000     0.00000     0.00000     0.00000     0.00000     0.00000     0.00000     0.00000     0.00000
   -30.19390     0.00000     0.00000     0.00000     0.00000     0.00000     0.00000     0.00000     0.00000     0.00000     0.00000     0.00000     0.00000     0.00000     0.00000     0.00000     0.00000     0.00000
   -30.12790     0.00000     0.00000     0.00000     0.00000     0.00000     0.00000     0.00000     0.00000     0.00000     0.00000     0.00000     0.00000     0.00000     0.00000     0.00000     0.00000     0.00000
   -30.06290     0.00000     0.00000     0.00000     0.00000     0.00000     0.00000     0.00000     0.00000     0.00000     0.00000     0.00000     0.00000     0.00000     0.00000     0.00000     0.00000     0.00000
   -29.99690     0.00000     0.00000     0.00000     0.00000     0.00000     0.00000     0.00000     0.00000     0.00000     0.00000     0.00000     0.00000     0.00000     0.00000     0.00000     0.00000     0.00000
   -29.93090     0.00000     0.00000     0.00000     0.00000     0.00000     0.00000     0.00000     0.00000     0.00000     0.00000     0.00000     0.00000     0.00000     0.00000     0.00000     0.00000     0.00000
   -29.86590     0.00000     0.00000     0.00000     0.00000     0.00000     0.00000     0.00000     0.00000     0.00000     0.00000     0.00000     0.00000     0.00000     0.00000     0.00000     0.00000     0.00000
   -29.79990     0.00000     0.00000     0.00000     0.00000     0.00000     0.00000     0.00000     0.00000     0.00000     0.00000     0.00000     0.00000     0.00000     0.00000     0.00000     0.00000     0.00000
   -29.73390     0.00000     0.00000     0.00000     0.00000     0.00000     0.00000     0.00000     0.00000     0.00000     0.00000     0.00000     0.00000     0.00000     0.00000     0.00000     0.00000     0.00000
   -29.66890     0.00000     0.00000     0.00000     0.00000     0.00000     0.00000     0.00000     0.00000     0.00000     0.00000     0.00000     0.00000     0.00000     0.00000     0.00000     0.00000     0.00000
   -29.60290     0.00000     0.00000     0.00000     0.00000     0.00000     0.00000     0.00000     0.00000     0.00000     0.00000     0.00000     0.00000     0.00000     0.00000     0.00000     0.00000     0.00000
   -29.53690     0.00000     0.00000     0.00000     0.00000     0.00000     0.00000     0.00000     0.00000     0.00000     0.00000     0.00000     0.00000     0.00000     0.00000     0.00000     0.00000     0.00000
   -29.47190     0.00000     0.00000     0.00000     0.00000     0.00000     0.00000     0.00000     0.00000     0.00000     0.00000     0.00000     0.00000     0.00000     0.00000     0.00000     0.00000     0.00000
   -29.40590     0.00000     0.00000     0.00000     0.00000     0.00000     0.00000     0.00000     0.00000     0.00000     0.00000     0.00000     0.00000     0.00000     0.00000     0.00000     0.00000     0.00000
   -29.33990     0.00000     0.00000     0.00000     0.00000     0.00000     0.00000     0.00000     0.00000     0.00000     0.00000     0.00000     0.00000     0.00000     0.00000     0.00000     0.00000     0.00000
   -29.27490     0.00000     0.00000     0.00000     0.00000     0.00000     0.00000     0.00000     0.00000     0.00000     0.00000     0.00000     0.00000     0.00000     0.00000     0.00000     0.00000     0.00000
   -29.20890     0.00000     0.00000     0.00000     0.00000     0.00000     0.00000     0.00000     0.00000     0.00000     0.00000     0.00000     0.00000     0.00000     0.00000     0.00000     0.00000     0.00000
   -29.14390     0.00000     0.00000     0.00000     0.00000     0.00000     0.00000     0.00000     0.00000     0.00000     0.00000     0.00000     0.00000     0.00000     0.00000     0.00000     0.00000     0.00000
   -29.07790     0.00000     0.00000     0.00000     0.00000     0.00000     0.00000     0.00000     0.00000     0.00000     0.00000     0.00000     0.00000     0.00000     0.00000     0.00000     0.00000     0.00000
   -29.01190     0.00000     0.00000     0.00000     0.00000     0.00000     0.00000     0.00000     0.00000     0.00000     0.00000     0.00000     0.00000     0.00000     0.00000     0.00000     0.00000     0.00000
   -28.94690     0.00000     0.00000     0.00000     0.00000     0.00000     0.00000     0.00000     0.00000     0.00000     0.00000     0.00000     0.00000     0.00000     0.00000     0.00000     0.00000     0.00000
   -28.88090     0.00000     0.00000     0.00000     0.00000     0.00000     0.00000     0.00000     0.00000     0.00000     0.00000     0.00000     0.00000     0.00000     0.00000     0.00000     0.00000     0.00000
   -28.81490     0.00000     0.00000     0.00000     0.00000     0.00000     0.00000     0.00000     0.00000     0.00000     0.00000     0.00000     0.00000     0.00000     0.00000     0.00000     0.00000     0.00000
   -28.74990     0.00113     0.01799     0.32330     0.76740     0.00015     0.00057     0.00001     0.00013     0.00001     0.00000     0.00000     0.00000     0.00000     0.00000     0.00000     0.00000     1.11069
   -28.68390     0.00600     0.48430     0.28670     0.42400     0.00011     0.00057     0.00003     0.00114     0.00018     0.00000     0.00000     0.00000     0.00000     0.00000     0.00000     0.00000     1.20304
   -28.61790     0.00407     0.45450     0.19040     0.54820     0.00051     0.00191     0.00008     0.00139     0.00063     0.00000     0.00000     0.00000     0.00000     0.00000     0.00000     0.00000     1.20170
   -28.55290     0.00089     0.85330     0.47070     0.42540     0.00216     0.00175     0.00082     0.00183     0.00035     0.00000     0.00000     0.00000     0.00000     0.00000     0.00000     0.00000     1.75720
   -28.48690     0.00417     0.39430     0.17250     0.15510     0.00209     0.00094     0.00100     0.00109     0.00006     0.00000     0.00000     0.00000     0.00000     0.00000     0.00000     0.00000     0.73124
   -28.42090     0.00000     0.00000     0.00000     0.00000     0.00000     0.00000     0.00000     0.00000     0.00000     0.00000     0.00000     0.00000     0.00000     0.00000     0.00000     0.00000     0.00000
   -28.35590     0.00000     0.00000     0.00000     0.00000     0.00000     0.00000     0.00000     0.00000     0.00000     0.00000     0.00000     0.00000     0.00000     0.00000     0.00000     0.00000     0.00000
   -28.28990     0.00000     0.00000     0.00000     0.00000     0.00000     0.00000     0.00000     0.00000     0.00000     0.00000     0.00000     0.00000     0.00000     0.00000     0.00000     0.00000     0.00000
   -28.22390     0.00000     0.00000     0.00000     0.00000     0.00000     0.00000     0.00000     0.00000     0.00000     0.00000     0.00000     0.00000     0.00000     0.00000     0.00000     0.00000     0.00000
   -28.15890     0.00000     0.00000     0.00000     0.00000     0.00000     0.00000     0.00000     0.00000     0.00000     0.00000     0.00000     0.00000     0.00000     0.00000     0.00000     0.00000     0.00000
   -28.09290     0.00000     0.00000     0.00000     0.00000     0.00000     0.00000     0.00000     0.00000     0.00000     0.00000     0.00000     0.00000     0.00000     0.00000     0.00000     0.00000     0.00000
   -28.02690     0.00000     0.00000     0.00000     0.00000     0.00000     0.00000     0.00000     0.00000     0.00000     0.00000     0.00000     0.00000     0.00000     0.00000     0.00000     0.00000     0.00000
   -27.96190     0.00000     0.00000     0.00000     0.00000     0.00000     0.00000     0.00000     0.00000     0.00000     0.00000     0.00000     0.00000     0.00000     0.00000     0.00000     0.00000     0.00000
   -27.89590     0.00000     0.00000     0.00000     0.00000     0.00000     0.00000     0.00000     0.00000     0.00000     0.00000     0.00000     0.00000     0.00000     0.00000     0.00000     0.00000     0.00000
   -27.82990     0.00000     0.00000     0.00000     0.00000     0.00000     0.00000     0.00000     0.00000     0.00000     0.00000     0.00000     0.00000     0.00000     0.00000     0.00000     0.00000     0.00000
   -27.76490     0.00000     0.00000     0.00000     0.00000     0.00000     0.00000     0.00000     0.00000     0.00000     0.00000     0.00000     0.00000     0.00000     0.00000     0.00000     0.00000     0.00000
   -27.69890     0.00000     0.00000     0.00000     0.00000     0.00000     0.00000     0.00000     0.00000     0.00000     0.00000     0.00000     0.00000     0.00000     0.00000     0.00000     0.00000     0.00000
   -27.63290     0.00000     0.00000     0.00000     0.00000     0.00000     0.00000     0.00000     0.00000     0.00000     0.00000     0.00000     0.00000     0.00000     0.00000     0.00000     0.00000     0.00000
   -27.56790     0.00000     0.00000     0.00000     0.00000     0.00000     0.00000     0.00000     0.00000     0.00000     0.00000     0.00000     0.00000     0.00000     0.00000     0.00000     0.00000     0.00000
   -27.50190     0.00000     0.00000     0.00000     0.00000     0.00000     0.00000     0.00000     0.00000     0.00000     0.00000     0.00000     0.00000     0.00000     0.00000     0.00000     0.00000     0.00000
   -27.43690     0.00000     0.00000     0.00000     0.00000     0.00000     0.00000     0.00000     0.00000     0.00000     0.00000     0.00000     0.00000     0.00000     0.00000     0.00000     0.00000     0.00000
   -27.37090     0.00000     0.00821     2.11500     0.03182     0.00002     0.00000     0.00000     0.00000     0.00000     0.00000     0.00000     0.00000     0.00000     0.00000     0.00000     0.00000     2.15505
   -27.30490     0.00028     0.53260     9.42900     3.09900     0.00009     0.00001     0.00000     0.00000     0.00000     0.00000     0.00000     0.00000     0.00000     0.00000     0.00000     0.00000    13.06098
   -27.23990     0.00042     3.43300     9.01800     7.44100     0.00023     0.00022     0.00001     0.00010     0.00001     0.00000     0.00000     0.00000     0.00000     0.00000     0.00000     0.00000    19.89299
   -27.17390     0.00011    12.55000     3.86100     9.50800     0.00021     0.00048     0.00006     0.00064     0.00011     0.00000     0.00000     0.00000     0.00000     0.00000     0.00000     0.00000    25.92060
   -27.10790     0.00006    14.51000     5.12000    13.91000     0.00052     0.00076     0.00021     0.00050     0.00005     0.00000     0.00000     0.00000     0.00000     0.00000     0.00000     0.00000    33.54210
   -27.04290     0.00000     0.00000     0.00000     0.00000     0.00000     0.00000     0.00000     0.00000     0.00000     0.00000     0.00000     0.00000     0.00000     0.00000     0.00000     0.00000     0.00000
   -26.97690     0.00000     0.00000     0.00000     0.00000     0.00000     0.00000     0.00000     0.00000     0.00000     0.00000     0.00000     0.00000     0.00000     0.00000     0.00000     0.00000     0.00000
   -26.91090     0.00000     0.00000     0.00000     0.00000     0.00000     0.00000     0.00000     0.00000     0.00000     0.00000     0.00000     0.00000     0.00000     0.00000     0.00000     0.00000     0.00000
   -26.84590     0.00000     0.00000     0.00000     0.00000     0.00000     0.00000     0.00000     0.00000     0.00000     0.00000     0.00000     0.00000     0.00000     0.00000     0.00000     0.00000     0.00000
   -26.77990     0.00000     0.00000     0.00000     0.00000     0.00000     0.00000     0.00000     0.00000     0.00000     0.00000     0.00000     0.00000     0.00000     0.00000     0.00000     0.00000     0.00000
   -26.71390     0.00000     0.00000     0.00000     0.00000     0.00000     0.00000     0.00000     0.00000     0.00000     0.00000     0.00000     0.00000     0.00000     0.00000     0.00000     0.00000     0.00000
   -26.64890     0.00000     0.00000     0.00000     0.00000     0.00000     0.00000     0.00000     0.00000     0.00000     0.00000     0.00000     0.00000     0.00000     0.00000     0.00000     0.00000     0.00000
   -26.58290     0.00000     0.00000     0.00000     0.00000     0.00000     0.00000     0.00000     0.00000     0.00000     0.00000     0.00000     0.00000     0.00000     0.00000     0.00000     0.00000     0.00000
   -26.51690     0.00000     0.00000     0.00000     0.00000     0.00000     0.00000     0.00000     0.00000     0.00000     0.00000     0.00000     0.00000     0.00000     0.00000     0.00000     0.00000     0.00000
   -26.45190     0.00000     0.00000     0.00000     0.00000     0.00000     0.00000     0.00000     0.00000     0.00000     0.00000     0.00000     0.00000     0.00000     0.00000     0.00000     0.00000     0.00000
   -26.38590     0.00000     0.00000     0.00000     0.00000     0.00000     0.00000     0.00000     0.00000     0.00000     0.00000     0.00000     0.00000     0.00000     0.00000     0.00000     0.00000     0.00000
   -26.31990     0.00000     0.00000     0.00000     0.00000     0.00000     0.00000     0.00000     0.00000     0.00000     0.00000     0.00000     0.00000     0.00000     0.00000     0.00000     0.00000     0.00000
   -26.25490     0.00000     0.00000     0.00000     0.00000     0.00000     0.00000     0.00000     0.00000     0.00000     0.00000     0.00000     0.00000     0.00000     0.00000     0.00000     0.00000     0.00000
   -26.18890     0.00000     0.00000     0.00000     0.00000     0.00000     0.00000     0.00000     0.00000     0.00000     0.00000     0.00000     0.00000     0.00000     0.00000     0.00000     0.00000     0.00000
   -26.12290     0.00000     0.00000     0.00000     0.00000     0.00000     0.00000     0.00000     0.00000     0.00000     0.00000     0.00000     0.00000     0.00000     0.00000     0.00000     0.00000     0.00000
   -26.05790     0.00000     0.00000     0.00000     0.00000     0.00000     0.00000     0.00000     0.00000     0.00000     0.00000     0.00000     0.00000     0.00000     0.00000     0.00000     0.00000     0.00000
   -25.99190     0.00000     0.00000     0.00000     0.00000     0.00000     0.00000     0.00000     0.00000     0.00000     0.00000     0.00000     0.00000     0.00000     0.00000     0.00000     0.00000     0.00000
   -25.92590     0.00000     0.00000     0.00000     0.00000     0.00000     0.00000     0.00000     0.00000     0.00000     0.00000     0.00000     0.00000     0.00000     0.00000     0.00000     0.00000     0.00000
   -25.86090     0.00000     0.00000     0.00000     0.00000     0.00000     0.00000     0.00000     0.00000     0.00000     0.00000     0.00000     0.00000     0.00000     0.00000     0.00000     0.00000     0.00000
   -25.79490     0.00000     0.00000     0.00000     0.00000     0.00000     0.00000     0.00000     0.00000     0.00000     0.00000     0.00000     0.00000     0.00000     0.00000     0.00000     0.00000     0.00000
   -25.72890     0.00000     0.00000     0.00000     0.00000     0.00000     0.00000     0.00000     0.00000     0.00000     0.00000     0.00000     0.00000     0.00000     0.00000     0.00000     0.00000     0.00000
   -25.66390     0.00000     0.00000     0.00000     0.00000     0.00000     0.00000     0.00000     0.00000     0.00000     0.00000     0.00000     0.00000     0.00000     0.00000     0.00000     0.00000     0.00000
   -25.59790     0.00000     0.00000     0.00000     0.00000     0.00000     0.00000     0.00000     0.00000     0.00000     0.00000     0.00000     0.00000     0.00000     0.00000     0.00000     0.00000     0.00000
   -25.53290     0.00000     0.00000     0.00000     0.00000     0.00000     0.00000     0.00000     0.00000     0.00000     0.00000     0.00000     0.00000     0.00000     0.00000     0.00000     0.00000     0.00000
   -25.46690     0.00000     0.00000     0.00000     0.00000     0.00000     0.00000     0.00000     0.00000     0.00000     0.00000     0.00000     0.00000     0.00000     0.00000     0.00000     0.00000     0.00000
   -25.40090     0.00000     0.00000     0.00000     0.00000     0.00000     0.00000     0.00000     0.00000     0.00000     0.00000     0.00000     0.00000     0.00000     0.00000     0.00000     0.00000     0.00000
   -25.33590     0.00000     0.00000     0.00000     0.00000     0.00000     0.00000     0.00000     0.00000     0.00000     0.00000     0.00000     0.00000     0.00000     0.00000     0.00000     0.00000     0.00000
   -25.26990     0.00000     0.00000     0.00000     0.00000     0.00000     0.00000     0.00000     0.00000     0.00000     0.00000     0.00000     0.00000     0.00000     0.00000     0.00000     0.00000     0.00000
   -25.20390     0.00000     0.00000     0.00000     0.00000     0.00000     0.00000     0.00000     0.00000     0.00000     0.00000     0.00000     0.00000     0.00000     0.00000     0.00000     0.00000     0.00000
   -25.13890     0.00000     0.00000     0.00000     0.00000     0.00000     0.00000     0.00000     0.00000     0.00000     0.00000     0.00000     0.00000     0.00000     0.00000     0.00000     0.00000     0.00000
   -25.07290     0.00000     0.00000     0.00000     0.00000     0.00000     0.00000     0.00000     0.00000     0.00000     0.00000     0.00000     0.00000     0.00000     0.00000     0.00000     0.00000     0.00000
   -25.00690     0.00000     0.00000     0.00000     0.00000     0.00000     0.00000     0.00000     0.00000     0.00000     0.00000     0.00000     0.00000     0.00000     0.00000     0.00000     0.00000     0.00000
   -24.94190     0.00000     0.00000     0.00000     0.00000     0.00000     0.00000     0.00000     0.00000     0.00000     0.00000     0.00000     0.00000     0.00000     0.00000     0.00000     0.00000     0.00000
   -24.87590     0.00000     0.00000     0.00000     0.00000     0.00000     0.00000     0.00000     0.00000     0.00000     0.00000     0.00000     0.00000     0.00000     0.00000     0.00000     0.00000     0.00000
   -24.80990     0.00000     0.00000     0.00000     0.00000     0.00000     0.00000     0.00000     0.00000     0.00000     0.00000     0.00000     0.00000     0.00000     0.00000     0.00000     0.00000     0.00000
   -24.74490     0.00000     0.00000     0.00000     0.00000     0.00000     0.00000     0.00000     0.00000     0.00000     0.00000     0.00000     0.00000     0.00000     0.00000     0.00000     0.00000     0.00000
   -24.67890     0.00000     0.00000     0.00000     0.00000     0.00000     0.00000     0.00000     0.00000     0.00000     0.00000     0.00000     0.00000     0.00000     0.00000     0.00000     0.00000     0.00000
   -24.61290     0.00000     0.00000     0.00000     0.00000     0.00000     0.00000     0.00000     0.00000     0.00000     0.00000     0.00000     0.00000     0.00000     0.00000     0.00000     0.00000     0.00000
   -24.54790     0.00000     0.00000     0.00000     0.00000     0.00000     0.00000     0.00000     0.00000     0.00000     0.00000     0.00000     0.00000     0.00000     0.00000     0.00000     0.00000     0.00000
   -24.48190     0.00000     0.00000     0.00000     0.00000     0.00000     0.00000     0.00000     0.00000     0.00000     0.00000     0.00000     0.00000     0.00000     0.00000     0.00000     0.00000     0.00000
   -24.41590     0.00000     0.00000     0.00000     0.00000     0.00000     0.00000     0.00000     0.00000     0.00000     0.00000     0.00000     0.00000     0.00000     0.00000     0.00000     0.00000     0.00000
   -24.35090     0.00000     0.00000     0.00000     0.00000     0.00000     0.00000     0.00000     0.00000     0.00000     0.00000     0.00000     0.00000     0.00000     0.00000     0.00000     0.00000     0.00000
   -24.28490     0.00000     0.00000     0.00000     0.00000     0.00000     0.00000     0.00000     0.00000     0.00000     0.00000     0.00000     0.00000     0.00000     0.00000     0.00000     0.00000     0.00000
   -24.21890     0.00000     0.00000     0.00000     0.00000     0.00000     0.00000     0.00000     0.00000     0.00000     0.00000     0.00000     0.00000     0.00000     0.00000     0.00000     0.00000     0.00000
   -24.15390     0.00000     0.00000     0.00000     0.00000     0.00000     0.00000     0.00000     0.00000     0.00000     0.00000     0.00000     0.00000     0.00000     0.00000     0.00000     0.00000     0.00000
   -24.08790     0.00000     0.00000     0.00000     0.00000     0.00000     0.00000     0.00000     0.00000     0.00000     0.00000     0.00000     0.00000     0.00000     0.00000     0.00000     0.00000     0.00000
   -24.02190     0.00000     0.00000     0.00000     0.00000     0.00000     0.00000     0.00000     0.00000     0.00000     0.00000     0.00000     0.00000     0.00000     0.00000     0.00000     0.00000     0.00000
   -23.95690     0.00000     0.00000     0.00000     0.00000     0.00000     0.00000     0.00000     0.00000     0.00000     0.00000     0.00000     0.00000     0.00000     0.00000     0.00000     0.00000     0.00000
   -23.89090     0.00000     0.00000     0.00000     0.00000     0.00000     0.00000     0.00000     0.00000     0.00000     0.00000     0.00000     0.00000     0.00000     0.00000     0.00000     0.00000     0.00000
   -23.82590     0.00000     0.00000     0.00000     0.00000     0.00000     0.00000     0.00000     0.00000     0.00000     0.00000     0.00000     0.00000     0.00000     0.00000     0.00000     0.00000     0.00000
   -23.75990     0.00000     0.00000     0.00000     0.00000     0.00000     0.00000     0.00000     0.00000     0.00000     0.00000     0.00000     0.00000     0.00000     0.00000     0.00000     0.00000     0.00000
   -23.69390     0.00000     0.00000     0.00000     0.00000     0.00000     0.00000     0.00000     0.00000     0.00000     0.00000     0.00000     0.00000     0.00000     0.00000     0.00000     0.00000     0.00000
   -23.62890     0.00000     0.00000     0.00000     0.00000     0.00000     0.00000     0.00000     0.00000     0.00000     0.00000     0.00000     0.00000     0.00000     0.00000     0.00000     0.00000     0.00000
   -23.56290     0.00000     0.00000     0.00000     0.00000     0.00000     0.00000     0.00000     0.00000     0.00000     0.00000     0.00000     0.00000     0.00000     0.00000     0.00000     0.00000     0.00000
   -23.49690     0.00000     0.00000     0.00000     0.00000     0.00000     0.00000     0.00000     0.00000     0.00000     0.00000     0.00000     0.00000     0.00000     0.00000     0.00000     0.00000     0.00000
   -23.43190     0.00000     0.00000     0.00000     0.00000     0.00000     0.00000     0.00000     0.00000     0.00000     0.00000     0.00000     0.00000     0.00000     0.00000     0.00000     0.00000     0.00000
   -23.36590     0.00000     0.00000     0.00000     0.00000     0.00000     0.00000     0.00000     0.00000     0.00000     0.00000     0.00000     0.00000     0.00000     0.00000     0.00000     0.00000     0.00000
   -23.29990     0.00000     0.00000     0.00000     0.00000     0.00000     0.00000     0.00000     0.00000     0.00000     0.00000     0.00000     0.00000     0.00000     0.00000     0.00000     0.00000     0.00000
   -23.23490     0.00000     0.00000     0.00000     0.00000     0.00000     0.00000     0.00000     0.00000     0.00000     0.00000     0.00000     0.00000     0.00000     0.00000     0.00000     0.00000     0.00000
   -23.16890     0.00000     0.00000     0.00000     0.00000     0.00000     0.00000     0.00000     0.00000     0.00000     0.00000     0.00000     0.00000     0.00000     0.00000     0.00000     0.00000     0.00000
   -23.10290     0.00000     0.00000     0.00000     0.00000     0.00000     0.00000     0.00000     0.00000     0.00000     0.00000     0.00000     0.00000     0.00000     0.00000     0.00000     0.00000     0.00000
   -23.03790     0.00000     0.00000     0.00000     0.00000     0.00000     0.00000     0.00000     0.00000     0.00000     0.00000     0.00000     0.00000     0.00000     0.00000     0.00000     0.00000     0.00000
   -22.97190     0.00000     0.00000     0.00000     0.00000     0.00000     0.00000     0.00000     0.00000     0.00000     0.00000     0.00000     0.00000     0.00000     0.00000     0.00000     0.00000     0.00000
   -22.90590     0.00000     0.00000     0.00000     0.00000     0.00000     0.00000     0.00000     0.00000     0.00000     0.00000     0.00000     0.00000     0.00000     0.00000     0.00000     0.00000     0.00000
   -22.84090     0.00000     0.00000     0.00000     0.00000     0.00000     0.00000     0.00000     0.00000     0.00000     0.00000     0.00000     0.00000     0.00000     0.00000     0.00000     0.00000     0.00000
   -22.77490     0.00000     0.00000     0.00000     0.00000     0.00000     0.00000     0.00000     0.00000     0.00000     0.00000     0.00000     0.00000     0.00000     0.00000     0.00000     0.00000     0.00000
   -22.70890     0.00000     0.00000     0.00000     0.00000     0.00000     0.00000     0.00000     0.00000     0.00000     0.00000     0.00000     0.00000     0.00000     0.00000     0.00000     0.00000     0.00000
   -22.64390     0.00000     0.00000     0.00000     0.00000     0.00000     0.00000     0.00000     0.00000     0.00000     0.00000     0.00000     0.00000     0.00000     0.00000     0.00000     0.00000     0.00000
   -22.57790     0.00000     0.00000     0.00000     0.00000     0.00000     0.00000     0.00000     0.00000     0.00000     0.00000     0.00000     0.00000     0.00000     0.00000     0.00000     0.00000     0.00000
   -22.51190     0.00000     0.00000     0.00000     0.00000     0.00000     0.00000     0.00000     0.00000     0.00000     0.00000     0.00000     0.00000     0.00000     0.00000     0.00000     0.00000     0.00000
   -22.44690     0.00000     0.00000     0.00000     0.00000     0.00000     0.00000     0.00000     0.00000     0.00000     0.00000     0.00000     0.00000     0.00000     0.00000     0.00000     0.00000     0.00000
   -22.38090     0.00000     0.00000     0.00000     0.00000     0.00000     0.00000     0.00000     0.00000     0.00000     0.00000     0.00000     0.00000     0.00000     0.00000     0.00000     0.00000     0.00000
   -22.31490     0.00000     0.00000     0.00000     0.00000     0.00000     0.00000     0.00000     0.00000     0.00000     0.00000     0.00000     0.00000     0.00000     0.00000     0.00000     0.00000     0.00000
   -22.24990     0.00000     0.00000     0.00000     0.00000     0.00000     0.00000     0.00000     0.00000     0.00000     0.00000     0.00000     0.00000     0.00000     0.00000     0.00000     0.00000     0.00000
   -22.18390     0.00000     0.00000     0.00000     0.00000     0.00000     0.00000     0.00000     0.00000     0.00000     0.00000     0.00000     0.00000     0.00000     0.00000     0.00000     0.00000     0.00000
   -22.11790     0.00000     0.00000     0.00000     0.00000     0.00000     0.00000     0.00000     0.00000     0.00000     0.00000     0.00000     0.00000     0.00000     0.00000     0.00000     0.00000     0.00000
   -22.05290     0.00000     0.00000     0.00000     0.00000     0.00000     0.00000     0.00000     0.00000     0.00000     0.00000     0.00000     0.00000     0.00000     0.00000     0.00000     0.00000     0.00000
   -21.98690     0.00000     0.00000     0.00000     0.00000     0.00000     0.00000     0.00000     0.00000     0.00000     0.00000     0.00000     0.00000     0.00000     0.00000     0.00000     0.00000     0.00000
   -21.92190     0.00000     0.00000     0.00000     0.00000     0.00000     0.00000     0.00000     0.00000     0.00000     0.00000     0.00000     0.00000     0.00000     0.00000     0.00000     0.00000     0.00000
   -21.85590     0.00000     0.00000     0.00000     0.00000     0.00000     0.00000     0.00000     0.00000     0.00000     0.00000     0.00000     0.00000     0.00000     0.00000     0.00000     0.00000     0.00000
   -21.78990     0.00000     0.00000     0.00000     0.00000     0.00000     0.00000     0.00000     0.00000     0.00000     0.00000     0.00000     0.00000     0.00000     0.00000     0.00000     0.00000     0.00000
   -21.72490     0.00000     0.00000     0.00000     0.00000     0.00000     0.00000     0.00000     0.00000     0.00000     0.00000     0.00000     0.00000     0.00000     0.00000     0.00000     0.00000     0.00000
   -21.65890     0.00000     0.00000     0.00000     0.00000     0.00000     0.00000     0.00000     0.00000     0.00000     0.00000     0.00000     0.00000     0.00000     0.00000     0.00000     0.00000     0.00000
   -21.59290     0.00000     0.00000     0.00000     0.00000     0.00000     0.00000     0.00000     0.00000     0.00000     0.00000     0.00000     0.00000     0.00000     0.00000     0.00000     0.00000     0.00000
   -21.52790     0.00000     0.00000     0.00000     0.00000     0.00000     0.00000     0.00000     0.00000     0.00000     0.00000     0.00000     0.00000     0.00000     0.00000     0.00000     0.00000     0.00000
   -21.46190     0.00000     0.00000     0.00000     0.00000     0.00000     0.00000     0.00000     0.00000     0.00000     0.00000     0.00000     0.00000     0.00000     0.00000     0.00000     0.00000     0.00000
   -21.39590     0.00000     0.00000     0.00000     0.00000     0.00000     0.00000     0.00000     0.00000     0.00000     0.00000     0.00000     0.00000     0.00000     0.00000     0.00000     0.00000     0.00000
   -21.33090     0.00012     0.00000     0.00001     0.00000     0.00000     0.00000     0.00000     0.00000     0.00000     0.00000     0.00000     0.00000     0.00000     0.00000     0.00000     0.00000     0.00015
   -21.26490     0.01506     0.00036     0.08203     0.00131     0.00065     0.00040     0.00128     0.00031     0.00001     0.00000     0.00000     0.00000     0.00000     0.00000     0.00000     0.00000     0.10141
   -21.19890     0.03145     0.00097     0.09544     0.00610     0.00087     0.00082     0.00234     0.00045     0.00016     0.00000     0.00000     0.00000     0.00000     0.00000     0.00000     0.00000     0.13860
   -21.13390     0.01827     0.00127     0.07269     0.00873     0.00072     0.00054     0.00119     0.00027     0.00011     0.00000     0.00000     0.00000     0.00000     0.00000     0.00000     0.00000     0.10377
   -21.06790     0.01154     0.00117     0.06285     0.00870     0.00058     0.00046     0.00068     0.00020     0.00007     0.00000     0.00000     0.00000     0.00000     0.00000     0.00000     0.00000     0.08623
   -21.00190     0.00798     0.00109     0.05334     0.00877     0.00048     0.00039     0.00043     0.00015     0.00004     0.00000     0.00000     0.00000     0.00000     0.00000     0.00000     0.00000     0.07266
   -20.93690     0.00561     0.00095     0.04404     0.00844     0.00039     0.00034     0.00028     0.00011     0.00003     0.00000     0.00000     0.00000     0.00000     0.00000     0.00000     0.00000     0.06018
   -20.87090     0.00385     0.00077     0.03491     0.00796     0.00031     0.00028     0.00018     0.00007     0.00002     0.00000     0.00000     0.00000     0.00000     0.00000     0.00000     0.00000     0.04837
   -20.80490     0.00253     0.00048     0.02558     0.00676     0.00022     0.00021     0.00011     0.00005     0.00001     0.00000     0.00000     0.00000     0.00000     0.00000     0.00000     0.00000     0.03595
   -20.73990     0.00121     0.00009     0.01164     0.00435     0.00013     0.00014     0.00004     0.00001     0.00000     0.00000     0.00000     0.00000     0.00000     0.00000     0.00000     0.00000     0.01762
   -20.67390     0.00073     0.00005     0.00021     0.00011     0.00000     0.00000     0.00002     0.00000     0.00000     0.00000     0.00000     0.00000     0.00000     0.00000     0.00000     0.00000     0.00112
   -20.60790     0.00100     0.00074     0.01120     0.00633     0.00021     0.00012     0.00013     0.00003     0.00000     0.00000     0.00000     0.00000     0.00000     0.00000     0.00000     0.00000     0.01976
   -20.54290     0.00111     0.00120     0.02039     0.01613     0.00041     0.00023     0.00029     0.00004     0.00002     0.00000     0.00000     0.00000     0.00000     0.00000     0.00000     0.00000     0.03982
   -20.47690     0.00111     0.00173     0.02205     0.01967     0.00049     0.00026     0.00047     0.00005     0.00003     0.00000     0.00000     0.00000     0.00000     0.00000     0.00000     0.00000     0.04588
   -20.41090     0.00106     0.00222     0.02390     0.02224     0.00056     0.00029     0.00069     0.00007     0.00005     0.00000     0.00000     0.00000     0.00000     0.00000     0.00000     0.00000     0.05108
   -20.34590     0.00100     0.00280     0.02433     0.02445     0.00061     0.00029     0.00092     0.00008     0.00007     0.00000     0.00000     0.00000     0.00000     0.00000     0.00000     0.00000     0.05455
   -20.27990     0.00093     0.00329     0.02398     0.02597     0.00064     0.00029     0.00119     0.00009     0.00009     0.00000     0.00000     0.00000     0.00000     0.00000     0.00000     0.00000     0.05647
   -20.21490     0.00083     0.00392     0.02314     0.02727     0.00065     0.00028     0.00150     0.00010     0.00011     0.00000     0.00000     0.00000     0.00000     0.00000     0.00000     0.00000     0.05780
   -20.14890     0.00072     0.00453     0.02169     0.02808     0.00065     0.00027     0.00182     0.00011     0.00014     0.00000     0.00000     0.00000     0.00000     0.00000     0.00000     0.00000     0.05800
   -20.08290     0.00060     0.00525     0.02002     0.02903     0.00062     0.00024     0.00217     0.00012     0.00016     0.00000     0.00000     0.00000     0.00000     0.00000     0.00000     0.00000     0.05821
   -20.01790     0.00051     0.00594     0.01832     0.02963     0.00057     0.00022     0.00255     0.00013     0.00018     0.00000     0.00000     0.00000     0.00000     0.00000     0.00000     0.00000     0.05805
   -19.95190     0.00279     0.00887     0.01756     0.03311     0.00051     0.00021     0.00345     0.00015     0.00182     0.00000     0.00000     0.00000     0.00000     0.00000     0.00000     0.00000     0.06847
   -19.88590     0.00385     0.02113     0.01998     0.05075     0.00051     0.00037     0.00511     0.00026     0.00665     0.00000     0.00000     0.00000     0.00000     0.00000     0.00000     0.00000     0.10859
   -19.82090     0.00179     0.12770     0.01769     0.12240     0.00051     0.00132     0.00773     0.00126     0.03637     0.00000     0.00000     0.00000     0.00000     0.00000     0.00000     0.00000     0.31677
   -19.75490     0.00000     0.02526     0.01263     0.02377     0.00004     0.00007     0.00024     0.00008     0.00041     0.00000     0.00000     0.00000     0.00000     0.00000     0.00000     0.00000     0.06251
   -19.68890     0.00000     0.00000     0.00000     0.00000     0.00000     0.00000     0.00000     0.00000     0.00000     0.00000     0.00000     0.00000     0.00000     0.00000     0.00000     0.00000     0.00001
   -19.62390     0.00001     0.00001     0.00002     0.00001     0.00000     0.00000     0.00000     0.00000     0.00000     0.00000     0.00000     0.00000     0.00000     0.00000     0.00000     0.00000     0.00005
   -19.55790     0.00002     0.00003     0.00004     0.00002     0.00000     0.00000     0.00000     0.00000     0.00000     0.00000     0.00000     0.00000     0.00000     0.00000     0.00000     0.00000     0.00011
   -19.49190     0.00004     0.00004     0.00007     0.00004     0.00000     0.00000     0.00000     0.00000     0.00000     0.00000     0.00000     0.00000     0.00000     0.00000     0.00000     0.00000     0.00020
   -19.42690     0.00005     0.00005     0.00010     0.00005     0.00000     0.00000     0.00000     0.00000     0.00000     0.00000     0.00000     0.00000     0.00000     0.00000     0.00000     0.00000     0.00027
   -19.36090     0.00007     0.00007     0.00014     0.00007     0.00000     0.00000     0.00000     0.00000     0.00000     0.00000     0.00000     0.00000     0.00000     0.00000     0.00000     0.00000     0.00034
   -19.29490     0.00009     0.00009     0.00017     0.00008     0.00000     0.00000     0.00000     0.00000     0.00000     0.00000     0.00000     0.00000     0.00000     0.00000     0.00000     0.00000     0.00043
   -19.22990     0.00012     0.00012     0.00021     0.00011     0.00000     0.00000     0.00000     0.00000     0.00000     0.00000     0.00000     0.00000     0.00000     0.00000     0.00000     0.00000     0.00057
   -19.16390     0.00014     0.00014     0.00027     0.00012     0.00000     0.00000     0.00001     0.00000     0.00000     0.00000     0.00000     0.00000     0.00000     0.00000     0.00000     0.00000     0.00068
   -19.09790     0.00017     0.00016     0.00033     0.00013     0.00000     0.00000     0.00001     0.00000     0.00000     0.00000     0.00000     0.00000     0.00000     0.00000     0.00000     0.00000     0.00080
   -19.03290     0.00019     0.00019     0.00040     0.00016     0.00000     0.00000     0.00001     0.00000     0.00000     0.00000     0.00000     0.00000     0.00000     0.00000     0.00000     0.00000     0.00095
   -18.96690     0.00023     0.00024     0.00046     0.00018     0.00000     0.00000     0.00001     0.00000     0.00000     0.00000     0.00000     0.00000     0.00000     0.00000     0.00000     0.00000     0.00112
   -18.90090     0.00026     0.00029     0.00053     0.00021     0.00000     0.00000     0.00002     0.00000     0.00000     0.00000     0.00000     0.00000     0.00000     0.00000     0.00000     0.00000     0.00131
   -18.83590     0.00029     0.00032     0.00061     0.00023     0.00000     0.00000     0.00002     0.00000     0.00000     0.00000     0.00000     0.00000     0.00000     0.00000     0.00000     0.00000     0.00148
   -18.76990     0.00032     0.00036     0.00070     0.00025     0.00000     0.00000     0.00003     0.00000     0.00000     0.00000     0.00000     0.00000     0.00000     0.00000     0.00000     0.00000     0.00166
   -18.70390     0.00037     0.00043     0.00076     0.00032     0.00000     0.00000     0.00004     0.00000     0.00000     0.00000     0.00000     0.00000     0.00000     0.00000     0.00000     0.00000     0.00191
   -18.63890     0.00040     0.00050     0.00083     0.00037     0.00000     0.00000     0.00004     0.00000     0.00000     0.00000     0.00000     0.00000     0.00000     0.00000     0.00000     0.00000     0.00216
   -18.57290     0.00045     0.00057     0.00091     0.00043     0.00000     0.00000     0.00005     0.00000     0.00000     0.00000     0.00000     0.00000     0.00000     0.00000     0.00000     0.00000     0.00241
   -18.50690     0.00048     0.00063     0.00100     0.00048     0.00000     0.00000     0.00006     0.00000     0.00000     0.00000     0.00000     0.00000     0.00000     0.00000     0.00000     0.00000     0.00266
   -18.44190     0.00053     0.00071     0.00107     0.00057     0.00000     0.00000     0.00007     0.00000     0.00000     0.00000     0.00000     0.00000     0.00000     0.00000     0.00000     0.00000     0.00296
   -18.37590     0.00058     0.00082     0.00113     0.00069     0.00000     0.00000     0.00009     0.00000     0.00000     0.00000     0.00000     0.00000     0.00000     0.00000     0.00000     0.00000     0.00331
   -18.31090     0.00062     0.00093     0.00123     0.00075     0.00000     0.00000     0.00010     0.00000     0.00001     0.00000     0.00000     0.00000     0.00000     0.00000     0.00000     0.00000     0.00366
   -18.24490     0.00067     0.00105     0.00134     0.00081     0.00000     0.00000     0.00012     0.00000     0.00001     0.00000     0.00000     0.00000     0.00000     0.00000     0.00000     0.00000     0.00401
   -18.17890     0.00072     0.00115     0.00146     0.00089     0.00001     0.00000     0.00014     0.00000     0.00001     0.00000     0.00000     0.00000     0.00000     0.00000     0.00000     0.00000     0.00438
   -18.11390     0.00078     0.00131     0.00154     0.00104     0.00001     0.00000     0.00016     0.00000     0.00001     0.00000     0.00000     0.00000     0.00000     0.00000     0.00000     0.00000     0.00486
   -18.04790     0.00084     0.00149     0.00164     0.00117     0.00001     0.00000     0.00019     0.00000     0.00001     0.00000     0.00000     0.00000     0.00000     0.00000     0.00000     0.00000     0.00535
   -17.98190     0.00090     0.00167     0.00178     0.00126     0.00001     0.00001     0.00022     0.00001     0.00001     0.00000     0.00000     0.00000     0.00000     0.00000     0.00000     0.00000     0.00586
   -17.91690     0.00096     0.00186     0.00192     0.00137     0.00001     0.00001     0.00025     0.00001     0.00001     0.00000     0.00000     0.00000     0.00000     0.00000     0.00000     0.00000     0.00639
   -17.85090     0.00103     0.00207     0.00206     0.00153     0.00001     0.00001     0.00028     0.00001     0.00001     0.00000     0.00000     0.00000     0.00000     0.00000     0.00000     0.00000     0.00702
   -17.78490     0.00111     0.00235     0.00214     0.00177     0.00001     0.00001     0.00032     0.00001     0.00002     0.00000     0.00000     0.00000     0.00000     0.00000     0.00000     0.00000     0.00774
   -17.71990     0.00119     0.00265     0.00229     0.00195     0.00002     0.00001     0.00037     0.00001     0.00002     0.00000     0.00000     0.00000     0.00000     0.00000     0.00000     0.00000     0.00850
   -17.65390     0.00127     0.00298     0.00244     0.00215     0.00002     0.00001     0.00041     0.00002     0.00002     0.00000     0.00000     0.00000     0.00000     0.00000     0.00000     0.00000     0.00932
   -17.58790     0.00137     0.00330     0.00262     0.00238     0.00002     0.00002     0.00046     0.00002     0.00002     0.00000     0.00000     0.00000     0.00000     0.00000     0.00000     0.00000     0.01021
   -17.52290     0.00147     0.00378     0.00275     0.00275     0.00003     0.00002     0.00053     0.00002     0.00003     0.00000     0.00000     0.00000     0.00000     0.00000     0.00000     0.00000     0.01138
   -17.45690     0.00159     0.00432     0.00292     0.00311     0.00003     0.00002     0.00060     0.00003     0.00003     0.00000     0.00000     0.00000     0.00000     0.00000     0.00000     0.00000     0.01267
   -17.39090     0.00174     0.00489     0.00316     0.00347     0.00004     0.00003     0.00068     0.00004     0.00004     0.00000     0.00000     0.00000     0.00000     0.00000     0.00000     0.00000     0.01409
   -17.32590     0.00193     0.00550     0.00344     0.00388     0.00005     0.00003     0.00077     0.00004     0.00004     0.00000     0.00000     0.00000     0.00000     0.00000     0.00000     0.00000     0.01568
   -17.25990     0.00215     0.00649     0.00378     0.00457     0.00007     0.00004     0.00090     0.00005     0.00005     0.00000     0.00000     0.00000     0.00000     0.00000     0.00000     0.00000     0.01809
   -17.19390     0.00543     0.00768     0.00440     0.00533     0.00011     0.00005     0.00109     0.00007     0.00006     0.00000     0.00000     0.00000     0.00000     0.00000     0.00000     0.00000     0.02420
   -17.12890     0.00961     0.00959     0.00617     0.00643     0.00030     0.00006     0.00159     0.00009     0.00007     0.00000     0.00000     0.00000     0.00000     0.00000     0.00000     0.00000     0.03390
   -17.06290     0.00959     0.01232     0.00725     0.00812     0.00030     0.00008     0.00159     0.00012     0.00008     0.00000     0.00000     0.00000     0.00000     0.00000     0.00000     0.00000     0.03944
   -16.99690     0.00945     0.01678     0.00979     0.01145     0.00030     0.00011     0.00157     0.00016     0.00010     0.00000     0.00000     0.00000     0.00000     0.00000     0.00000     0.00000     0.04972
   -16.93190     0.00933     0.01761     0.00883     0.01132     0.00028     0.00011     0.00156     0.00018     0.00012     0.00000     0.00000     0.00000     0.00000     0.00000     0.00000     0.00000     0.04935
   -16.86590     0.00938     0.01883     0.00804     0.01138     0.00027     0.00011     0.00156     0.00020     0.00016     0.00000     0.00000     0.00000     0.00000     0.00000     0.00000     0.00000     0.04994
   -16.79990     0.00924     0.02007     0.00755     0.01181     0.00027     0.00012     0.00154     0.00022     0.00019     0.00000     0.00000     0.00000     0.00000     0.00000     0.00000     0.00000     0.05101
   -16.73490     0.00917     0.02103     0.00694     0.01208     0.00026     0.00013     0.00152     0.00023     0.00023     0.00000     0.00000     0.00000     0.00000     0.00000     0.00000     0.00000     0.05159
   -16.66890     0.00911     0.02213     0.00627     0.01229     0.00026     0.00013     0.00150     0.00025     0.00028     0.00000     0.00000     0.00000     0.00000     0.00000     0.00000     0.00000     0.05221
   -16.60290     0.00894     0.02311     0.00569     0.01271     0.00026     0.00014     0.00144     0.00027     0.00033     0.00000     0.00000     0.00000     0.00000     0.00000     0.00000     0.00000     0.05288
   -16.53790     0.00887     0.02367     0.00510     0.01299     0.00026     0.00014     0.00140     0.00028     0.00038     0.00000     0.00000     0.00000     0.00000     0.00000     0.00000     0.00000     0.05309
   -16.47190     0.00870     0.02448     0.00443     0.01347     0.00026     0.00015     0.00133     0.00030     0.00044     0.00000     0.00000     0.00000     0.00000     0.00000     0.00000     0.00000     0.05356
   -16.40690     0.00863     0.02478     0.00393     0.01380     0.00026     0.00016     0.00127     0.00031     0.00050     0.00000     0.00000     0.00000     0.00000     0.00000     0.00000     0.00000     0.05364
   -16.34090     0.00861     0.02492     0.00339     0.01433     0.00027     0.00016     0.00120     0.00031     0.00057     0.00000     0.00000     0.00000     0.00000     0.00000     0.00000     0.00000     0.05378
   -16.27490     0.00881     0.02471     0.00285     0.01470     0.00027     0.00017     0.00113     0.00032     0.00068     0.00000     0.00000     0.00000     0.00000     0.00000     0.00000     0.00000     0.05363
   -16.20990     0.01063     0.02390     0.00258     0.01505     0.00027     0.00018     0.00111     0.00031     0.00093     0.00000     0.00000     0.00000     0.00000     0.00000     0.00000     0.00000     0.05495
   -16.14390     0.00890     0.02287     0.00224     0.01610     0.00028     0.00020     0.00101     0.00031     0.00078     0.00000     0.00000     0.00000     0.00000     0.00000     0.00000     0.00000     0.05267
   -16.07790     0.00732     0.02085     0.00171     0.01608     0.00026     0.00021     0.00088     0.00028     0.00064     0.00000     0.00000     0.00000     0.00000     0.00000     0.00000     0.00000     0.04824
   -16.01290     0.00532     0.01356     0.00140     0.01058     0.00018     0.00016     0.00066     0.00020     0.00050     0.00000     0.00000     0.00000     0.00000     0.00000     0.00000     0.00000     0.03256
   -15.94690     0.00291     0.00643     0.00052     0.00549     0.00009     0.00008     0.00041     0.00010     0.00023     0.00000     0.00000     0.00000     0.00000     0.00000     0.00000     0.00000     0.01627
   -15.88090     0.00000     0.00000     0.00000     0.00000     0.00000     0.00000     0.00000     0.00000     0.00000     0.00000     0.00000     0.00000     0.00000     0.00000     0.00000     0.00000     0.00000
   -15.81590     0.00015     0.00000     0.00854     0.00000     0.00045     0.00000     0.00002     0.00000     0.00000     0.00000     0.00000     0.00000     0.00000     0.00000     0.00000     0.00000     0.00916
   -15.74990     0.00124     0.00134     0.03821     0.00106     0.00192     0.00002     0.00034     0.00002     0.00004     0.00000     0.00000     0.00000     0.00000     0.00000     0.00000     0.00000     0.04418
   -15.68390     0.00658     0.01124     0.06797     0.01262     0.00304     0.00025     0.00179     0.00018     0.00040     0.00000     0.00000     0.00000     0.00000     0.00000     0.00000     0.00000     0.10407
   -15.61890     0.01184     0.01512     0.10990     0.02568     0.00416     0.00076     0.00346     0.00027     0.00057     0.00000     0.00000     0.00000     0.00000     0.00000     0.00000     0.00000     0.17176
   -15.55290     0.01502     0.01715     0.10140     0.02436     0.00370     0.00075     0.00559     0.00032     0.00036     0.00000     0.00000     0.00000     0.00000     0.00000     0.00000     0.00000     0.16864
   -15.48690     0.01026     0.01744     0.07553     0.02491     0.00305     0.00078     0.00495     0.00033     0.00029     0.00000     0.00000     0.00000     0.00000     0.00000     0.00000     0.00000     0.13753
   -15.42190     0.00767     0.01860     0.06086     0.02694     0.00272     0.00090     0.00473     0.00035     0.00035     0.00000     0.00000     0.00000     0.00000     0.00000     0.00000     0.00000     0.12313
   -15.35590     0.00597     0.02028     0.05270     0.02850     0.00260     0.00100     0.00476     0.00040     0.00046     0.00000     0.00000     0.00000     0.00000     0.00000     0.00000     0.00000     0.11668
   -15.28990     0.00466     0.02389     0.04647     0.03127     0.00254     0.00116     0.00478     0.00054     0.00076     0.00000     0.00000     0.00000     0.00000     0.00000     0.00000     0.00000     0.11608
   -15.22490     0.00351     0.03009     0.04144     0.03423     0.00257     0.00132     0.00479     0.00078     0.00135     0.00000     0.00000     0.00000     0.00000     0.00000     0.00000     0.00000     0.12008
   -15.15890     0.00229     0.02955     0.03773     0.02325     0.00275     0.00089     0.00460     0.00078     0.00134     0.00000     0.00000     0.00000     0.00000     0.00000     0.00000     0.00000     0.10318
   -15.09290     0.00142     0.02445     0.03064     0.01593     0.00309     0.00061     0.00416     0.00066     0.00116     0.00000     0.00000     0.00000     0.00000     0.00000     0.00000     0.00000     0.08211
   -15.02790     0.00127     0.02529     0.02423     0.01317     0.00698     0.00052     0.00410     0.00072     0.00094     0.00000     0.00000     0.00000     0.00000     0.00000     0.00000     0.00000     0.07722
   -14.96190     0.00158     0.04495     0.02079     0.02963     0.00601     0.00098     0.00445     0.00130     0.00110     0.00000     0.00000     0.00000     0.00000     0.00000     0.00000     0.00000     0.11080
   -14.89590     0.00179     0.06070     0.01691     0.03063     0.00565     0.00111     0.00493     0.00183     0.00175     0.00000     0.00000     0.00000     0.00000     0.00000     0.00000     0.00000     0.12529
   -14.83090     0.00138     0.05926     0.01025     0.02754     0.00336     0.00109     0.00431     0.00186     0.00255     0.00000     0.00000     0.00000     0.00000     0.00000     0.00000     0.00000     0.11159
   -14.76490     0.00105     0.05594     0.00632     0.02556     0.00106     0.00106     0.00372     0.00180     0.00327     0.00000     0.00000     0.00000     0.00000     0.00000     0.00000     0.00000     0.09978
   -14.69990     0.00094     0.05392     0.00448     0.02448     0.00035     0.00106     0.00344     0.00174     0.00406     0.00000     0.00000     0.00000     0.00000     0.00000     0.00000     0.00000     0.09448
   -14.63390     0.00088     0.05181     0.00373     0.02325     0.00027     0.00108     0.00302     0.00162     0.00516     0.00000     0.00000     0.00000     0.00000     0.00000     0.00000     0.00000     0.09082
   -14.56790     0.00088     0.05103     0.00361     0.02256     0.00044     0.00114     0.00264     0.00151     0.00630     0.00000     0.00000     0.00000     0.00000     0.00000     0.00000     0.00000     0.09011
   -14.50290     0.00100     0.05301     0.00581     0.02409     0.00177     0.00155     0.00226     0.00139     0.00739     0.00000     0.00000     0.00000     0.00000     0.00000     0.00000     0.00000     0.09828
   -14.43690     0.00151     0.06305     0.01032     0.02818     0.00401     0.00250     0.00136     0.00132     0.00686     0.00000     0.00000     0.00000     0.00000     0.00000     0.00000     0.00000     0.11911
   -14.37090     0.00214     0.07436     0.01283     0.02998     0.00605     0.00250     0.00134     0.00129     0.00670     0.00000     0.00000     0.00000     0.00000     0.00000     0.00000     0.00000     0.13718
   -14.30590     0.00147     0.04672     0.00452     0.01521     0.00370     0.00074     0.00154     0.00098     0.00599     0.00000     0.00000     0.00000     0.00000     0.00000     0.00000     0.00000     0.08088
   -14.23990     0.00134     0.03666     0.00339     0.01054     0.00322     0.00044     0.00196     0.00081     0.00529     0.00000     0.00000     0.00000     0.00000     0.00000     0.00000     0.00000     0.06364
   -14.17390     0.00140     0.03072     0.00412     0.00841     0.00353     0.00030     0.00294     0.00070     0.00471     0.00000     0.00000     0.00000     0.00000     0.00000     0.00000     0.00000     0.05683
   -14.10890     0.00145     0.02318     0.00403     0.00609     0.00350     0.00019     0.00357     0.00056     0.00405     0.00000     0.00000     0.00000     0.00000     0.00000     0.00000     0.00000     0.04662
   -14.04290     0.00128     0.01777     0.00501     0.00590     0.00328     0.00017     0.00342     0.00046     0.00345     0.00000     0.00000     0.00000     0.00000     0.00000     0.00000     0.00000     0.04072
   -13.97690     0.00212     0.01576     0.01467     0.01060     0.00551     0.00033     0.00440     0.00053     0.00316     0.00000     0.00000     0.00000     0.00000     0.00000     0.00000     0.00000     0.05708
   -13.91190     0.00599     0.01551     0.03143     0.02137     0.00836     0.00114     0.00559     0.00081     0.00320     0.00000     0.00000     0.00000     0.00000     0.00000     0.00000     0.00000     0.09340
   -13.84590     0.01511     0.01626     0.04439     0.03628     0.00868     0.00268     0.00563     0.00116     0.00341     0.00000     0.00000     0.00000     0.00000     0.00000     0.00000     0.00000     0.13360
   -13.77990     0.00827     0.01603     0.03777     0.03638     0.00663     0.00283     0.00454     0.00120     0.00339     0.00000     0.00000     0.00000     0.00000     0.00000     0.00000     0.00000     0.11704
   -13.71490     0.00568     0.01647     0.03069     0.03573     0.00573     0.00277     0.00373     0.00123     0.00347     0.00000     0.00000     0.00000     0.00000     0.00000     0.00000     0.00000     0.10550
   -13.64890     0.00413     0.01647     0.02601     0.03282     0.00532     0.00257     0.00315     0.00128     0.00339     0.00000     0.00000     0.00000     0.00000     0.00000     0.00000     0.00000     0.09515
   -13.58290     0.00307     0.01666     0.02295     0.02974     0.00502     0.00258     0.00271     0.00146     0.00346     0.00000     0.00000     0.00000     0.00000     0.00000     0.00000     0.00000     0.08765
   -13.51790     0.00224     0.01682     0.02162     0.02790     0.00500     0.00298     0.00242     0.00188     0.00306     0.00000     0.00000     0.00000     0.00000     0.00000     0.00000     0.00000     0.08392
   -13.45190     0.00153     0.01723     0.02043     0.02813     0.00545     0.00409     0.00230     0.00287     0.00271     0.00000     0.00000     0.00000     0.00000     0.00000     0.00000     0.00000     0.08474
   -13.38590     0.00090     0.01516     0.01753     0.02574     0.00477     0.00398     0.00204     0.00261     0.00288     0.00000     0.00000     0.00000     0.00000     0.00000     0.00000     0.00000     0.07562
   -13.32090     0.00048     0.01317     0.01539     0.02293     0.00438     0.00361     0.00181     0.00235     0.00281     0.00000     0.00000     0.00000     0.00000     0.00000     0.00000     0.00000     0.06692
   -13.25490     0.00021     0.01154     0.00603     0.01928     0.00247     0.00254     0.00138     0.00161     0.00257     0.00000     0.00000     0.00000     0.00000     0.00000     0.00000     0.00000     0.04763
   -13.18890     0.00009     0.00979     0.00439     0.01412     0.00165     0.00180     0.00123     0.00122     0.00235     0.00000     0.00000     0.00000     0.00000     0.00000     0.00000     0.00000     0.03663
   -13.12390     0.00006     0.00907     0.00365     0.01167     0.00130     0.00150     0.00123     0.00112     0.00224     0.00000     0.00000     0.00000     0.00000     0.00000     0.00000     0.00000     0.03185
   -13.05790     0.00004     0.00822     0.00304     0.00955     0.00104     0.00123     0.00120     0.00100     0.00216     0.00000     0.00000     0.00000     0.00000     0.00000     0.00000     0.00000     0.02750
   -12.99190     0.00004     0.00755     0.00266     0.00909     0.00096     0.00126     0.00118     0.00100     0.00208     0.00000     0.00000     0.00000     0.00000     0.00000     0.00000     0.00000     0.02581
   -12.92690     0.00005     0.00707     0.00207     0.00819     0.00108     0.00130     0.00119     0.00113     0.00192     0.00000     0.00000     0.00000     0.00000     0.00000     0.00000     0.00000     0.02399
   -12.86090     0.00006     0.00692     0.00169     0.00739     0.00136     0.00124     0.00128     0.00120     0.00182     0.00000     0.00000     0.00000     0.00000     0.00000     0.00000     0.00000     0.02296
   -12.79590     0.00006     0.00688     0.00152     0.00689     0.00199     0.00132     0.00142     0.00137     0.00177     0.00000     0.00000     0.00000     0.00000     0.00000     0.00000     0.00000     0.02323
   -12.72990     0.00010     0.00722     0.00141     0.00691     0.00216     0.00156     0.00139     0.00167     0.00187     0.00000     0.00000     0.00000     0.00000     0.00000     0.00000     0.00000     0.02429
   -12.66390     0.00013     0.00764     0.00145     0.00730     0.00237     0.00176     0.00138     0.00187     0.00187     0.00000     0.00000     0.00000     0.00000     0.00000     0.00000     0.00000     0.02575
   -12.59890     0.00018     0.00811     0.00172     0.00893     0.00272     0.00201     0.00142     0.00204     0.00189     0.00000     0.00000     0.00000     0.00000     0.00000     0.00000     0.00000     0.02901
   -12.53290     0.00026     0.00893     0.00200     0.01074     0.00314     0.00234     0.00155     0.00232     0.00206     0.00000     0.00000     0.00000     0.00000     0.00000     0.00000     0.00000     0.03335
   -12.46690     0.00036     0.01259     0.00922     0.01800     0.00562     0.00434     0.00209     0.00253     0.00242     0.00000     0.00000     0.00000     0.00000     0.00000     0.00000     0.00000     0.05718
   -12.40190     0.00051     0.01646     0.01208     0.02224     0.00715     0.00486     0.00213     0.00274     0.00268     0.00000     0.00000     0.00000     0.00000     0.00000     0.00000     0.00000     0.07085
   -12.33590     0.00085     0.04982     0.04032     0.07377     0.01286     0.00778     0.00501     0.00323     0.00413     0.00000     0.00000     0.00000     0.00000     0.00000     0.00000     0.00000     0.19777
   -12.26990     0.00111     0.02526     0.03871     0.03041     0.01342     0.00641     0.00470     0.00305     0.00361     0.00000     0.00000     0.00000     0.00000     0.00000     0.00000     0.00000     0.12668
   -12.20490     0.00120     0.02195     0.03078     0.02182     0.01296     0.00605     0.00562     0.00312     0.00424     0.00000     0.00000     0.00000     0.00000     0.00000     0.00000     0.00000     0.10774
   -12.13890     0.00124     0.01999     0.02717     0.01795     0.01245     0.00624     0.00643     0.00321     0.00488     0.00000     0.00000     0.00000     0.00000     0.00000     0.00000     0.00000     0.09957
   -12.07290     0.00136     0.01954     0.02406     0.01637     0.01153     0.00670     0.00765     0.00336     0.00565     0.00000     0.00000     0.00000     0.00000     0.00000     0.00000     0.00000     0.09622
   -12.00790     0.00139     0.01862     0.02137     0.01547     0.01043     0.00721     0.00870     0.00357     0.00636     0.00000     0.00000     0.00000     0.00000     0.00000     0.00000     0.00000     0.09311
   -11.94190     0.00156     0.01854     0.01996     0.01650     0.00930     0.00794     0.01059     0.00388     0.00740     0.00000     0.00000     0.00000     0.00000     0.00000     0.00000     0.00000     0.09566
   -11.87590     0.00178     0.01875     0.01989     0.01866     0.00851     0.00826     0.01300     0.00426     0.00952     0.00000     0.00000     0.00000     0.00000     0.00000     0.00000     0.00000     0.10263
   -11.81090     0.00213     0.01797     0.01946     0.02111     0.00756     0.00831     0.01585     0.00495     0.01098     0.00000     0.00000     0.00000     0.00000     0.00000     0.00000     0.00000     0.10832
   -11.74490     0.00207     0.01692     0.01943     0.02328     0.00633     0.00738     0.01708     0.00587     0.01222     0.00000     0.00000     0.00000     0.00000     0.00000     0.00000     0.00000     0.11058
   -11.67890     0.00166     0.01838     0.02068     0.02064     0.00571     0.00788     0.01649     0.00690     0.01109     0.00000     0.00000     0.00000     0.00000     0.00000     0.00000     0.00000     0.10943
   -11.61390     0.00117     0.01940     0.01679     0.02013     0.00502     0.00813     0.01339     0.00739     0.01124     0.00000     0.00000     0.00000     0.00000     0.00000     0.00000     0.00000     0.10266
   -11.54790     0.00090     0.01798     0.01353     0.01993     0.00472     0.00788     0.01089     0.00715     0.01139     0.00000     0.00000     0.00000     0.00000     0.00000     0.00000     0.00000     0.09438
   -11.48190     0.00067     0.01694     0.01065     0.02022     0.00416     0.00794     0.00842     0.00750     0.01232     0.00000     0.00000     0.00000     0.00000     0.00000     0.00000     0.00000     0.08881
   -11.41690     0.00046     0.01458     0.00795     0.01806     0.00349     0.00746     0.00568     0.00752     0.01156     0.00000     0.00000     0.00000     0.00000     0.00000     0.00000     0.00000     0.07675
   -11.35090     0.00023     0.00999     0.00571     0.01103     0.00281     0.00561     0.00359     0.00598     0.00711     0.00000     0.00000     0.00000     0.00000     0.00000     0.00000     0.00000     0.05207
   -11.28490     0.00006     0.00123     0.00083     0.00103     0.00015     0.00008     0.00135     0.00011     0.00144     0.00000     0.00000     0.00000     0.00000     0.00000     0.00000     0.00000     0.00626
   -11.21990     0.00008     0.00155     0.00089     0.00161     0.00021     0.00011     0.00187     0.00016     0.00160     0.00000     0.00000     0.00000     0.00000     0.00000     0.00000     0.00000     0.00807
   -11.15390     0.00010     0.00179     0.00101     0.00226     0.00028     0.00012     0.00249     0.00017     0.00121     0.00000     0.00000     0.00000     0.00000     0.00000     0.00000     0.00000     0.00944
   -11.08890     0.00012     0.00193     0.00112     0.00270     0.00036     0.00012     0.00308     0.00016     0.00082     0.00000     0.00000     0.00000     0.00000     0.00000     0.00000     0.00000     0.01040
   -11.02290     0.00148     0.00656     0.00570     0.00732     0.00173     0.00161     0.00412     0.00155     0.00077     0.00000     0.00000     0.00000     0.00000     0.00000     0.00000     0.00000     0.03083
   -10.95690     0.00377     0.01620     0.01635     0.01661     0.00361     0.00339     0.00822     0.00345     0.00125     0.00000     0.00000     0.00000     0.00000     0.00000     0.00000     0.00000     0.07284
   -10.89190     0.00408     0.01163     0.02963     0.01095     0.00293     0.00310     0.01431     0.00298     0.00122     0.00000     0.00000     0.00000     0.00000     0.00000     0.00000     0.00000     0.08084
   -10.82590     0.00306     0.00857     0.01461     0.00942     0.00274     0.00274     0.01349     0.00258     0.00122     0.00000     0.00000     0.00000     0.00000     0.00000     0.00000     0.00000     0.05843
   -10.75990     0.00335     0.00703     0.00958     0.00934     0.00290     0.00297     0.01780     0.00268     0.00134     0.00000     0.00000     0.00000     0.00000     0.00000     0.00000     0.00000     0.05701
   -10.69490     0.00243     0.00543     0.00585     0.00894     0.00275     0.00299     0.01432     0.00254     0.00149     0.00000     0.00000     0.00000     0.00000     0.00000     0.00000     0.00000     0.04673
   -10.62890     0.00196     0.01362     0.00996     0.01811     0.00317     0.00351     0.01262     0.00293     0.00185     0.00000     0.00000     0.00000     0.00000     0.00000     0.00000     0.00000     0.06774
   -10.56290     0.00163     0.01775     0.01312     0.02539     0.00371     0.00413     0.01168     0.00318     0.00235     0.00000     0.00000     0.00000     0.00000     0.00000     0.00000     0.00000     0.08294
   -10.49790     0.00148     0.01963     0.01509     0.02785     0.00400     0.00455     0.01198     0.00343     0.00293     0.00000     0.00000     0.00000     0.00000     0.00000     0.00000     0.00000     0.09094
   -10.43190     0.00129     0.02037     0.01557     0.02714     0.00398     0.00444     0.01182     0.00357     0.00366     0.00000     0.00000     0.00000     0.00000     0.00000     0.00000     0.00000     0.09185
   -10.36590     0.00118     0.02084     0.01581     0.02728     0.00413     0.00441     0.01185     0.00373     0.00444     0.00000     0.00000     0.00000     0.00000     0.00000     0.00000     0.00000     0.09367
   -10.30090     0.00115     0.02054     0.01547     0.02663     0.00420     0.00448     0.01207     0.00395     0.00523     0.00000     0.00000     0.00000     0.00000     0.00000     0.00000     0.00000     0.09371
   -10.23490     0.00112     0.02069     0.01487     0.02654     0.00430     0.00457     0.01215     0.00419     0.00604     0.00000     0.00000     0.00000     0.00000     0.00000     0.00000     0.00000     0.09447
   -10.16890     0.00111     0.02066     0.01525     0.02543     0.00450     0.00466     0.01224     0.00450     0.00683     0.00000     0.00000     0.00000     0.00000     0.00000     0.00000     0.00000     0.09517
   -10.10390     0.00110     0.02008     0.01510     0.02550     0.00474     0.00470     0.01226     0.00481     0.00789     0.00000     0.00000     0.00000     0.00000     0.00000     0.00000     0.00000     0.09618
   -10.03790     0.00115     0.02034     0.01529     0.02395     0.00501     0.00489     0.01209     0.00517     0.00908     0.00000     0.00000     0.00000     0.00000     0.00000     0.00000     0.00000     0.09697
    -9.97190     0.00127     0.02013     0.01517     0.02425     0.00540     0.00520     0.01209     0.00578     0.01012     0.00000     0.00000     0.00000     0.00000     0.00000     0.00000     0.00000     0.09940
    -9.90690     0.00139     0.01973     0.01510     0.02364     0.00595     0.00548     0.01203     0.00641     0.01141     0.00000     0.00000     0.00000     0.00000     0.00000     0.00000     0.00000     0.10114
    -9.84090     0.00142     0.02007     0.01584     0.02319     0.00644     0.00559     0.01224     0.00689     0.01274     0.00000     0.00000     0.00000     0.00000     0.00000     0.00000     0.00000     0.10442
    -9.77490     0.00151     0.02001     0.01615     0.02382     0.00706     0.00578     0.01262     0.00755     0.01417     0.00000     0.00000     0.00000     0.00000     0.00000     0.00000     0.00000     0.10867
    -9.70990     0.00177     0.02002     0.01762     0.02395     0.00839     0.00632     0.01388     0.00872     0.01589     0.00000     0.00000     0.00000     0.00000     0.00000     0.00000     0.00000     0.11656
    -9.64390     0.00078     0.01898     0.01507     0.02232     0.00498     0.00475     0.00954     0.00686     0.01671     0.00000     0.00000     0.00000     0.00000     0.00000     0.00000     0.00000     0.09998
    -9.57790     0.00043     0.01888     0.01503     0.02312     0.00380     0.00467     0.00883     0.00681     0.01870     0.00000     0.00000     0.00000     0.00000     0.00000     0.00000     0.00000     0.10027
    -9.51290     0.00049     0.01921     0.01487     0.02448     0.00369     0.00549     0.00969     0.00796     0.02233     0.00000     0.00000     0.00000     0.00000     0.00000     0.00000     0.00000     0.10821
    -9.44690     0.00077     0.01984     0.01452     0.02631     0.00392     0.00667     0.01053     0.00985     0.02754     0.00000     0.00000     0.00000     0.00000     0.00000     0.00000     0.00000     0.11996
    -9.38090     0.00088     0.02383     0.01542     0.03618     0.00388     0.00741     0.01060     0.01368     0.04142     0.00000     0.00000     0.00000     0.00000     0.00000     0.00000     0.00000     0.15330
    -9.31590     0.00097     0.01479     0.01207     0.01784     0.00298     0.00715     0.01057     0.00838     0.04579     0.00000     0.00000     0.00000     0.00000     0.00000     0.00000     0.00000     0.12055
    -9.24990     0.00090     0.01177     0.00747     0.01188     0.00248     0.00624     0.01375     0.00599     0.06262     0.00000     0.00000     0.00000     0.00000     0.00000     0.00000     0.00000     0.12310
    -9.18490     0.00065     0.01052     0.00365     0.00828     0.00205     0.00499     0.00472     0.00366     0.03975     0.00000     0.00000     0.00000     0.00000     0.00000     0.00000     0.00000     0.07826
    -9.11890     0.00071     0.00679     0.00210     0.00537     0.00213     0.00458     0.00236     0.00323     0.01268     0.00000     0.00000     0.00000     0.00000     0.00000     0.00000     0.00000     0.03995
    -9.05290     0.00080     0.00484     0.00245     0.00464     0.00221     0.00470     0.00177     0.00377     0.00538     0.00000     0.00000     0.00000     0.00000     0.00000     0.00000     0.00000     0.03056
    -8.98790     0.00078     0.00388     0.00266     0.00447     0.00206     0.00468     0.00130     0.00414     0.00293     0.00000     0.00000     0.00000     0.00000     0.00000     0.00000     0.00000     0.02691
    -8.92190     0.00079     0.00342     0.00286     0.00435     0.00199     0.00473     0.00108     0.00449     0.00187     0.00000     0.00000     0.00000     0.00000     0.00000     0.00000     0.00000     0.02557
    -8.85590     0.00080     0.00308     0.00371     0.00429     0.00208     0.00482     0.00112     0.00486     0.00120     0.00000     0.00000     0.00000     0.00000     0.00000     0.00000     0.00000     0.02596
    -8.79090     0.00080     0.00278     0.00449     0.00426     0.00225     0.00486     0.00128     0.00514     0.00085     0.00000     0.00000     0.00000     0.00000     0.00000     0.00000     0.00000     0.02671
    -8.72490     0.00083     0.00261     0.00529     0.00433     0.00283     0.00493     0.00181     0.00545     0.00086     0.00000     0.00000     0.00000     0.00000     0.00000     0.00000     0.00000     0.02894
    -8.65890     0.00084     0.00271     0.00577     0.00452     0.00322     0.00514     0.00215     0.00587     0.00108     0.00000     0.00000     0.00000     0.00000     0.00000     0.00000     0.00000     0.03131
    -8.59390     0.00085     0.00279     0.00615     0.00465     0.00354     0.00541     0.00240     0.00625     0.00136     0.00000     0.00000     0.00000     0.00000     0.00000     0.00000     0.00000     0.03338
    -8.52790     0.00086     0.00318     0.00661     0.00505     0.00392     0.00612     0.00278     0.00696     0.00235     0.00000     0.00000     0.00000     0.00000     0.00000     0.00000     0.00000     0.03784
    -8.46190     0.00088     0.00365     0.00705     0.00561     0.00431     0.00719     0.00320     0.00787     0.00371     0.00000     0.00000     0.00000     0.00000     0.00000     0.00000     0.00000     0.04347
    -8.39690     0.00090     0.00447     0.00737     0.00654     0.00460     0.00911     0.00345     0.00929     0.00620     0.00000     0.00000     0.00000     0.00000     0.00000     0.00000     0.00000     0.05192
    -8.33090     0.00088     0.00429     0.00749     0.00681     0.00481     0.00938     0.00367     0.00946     0.00636     0.00000     0.00000     0.00000     0.00000     0.00000     0.00000     0.00000     0.05316
    -8.26490     0.00087     0.00414     0.00760     0.00712     0.00511     0.00995     0.00398     0.00979     0.00703     0.00000     0.00000     0.00000     0.00000     0.00000     0.00000     0.00000     0.05559
    -8.19990     0.00085     0.00416     0.00750     0.00759     0.00538     0.01085     0.00421     0.01031     0.00813     0.00000     0.00000     0.00000     0.00000     0.00000     0.00000     0.00000     0.05898
    -8.13390     0.00083     0.00396     0.00741     0.00766     0.00567     0.01126     0.00452     0.01046     0.00850     0.00000     0.00000     0.00000     0.00000     0.00000     0.00000     0.00000     0.06027
    -8.06790     0.00081     0.00392     0.00723     0.00796     0.00595     0.01211     0.00479     0.01086     0.00962     0.00000     0.00000     0.00000     0.00000     0.00000     0.00000     0.00000     0.06326
    -8.00290     0.00080     0.00384     0.00740     0.00849     0.00699     0.01387     0.00558     0.01135     0.01143     0.00000     0.00000     0.00000     0.00000     0.00000     0.00000     0.00000     0.06976
    -7.93690     0.00078     0.00371     0.00731     0.00836     0.00774     0.01486     0.00605     0.01147     0.01210     0.00000     0.00000     0.00000     0.00000     0.00000     0.00000     0.00000     0.07237
    -7.87090     0.00074     0.00362     0.00649     0.00787     0.00625     0.01432     0.00422     0.01149     0.01279     0.00000     0.00000     0.00000     0.00000     0.00000     0.00000     0.00000     0.06778
    -7.80590     0.00070     0.00342     0.00597     0.00722     0.00548     0.01316     0.00337     0.01088     0.01102     0.00000     0.00000     0.00000     0.00000     0.00000     0.00000     0.00000     0.06120
    -7.73990     0.00065     0.00305     0.00516     0.00621     0.00469     0.01140     0.00310     0.01014     0.00917     0.00000     0.00000     0.00000     0.00000     0.00000     0.00000     0.00000     0.05357
    -7.67390     0.00061     0.00294     0.00494     0.00590     0.00490     0.01107     0.00373     0.01046     0.00887     0.00000     0.00000     0.00000     0.00000     0.00000     0.00000     0.00000     0.05341
    -7.60890     0.00059     0.00283     0.00472     0.00568     0.00471     0.01082     0.00355     0.01049     0.00815     0.00000     0.00000     0.00000     0.00000     0.00000     0.00000     0.00000     0.05154
    -7.54290     0.00055     0.00273     0.00439     0.00536     0.00459     0.01042     0.00361     0.01059     0.00757     0.00000     0.00000     0.00000     0.00000     0.00000     0.00000     0.00000     0.04980
    -7.47790     0.00052     0.00260     0.00416     0.00511     0.00446     0.01010     0.00366     0.01059     0.00695     0.00000     0.00000     0.00000     0.00000     0.00000     0.00000     0.00000     0.04813
    -7.41190     0.00049     0.00249     0.00403     0.00488     0.00435     0.00991     0.00360     0.01072     0.00647     0.00000     0.00000     0.00000     0.00000     0.00000     0.00000     0.00000     0.04693
    -7.34590     0.00045     0.00238     0.00391     0.00468     0.00421     0.00988     0.00354     0.01087     0.00614     0.00000     0.00000     0.00000     0.00000     0.00000     0.00000     0.00000     0.04607
    -7.28090     0.00043     0.00226     0.00381     0.00449     0.00410     0.00995     0.00348     0.01123     0.00585     0.00000     0.00000     0.00000     0.00000     0.00000     0.00000     0.00000     0.04560
    -7.21490     0.00040     0.00212     0.00362     0.00424     0.00393     0.00988     0.00343     0.01145     0.00558     0.00000     0.00000     0.00000     0.00000     0.00000     0.00000     0.00000     0.04466
    -7.14890     0.00037     0.00199     0.00353     0.00402     0.00382     0.00986     0.00335     0.01182     0.00529     0.00000     0.00000     0.00000     0.00000     0.00000     0.00000     0.00000     0.04406
    -7.08390     0.00036     0.00187     0.00353     0.00388     0.00380     0.01006     0.00330     0.01232     0.00504     0.00000     0.00000     0.00000     0.00000     0.00000     0.00000     0.00000     0.04416
    -7.01790     0.00034     0.00184     0.00369     0.00407     0.00378     0.01171     0.00332     0.01317     0.00478     0.00000     0.00000     0.00000     0.00000     0.00000     0.00000     0.00000     0.04670
    -6.95190     0.00030     0.00156     0.00317     0.00330     0.00358     0.01038     0.00329     0.01373     0.00456     0.00000     0.00000     0.00000     0.00000     0.00000     0.00000     0.00000     0.04388
    -6.88690     0.00028     0.00113     0.00279     0.00228     0.00344     0.00734     0.00325     0.01363     0.00436     0.00000     0.00000     0.00000     0.00000     0.00000     0.00000     0.00000     0.03851
    -6.82090     0.00028     0.00098     0.00258     0.00187     0.00328     0.00637     0.00316     0.01399     0.00425     0.00000     0.00000     0.00000     0.00000     0.00000     0.00000     0.00000     0.03676
    -6.75490     0.00029     0.00080     0.00250     0.00166     0.00316     0.00600     0.00303     0.01351     0.00407     0.00000     0.00000     0.00000     0.00000     0.00000     0.00000     0.00000     0.03502
    -6.68990     0.00032     0.00073     0.00255     0.00158     0.00317     0.00606     0.00301     0.01425     0.00390     0.00000     0.00000     0.00000     0.00000     0.00000     0.00000     0.00000     0.03558
    -6.62390     0.00032     0.00057     0.00253     0.00135     0.00304     0.00534     0.00298     0.01169     0.00367     0.00000     0.00000     0.00000     0.00000     0.00000     0.00000     0.00000     0.03149
    -6.55790     0.00039     0.00059     0.00265     0.00130     0.00309     0.00643     0.00297     0.01049     0.00354     0.00000     0.00000     0.00000     0.00000     0.00000     0.00000     0.00000     0.03145
    -6.49290     0.00048     0.00070     0.00280     0.00135     0.00321     0.00765     0.00296     0.01055     0.00348     0.00000     0.00000     0.00000     0.00000     0.00000     0.00000     0.00000     0.03318
    -6.42690     0.00057     0.00086     0.00289     0.00148     0.00332     0.00797     0.00295     0.01074     0.00341     0.00000     0.00000     0.00000     0.00000     0.00000     0.00000     0.00000     0.03420
    -6.36090     0.00083     0.00138     0.00311     0.00177     0.00349     0.00860     0.00296     0.01155     0.00363     0.00000     0.00000     0.00000     0.00000     0.00000     0.00000     0.00000     0.03732
    -6.29590     0.00108     0.00208     0.00348     0.00205     0.00376     0.00919     0.00299     0.01210     0.00382     0.00000     0.00000     0.00000     0.00000     0.00000     0.00000     0.00000     0.04055
    -6.22990     0.00084     0.00217     0.00302     0.00203     0.00332     0.00778     0.00275     0.01085     0.00315     0.00000     0.00000     0.00000     0.00000     0.00000     0.00000     0.00000     0.03593
    -6.16390     0.00083     0.00185     0.00284     0.00224     0.00323     0.00704     0.00268     0.00994     0.00283     0.00000     0.00000     0.00000     0.00000     0.00000     0.00000     0.00000     0.03348
    -6.09890     0.00090     0.00179     0.00277     0.00281     0.00349     0.00691     0.00265     0.00960     0.00262     0.00000     0.00000     0.00000     0.00000     0.00000     0.00000     0.00000     0.03355
    -6.03290     0.00082     0.00197     0.00271     0.00368     0.00386     0.00709     0.00253     0.00995     0.00253     0.00000     0.00000     0.00000     0.00000     0.00000     0.00000     0.00000     0.03514
    -5.96690     0.00082     0.00201     0.00258     0.00407     0.00395     0.00690     0.00242     0.01026     0.00252     0.00000     0.00000     0.00000     0.00000     0.00000     0.00000     0.00000     0.03553
    -5.90190     0.00082     0.00196     0.00243     0.00356     0.00371     0.00659     0.00234     0.01026     0.00243     0.00000     0.00000     0.00000     0.00000     0.00000     0.00000     0.00000     0.03408
    -5.83590     0.00079     0.00195     0.00238     0.00354     0.00373     0.00640     0.00225     0.00980     0.00239     0.00000     0.00000     0.00000     0.00000     0.00000     0.00000     0.00000     0.03324
    -5.76990     0.00083     0.00198     0.00239     0.00370     0.00393     0.00663     0.00222     0.01008     0.00249     0.00000     0.00000     0.00000     0.00000     0.00000     0.00000     0.00000     0.03427
    -5.70490     0.00083     0.00218     0.00233     0.00378     0.00375     0.00644     0.00212     0.00998     0.00248     0.00000     0.00000     0.00000     0.00000     0.00000     0.00000     0.00000     0.03389
    -5.63890     0.00068     0.00195     0.00221     0.00294     0.00315     0.00583     0.00182     0.00908     0.00199     0.00000     0.00000     0.00000     0.00000     0.00000     0.00000     0.00000     0.02965
    -5.57390     0.00060     0.00160     0.00183     0.00230     0.00269     0.00537     0.00156     0.00860     0.00163     0.00000     0.00000     0.00000     0.00000     0.00000     0.00000     0.00000     0.02619
    -5.50790     0.00057     0.00138     0.00171     0.00204     0.00258     0.00509     0.00147     0.00848     0.00144     0.00000     0.00000     0.00000     0.00000     0.00000     0.00000     0.00000     0.02477
    -5.44190     0.00055     0.00161     0.00168     0.00229     0.00226     0.00513     0.00139     0.00834     0.00147     0.00000     0.00000     0.00000     0.00000     0.00000     0.00000     0.00000     0.02473
    -5.37690     0.00054     0.00168     0.00180     0.00267     0.00216     0.00474     0.00131     0.00773     0.00165     0.00000     0.00000     0.00000     0.00000     0.00000     0.00000     0.00000     0.02428
    -5.31090     0.00068     0.00202     0.00233     0.00411     0.00228     0.00508     0.00147     0.00862     0.00220     0.00000     0.00000     0.00000     0.00000     0.00000     0.00000     0.00000     0.02879
    -5.24490     0.00093     0.00194     0.00250     0.00415     0.00249     0.00564     0.00156     0.00948     0.00261     0.00000     0.00000     0.00000     0.00000     0.00000     0.00000     0.00000     0.03130
    -5.17990     0.00064     0.00163     0.00204     0.00296     0.00223     0.00558     0.00131     0.00860     0.00184     0.00000     0.00000     0.00000     0.00000     0.00000     0.00000     0.00000     0.02682
    -5.11390     0.00059     0.00152     0.00187     0.00272     0.00216     0.00543     0.00122     0.00822     0.00176     0.00000     0.00000     0.00000     0.00000     0.00000     0.00000     0.00000     0.02550
    -5.04790     0.00062     0.00171     0.00190     0.00304     0.00209     0.00573     0.00125     0.00813     0.00204     0.00000     0.00000     0.00000     0.00000     0.00000     0.00000     0.00000     0.02652
    -4.98290     0.00062     0.00181     0.00221     0.00318     0.00218     0.00617     0.00128     0.00818     0.00219     0.00000     0.00000     0.00000     0.00000     0.00000     0.00000     0.00000     0.02783
    -4.91690     0.00062     0.00173     0.00256     0.00304     0.00240     0.00640     0.00125     0.00813     0.00222     0.00000     0.00000     0.00000     0.00000     0.00000     0.00000     0.00000     0.02834
    -4.85090     0.00060     0.00167     0.00223     0.00304     0.00225     0.00635     0.00119     0.00782     0.00229     0.00000     0.00000     0.00000     0.00000     0.00000     0.00000     0.00000     0.02743
    -4.78590     0.00060     0.00167     0.00227     0.00299     0.00230     0.00669     0.00116     0.00805     0.00232     0.00000     0.00000     0.00000     0.00000     0.00000     0.00000     0.00000     0.02805
    -4.71990     0.00056     0.00171     0.00220     0.00302     0.00217     0.00676     0.00114     0.00809     0.00249     0.00000     0.00000     0.00000     0.00000     0.00000     0.00000     0.00000     0.02813
    -4.65390     0.00055     0.00170     0.00237     0.00303     0.00223     0.00760     0.00113     0.00867     0.00249     0.00000     0.00000     0.00000     0.00000     0.00000     0.00000     0.00000     0.02978
    -4.58890     0.00054     0.00166     0.00222     0.00308     0.00212     0.00718     0.00111     0.00851     0.00267     0.00000     0.00000     0.00000     0.00000     0.00000     0.00000     0.00000     0.02908
    -4.52290     0.00054     0.00168     0.00219     0.00298     0.00207     0.00724     0.00110     0.00860     0.00261     0.00000     0.00000     0.00000     0.00000     0.00000     0.00000     0.00000     0.02902
    -4.45690     0.00055     0.00169     0.00220     0.00304     0.00212     0.00737     0.00110     0.00884     0.00277     0.00000     0.00000     0.00000     0.00000     0.00000     0.00000     0.00000     0.02966
    -4.39190     0.00059     0.00183     0.00231     0.00313     0.00217     0.00826     0.00109     0.01052     0.00279     0.00000     0.00000     0.00000     0.00000     0.00000     0.00000     0.00000     0.03267
    -4.32590     0.00059     0.00190     0.00227     0.00328     0.00210     0.00851     0.00105     0.01050     0.00305     0.00000     0.00000     0.00000     0.00000     0.00000     0.00000     0.00000     0.03325
    -4.25990     0.00056     0.00186     0.00214     0.00320     0.00201     0.00785     0.00102     0.00953     0.00290     0.00000     0.00000     0.00000     0.00000     0.00000     0.00000     0.00000     0.03107
    -4.19490     0.00055     0.00188     0.00211     0.00321     0.00197     0.00716     0.00102     0.00899     0.00297     0.00000     0.00000     0.00000     0.00000     0.00000     0.00000     0.00000     0.02985
    -4.12890     0.00055     0.00201     0.00215     0.00329     0.00194     0.00674     0.00105     0.00889     0.00307     0.00000     0.00000     0.00000     0.00000     0.00000     0.00000     0.00000     0.02970
    -4.06290     0.00053     0.00214     0.00225     0.00342     0.00193     0.00692     0.00116     0.00907     0.00334     0.00000     0.00000     0.00000     0.00000     0.00000     0.00000     0.00000     0.03075
    -3.99790     0.00052     0.00217     0.00215     0.00336     0.00177     0.00632     0.00101     0.00854     0.00289     0.00000     0.00000     0.00000     0.00000     0.00000     0.00000     0.00000     0.02873
    -3.93190     0.00051     0.00223     0.00221     0.00341     0.00173     0.00609     0.00100     0.00830     0.00292     0.00000     0.00000     0.00000     0.00000     0.00000     0.00000     0.00000     0.02841
    -3.86690     0.00050     0.00234     0.00227     0.00352     0.00171     0.00586     0.00098     0.00808     0.00287     0.00000     0.00000     0.00000     0.00000     0.00000     0.00000     0.00000     0.02814
    -3.80090     0.00049     0.00247     0.00236     0.00362     0.00169     0.00571     0.00096     0.00796     0.00291     0.00000     0.00000     0.00000     0.00000     0.00000     0.00000     0.00000     0.02817
    -3.73490     0.00047     0.00261     0.00239     0.00374     0.00160     0.00539     0.00091     0.00776     0.00260     0.00000     0.00000     0.00000     0.00000     0.00000     0.00000     0.00000     0.02747
    -3.66990     0.00045     0.00270     0.00241     0.00381     0.00153     0.00515     0.00090     0.00746     0.00255     0.00000     0.00000     0.00000     0.00000     0.00000     0.00000     0.00000     0.02695
    -3.60390     0.00043     0.00286     0.00249     0.00396     0.00148     0.00506     0.00089     0.00731     0.00246     0.00000     0.00000     0.00000     0.00000     0.00000     0.00000     0.00000     0.02692
    -3.53790     0.00042     0.00301     0.00257     0.00415     0.00143     0.00486     0.00087     0.00705     0.00246     0.00000     0.00000     0.00000     0.00000     0.00000     0.00000     0.00000     0.02683
    -3.47290     0.00042     0.00330     0.00269     0.00449     0.00136     0.00468     0.00088     0.00682     0.00231     0.00000     0.00000     0.00000     0.00000     0.00000     0.00000     0.00000     0.02695
    -3.40690     0.00043     0.00348     0.00280     0.00463     0.00130     0.00449     0.00084     0.00665     0.00221     0.00000     0.00000     0.00000     0.00000     0.00000     0.00000     0.00000     0.02683
    -3.34090     0.00043     0.00376     0.00300     0.00482     0.00124     0.00437     0.00082     0.00645     0.00216     0.00000     0.00000     0.00000     0.00000     0.00000     0.00000     0.00000     0.02705
    -3.27590     0.00044     0.00414     0.00326     0.00509     0.00117     0.00430     0.00082     0.00627     0.00209     0.00000     0.00000     0.00000     0.00000     0.00000     0.00000     0.00000     0.02758
    -3.20990     0.00046     0.00449     0.00347     0.00534     0.00112     0.00415     0.00080     0.00601     0.00203     0.00000     0.00000     0.00000     0.00000     0.00000     0.00000     0.00000     0.02788
    -3.14390     0.00048     0.00503     0.00376     0.00578     0.00106     0.00409     0.00078     0.00583     0.00202     0.00000     0.00000     0.00000     0.00000     0.00000     0.00000     0.00000     0.02882
    -3.07890     0.00050     0.00552     0.00396     0.00612     0.00099     0.00399     0.00076     0.00564     0.00193     0.00000     0.00000     0.00000     0.00000     0.00000     0.00000     0.00000     0.02941
    -3.01290     0.00053     0.00620     0.00438     0.00655     0.00095     0.00389     0.00074     0.00549     0.00190     0.00000     0.00000     0.00000     0.00000     0.00000     0.00000     0.00000     0.03062
    -2.94690     0.00057     0.00690     0.00478     0.00670     0.00088     0.00375     0.00073     0.00522     0.00185     0.00000     0.00000     0.00000     0.00000     0.00000     0.00000     0.00000     0.03137
    -2.88190     0.00065     0.00718     0.00549     0.00669     0.00082     0.00380     0.00075     0.00514     0.00185     0.00000     0.00000     0.00000     0.00000     0.00000     0.00000     0.00000     0.03237
    -2.81590     0.00075     0.00657     0.00497     0.00583     0.00077     0.00383     0.00076     0.00508     0.00181     0.00000     0.00000     0.00000     0.00000     0.00000     0.00000     0.00000     0.03036
    -2.74990     0.00076     0.00634     0.00503     0.00559     0.00072     0.00363     0.00071     0.00473     0.00171     0.00000     0.00000     0.00000     0.00000     0.00000     0.00000     0.00000     0.02922
    -2.68490     0.00074     0.00661     0.00540     0.00550     0.00070     0.00351     0.00063     0.00443     0.00163     0.00000     0.00000     0.00000     0.00000     0.00000     0.00000     0.00000     0.02915
    -2.61890     0.00076     0.00675     0.00607     0.00528     0.00067     0.00348     0.00055     0.00405     0.00154     0.00000     0.00000     0.00000     0.00000     0.00000     0.00000     0.00000     0.02914
    -2.55290     0.00075     0.00731     0.00678     0.00544     0.00066     0.00337     0.00051     0.00378     0.00152     0.00000     0.00000     0.00000     0.00000     0.00000     0.00000     0.00000     0.03012
    -2.48790     0.00080     0.00812     0.00804     0.00526     0.00065     0.00332     0.00051     0.00360     0.00153     0.00000     0.00000     0.00000     0.00000     0.00000     0.00000     0.00000     0.03182
    -2.42190     0.00065     0.00756     0.00725     0.00496     0.00058     0.00296     0.00047     0.00327     0.00145     0.00000     0.00000     0.00000     0.00000     0.00000     0.00000     0.00000     0.02913
    -2.35590     0.00056     0.00808     0.00732     0.00533     0.00059     0.00264     0.00048     0.00311     0.00149     0.00000     0.00000     0.00000     0.00000     0.00000     0.00000     0.00000     0.02961
    -2.29090     0.00050     0.00768     0.00598     0.00554     0.00058     0.00235     0.00048     0.00299     0.00149     0.00000     0.00000     0.00000     0.00000     0.00000     0.00000     0.00000     0.02759
    -2.22490     0.00047     0.00722     0.00454     0.00556     0.00054     0.00206     0.00046     0.00289     0.00143     0.00000     0.00000     0.00000     0.00000     0.00000     0.00000     0.00000     0.02517
    -2.15890     0.00046     0.00743     0.00354     0.00608     0.00051     0.00195     0.00045     0.00295     0.00146     0.00000     0.00000     0.00000     0.00000     0.00000     0.00000     0.00000     0.02484
    -2.09390     0.00046     0.00698     0.00274     0.00579     0.00043     0.00200     0.00045     0.00305     0.00142     0.00000     0.00000     0.00000     0.00000     0.00000     0.00000     0.00000     0.02333
    -2.02790     0.00045     0.00410     0.00139     0.00313     0.00027     0.00179     0.00040     0.00267     0.00108     0.00000     0.00000     0.00000     0.00000     0.00000     0.00000     0.00000     0.01529
    -1.96290     0.00047     0.00100     0.00057     0.00074     0.00017     0.00133     0.00038     0.00200     0.00086     0.00000     0.00000     0.00000     0.00000     0.00000     0.00000     0.00000     0.00752
    -1.89690     0.00047     0.00098     0.00051     0.00070     0.00017     0.00126     0.00039     0.00191     0.00080     0.00000     0.00000     0.00000     0.00000     0.00000     0.00000     0.00000     0.00721
    -1.83090     0.00047     0.00099     0.00051     0.00068     0.00017     0.00121     0.00040     0.00184     0.00076     0.00000     0.00000     0.00000     0.00000     0.00000     0.00000     0.00000     0.00704
    -1.76590     0.00048     0.00105     0.00051     0.00070     0.00018     0.00117     0.00042     0.00177     0.00072     0.00000     0.00000     0.00000     0.00000     0.00000     0.00000     0.00000     0.00700
    -1.69990     0.00049     0.00112     0.00051     0.00071     0.00019     0.00112     0.00045     0.00171     0.00068     0.00000     0.00000     0.00000     0.00000     0.00000     0.00000     0.00000     0.00699
    -1.63390     0.00050     0.00120     0.00054     0.00073     0.00020     0.00109     0.00047     0.00166     0.00064     0.00000     0.00000     0.00000     0.00000     0.00000     0.00000     0.00000     0.00702
    -1.56890     0.00050     0.00127     0.00056     0.00073     0.00022     0.00105     0.00049     0.00161     0.00061     0.00000     0.00000     0.00000     0.00000     0.00000     0.00000     0.00000     0.00704
    -1.50290     0.00050     0.00134     0.00059     0.00075     0.00023     0.00102     0.00052     0.00157     0.00058     0.00000     0.00000     0.00000     0.00000     0.00000     0.00000     0.00000     0.00710
    -1.43690     0.00051     0.00142     0.00062     0.00076     0.00025     0.00099     0.00055     0.00153     0.00056     0.00000     0.00000     0.00000     0.00000     0.00000     0.00000     0.00000     0.00720
    -1.37190     0.00051     0.00151     0.00067     0.00078     0.00028     0.00096     0.00058     0.00150     0.00054     0.00000     0.00000     0.00000     0.00000     0.00000     0.00000     0.00000     0.00731
    -1.30590     0.00052     0.00160     0.00071     0.00079     0.00030     0.00093     0.00062     0.00146     0.00052     0.00000     0.00000     0.00000     0.00000     0.00000     0.00000     0.00000     0.00745
    -1.23990     0.00052     0.00169     0.00076     0.00081     0.00032     0.00091     0.00065     0.00144     0.00051     0.00000     0.00000     0.00000     0.00000     0.00000     0.00000     0.00000     0.00759
    -1.17490     0.00052     0.00179     0.00081     0.00082     0.00034     0.00088     0.00068     0.00141     0.00050     0.00000     0.00000     0.00000     0.00000     0.00000     0.00000     0.00000     0.00776
    -1.10890     0.00052     0.00189     0.00086     0.00083     0.00038     0.00086     0.00072     0.00139     0.00050     0.00000     0.00000     0.00000     0.00000     0.00000     0.00000     0.00000     0.00796
    -1.04290     0.00053     0.00200     0.00092     0.00085     0.00040     0.00084     0.00075     0.00138     0.00051     0.00000     0.00000     0.00000     0.00000     0.00000     0.00000     0.00000     0.00818
    -0.97790     0.00053     0.00211     0.00098     0.00087     0.00043     0.00082     0.00079     0.00137     0.00052     0.00000     0.00000     0.00000     0.00000     0.00000     0.00000     0.00000     0.00843
    -0.91190     0.00053     0.00222     0.00104     0.00089     0.00046     0.00081     0.00083     0.00137     0.00053     0.00000     0.00000     0.00000     0.00000     0.00000     0.00000     0.00000     0.00869
    -0.84590     0.00054     0.00236     0.00112     0.00091     0.00051     0.00079     0.00091     0.00136     0.00057     0.00000     0.00000     0.00000     0.00000     0.00000     0.00000     0.00000     0.00907
    -0.78090     0.00054     0.00251     0.00120     0.00096     0.00055     0.00079     0.00102     0.00138     0.00064     0.00000     0.00000     0.00000     0.00000     0.00000     0.00000     0.00000     0.00959
    -0.71490     0.00054     0.00266     0.00126     0.00102     0.00059     0.00081     0.00118     0.00142     0.00075     0.00000     0.00000     0.00000     0.00000     0.00000     0.00000     0.00000     0.01024
    -0.64890     0.00055     0.00284     0.00133     0.00107     0.00064     0.00083     0.00139     0.00146     0.00085     0.00000     0.00000     0.00000     0.00000     0.00000     0.00000     0.00000     0.01096
    -0.58390     0.00056     0.00304     0.00140     0.00114     0.00069     0.00085     0.00155     0.00150     0.00093     0.00000     0.00000     0.00000     0.00000     0.00000     0.00000     0.00000     0.01167
    -0.51790     0.00059     0.00329     0.00150     0.00123     0.00077     0.00089     0.00175     0.00154     0.00103     0.00000     0.00000     0.00000     0.00000     0.00000     0.00000     0.00000     0.01259
    -0.45190     0.00069     0.00386     0.00164     0.00139     0.00088     0.00096     0.00203     0.00161     0.00120     0.00000     0.00000     0.00000     0.00000     0.00000     0.00000     0.00000     0.01427
    -0.38690     0.00097     0.00455     0.00179     0.00168     0.00101     0.00109     0.00234     0.00175     0.00144     0.00000     0.00000     0.00000     0.00000     0.00000     0.00000     0.00000     0.01661
    -0.32090     0.00105     0.00419     0.00174     0.00186     0.00099     0.00119     0.00241     0.00181     0.00153     0.00000     0.00000     0.00000     0.00000     0.00000     0.00000     0.00000     0.01677
    -0.25590     0.00144     0.00420     0.00178     0.00204     0.00102     0.00131     0.00255     0.00189     0.00170     0.00000     0.00000     0.00000     0.00000     0.00000     0.00000     0.00000     0.01793
    -0.18990     0.00137     0.00350     0.00180     0.00211     0.00101     0.00137     0.00261     0.00193     0.00175     0.00000     0.00000     0.00000     0.00000     0.00000     0.00000     0.00000     0.01743
    -0.12390     0.00159     0.00330     0.00181     0.00212     0.00101     0.00145     0.00274     0.00198     0.00184     0.00000     0.00000     0.00000     0.00000     0.00000     0.00000     0.00000     0.01785
    -0.05890     0.00169     0.00325     0.00186     0.00272     0.00106     0.00185     0.00295     0.00234     0.00204     0.00000     0.00000     0.00000     0.00000     0.00000     0.00000     0.00000     0.01977
     0.00710     0.00177     0.00328     0.00181     0.00300     0.00106     0.00216     0.00307     0.00260     0.00232     0.00000     0.00000     0.00000     0.00000     0.00000     0.00000     0.00000     0.02107
     0.07310     0.00187     0.00269     0.00181     0.00254     0.00117     0.00206     0.00337     0.00233     0.00218     0.00000     0.00000     0.00000     0.00000     0.00000     0.00000     0.00000     0.02002
     0.13810     0.00199     0.00201     0.00167     0.00185     0.00129     0.00187     0.00368     0.00194     0.00189     0.00000     0.00000     0.00000     0.00000     0.00000     0.00000     0.00000     0.01819
     0.20410     0.00213     0.00293     0.00187     0.00201     0.00167     0.00212     0.00383     0.00223     0.00194     0.00000     0.00000     0.00000     0.00000     0.00000     0.00000     0.00000     0.02073
     0.27010     0.00229     0.00530     0.00251     0.00312     0.00231     0.00272     0.00422     0.00280     0.00252     0.00000     0.00000     0.00000     0.00000     0.00000     0.00000     0.00000     0.02781
     0.33510     0.00245     0.00606     0.00271     0.00338     0.00274     0.00287     0.00439     0.00265     0.00274     0.00000     0.00000     0.00000     0.00000     0.00000     0.00000     0.00000     0.03001
     0.40110     0.00262     0.00661     0.00298     0.00345     0.00325     0.00311     0.00502     0.00254     0.00293     0.00000     0.00000     0.00000     0.00000     0.00000     0.00000     0.00000     0.03249
     0.46710     0.00276     0.00765     0.00320     0.00358     0.00367     0.00322     0.00496     0.00242     0.00314     0.00000     0.00000     0.00000     0.00000     0.00000     0.00000     0.00000     0.03460
     0.53210     0.00285     0.00735     0.00350     0.00324     0.00424     0.00312     0.00519     0.00231     0.00333     0.00000     0.00000     0.00000     0.00000     0.00000     0.00000     0.00000     0.03513
     0.59810     0.00301     0.00721     0.00391     0.00304     0.00448     0.00294     0.00488     0.00230     0.00347     0.00000     0.00000     0.00000     0.00000     0.00000     0.00000     0.00000     0.03525
     0.66410     0.00316     0.00700     0.00462     0.00282     0.00392     0.00266     0.00416     0.00217     0.00293     0.00000     0.00000     0.00000     0.00000     0.00000     0.00000     0.00000     0.03345
     0.72910     0.00323     0.00695     0.00516     0.00274     0.00310     0.00304     0.00440     0.00240     0.00304     0.00000     0.00000     0.00000     0.00000     0.00000     0.00000     0.00000     0.03406
     0.79510     0.00348     0.00709     0.00567     0.00261     0.00350     0.00321     0.00466     0.00213     0.00273     0.00000     0.00000     0.00000     0.00000     0.00000     0.00000     0.00000     0.03509
     0.86110     0.00420     0.00822     0.00734     0.00325     0.00858     0.00713     0.00862     0.00323     0.00364     0.00000     0.00000     0.00000     0.00000     0.00000     0.00000     0.00000     0.05421
     0.92610     0.00392     0.00917     0.00625     0.00317     0.00864     0.00498     0.00759     0.00207     0.00311     0.00000     0.00000     0.00000     0.00000     0.00000     0.00000     0.00000     0.04890
     0.99210     0.00248     0.00868     0.00507     0.00230     0.00731     0.00416     0.00646     0.00183     0.00254     0.00000     0.00000     0.00000     0.00000     0.00000     0.00000     0.00000     0.04084
     1.05810     0.00230     0.00797     0.00492     0.00219     0.00857     0.00476     0.00654     0.00247     0.00250     0.00000     0.00000     0.00000     0.00000     0.00000     0.00000     0.00000     0.04223
     1.12310     0.00206     0.00783     0.00487     0.00193     0.00841     0.00451     0.00639     0.00214     0.00225     0.00000     0.00000     0.00000     0.00000     0.00000     0.00000     0.00000     0.04039
     1.18910     0.00134     0.00558     0.00479     0.00133     0.00822     0.00410     0.00636     0.00172     0.00159     0.00000     0.00000     0.00000     0.00000     0.00000     0.00000     0.00000     0.03504
     1.25510     0.00138     0.00500     0.00525     0.00128     0.00909     0.00408     0.00643     0.00182     0.00144     0.00000     0.00000     0.00000     0.00000     0.00000     0.00000     0.00000     0.03578
     1.32010     0.00148     0.00501     0.00534     0.00176     0.00703     0.00409     0.00590     0.00207     0.00127     0.00000     0.00000     0.00000     0.00000     0.00000     0.00000     0.00000     0.03395
     1.38610     0.00335     0.00577     0.00607     0.00270     0.00822     0.00484     0.00620     0.00329     0.00191     0.00000     0.00000     0.00000     0.00000     0.00000     0.00000     0.00000     0.04235
     1.45210     0.00384     0.00675     0.00632     0.00307     0.00769     0.00495     0.00587     0.00325     0.00219     0.00000     0.00000     0.00000     0.00000     0.00000     0.00000     0.00000     0.04393
     1.51710     0.00310     0.00605     0.00510     0.00309     0.00662     0.00385     0.00496     0.00274     0.00173     0.00000     0.00000     0.00000     0.00000     0.00000     0.00000     0.00000     0.03723
     1.58310     0.00285     0.00550     0.00404     0.00312     0.00610     0.00318     0.00460     0.00271     0.00176     0.00000     0.00000     0.00000     0.00000     0.00000     0.00000     0.00000     0.03387
     1.64810     0.00317     0.00632     0.00517     0.00304     0.00659     0.00316     0.00677     0.00278     0.00164     0.00000     0.00000     0.00000     0.00000     0.00000     0.00000     0.00000     0.03864
     1.71410     0.00339     0.00795     0.00591     0.00292     0.00680     0.00343     0.00700     0.00330     0.00172     0.00000     0.00000     0.00000     0.00000     0.00000     0.00000     0.00000     0.04242
     1.78010     0.00342     0.00751     0.00565     0.00275     0.00715     0.00402     0.00553     0.00447     0.00178     0.00000     0.00000     0.00000     0.00000     0.00000     0.00000     0.00000     0.04228
     1.84510     0.00358     0.00766     0.00586     0.00294     0.00681     0.00458     0.00500     0.00461     0.00169     0.00000     0.00000     0.00000     0.00000     0.00000     0.00000     0.00000     0.04273
     1.91110     0.00335     0.00773     0.00602     0.00281     0.00631     0.00430     0.00469     0.00337     0.00157     0.00000     0.00000     0.00000     0.00000     0.00000     0.00000     0.00000     0.04015
     1.97710     0.00324     0.00767     0.00622     0.00273     0.00599     0.00434     0.00441     0.00327     0.00156     0.00000     0.00000     0.00000     0.00000     0.00000     0.00000     0.00000     0.03943
     2.04210     0.00325     0.00750     0.00674     0.00283     0.00584     0.00457     0.00431     0.00333     0.00167     0.00000     0.00000     0.00000     0.00000     0.00000     0.00000     0.00000     0.04005
     2.10810     0.00305     0.00776     0.00712     0.00282     0.00560     0.00482     0.00394     0.00344     0.00178     0.00000     0.00000     0.00000     0.00000     0.00000     0.00000     0.00000     0.04032
     2.17410     0.00280     0.00709     0.00647     0.00254     0.00510     0.00444     0.00332     0.00324     0.00154     0.00000     0.00000     0.00000     0.00000     0.00000     0.00000     0.00000     0.03654
     2.23910     0.00285     0.00733     0.00758     0.00259     0.00498     0.00465     0.00338     0.00347     0.00162     0.00000     0.00000     0.00000     0.00000     0.00000     0.00000     0.00000     0.03846
     2.30510     0.00263     0.00681     0.00767     0.00253     0.00457     0.00469     0.00349     0.00362     0.00144     0.00000     0.00000     0.00000     0.00000     0.00000     0.00000     0.00000     0.03746
     2.37110     0.00276     0.00651     0.00708     0.00297     0.00430     0.00449     0.00399     0.00408     0.00159     0.00000     0.00000     0.00000     0.00000     0.00000     0.00000     0.00000     0.03778
     2.43610     0.00324     0.00640     0.00907     0.00379     0.00450     0.00432     0.00501     0.00466     0.00208     0.00000     0.00000     0.00000     0.00000     0.00000     0.00000     0.00000     0.04305
     2.50210     0.00319     0.00572     0.00811     0.00361     0.00380     0.00381     0.00432     0.00466     0.00177     0.00000     0.00000     0.00000     0.00000     0.00000     0.00000     0.00000     0.03899
     2.56810     0.00363     0.00628     0.00673     0.00379     0.00312     0.00351     0.00372     0.00404     0.00207     0.00000     0.00000     0.00000     0.00000     0.00000     0.00000     0.00000     0.03689
     2.63310     0.00498     0.00748     0.00385     0.00406     0.00273     0.00338     0.00374     0.00377     0.00275     0.00000     0.00000     0.00000     0.00000     0.00000     0.00000     0.00000     0.03673
     2.69910     0.00571     0.00937     0.00426     0.00465     0.00296     0.00355     0.00375     0.00392     0.00310     0.00000     0.00000     0.00000     0.00000     0.00000     0.00000     0.00000     0.04125
     2.76510     0.00532     0.01248     0.00506     0.00505     0.00342     0.00391     0.00377     0.00446     0.00364     0.00000     0.00000     0.00000     0.00000     0.00000     0.00000     0.00000     0.04712
     2.83010     0.00296     0.00840     0.00582     0.00498     0.00290     0.00417     0.00199     0.00390     0.00174     0.00000     0.00000     0.00000     0.00000     0.00000     0.00000     0.00000     0.03686
     2.89610     0.00219     0.00306     0.00494     0.00260     0.00147     0.00157     0.00113     0.00134     0.00088     0.00000     0.00000     0.00000     0.00000     0.00000     0.00000     0.00000     0.01918
     2.96210     0.00197     0.00206     0.00393     0.00203     0.00091     0.00087     0.00088     0.00070     0.00066     0.00000     0.00000     0.00000     0.00000     0.00000     0.00000     0.00000     0.01402
     3.02710     0.00228     0.00257     0.00445     0.00248     0.00094     0.00095     0.00093     0.00083     0.00071     0.00000     0.00000     0.00000     0.00000     0.00000     0.00000     0.00000     0.01613
     3.09310     0.00218     0.00256     0.00450     0.00240     0.00096     0.00097     0.00099     0.00087     0.00077     0.00000     0.00000     0.00000     0.00000     0.00000     0.00000     0.00000     0.01620
     3.15910     0.00220     0.00269     0.00454     0.00257     0.00108     0.00099     0.00113     0.00091     0.00086     0.00000     0.00000     0.00000     0.00000     0.00000     0.00000     0.00000     0.01698
     3.22410     0.00228     0.00296     0.00468     0.00276     0.00120     0.00107     0.00128     0.00100     0.00106     0.00000     0.00000     0.00000     0.00000     0.00000     0.00000     0.00000     0.01829
     3.29010     0.00255     0.00374     0.00513     0.00306     0.00145     0.00133     0.00166     0.00125     0.00174     0.00000     0.00000     0.00000     0.00000     0.00000     0.00000     0.00000     0.02192
     3.35510     0.00326     0.00532     0.00578     0.00400     0.00202     0.00177     0.00235     0.00158     0.00308     0.00000     0.00000     0.00000     0.00000     0.00000     0.00000     0.00000     0.02915
     3.42110     0.00357     0.00619     0.00585     0.00474     0.00253     0.00198     0.00256     0.00175     0.00382     0.00000     0.00000     0.00000     0.00000     0.00000     0.00000     0.00000     0.03298
     3.48710     0.00396     0.00730     0.00625     0.00558     0.00377     0.00237     0.00311     0.00197     0.00426     0.00000     0.00000     0.00000     0.00000     0.00000     0.00000     0.00000     0.03857
     3.55210     0.00621     0.00930     0.00871     0.00598     0.00687     0.00316     0.00399     0.00250     0.00421     0.00000     0.00000     0.00000     0.00000     0.00000     0.00000     0.00000     0.05092
     3.61810     0.00667     0.00925     0.01001     0.00555     0.00871     0.00345     0.00377     0.00288     0.00373     0.00000     0.00000     0.00000     0.00000     0.00000     0.00000     0.00000     0.05403
     3.68410     0.00685     0.00782     0.00875     0.00491     0.00594     0.00286     0.00301     0.00243     0.00297     0.00000     0.00000     0.00000     0.00000     0.00000     0.00000     0.00000     0.04554
     3.74910     0.00636     0.00723     0.00868     0.00440     0.00553     0.00276     0.00260     0.00235     0.00273     0.00000     0.00000     0.00000     0.00000     0.00000     0.00000     0.00000     0.04265
     3.81510     0.00635     0.00804     0.00866     0.00427     0.00542     0.00278     0.00265     0.00237     0.00257     0.00000     0.00000     0.00000     0.00000     0.00000     0.00000     0.00000     0.04310
     3.88110     0.00576     0.00861     0.00860     0.00466     0.00560     0.00290     0.00302     0.00258     0.00259     0.00000     0.00000     0.00000     0.00000     0.00000     0.00000     0.00000     0.04432
     3.94610     0.00564     0.00970     0.00908     0.00521     0.00565     0.00310     0.00352     0.00287     0.00295     0.00000     0.00000     0.00000     0.00000     0.00000     0.00000     0.00000     0.04774
     4.01210     0.00661     0.01032     0.00897     0.00584     0.00481     0.00292     0.00357     0.00263     0.00279     0.00000     0.00000     0.00000     0.00000     0.00000     0.00000     0.00000     0.04846
     4.07810     0.00813     0.01076     0.00950     0.00781     0.00456     0.00416     0.00362     0.00265     0.00359     0.00000     0.00000     0.00000     0.00000     0.00000     0.00000     0.00000     0.05478
     4.14310     0.00776     0.00866     0.00811     0.00717     0.00399     0.00421     0.00286     0.00229     0.00302     0.00000     0.00000     0.00000     0.00000     0.00000     0.00000     0.00000     0.04808
     4.20910     0.00856     0.01060     0.00852     0.00749     0.00487     0.00482     0.00310     0.00264     0.00543     0.00000     0.00000     0.00000     0.00000     0.00000     0.00000     0.00000     0.05604
     4.27510     0.00855     0.01062     0.00954     0.00832     0.00800     0.00671     0.00439     0.00313     0.00530     0.00000     0.00000     0.00000     0.00000     0.00000     0.00000     0.00000     0.06455
     4.34010     0.00853     0.01030     0.00932     0.00938     0.00693     0.00623     0.00432     0.00276     0.00557     0.00000     0.00000     0.00000     0.00000     0.00000     0.00000     0.00000     0.06334
     4.40610     0.01053     0.01263     0.01247     0.01237     0.00944     0.00806     0.00502     0.00327     0.00669     0.00000     0.00000     0.00000     0.00000     0.00000     0.00000     0.00000     0.08047
     4.47210     0.01314     0.01298     0.01322     0.01089     0.00765     0.00751     0.00443     0.00338     0.00676     0.00000     0.00000     0.00000     0.00000     0.00000     0.00000     0.00000     0.07996
     4.53710     0.01050     0.01396     0.01442     0.01110     0.00875     0.00812     0.00524     0.00445     0.00717     0.00000     0.00000     0.00000     0.00000     0.00000     0.00000     0.00000     0.08370
     4.60310     0.00746     0.01379     0.01338     0.01040     0.00634     0.00724     0.00431     0.00427     0.00748     0.00000     0.00000     0.00000     0.00000     0.00000     0.00000     0.00000     0.07468
     4.66910     0.00595     0.01482     0.01352     0.01092     0.00556     0.00706     0.00410     0.00442     0.00802     0.00000     0.00000     0.00000     0.00000     0.00000     0.00000     0.00000     0.07436
     4.73410     0.00837     0.01688     0.01543     0.01295     0.00492     0.00679     0.00419     0.00486     0.00855     0.00000     0.00000     0.00000     0.00000     0.00000     0.00000     0.00000     0.08294
     4.80010     0.01023     0.01662     0.01328     0.01158     0.00421     0.00612     0.00376     0.00448     0.00924     0.00000     0.00000     0.00000     0.00000     0.00000     0.00000     0.00000     0.07952
     4.86610     0.01051     0.01611     0.01155     0.00999     0.00323     0.00559     0.00319     0.00439     0.00996     0.00000     0.00000     0.00000     0.00000     0.00000     0.00000     0.00000     0.07453
     4.93110     0.00976     0.01711     0.01085     0.00925     0.00233     0.00536     0.00271     0.00448     0.01098     0.00000     0.00000     0.00000     0.00000     0.00000     0.00000     0.00000     0.07283
     4.99710     0.01024     0.01999     0.01083     0.00986     0.00176     0.00525     0.00237     0.00461     0.01338     0.00000     0.00000     0.00000     0.00000     0.00000     0.00000     0.00000     0.07828
     5.06310     0.01515     0.03061     0.01336     0.01540     0.00182     0.00627     0.00285     0.00554     0.01752     0.00000     0.00000     0.00000     0.00000     0.00000     0.00000     0.00000     0.10852
     5.12810     0.01430     0.02921     0.01405     0.01224     0.00183     0.00574     0.00311     0.00515     0.01463     0.00000     0.00000     0.00000     0.00000     0.00000     0.00000     0.00000     0.10027
     5.19410     0.01252     0.02931     0.01400     0.01123     0.00195     0.00542     0.00317     0.00513     0.01285     0.00000     0.00000     0.00000     0.00000     0.00000     0.00000     0.00000     0.09558
     5.25910     0.01179     0.02762     0.01433     0.01018     0.00222     0.00513     0.00346     0.00522     0.01201     0.00000     0.00000     0.00000     0.00000     0.00000     0.00000     0.00000     0.09196
     5.32510     0.00901     0.02395     0.01349     0.00829     0.00208     0.00475     0.00292     0.00489     0.01104     0.00000     0.00000     0.00000     0.00000     0.00000     0.00000     0.00000     0.08041
     5.39110     0.00743     0.02130     0.01314     0.00749     0.00201     0.00421     0.00243     0.00455     0.01017     0.00000     0.00000     0.00000     0.00000     0.00000     0.00000     0.00000     0.07273
     5.45610     0.00731     0.01998     0.01385     0.00740     0.00225     0.00379     0.00233     0.00441     0.00969     0.00000     0.00000     0.00000     0.00000     0.00000     0.00000     0.00000     0.07100
     5.52210     0.01031     0.01690     0.01365     0.00833     0.00227     0.00311     0.00247     0.00326     0.00980     0.00000     0.00000     0.00000     0.00000     0.00000     0.00000     0.00000     0.07009
     5.58810     0.00806     0.00962     0.01206     0.00548     0.00204     0.00263     0.00180     0.00262     0.00830     0.00000     0.00000     0.00000     0.00000     0.00000     0.00000     0.00000     0.05263
     5.65310     0.00764     0.00841     0.01230     0.00509     0.00223     0.00229     0.00183     0.00243     0.00942     0.00000     0.00000     0.00000     0.00000     0.00000     0.00000     0.00000     0.05164
     5.71910     0.00685     0.00801     0.01115     0.00504     0.00249     0.00186     0.00192     0.00218     0.01155     0.00000     0.00000     0.00000     0.00000     0.00000     0.00000     0.00000     0.05105
     5.78510     0.00678     0.00895     0.01148     0.00593     0.00327     0.00173     0.00210     0.00228     0.01010     0.00000     0.00000     0.00000     0.00000     0.00000     0.00000     0.00000     0.05261
     5.85010     0.00688     0.00827     0.01186     0.00600     0.00317     0.00149     0.00209     0.00205     0.00803     0.00000     0.00000     0.00000     0.00000     0.00000     0.00000     0.00000     0.04984
     5.91610     0.00724     0.00831     0.01211     0.00658     0.00302     0.00140     0.00222     0.00198     0.00600     0.00000     0.00000     0.00000     0.00000     0.00000     0.00000     0.00000     0.04887
     5.98210     0.00875     0.01295     0.01389     0.01273     0.00490     0.00173     0.00310     0.00226     0.00432     0.00000     0.00000     0.00000     0.00000     0.00000     0.00000     0.00000     0.06464
     6.04710     0.01081     0.01800     0.01579     0.02058     0.00775     0.00227     0.00485     0.00279     0.00281     0.00000     0.00000     0.00000     0.00000     0.00000     0.00000     0.00000     0.08566
     6.11310     0.01307     0.02277     0.01863     0.02760     0.01281     0.00269     0.00641     0.00324     0.00243     0.00000     0.00000     0.00000     0.00000     0.00000     0.00000     0.00000     0.10966
     6.17910     0.01752     0.03273     0.02717     0.03958     0.02746     0.00391     0.00952     0.00455     0.00233     0.00000     0.00000     0.00000     0.00000     0.00000     0.00000     0.00000     0.16478
     6.24410     0.01518     0.02685     0.02637     0.03445     0.02661     0.00415     0.00941     0.00467     0.00239     0.00000     0.00000     0.00000     0.00000     0.00000     0.00000     0.00000     0.15008
     6.31010     0.01261     0.02301     0.02424     0.03095     0.02084     0.00431     0.00777     0.00446     0.00262     0.00000     0.00000     0.00000     0.00000     0.00000     0.00000     0.00000     0.13081
     6.37610     0.01353     0.02548     0.02683     0.03408     0.02124     0.00488     0.00837     0.00470     0.00270     0.00000     0.00000     0.00000     0.00000     0.00000     0.00000     0.00000     0.14181
     6.44110     0.01070     0.02058     0.02232     0.03031     0.01947     0.00445     0.00822     0.00391     0.00292     0.00000     0.00000     0.00000     0.00000     0.00000     0.00000     0.00000     0.12288
     6.50710     0.01018     0.01590     0.02132     0.02783     0.02107     0.00491     0.00998     0.00324     0.00314     0.00000     0.00000     0.00000     0.00000     0.00000     0.00000     0.00000     0.11757
     6.57310     0.01026     0.01545     0.02112     0.02914     0.02207     0.00507     0.01134     0.00322     0.00375     0.00000     0.00000     0.00000     0.00000     0.00000     0.00000     0.00000     0.12142
     6.63810     0.01149     0.01356     0.02186     0.02398     0.02180     0.00543     0.00997     0.00363     0.00374     0.00000     0.00000     0.00000     0.00000     0.00000     0.00000     0.00000     0.11546
     6.70410     0.01078     0.01437     0.02385     0.02382     0.02058     0.00566     0.00966     0.00351     0.00436     0.00000     0.00000     0.00000     0.00000     0.00000     0.00000     0.00000     0.11660
     6.77010     0.01006     0.01607     0.02649     0.02197     0.01814     0.00557     0.00946     0.00355     0.00501     0.00000     0.00000     0.00000     0.00000     0.00000     0.00000     0.00000     0.11632
     6.83510     0.00992     0.01831     0.03184     0.02323     0.01680     0.00535     0.01057     0.00345     0.00489     0.00000     0.00000     0.00000     0.00000     0.00000     0.00000     0.00000     0.12436
     6.90110     0.01008     0.02116     0.03716     0.02429     0.01520     0.00585     0.01090     0.00361     0.00478     0.00000     0.00000     0.00000     0.00000     0.00000     0.00000     0.00000     0.13303
     6.96610     0.01029     0.02314     0.04489     0.02564     0.01474     0.00651     0.01177     0.00376     0.00489     0.00000     0.00000     0.00000     0.00000     0.00000     0.00000     0.00000     0.14563
     7.03210     0.01162     0.02964     0.06421     0.03275     0.01595     0.00903     0.01399     0.00540     0.00546     0.00000     0.00000     0.00000     0.00000     0.00000     0.00000     0.00000     0.18804
     7.09810     0.01073     0.02613     0.05497     0.02910     0.01237     0.00793     0.01477     0.00350     0.00464     0.00000     0.00000     0.00000     0.00000     0.00000     0.00000     0.00000     0.16414
     7.16310     0.01194     0.02802     0.05628     0.03438     0.01506     0.00817     0.02009     0.00348     0.00500     0.00000     0.00000     0.00000     0.00000     0.00000     0.00000     0.00000     0.18242
     7.22910     0.01240     0.02606     0.04657     0.03449     0.01560     0.00720     0.02397     0.00314     0.00533     0.00000     0.00000     0.00000     0.00000     0.00000     0.00000     0.00000     0.17477
     7.29510     0.00993     0.01807     0.03331     0.02448     0.02003     0.00627     0.01791     0.00256     0.00616     0.00000     0.00000     0.00000     0.00000     0.00000     0.00000     0.00000     0.13872
     7.36010     0.00872     0.01403     0.02659     0.01932     0.01534     0.00573     0.01354     0.00236     0.00496     0.00000     0.00000     0.00000     0.00000     0.00000     0.00000     0.00000     0.11059
     7.42610     0.00809     0.01161     0.02225     0.01624     0.01200     0.00568     0.01144     0.00235     0.00440     0.00000     0.00000     0.00000     0.00000     0.00000     0.00000     0.00000     0.09407
     7.49210     0.00855     0.00984     0.02072     0.01284     0.01221     0.00573     0.00974     0.00257     0.00417     0.00000     0.00000     0.00000     0.00000     0.00000     0.00000     0.00000     0.08636
     7.55710     0.00968     0.00950     0.02218     0.01211     0.01502     0.00650     0.01038     0.00297     0.00525     0.00000     0.00000     0.00000     0.00000     0.00000     0.00000     0.00000     0.09360
     7.62310     0.01019     0.00934     0.02381     0.01095     0.01278     0.00569     0.00982     0.00280     0.00595     0.00000     0.00000     0.00000     0.00000     0.00000     0.00000     0.00000     0.09133
     7.68910     0.01352     0.01215     0.03460     0.01356     0.01169     0.00612     0.01210     0.00465     0.00676     0.00000     0.00000     0.00000     0.00000     0.00000     0.00000     0.00000     0.11516
     7.75410     0.01440     0.01272     0.04967     0.01418     0.01121     0.00711     0.01181     0.00528     0.00566     0.00000     0.00000     0.00000     0.00000     0.00000     0.00000     0.00000     0.13205
     7.82010     0.01435     0.01358     0.09763     0.01459     0.01300     0.00951     0.01218     0.00619     0.00517     0.00000     0.00000     0.00000     0.00000     0.00000     0.00000     0.00000     0.18620
     7.88610     0.01376     0.01184     0.04406     0.01201     0.01073     0.00873     0.01007     0.00558     0.00514     0.00000     0.00000     0.00000     0.00000     0.00000     0.00000     0.00000     0.12192
     7.95110     0.01027     0.01275     0.03949     0.01130     0.01159     0.01025     0.01202     0.00483     0.00618     0.00000     0.00000     0.00000     0.00000     0.00000     0.00000     0.00000     0.11868
     8.01710     0.00880     0.01327     0.05104     0.01056     0.01003     0.01101     0.01242     0.00452     0.00676     0.00000     0.00000     0.00000     0.00000     0.00000     0.00000     0.00000     0.12841
     8.08310     0.00803     0.01393     0.04037     0.01023     0.00898     0.01158     0.01174     0.00459     0.00525     0.00000     0.00000     0.00000     0.00000     0.00000     0.00000     0.00000     0.11469
     8.14810     0.00777     0.01732     0.04182     0.01110     0.00864     0.01329     0.01441     0.00562     0.00513     0.00000     0.00000     0.00000     0.00000     0.00000     0.00000     0.00000     0.12510
     8.21410     0.00643     0.01230     0.03903     0.00964     0.00717     0.01112     0.01315     0.00528     0.00444     0.00000     0.00000     0.00000     0.00000     0.00000     0.00000     0.00000     0.10856
     8.28010     0.00643     0.01453     0.04674     0.01134     0.00794     0.01149     0.01755     0.00555     0.00553     0.00000     0.00000     0.00000     0.00000     0.00000     0.00000     0.00000     0.12711
     8.34510     0.01007     0.01551     0.06056     0.01497     0.01083     0.01348     0.01942     0.00649     0.00545     0.00000     0.00000     0.00000     0.00000     0.00000     0.00000     0.00000     0.15678
     8.41110     0.01158     0.01450     0.05110     0.01783     0.01250     0.01228     0.01948     0.00581     0.00463     0.00000     0.00000     0.00000     0.00000     0.00000     0.00000     0.00000     0.14971
     8.47710     0.00778     0.01283     0.04374     0.01792     0.01261     0.00903     0.01790     0.00483     0.00366     0.00000     0.00000     0.00000     0.00000     0.00000     0.00000     0.00000     0.13030
     8.54210     0.00617     0.01179     0.04470     0.01809     0.01370     0.00845     0.01850     0.00486     0.00325     0.00000     0.00000     0.00000     0.00000     0.00000     0.00000     0.00000     0.12951
     8.60810     0.00654     0.01049     0.06572     0.02099     0.01484     0.01324     0.01554     0.00574     0.00352     0.00000     0.00000     0.00000     0.00000     0.00000     0.00000     0.00000     0.15663
     8.67410     0.01309     0.01493     0.08195     0.03104     0.01983     0.01847     0.01621     0.00883     0.00413     0.00000     0.00000     0.00000     0.00000     0.00000     0.00000     0.00000     0.20848
     8.73910     0.02105     0.01718     0.07504     0.03247     0.01966     0.01646     0.01246     0.01063     0.00449     0.00000     0.00000     0.00000     0.00000     0.00000     0.00000     0.00000     0.20944
     8.80510     0.02900     0.02021     0.07459     0.03252     0.01849     0.01480     0.01103     0.01116     0.00436     0.00000     0.00000     0.00000     0.00000     0.00000     0.00000     0.00000     0.21616
     8.87010     0.01866     0.02084     0.05796     0.02599     0.01631     0.01122     0.01006     0.00837     0.00394     0.00000     0.00000     0.00000     0.00000     0.00000     0.00000     0.00000     0.17336
     8.93610     0.00868     0.01675     0.03935     0.02166     0.01394     0.00900     0.00790     0.00602     0.00336     0.00000     0.00000     0.00000     0.00000     0.00000     0.00000     0.00000     0.12665
     9.00210     0.01029     0.01715     0.03436     0.02431     0.01629     0.00944     0.00697     0.00667     0.00331     0.00000     0.00000     0.00000     0.00000     0.00000     0.00000     0.00000     0.12878
     9.06710     0.00872     0.01441     0.03198     0.02268     0.01529     0.00870     0.00677     0.00582     0.00327     0.00000     0.00000     0.00000     0.00000     0.00000     0.00000     0.00000     0.11765
     9.13310     0.00944     0.01723     0.03770     0.02476     0.02003     0.00986     0.00732     0.00677     0.00329     0.00000     0.00000     0.00000     0.00000     0.00000     0.00000     0.00000     0.13640
     9.19910     0.01051     0.01786     0.04544     0.02666     0.02316     0.01184     0.00861     0.00754     0.00358     0.00000     0.00000     0.00000     0.00000     0.00000     0.00000     0.00000     0.15519
     9.26410     0.01091     0.01755     0.05863     0.02842     0.02511     0.01628     0.01043     0.00914     0.00416     0.00000     0.00000     0.00000     0.00000     0.00000     0.00000     0.00000     0.18063
     9.33010     0.00988     0.01629     0.05790     0.02370     0.02710     0.01423     0.01182     0.00906     0.00394     0.00000     0.00000     0.00000     0.00000     0.00000     0.00000     0.00000     0.17393
     9.39610     0.00777     0.01350     0.04961     0.02065     0.02616     0.01150     0.01309     0.00795     0.00407     0.00000     0.00000     0.00000     0.00000     0.00000     0.00000     0.00000     0.15430
     9.46110     0.00745     0.01228     0.04675     0.02384     0.02625     0.01102     0.01576     0.00766     0.00479     0.00000     0.00000     0.00000     0.00000     0.00000     0.00000     0.00000     0.15580
     9.52710     0.00997     0.01356     0.04268     0.02882     0.02929     0.01274     0.02097     0.00942     0.00589     0.00000     0.00000     0.00000     0.00000     0.00000     0.00000     0.00000     0.17334
     9.59310     0.01299     0.01490     0.04731     0.03399     0.03353     0.01242     0.02511     0.00960     0.00758     0.00000     0.00000     0.00000     0.00000     0.00000     0.00000     0.00000     0.19742
     9.65810     0.00964     0.01611     0.04590     0.02972     0.03241     0.00999     0.02271     0.00755     0.00958     0.00000     0.00000     0.00000     0.00000     0.00000     0.00000     0.00000     0.18362
     9.72410     0.00848     0.01600     0.03241     0.02505     0.02832     0.00760     0.01213     0.00611     0.01050     0.00000     0.00000     0.00000     0.00000     0.00000     0.00000     0.00000     0.14660
     9.79010     0.00802     0.01914     0.02282     0.02642     0.02207     0.00651     0.00882     0.00488     0.01586     0.00000     0.00000     0.00000     0.00000     0.00000     0.00000     0.00000     0.13454
     9.85510     0.00917     0.01994     0.02376     0.02659     0.01821     0.00646     0.00898     0.00443     0.01294     0.00000     0.00000     0.00000     0.00000     0.00000     0.00000     0.00000     0.13048
     9.92110     0.01563     0.02205     0.03303     0.03194     0.01993     0.00754     0.01512     0.00498     0.01260     0.00000     0.00000     0.00000     0.00000     0.00000     0.00000     0.00000     0.16282
     9.98710     0.00911     0.01833     0.03102     0.02758     0.01582     0.00560     0.01309     0.00353     0.01118     0.00000     0.00000     0.00000     0.00000     0.00000     0.00000     0.00000     0.13526
    10.05210     0.00760     0.01942     0.03400     0.02614     0.01474     0.00598     0.01334     0.00392     0.01078     0.00000     0.00000     0.00000     0.00000     0.00000     0.00000     0.00000     0.13592
    10.11810     0.00759     0.02523     0.04302     0.02845     0.01789     0.00765     0.01451     0.00480     0.01114     0.00000     0.00000     0.00000     0.00000     0.00000     0.00000     0.00000     0.16027
    10.18410     0.00864     0.02905     0.05534     0.03149     0.02177     0.00915     0.01492     0.00553     0.01131     0.00000     0.00000     0.00000     0.00000     0.00000     0.00000     0.00000     0.18720
    10.24910     0.01063     0.02277     0.05656     0.02879     0.02707     0.00995     0.01589     0.00553     0.00930     0.00000     0.00000     0.00000     0.00000     0.00000     0.00000     0.00000     0.18650
    10.31510     0.01543     0.02122     0.06322     0.02883     0.04050     0.01282     0.01704     0.00646     0.00782     0.00000     0.00000     0.00000     0.00000     0.00000     0.00000     0.00000     0.21334
    10.38110     0.01399     0.01899     0.04588     0.02508     0.02912     0.01104     0.01840     0.00484     0.00718     0.00000     0.00000     0.00000     0.00000     0.00000     0.00000     0.00000     0.17452
    10.44610     0.01042     0.01802     0.02978     0.01933     0.01853     0.00587     0.02017     0.00287     0.00647     0.00000     0.00000     0.00000     0.00000     0.00000     0.00000     0.00000     0.13146
    10.51210     0.00940     0.01622     0.02757     0.01417     0.01492     0.00389     0.01836     0.00217     0.00637     0.00000     0.00000     0.00000     0.00000     0.00000     0.00000     0.00000     0.11306
    10.57710     0.01039     0.01470     0.02810     0.01237     0.01444     0.00387     0.01826     0.00164     0.00652     0.00000     0.00000     0.00000     0.00000     0.00000     0.00000     0.00000     0.11029
    10.64310     0.01001     0.01270     0.02889     0.01089     0.01271     0.00415     0.01657     0.00128     0.00632     0.00000     0.00000     0.00000     0.00000     0.00000     0.00000     0.00000     0.10351
    10.70910     0.00937     0.01262     0.03284     0.01068     0.01153     0.00555     0.01731     0.00122     0.00705     0.00000     0.00000     0.00000     0.00000     0.00000     0.00000     0.00000     0.10819
    10.77410     0.00955     0.01063     0.02750     0.00978     0.00845     0.00538     0.01272     0.00115     0.00576     0.00000     0.00000     0.00000     0.00000     0.00000     0.00000     0.00000     0.09093
    10.84010     0.00639     0.00807     0.01608     0.00926     0.00568     0.00347     0.00799     0.00096     0.00324     0.00000     0.00000     0.00000     0.00000     0.00000     0.00000     0.00000     0.06114
    10.90610     0.00392     0.00868     0.01177     0.00838     0.00358     0.00233     0.00704     0.00100     0.00262     0.00000     0.00000     0.00000     0.00000     0.00000     0.00000     0.00000     0.04932
    10.97110     0.00121     0.00535     0.00806     0.00434     0.00117     0.00046     0.00499     0.00049     0.00109     0.00000     0.00000     0.00000     0.00000     0.00000     0.00000     0.00000     0.02716
    11.03710     0.00077     0.00320     0.00509     0.00243     0.00063     0.00014     0.00308     0.00025     0.00039     0.00000     0.00000     0.00000     0.00000     0.00000     0.00000     0.00000     0.01597
    11.10310     0.00067     0.00322     0.00377     0.00237     0.00042     0.00010     0.00251     0.00022     0.00018     0.00000     0.00000     0.00000     0.00000     0.00000     0.00000     0.00000     0.01346
    11.16810     0.00050     0.00301     0.00335     0.00243     0.00032     0.00012     0.00234     0.00020     0.00014     0.00000     0.00000     0.00000     0.00000     0.00000     0.00000     0.00000     0.01241
    11.23410     0.00033     0.00263     0.00283     0.00144     0.00018     0.00009     0.00178     0.00015     0.00010     0.00000     0.00000     0.00000     0.00000     0.00000     0.00000     0.00000     0.00952
    11.30010     0.00019     0.00266     0.00152     0.00122     0.00009     0.00007     0.00092     0.00012     0.00007     0.00000     0.00000     0.00000     0.00000     0.00000     0.00000     0.00000     0.00684
    11.36510     0.00007     0.00128     0.00057     0.00059     0.00004     0.00003     0.00033     0.00005     0.00003     0.00000     0.00000     0.00000     0.00000     0.00000     0.00000     0.00000     0.00300
    11.43110     0.00001     0.00022     0.00007     0.00010     0.00001     0.00001     0.00005     0.00001     0.00000     0.00000     0.00000     0.00000     0.00000     0.00000     0.00000     0.00000     0.00047
    11.49710     0.00000     0.00000     0.00000     0.00000     0.00000     0.00000     0.00000     0.00000     0.00000     0.00000     0.00000     0.00000     0.00000     0.00000     0.00000     0.00000     0.00000
    11.56210     0.00000     0.00000     0.00000     0.00000     0.00000     0.00000     0.00000     0.00000     0.00000     0.00000     0.00000     0.00000     0.00000     0.00000     0.00000     0.00000     0.00000
    11.62810     0.00000     0.00000     0.00000     0.00000     0.00000     0.00000     0.00000     0.00000     0.00000     0.00000     0.00000     0.00000     0.00000     0.00000     0.00000     0.00000     0.00000
    11.69410     0.00000     0.00000     0.00000     0.00000     0.00000     0.00000     0.00000     0.00000     0.00000     0.00000     0.00000     0.00000     0.00000     0.00000     0.00000     0.00000     0.00000
    11.75910     0.00000     0.00000     0.00000     0.00000     0.00000     0.00000     0.00000     0.00000     0.00000     0.00000     0.00000     0.00000     0.00000     0.00000     0.00000     0.00000     0.00000
    11.82510     0.00000     0.00000     0.00000     0.00000     0.00000     0.00000     0.00000     0.00000     0.00000     0.00000     0.00000     0.00000     0.00000     0.00000     0.00000     0.00000     0.00000
    11.89110     0.00000     0.00000     0.00000     0.00000     0.00000     0.00000     0.00000     0.00000     0.00000     0.00000     0.00000     0.00000     0.00000     0.00000     0.00000     0.00000     0.00000
    11.95610     0.00000     0.00000     0.00000     0.00000     0.00000     0.00000     0.00000     0.00000     0.00000     0.00000     0.00000     0.00000     0.00000     0.00000     0.00000     0.00000     0.00000
    12.02210     0.00000     0.00000     0.00000     0.00000     0.00000     0.00000     0.00000     0.00000     0.00000     0.00000     0.00000     0.00000     0.00000     0.00000     0.00000     0.00000     0.00000
    12.08810     0.00000     0.00000     0.00000     0.00000     0.00000     0.00000     0.00000     0.00000     0.00000     0.00000     0.00000     0.00000     0.00000     0.00000     0.00000     0.00000     0.00000
    12.15310     0.00000     0.00000     0.00000     0.00000     0.00000     0.00000     0.00000     0.00000     0.00000     0.00000     0.00000     0.00000     0.00000     0.00000     0.00000     0.00000     0.00000
    12.21910     0.00000     0.00000     0.00000     0.00000     0.00000     0.00000     0.00000     0.00000     0.00000     0.00000     0.00000     0.00000     0.00000     0.00000     0.00000     0.00000     0.00000
    12.28510     0.00000     0.00000     0.00000     0.00000     0.00000     0.00000     0.00000     0.00000     0.00000     0.00000     0.00000     0.00000     0.00000     0.00000     0.00000     0.00000     0.00000
    12.35010     0.00000     0.00000     0.00000     0.00000     0.00000     0.00000     0.00000     0.00000     0.00000     0.00000     0.00000     0.00000     0.00000     0.00000     0.00000     0.00000     0.00000
    12.41610     0.00000     0.00000     0.00000     0.00000     0.00000     0.00000     0.00000     0.00000     0.00000     0.00000     0.00000     0.00000     0.00000     0.00000     0.00000     0.00000     0.00000
    12.48110     0.00000     0.00000     0.00000     0.00000     0.00000     0.00000     0.00000     0.00000     0.00000     0.00000     0.00000     0.00000     0.00000     0.00000     0.00000     0.00000     0.00000
    12.54710     0.00000     0.00000     0.00000     0.00000     0.00000     0.00000     0.00000     0.00000     0.00000     0.00000     0.00000     0.00000     0.00000     0.00000     0.00000     0.00000     0.00000
    12.61310     0.00000     0.00000     0.00000     0.00000     0.00000     0.00000     0.00000     0.00000     0.00000     0.00000     0.00000     0.00000     0.00000     0.00000     0.00000     0.00000     0.00000
    12.67810     0.00000     0.00000     0.00000     0.00000     0.00000     0.00000     0.00000     0.00000     0.00000     0.00000     0.00000     0.00000     0.00000     0.00000     0.00000     0.00000     0.00000
    12.74410     0.00000     0.00000     0.00000     0.00000     0.00000     0.00000     0.00000     0.00000     0.00000     0.00000     0.00000     0.00000     0.00000     0.00000     0.00000     0.00000     0.00000
    12.81010     0.00000     0.00000     0.00000     0.00000     0.00000     0.00000     0.00000     0.00000     0.00000     0.00000     0.00000     0.00000     0.00000     0.00000     0.00000     0.00000     0.00000
    12.87510     0.00000     0.00000     0.00000     0.00000     0.00000     0.00000     0.00000     0.00000     0.00000     0.00000     0.00000     0.00000     0.00000     0.00000     0.00000     0.00000     0.00000
    12.94110     0.00000     0.00000     0.00000     0.00000     0.00000     0.00000     0.00000     0.00000     0.00000     0.00000     0.00000     0.00000     0.00000     0.00000     0.00000     0.00000     0.00000
    13.00710     0.00000     0.00000     0.00000     0.00000     0.00000     0.00000     0.00000     0.00000     0.00000     0.00000     0.00000     0.00000     0.00000     0.00000     0.00000     0.00000     0.00000
    13.07210     0.00000     0.00000     0.00000     0.00000     0.00000     0.00000     0.00000     0.00000     0.00000     0.00000     0.00000     0.00000     0.00000     0.00000     0.00000     0.00000     0.00000
    13.13810     0.00000     0.00000     0.00000     0.00000     0.00000     0.00000     0.00000     0.00000     0.00000     0.00000     0.00000     0.00000     0.00000     0.00000     0.00000     0.00000     0.00000
    13.20410     0.00000     0.00000     0.00000     0.00000     0.00000     0.00000     0.00000     0.00000     0.00000     0.00000     0.00000     0.00000     0.00000     0.00000     0.00000     0.00000     0.00000
    13.26910     0.00000     0.00000     0.00000     0.00000     0.00000     0.00000     0.00000     0.00000     0.00000     0.00000     0.00000     0.00000     0.00000     0.00000     0.00000     0.00000     0.00000
    13.33510     0.00000     0.00000     0.00000     0.00000     0.00000     0.00000     0.00000     0.00000     0.00000     0.00000     0.00000     0.00000     0.00000     0.00000     0.00000     0.00000     0.00000
    13.40110     0.00000     0.00000     0.00000     0.00000     0.00000     0.00000     0.00000     0.00000     0.00000     0.00000     0.00000     0.00000     0.00000     0.00000     0.00000     0.00000     0.00000
    13.46610     0.00000     0.00000     0.00000     0.00000     0.00000     0.00000     0.00000     0.00000     0.00000     0.00000     0.00000     0.00000     0.00000     0.00000     0.00000     0.00000     0.00000
    13.53210     0.00000     0.00000     0.00000     0.00000     0.00000     0.00000     0.00000     0.00000     0.00000     0.00000     0.00000     0.00000     0.00000     0.00000     0.00000     0.00000     0.00000
    13.59810     0.00000     0.00000     0.00000     0.00000     0.00000     0.00000     0.00000     0.00000     0.00000     0.00000     0.00000     0.00000     0.00000     0.00000     0.00000     0.00000     0.00000
    13.66310     0.00000     0.00000     0.00000     0.00000     0.00000     0.00000     0.00000     0.00000     0.00000     0.00000     0.00000     0.00000     0.00000     0.00000     0.00000     0.00000     0.00000
    13.72910     0.00000     0.00000     0.00000     0.00000     0.00000     0.00000     0.00000     0.00000     0.00000     0.00000     0.00000     0.00000     0.00000     0.00000     0.00000     0.00000     0.00000
    13.79510     0.00000     0.00000     0.00000     0.00000     0.00000     0.00000     0.00000     0.00000     0.00000     0.00000     0.00000     0.00000     0.00000     0.00000     0.00000     0.00000     0.00000
    13.86010     0.00000     0.00000     0.00000     0.00000     0.00000     0.00000     0.00000     0.00000     0.00000     0.00000     0.00000     0.00000     0.00000     0.00000     0.00000     0.00000     0.00000
    13.92610     0.00000     0.00000     0.00000     0.00000     0.00000     0.00000     0.00000     0.00000     0.00000     0.00000     0.00000     0.00000     0.00000     0.00000     0.00000     0.00000     0.00000
    13.99210     0.00000     0.00000     0.00000     0.00000     0.00000     0.00000     0.00000     0.00000     0.00000     0.00000     0.00000     0.00000     0.00000     0.00000     0.00000     0.00000     0.00000
    14.05710     0.00000     0.00000     0.00000     0.00000     0.00000     0.00000     0.00000     0.00000     0.00000     0.00000     0.00000     0.00000     0.00000     0.00000     0.00000     0.00000     0.00000
    14.12310     0.00000     0.00000     0.00000     0.00000     0.00000     0.00000     0.00000     0.00000     0.00000     0.00000     0.00000     0.00000     0.00000     0.00000     0.00000     0.00000     0.00000
    14.18910     0.00000     0.00000     0.00000     0.00000     0.00000     0.00000     0.00000     0.00000     0.00000     0.00000     0.00000     0.00000     0.00000     0.00000     0.00000     0.00000     0.00000
    14.25410     0.00000     0.00000     0.00000     0.00000     0.00000     0.00000     0.00000     0.00000     0.00000     0.00000     0.00000     0.00000     0.00000     0.00000     0.00000     0.00000     0.00000
    14.32010     0.00000     0.00000     0.00000     0.00000     0.00000     0.00000     0.00000     0.00000     0.00000     0.00000     0.00000     0.00000     0.00000     0.00000     0.00000     0.00000     0.00000
    14.38510     0.00000     0.00000     0.00000     0.00000     0.00000     0.00000     0.00000     0.00000     0.00000     0.00000     0.00000     0.00000     0.00000     0.00000     0.00000     0.00000     0.00000
    14.45110     0.00000     0.00000     0.00000     0.00000     0.00000     0.00000     0.00000     0.00000     0.00000     0.00000     0.00000     0.00000     0.00000     0.00000     0.00000     0.00000     0.00000
    14.51710     0.00000     0.00000     0.00000     0.00000     0.00000     0.00000     0.00000     0.00000     0.00000     0.00000     0.00000     0.00000     0.00000     0.00000     0.00000     0.00000     0.00000
    14.58210     0.00000     0.00000     0.00000     0.00000     0.00000     0.00000     0.00000     0.00000     0.00000     0.00000     0.00000     0.00000     0.00000     0.00000     0.00000     0.00000     0.00000
    14.64810     0.00000     0.00000     0.00000     0.00000     0.00000     0.00000     0.00000     0.00000     0.00000     0.00000     0.00000     0.00000     0.00000     0.00000     0.00000     0.00000     0.00000
    14.71410     0.00000     0.00000     0.00000     0.00000     0.00000     0.00000     0.00000     0.00000     0.00000     0.00000     0.00000     0.00000     0.00000     0.00000     0.00000     0.00000     0.00000
    14.77910     0.00000     0.00000     0.00000     0.00000     0.00000     0.00000     0.00000     0.00000     0.00000     0.00000     0.00000     0.00000     0.00000     0.00000     0.00000     0.00000     0.00000
    14.84510     0.00000     0.00000     0.00000     0.00000     0.00000     0.00000     0.00000     0.00000     0.00000     0.00000     0.00000     0.00000     0.00000     0.00000     0.00000     0.00000     0.00000
    14.91110     0.00000     0.00000     0.00000     0.00000     0.00000     0.00000     0.00000     0.00000     0.00000     0.00000     0.00000     0.00000     0.00000     0.00000     0.00000     0.00000     0.00000
    14.97610     0.00000     0.00000     0.00000     0.00000     0.00000     0.00000     0.00000     0.00000     0.00000     0.00000     0.00000     0.00000     0.00000     0.00000     0.00000     0.00000     0.00000
    15.04210     0.00000     0.00000     0.00000     0.00000     0.00000     0.00000     0.00000     0.00000     0.00000     0.00000     0.00000     0.00000     0.00000     0.00000     0.00000     0.00000     0.00000
    15.10810     0.00000     0.00000     0.00000     0.00000     0.00000     0.00000     0.00000     0.00000     0.00000     0.00000     0.00000     0.00000     0.00000     0.00000     0.00000     0.00000     0.00000
    15.17310     0.00000     0.00000     0.00000     0.00000     0.00000     0.00000     0.00000     0.00000     0.00000     0.00000     0.00000     0.00000     0.00000     0.00000     0.00000     0.00000     0.00000
    15.23910     0.00000     0.00000     0.00000     0.00000     0.00000     0.00000     0.00000     0.00000     0.00000     0.00000     0.00000     0.00000     0.00000     0.00000     0.00000     0.00000     0.00000
    15.30510     0.00000     0.00000     0.00000     0.00000     0.00000     0.00000     0.00000     0.00000     0.00000     0.00000     0.00000     0.00000     0.00000     0.00000     0.00000     0.00000     0.00000
    15.37010     0.00000     0.00000     0.00000     0.00000     0.00000     0.00000     0.00000     0.00000     0.00000     0.00000     0.00000     0.00000     0.00000     0.00000     0.00000     0.00000     0.00000
    15.43610     0.00000     0.00000     0.00000     0.00000     0.00000     0.00000     0.00000     0.00000     0.00000     0.00000     0.00000     0.00000     0.00000     0.00000     0.00000     0.00000     0.00000
    15.50210     0.00000     0.00000     0.00000     0.00000     0.00000     0.00000     0.00000     0.00000     0.00000     0.00000     0.00000     0.00000     0.00000     0.00000     0.00000     0.00000     0.00000
    15.56710     0.00000     0.00000     0.00000     0.00000     0.00000     0.00000     0.00000     0.00000     0.00000     0.00000     0.00000     0.00000     0.00000     0.00000     0.00000     0.00000     0.00000
    15.63310     0.00000     0.00000     0.00000     0.00000     0.00000     0.00000     0.00000     0.00000     0.00000     0.00000     0.00000     0.00000     0.00000     0.00000     0.00000     0.00000     0.00000
    15.69910     0.00000     0.00000     0.00000     0.00000     0.00000     0.00000     0.00000     0.00000     0.00000     0.00000     0.00000     0.00000     0.00000     0.00000     0.00000     0.00000     0.00000
    15.76410     0.00000     0.00000     0.00000     0.00000     0.00000     0.00000     0.00000     0.00000     0.00000     0.00000     0.00000     0.00000     0.00000     0.00000     0.00000     0.00000     0.00000
    15.83010     0.00000     0.00000     0.00000     0.00000     0.00000     0.00000     0.00000     0.00000     0.00000     0.00000     0.00000     0.00000     0.00000     0.00000     0.00000     0.00000     0.00000
    15.89610     0.00000     0.00000     0.00000     0.00000     0.00000     0.00000     0.00000     0.00000     0.00000     0.00000     0.00000     0.00000     0.00000     0.00000     0.00000     0.00000     0.00000
    15.96110     0.00000     0.00000     0.00000     0.00000     0.00000     0.00000     0.00000     0.00000     0.00000     0.00000     0.00000     0.00000     0.00000     0.00000     0.00000     0.00000     0.00000
