     #Energy           s          py          pz          px         dxy         dyz         dz2         dxz         dx2       fy3x2        fxyz        fyz2         fz3        fxz2        fzx2         fx3       tot  
   -82.77770     0.00000     0.00000     0.00000     0.00000     0.00000     0.00000     0.00000     0.00000     0.00000     0.00000     0.00000     0.00000     0.00000     0.00000     0.00000     0.00000     0.00000
   -82.71270     0.00000     0.00000     0.00000     0.00000     0.00000     0.00000     0.00000     0.00000     0.00000     0.00000     0.00000     0.00000     0.00000     0.00000     0.00000     0.00000     0.00000
   -82.64670     0.00000     0.00000     0.00000     0.00000     0.00000     0.00000     0.00000     0.00000     0.00000     0.00000     0.00000     0.00000     0.00000     0.00000     0.00000     0.00000     0.00000
   -82.58170     0.00000     0.00000     0.00000     0.00000     0.00000     0.00000     0.00000     0.00000     0.00000     0.00000     0.00000     0.00000     0.00000     0.00000     0.00000     0.00000     0.00000
   -82.51670     0.00000     0.00000     0.00000     0.00000     0.00000     0.00000     0.00000     0.00000     0.00000     0.00000     0.00000     0.00000     0.00000     0.00000     0.00000     0.00000     0.00000
   -82.45170     0.00000     0.00000     0.00000     0.00000     0.00000     0.00000     0.00000     0.00000     0.00000     0.00000     0.00000     0.00000     0.00000     0.00000     0.00000     0.00000     0.00000
   -82.38670     0.00000     0.00000     0.00000     0.00000     0.00000     0.00000     0.00000     0.00000     0.00000     0.00000     0.00000     0.00000     0.00000     0.00000     0.00000     0.00000     0.00000
   -82.32170     0.00000     0.00000     0.00000     0.00000     0.00000     0.00000     0.00000     0.00000     0.00000     0.00000     0.00000     0.00000     0.00000     0.00000     0.00000     0.00000     0.00000
   -82.25670     0.00000     0.00000     0.00000     0.00000     0.00000     0.00000     0.00000     0.00000     0.00000     0.00000     0.00000     0.00000     0.00000     0.00000     0.00000     0.00000     0.00000
   -82.19070     0.00000     0.00000     0.00000     0.00000     0.00000     0.00000     0.00000     0.00000     0.00000     0.00000     0.00000     0.00000     0.00000     0.00000     0.00000     0.00000     0.00000
   -82.12570     0.00000     0.00000     0.00000     0.00000     0.00000     0.00000     0.00000     0.00000     0.00000     0.00000     0.00000     0.00000     0.00000     0.00000     0.00000     0.00000     0.00000
   -82.06070     0.00000     0.00000     0.00000     0.00000     0.00000     0.00000     0.00000     0.00000     0.00000     0.00000     0.00000     0.00000     0.00000     0.00000     0.00000     0.00000     0.00000
   -81.99570     0.00000     0.00000     0.00000     0.00000     0.00000     0.00000     0.00000     0.00000     0.00000     0.00000     0.00000     0.00000     0.00000     0.00000     0.00000     0.00000     0.00000
   -81.93070     0.00000     0.00000     0.00000     0.00000     0.00000     0.00000     0.00000     0.00000     0.00000     0.00000     0.00000     0.00000     0.00000     0.00000     0.00000     0.00000     0.00000
   -81.86570     0.00000     0.00000     0.00000     0.00000     0.00000     0.00000     0.00000     0.00000     0.00000     0.00000     0.00000     0.00000     0.00000     0.00000     0.00000     0.00000     0.00000
   -81.80070     0.00000     0.00000     0.00000     0.00000     0.00000     0.00000     0.00000     0.00000     0.00000     0.00000     0.00000     0.00000     0.00000     0.00000     0.00000     0.00000     0.00000
   -81.73570     0.00000     0.00000     0.00000     0.00000     0.00000     0.00000     0.00000     0.00000     0.00000     0.00000     0.00000     0.00000     0.00000     0.00000     0.00000     0.00000     0.00000
   -81.66970     0.00000     0.00000     0.00000     0.00000     0.00000     0.00000     0.00000     0.00000     0.00000     0.00000     0.00000     0.00000     0.00000     0.00000     0.00000     0.00000     0.00000
   -81.60470     0.00000     0.00000     0.00000     0.00000     0.00000     0.00000     0.00000     0.00000     0.00000     0.00000     0.00000     0.00000     0.00000     0.00000     0.00000     0.00000     0.00000
   -81.53970     0.00000     0.00000     0.00000     0.00000     0.00000     0.00000     0.00000     0.00000     0.00000     0.00000     0.00000     0.00000     0.00000     0.00000     0.00000     0.00000     0.00000
   -81.47470     0.00000     0.00000     0.00000     0.00000     0.00000     0.00000     0.00000     0.00000     0.00000     0.00000     0.00000     0.00000     0.00000     0.00000     0.00000     0.00000     0.00000
   -81.40970     0.00000     0.00000     0.00000     0.00000     0.00000     0.00000     0.00000     0.00000     0.00000     0.00000     0.00000     0.00000     0.00000     0.00000     0.00000     0.00000     0.00000
   -81.34470     0.00000     0.00000     0.00000     0.00000     0.00000     0.00000     0.00000     0.00000     0.00000     0.00000     0.00000     0.00000     0.00000     0.00000     0.00000     0.00000     0.00000
   -81.27970     0.00000     0.00000     0.00000     0.00000     0.00000     0.00000     0.00000     0.00000     0.00000     0.00000     0.00000     0.00000     0.00000     0.00000     0.00000     0.00000     0.00000
   -81.21370     0.00000     0.00000     0.00000     0.00000     0.00000     0.00000     0.00000     0.00000     0.00000     0.00000     0.00000     0.00000     0.00000     0.00000     0.00000     0.00000     0.00000
   -81.14870     0.00000     0.00000     0.00000     0.00000     0.00000     0.00000     0.00000     0.00000     0.00000     0.00000     0.00000     0.00000     0.00000     0.00000     0.00000     0.00000     0.00000
   -81.08370     0.00000     0.00000     0.00000     0.00000     0.00000     0.00000     0.00000     0.00000     0.00000     0.00000     0.00000     0.00000     0.00000     0.00000     0.00000     0.00000     0.00000
   -81.01870     0.00000     0.00000     0.00000     0.00000     0.00000     0.00000     0.00000     0.00000     0.00000     0.00000     0.00000     0.00000     0.00000     0.00000     0.00000     0.00000     0.00000
   -80.95370     0.00000     0.00000     0.00000     0.00000     0.00000     0.00000     0.00000     0.00000     0.00000     0.00000     0.00000     0.00000     0.00000     0.00000     0.00000     0.00000     0.00000
   -80.88870     0.00000     0.00000     0.00000     0.00000     0.00000     0.00000     0.00000     0.00000     0.00000     0.00000     0.00000     0.00000     0.00000     0.00000     0.00000     0.00000     0.00000
   -80.82370     0.00000     0.00000     0.00000     0.00000     0.00000     0.00000     0.00000     0.00000     0.00000     0.00000     0.00000     0.00000     0.00000     0.00000     0.00000     0.00000     0.00000
   -80.75770     0.00000     0.00000     0.00000     0.00000     0.00000     0.00000     0.00000     0.00000     0.00000     0.00000     0.00000     0.00000     0.00000     0.00000     0.00000     0.00000     0.00000
   -80.69270     0.00000     0.00000     0.00000     0.00000     0.00000     0.00000     0.00000     0.00000     0.00000     0.00000     0.00000     0.00000     0.00000     0.00000     0.00000     0.00000     0.00000
   -80.62770     0.00000     0.00000     0.00000     0.00000     0.00000     0.00000     0.00000     0.00000     0.00000     0.00000     0.00000     0.00000     0.00000     0.00000     0.00000     0.00000     0.00000
   -80.56270     0.00000     0.00000     0.00000     0.00000     0.00000     0.00000     0.00000     0.00000     0.00000     0.00000     0.00000     0.00000     0.00000     0.00000     0.00000     0.00000     0.00000
   -80.49770     0.00000     0.00000     0.00000     0.00000     0.00000     0.00000     0.00000     0.00000     0.00000     0.00000     0.00000     0.00000     0.00000     0.00000     0.00000     0.00000     0.00000
   -80.43270     0.00000     0.00000     0.00000     0.00000     0.00000     0.00000     0.00000     0.00000     0.00000     0.00000     0.00000     0.00000     0.00000     0.00000     0.00000     0.00000     0.00000
   -80.36770     0.00000     0.00000     0.00000     0.00000     0.00000     0.00000     0.00000     0.00000     0.00000     0.00000     0.00000     0.00000     0.00000     0.00000     0.00000     0.00000     0.00000
   -80.30170     0.00000     0.00000     0.00000     0.00000     0.00000     0.00000     0.00000     0.00000     0.00000     0.00000     0.00000     0.00000     0.00000     0.00000     0.00000     0.00000     0.00000
   -80.23670     0.00000     0.00000     0.00000     0.00000     0.00000     0.00000     0.00000     0.00000     0.00000     0.00000     0.00000     0.00000     0.00000     0.00000     0.00000     0.00000     0.00000
   -80.17170     0.00000     0.00000     0.00000     0.00000     0.00000     0.00000     0.00000     0.00000     0.00000     0.00000     0.00000     0.00000     0.00000     0.00000     0.00000     0.00000     0.00000
   -80.10670     0.00000     0.00000     0.00000     0.00000     0.00000     0.00000     0.00000     0.00000     0.00000     0.00000     0.00000     0.00000     0.00000     0.00000     0.00000     0.00000     0.00000
   -80.04170     0.00000     0.00000     0.00000     0.00000     0.00000     0.00000     0.00000     0.00000     0.00000     0.00000     0.00000     0.00000     0.00000     0.00000     0.00000     0.00000     0.00000
   -79.97670     0.00000     0.00000     0.00000     0.00000     0.00000     0.00000     0.00000     0.00000     0.00000     0.00000     0.00000     0.00000     0.00000     0.00000     0.00000     0.00000     0.00000
   -79.91170     0.00000     0.00000     0.00000     0.00000     0.00000     0.00000     0.00000     0.00000     0.00000     0.00000     0.00000     0.00000     0.00000     0.00000     0.00000     0.00000     0.00000
   -79.84670     0.00000     0.00000     0.00000     0.00000     0.00000     0.00000     0.00000     0.00000     0.00000     0.00000     0.00000     0.00000     0.00000     0.00000     0.00000     0.00000     0.00000
   -79.78070     0.00000     0.00000     0.00000     0.00000     0.00000     0.00000     0.00000     0.00000     0.00000     0.00000     0.00000     0.00000     0.00000     0.00000     0.00000     0.00000     0.00000
   -79.71570     0.00000     0.00000     0.00000     0.00000     0.00000     0.00000     0.00000     0.00000     0.00000     0.00000     0.00000     0.00000     0.00000     0.00000     0.00000     0.00000     0.00000
   -79.65070     0.00000     0.00000     0.00000     0.00000     0.00000     0.00000     0.00000     0.00000     0.00000     0.00000     0.00000     0.00000     0.00000     0.00000     0.00000     0.00000     0.00000
   -79.58570     0.00000     0.00000     0.00000     0.00000     0.00000     0.00000     0.00000     0.00000     0.00000     0.00000     0.00000     0.00000     0.00000     0.00000     0.00000     0.00000     0.00000
   -79.52070     0.00000     0.00000     0.00000     0.00000     0.00000     0.00000     0.00000     0.00000     0.00000     0.00000     0.00000     0.00000     0.00000     0.00000     0.00000     0.00000     0.00000
   -79.45570     0.00000     0.00000     0.00000     0.00000     0.00000     0.00000     0.00000     0.00000     0.00000     0.00000     0.00000     0.00000     0.00000     0.00000     0.00000     0.00000     0.00000
   -79.39070     0.00000     0.00000     0.00000     0.00000     0.00000     0.00000     0.00000     0.00000     0.00000     0.00000     0.00000     0.00000     0.00000     0.00000     0.00000     0.00000     0.00000
   -79.32470     0.00000     0.00000     0.00000     0.00000     0.00000     0.00000     0.00000     0.00000     0.00000     0.00000     0.00000     0.00000     0.00000     0.00000     0.00000     0.00000     0.00000
   -79.25970     0.00000     0.00000     0.00000     0.00000     0.00000     0.00000     0.00000     0.00000     0.00000     0.00000     0.00000     0.00000     0.00000     0.00000     0.00000     0.00000     0.00000
   -79.19470     0.00000     0.00000     0.00000     0.00000     0.00000     0.00000     0.00000     0.00000     0.00000     0.00000     0.00000     0.00000     0.00000     0.00000     0.00000     0.00000     0.00000
   -79.12970     0.00000     0.00000     0.00000     0.00000     0.00000     0.00000     0.00000     0.00000     0.00000     0.00000     0.00000     0.00000     0.00000     0.00000     0.00000     0.00000     0.00000
   -79.06470     0.00000     0.00000     0.00000     0.00000     0.00000     0.00000     0.00000     0.00000     0.00000     0.00000     0.00000     0.00000     0.00000     0.00000     0.00000     0.00000     0.00000
   -78.99970     0.00000     0.00000     0.00000     0.00000     0.00000     0.00000     0.00000     0.00000     0.00000     0.00000     0.00000     0.00000     0.00000     0.00000     0.00000     0.00000     0.00000
   -78.93470     0.00000     0.00000     0.00000     0.00000     0.00000     0.00000     0.00000     0.00000     0.00000     0.00000     0.00000     0.00000     0.00000     0.00000     0.00000     0.00000     0.00000
   -78.86870     0.00000     0.00000     0.00000     0.00000     0.00000     0.00000     0.00000     0.00000     0.00000     0.00000     0.00000     0.00000     0.00000     0.00000     0.00000     0.00000     0.00000
   -78.80370     0.00000     0.00000     0.00000     0.00000     0.00000     0.00000     0.00000     0.00000     0.00000     0.00000     0.00000     0.00000     0.00000     0.00000     0.00000     0.00000     0.00000
   -78.73870     0.00000     0.00000     0.00000     0.00000     0.00000     0.00000     0.00000     0.00000     0.00000     0.00000     0.00000     0.00000     0.00000     0.00000     0.00000     0.00000     0.00000
   -78.67370     0.00000     0.00000     0.00000     0.00000     0.00000     0.00000     0.00000     0.00000     0.00000     0.00000     0.00000     0.00000     0.00000     0.00000     0.00000     0.00000     0.00000
   -78.60870     0.00000     0.00000     0.00000     0.00000     0.00000     0.00000     0.00000     0.00000     0.00000     0.00000     0.00000     0.00000     0.00000     0.00000     0.00000     0.00000     0.00000
   -78.54370     0.00000     0.00000     0.00000     0.00000     0.00000     0.00000     0.00000     0.00000     0.00000     0.00000     0.00000     0.00000     0.00000     0.00000     0.00000     0.00000     0.00000
   -78.47870     0.00000     0.00000     0.00000     0.00000     0.00000     0.00000     0.00000     0.00000     0.00000     0.00000     0.00000     0.00000     0.00000     0.00000     0.00000     0.00000     0.00000
   -78.41370     0.00000     0.00000     0.00000     0.00000     0.00000     0.00000     0.00000     0.00000     0.00000     0.00000     0.00000     0.00000     0.00000     0.00000     0.00000     0.00000     0.00000
   -78.34770     0.00000     0.00000     0.00000     0.00000     0.00000     0.00000     0.00000     0.00000     0.00000     0.00000     0.00000     0.00000     0.00000     0.00000     0.00000     0.00000     0.00000
   -78.28270     0.00000     0.00000     0.00000     0.00000     0.00000     0.00000     0.00000     0.00000     0.00000     0.00000     0.00000     0.00000     0.00000     0.00000     0.00000     0.00000     0.00000
   -78.21770     0.00000     0.00000     0.00000     0.00000     0.00000     0.00000     0.00000     0.00000     0.00000     0.00000     0.00000     0.00000     0.00000     0.00000     0.00000     0.00000     0.00000
   -78.15270     0.00000     0.00000     0.00000     0.00000     0.00000     0.00000     0.00000     0.00000     0.00000     0.00000     0.00000     0.00000     0.00000     0.00000     0.00000     0.00000     0.00000
   -78.08770     0.00000     0.00000     0.00000     0.00000     0.00000     0.00000     0.00000     0.00000     0.00000     0.00000     0.00000     0.00000     0.00000     0.00000     0.00000     0.00000     0.00000
   -78.02270     0.00000     0.00000     0.00000     0.00000     0.00000     0.00000     0.00000     0.00000     0.00000     0.00000     0.00000     0.00000     0.00000     0.00000     0.00000     0.00000     0.00000
   -77.95770     0.00000     0.00000     0.00000     0.00000     0.00000     0.00000     0.00000     0.00000     0.00000     0.00000     0.00000     0.00000     0.00000     0.00000     0.00000     0.00000     0.00000
   -77.89170     0.00000     0.00000     0.00000     0.00000     0.00000     0.00000     0.00000     0.00000     0.00000     0.00000     0.00000     0.00000     0.00000     0.00000     0.00000     0.00000     0.00000
   -77.82670     0.00000     0.00000     0.00000     0.00000     0.00000     0.00000     0.00000     0.00000     0.00000     0.00000     0.00000     0.00000     0.00000     0.00000     0.00000     0.00000     0.00000
   -77.76170     0.00000     0.00000     0.00000     0.00000     0.00000     0.00000     0.00000     0.00000     0.00000     0.00000     0.00000     0.00000     0.00000     0.00000     0.00000     0.00000     0.00000
   -77.69670     0.00000     0.00000     0.00000     0.00000     0.00000     0.00000     0.00000     0.00000     0.00000     0.00000     0.00000     0.00000     0.00000     0.00000     0.00000     0.00000     0.00000
   -77.63170     0.00000     0.00000     0.00000     0.00000     0.00000     0.00000     0.00000     0.00000     0.00000     0.00000     0.00000     0.00000     0.00000     0.00000     0.00000     0.00000     0.00000
   -77.56670     0.00000     0.00000     0.00000     0.00000     0.00000     0.00000     0.00000     0.00000     0.00000     0.00000     0.00000     0.00000     0.00000     0.00000     0.00000     0.00000     0.00000
   -77.50170     0.00000     0.00000     0.00000     0.00000     0.00000     0.00000     0.00000     0.00000     0.00000     0.00000     0.00000     0.00000     0.00000     0.00000     0.00000     0.00000     0.00000
   -77.43570     0.00000     0.00000     0.00000     0.00000     0.00000     0.00000     0.00000     0.00000     0.00000     0.00000     0.00000     0.00000     0.00000     0.00000     0.00000     0.00000     0.00000
   -77.37070     0.00000     0.00000     0.00000     0.00000     0.00000     0.00000     0.00000     0.00000     0.00000     0.00000     0.00000     0.00000     0.00000     0.00000     0.00000     0.00000     0.00000
   -77.30570     0.00000     0.00000     0.00000     0.00000     0.00000     0.00000     0.00000     0.00000     0.00000     0.00000     0.00000     0.00000     0.00000     0.00000     0.00000     0.00000     0.00000
   -77.24070     0.00000     0.00000     0.00000     0.00000     0.00000     0.00000     0.00000     0.00000     0.00000     0.00000     0.00000     0.00000     0.00000     0.00000     0.00000     0.00000     0.00000
   -77.17570     0.00000     0.00000     0.00000     0.00000     0.00000     0.00000     0.00000     0.00000     0.00000     0.00000     0.00000     0.00000     0.00000     0.00000     0.00000     0.00000     0.00000
   -77.11070     0.00000     0.00000     0.00000     0.00000     0.00000     0.00000     0.00000     0.00000     0.00000     0.00000     0.00000     0.00000     0.00000     0.00000     0.00000     0.00000     0.00000
   -77.04570     0.00000     0.00000     0.00000     0.00000     0.00000     0.00000     0.00000     0.00000     0.00000     0.00000     0.00000     0.00000     0.00000     0.00000     0.00000     0.00000     0.00000
   -76.98070     0.00000     0.00000     0.00000     0.00000     0.00000     0.00000     0.00000     0.00000     0.00000     0.00000     0.00000     0.00000     0.00000     0.00000     0.00000     0.00000     0.00000
   -76.91470     0.00000     0.00000     0.00000     0.00000     0.00000     0.00000     0.00000     0.00000     0.00000     0.00000     0.00000     0.00000     0.00000     0.00000     0.00000     0.00000     0.00000
   -76.84970     0.00000     0.00000     0.00000     0.00000     0.00000     0.00000     0.00000     0.00000     0.00000     0.00000     0.00000     0.00000     0.00000     0.00000     0.00000     0.00000     0.00000
   -76.78470     0.00000     0.00000     0.00000     0.00000     0.00000     0.00000     0.00000     0.00000     0.00000     0.00000     0.00000     0.00000     0.00000     0.00000     0.00000     0.00000     0.00000
   -76.71970     0.00000     0.00000     0.00000     0.00000     0.00000     0.00000     0.00000     0.00000     0.00000     0.00000     0.00000     0.00000     0.00000     0.00000     0.00000     0.00000     0.00000
   -76.65470     0.00000     0.00000     0.00000     0.00000     0.00000     0.00000     0.00000     0.00000     0.00000     0.00000     0.00000     0.00000     0.00000     0.00000     0.00000     0.00000     0.00000
   -76.58970     0.00000     0.00000     0.00000     0.00000     0.00000     0.00000     0.00000     0.00000     0.00000     0.00000     0.00000     0.00000     0.00000     0.00000     0.00000     0.00000     0.00000
   -76.52470     0.00000     0.00000     0.00000     0.00000     0.00000     0.00000     0.00000     0.00000     0.00000     0.00000     0.00000     0.00000     0.00000     0.00000     0.00000     0.00000     0.00000
   -76.45870     0.00000     0.00000     0.00000     0.00000     0.00000     0.00000     0.00000     0.00000     0.00000     0.00000     0.00000     0.00000     0.00000     0.00000     0.00000     0.00000     0.00000
   -76.39370     0.00000     0.00000     0.00000     0.00000     0.00000     0.00000     0.00000     0.00000     0.00000     0.00000     0.00000     0.00000     0.00000     0.00000     0.00000     0.00000     0.00000
   -76.32870     0.00000     0.00000     0.00000     0.00000     0.00000     0.00000     0.00000     0.00000     0.00000     0.00000     0.00000     0.00000     0.00000     0.00000     0.00000     0.00000     0.00000
   -76.26370     0.00000     0.00000     0.00000     0.00000     0.00000     0.00000     0.00000     0.00000     0.00000     0.00000     0.00000     0.00000     0.00000     0.00000     0.00000     0.00000     0.00000
   -76.19870     0.00000     0.00000     0.00000     0.00000     0.00000     0.00000     0.00000     0.00000     0.00000     0.00000     0.00000     0.00000     0.00000     0.00000     0.00000     0.00000     0.00000
   -76.13370     0.00000     0.00000     0.00000     0.00000     0.00000     0.00000     0.00000     0.00000     0.00000     0.00000     0.00000     0.00000     0.00000     0.00000     0.00000     0.00000     0.00000
   -76.06870     0.00000     0.00000     0.00000     0.00000     0.00000     0.00000     0.00000     0.00000     0.00000     0.00000     0.00000     0.00000     0.00000     0.00000     0.00000     0.00000     0.00000
   -76.00270     0.00000     0.00000     0.00000     0.00000     0.00000     0.00000     0.00000     0.00000     0.00000     0.00000     0.00000     0.00000     0.00000     0.00000     0.00000     0.00000     0.00000
   -75.93770     0.00000     0.00000     0.00000     0.00000     0.00000     0.00000     0.00000     0.00000     0.00000     0.00000     0.00000     0.00000     0.00000     0.00000     0.00000     0.00000     0.00000
   -75.87270     0.00000     0.00000     0.00000     0.00000     0.00000     0.00000     0.00000     0.00000     0.00000     0.00000     0.00000     0.00000     0.00000     0.00000     0.00000     0.00000     0.00000
   -75.80770     0.00000     0.00000     0.00000     0.00000     0.00000     0.00000     0.00000     0.00000     0.00000     0.00000     0.00000     0.00000     0.00000     0.00000     0.00000     0.00000     0.00000
   -75.74270     0.00000     0.00000     0.00000     0.00000     0.00000     0.00000     0.00000     0.00000     0.00000     0.00000     0.00000     0.00000     0.00000     0.00000     0.00000     0.00000     0.00000
   -75.67770     0.00000     0.00000     0.00000     0.00000     0.00000     0.00000     0.00000     0.00000     0.00000     0.00000     0.00000     0.00000     0.00000     0.00000     0.00000     0.00000     0.00000
   -75.61270     0.00000     0.00000     0.00000     0.00000     0.00000     0.00000     0.00000     0.00000     0.00000     0.00000     0.00000     0.00000     0.00000     0.00000     0.00000     0.00000     0.00000
   -75.54670     0.00000     0.00000     0.00000     0.00000     0.00000     0.00000     0.00000     0.00000     0.00000     0.00000     0.00000     0.00000     0.00000     0.00000     0.00000     0.00000     0.00000
   -75.48170     0.00000     0.00000     0.00000     0.00000     0.00000     0.00000     0.00000     0.00000     0.00000     0.00000     0.00000     0.00000     0.00000     0.00000     0.00000     0.00000     0.00000
   -75.41670     0.00000     0.00000     0.00000     0.00000     0.00000     0.00000     0.00000     0.00000     0.00000     0.00000     0.00000     0.00000     0.00000     0.00000     0.00000     0.00000     0.00000
   -75.35170     0.00000     0.00000     0.00000     0.00000     0.00000     0.00000     0.00000     0.00000     0.00000     0.00000     0.00000     0.00000     0.00000     0.00000     0.00000     0.00000     0.00000
   -75.28670     0.00000     0.00000     0.00000     0.00000     0.00000     0.00000     0.00000     0.00000     0.00000     0.00000     0.00000     0.00000     0.00000     0.00000     0.00000     0.00000     0.00000
   -75.22170     0.00000     0.00000     0.00000     0.00000     0.00000     0.00000     0.00000     0.00000     0.00000     0.00000     0.00000     0.00000     0.00000     0.00000     0.00000     0.00000     0.00000
   -75.15670     0.00000     0.00000     0.00000     0.00000     0.00000     0.00000     0.00000     0.00000     0.00000     0.00000     0.00000     0.00000     0.00000     0.00000     0.00000     0.00000     0.00000
   -75.09170     0.00000     0.00000     0.00000     0.00000     0.00000     0.00000     0.00000     0.00000     0.00000     0.00000     0.00000     0.00000     0.00000     0.00000     0.00000     0.00000     0.00000
   -75.02570     0.00000     0.00000     0.00000     0.00000     0.00000     0.00000     0.00000     0.00000     0.00000     0.00000     0.00000     0.00000     0.00000     0.00000     0.00000     0.00000     0.00000
   -74.96070     0.00000     0.00000     0.00000     0.00000     0.00000     0.00000     0.00000     0.00000     0.00000     0.00000     0.00000     0.00000     0.00000     0.00000     0.00000     0.00000     0.00000
   -74.89570     0.00000     0.00000     0.00000     0.00000     0.00000     0.00000     0.00000     0.00000     0.00000     0.00000     0.00000     0.00000     0.00000     0.00000     0.00000     0.00000     0.00000
   -74.83070     0.00000     0.00000     0.00000     0.00000     0.00000     0.00000     0.00000     0.00000     0.00000     0.00000     0.00000     0.00000     0.00000     0.00000     0.00000     0.00000     0.00000
   -74.76570     0.00000     0.00000     0.00000     0.00000     0.00000     0.00000     0.00000     0.00000     0.00000     0.00000     0.00000     0.00000     0.00000     0.00000     0.00000     0.00000     0.00000
   -74.70070     0.00000     0.00000     0.00000     0.00000     0.00000     0.00000     0.00000     0.00000     0.00000     0.00000     0.00000     0.00000     0.00000     0.00000     0.00000     0.00000     0.00000
   -74.63570     0.00000     0.00000     0.00000     0.00000     0.00000     0.00000     0.00000     0.00000     0.00000     0.00000     0.00000     0.00000     0.00000     0.00000     0.00000     0.00000     0.00000
   -74.56970     0.00000     0.00000     0.00000     0.00000     0.00000     0.00000     0.00000     0.00000     0.00000     0.00000     0.00000     0.00000     0.00000     0.00000     0.00000     0.00000     0.00000
   -74.50470     0.00000     0.00000     0.00000     0.00000     0.00000     0.00000     0.00000     0.00000     0.00000     0.00000     0.00000     0.00000     0.00000     0.00000     0.00000     0.00000     0.00000
   -74.43970     0.00000     0.00000     0.00000     0.00000     0.00000     0.00000     0.00000     0.00000     0.00000     0.00000     0.00000     0.00000     0.00000     0.00000     0.00000     0.00000     0.00000
   -74.37470     0.00000     0.00000     0.00000     0.00000     0.00000     0.00000     0.00000     0.00000     0.00000     0.00000     0.00000     0.00000     0.00000     0.00000     0.00000     0.00000     0.00000
   -74.30970     0.00000     0.00000     0.00000     0.00000     0.00000     0.00000     0.00000     0.00000     0.00000     0.00000     0.00000     0.00000     0.00000     0.00000     0.00000     0.00000     0.00000
   -74.24470     0.00000     0.00000     0.00000     0.00000     0.00000     0.00000     0.00000     0.00000     0.00000     0.00000     0.00000     0.00000     0.00000     0.00000     0.00000     0.00000     0.00000
   -74.17970     0.00000     0.00000     0.00000     0.00000     0.00000     0.00000     0.00000     0.00000     0.00000     0.00000     0.00000     0.00000     0.00000     0.00000     0.00000     0.00000     0.00000
   -74.11370     0.00000     0.00000     0.00000     0.00000     0.00000     0.00000     0.00000     0.00000     0.00000     0.00000     0.00000     0.00000     0.00000     0.00000     0.00000     0.00000     0.00000
   -74.04870     0.00000     0.00000     0.00000     0.00000     0.00000     0.00000     0.00000     0.00000     0.00000     0.00000     0.00000     0.00000     0.00000     0.00000     0.00000     0.00000     0.00000
   -73.98370     0.00000     0.00000     0.00000     0.00000     0.00000     0.00000     0.00000     0.00000     0.00000     0.00000     0.00000     0.00000     0.00000     0.00000     0.00000     0.00000     0.00000
   -73.91870     0.00000     0.00000     0.00000     0.00000     0.00000     0.00000     0.00000     0.00000     0.00000     0.00000     0.00000     0.00000     0.00000     0.00000     0.00000     0.00000     0.00000
   -73.85370     0.00000     0.00000     0.00000     0.00000     0.00000     0.00000     0.00000     0.00000     0.00000     0.00000     0.00000     0.00000     0.00000     0.00000     0.00000     0.00000     0.00000
   -73.78870     0.00000     0.00000     0.00000     0.00000     0.00000     0.00000     0.00000     0.00000     0.00000     0.00000     0.00000     0.00000     0.00000     0.00000     0.00000     0.00000     0.00000
   -73.72370     0.00000     0.00000     0.00000     0.00000     0.00000     0.00000     0.00000     0.00000     0.00000     0.00000     0.00000     0.00000     0.00000     0.00000     0.00000     0.00000     0.00000
   -73.65870     0.00000     0.00000     0.00000     0.00000     0.00000     0.00000     0.00000     0.00000     0.00000     0.00000     0.00000     0.00000     0.00000     0.00000     0.00000     0.00000     0.00000
   -73.59270     0.00000     0.00000     0.00000     0.00000     0.00000     0.00000     0.00000     0.00000     0.00000     0.00000     0.00000     0.00000     0.00000     0.00000     0.00000     0.00000     0.00000
   -73.52770     0.00000     0.00000     0.00000     0.00000     0.00000     0.00000     0.00000     0.00000     0.00000     0.00000     0.00000     0.00000     0.00000     0.00000     0.00000     0.00000     0.00000
   -73.46270     0.00000     0.00000     0.00000     0.00000     0.00000     0.00000     0.00000     0.00000     0.00000     0.00000     0.00000     0.00000     0.00000     0.00000     0.00000     0.00000     0.00000
   -73.39770     0.00000     0.00000     0.00000     0.00000     0.00000     0.00000     0.00000     0.00000     0.00000     0.00000     0.00000     0.00000     0.00000     0.00000     0.00000     0.00000     0.00000
   -73.33270     0.00000     0.00000     0.00000     0.00000     0.00000     0.00000     0.00000     0.00000     0.00000     0.00000     0.00000     0.00000     0.00000     0.00000     0.00000     0.00000     0.00000
   -73.26770     0.00000     0.00000     0.00000     0.00000     0.00000     0.00000     0.00000     0.00000     0.00000     0.00000     0.00000     0.00000     0.00000     0.00000     0.00000     0.00000     0.00000
   -73.20270     0.00000     0.00000     0.00000     0.00000     0.00000     0.00000     0.00000     0.00000     0.00000     0.00000     0.00000     0.00000     0.00000     0.00000     0.00000     0.00000     0.00000
   -73.13670     0.00000     0.00000     0.00000     0.00000     0.00000     0.00000     0.00000     0.00000     0.00000     0.00000     0.00000     0.00000     0.00000     0.00000     0.00000     0.00000     0.00000
   -73.07170     0.00000     0.00000     0.00000     0.00000     0.00000     0.00000     0.00000     0.00000     0.00000     0.00000     0.00000     0.00000     0.00000     0.00000     0.00000     0.00000     0.00000
   -73.00670     0.00000     0.00000     0.00000     0.00000     0.00000     0.00000     0.00000     0.00000     0.00000     0.00000     0.00000     0.00000     0.00000     0.00000     0.00000     0.00000     0.00000
   -72.94170     0.00000     0.00000     0.00000     0.00000     0.00000     0.00000     0.00000     0.00000     0.00000     0.00000     0.00000     0.00000     0.00000     0.00000     0.00000     0.00000     0.00000
   -72.87670     0.00000     0.00000     0.00000     0.00000     0.00000     0.00000     0.00000     0.00000     0.00000     0.00000     0.00000     0.00000     0.00000     0.00000     0.00000     0.00000     0.00000
   -72.81170     0.00000     0.00000     0.00000     0.00000     0.00000     0.00000     0.00000     0.00000     0.00000     0.00000     0.00000     0.00000     0.00000     0.00000     0.00000     0.00000     0.00000
   -72.74670     0.00000     0.00000     0.00000     0.00000     0.00000     0.00000     0.00000     0.00000     0.00000     0.00000     0.00000     0.00000     0.00000     0.00000     0.00000     0.00000     0.00000
   -72.68070     0.00000     0.00000     0.00000     0.00000     0.00000     0.00000     0.00000     0.00000     0.00000     0.00000     0.00000     0.00000     0.00000     0.00000     0.00000     0.00000     0.00000
   -72.61570     0.00000     0.00000     0.00000     0.00000     0.00000     0.00000     0.00000     0.00000     0.00000     0.00000     0.00000     0.00000     0.00000     0.00000     0.00000     0.00000     0.00000
   -72.55070     0.00000     0.00000     0.00000     0.00000     0.00000     0.00000     0.00000     0.00000     0.00000     0.00000     0.00000     0.00000     0.00000     0.00000     0.00000     0.00000     0.00000
   -72.48570     0.00000     0.00000     0.00000     0.00000     0.00000     0.00000     0.00000     0.00000     0.00000     0.00000     0.00000     0.00000     0.00000     0.00000     0.00000     0.00000     0.00000
   -72.42070     0.00000     0.00000     0.00000     0.00000     0.00000     0.00000     0.00000     0.00000     0.00000     0.00000     0.00000     0.00000     0.00000     0.00000     0.00000     0.00000     0.00000
   -72.35570     0.00000     0.00000     0.00000     0.00000     0.00000     0.00000     0.00000     0.00000     0.00000     0.00000     0.00000     0.00000     0.00000     0.00000     0.00000     0.00000     0.00000
   -72.29070     0.00000     0.00000     0.00000     0.00000     0.00000     0.00000     0.00000     0.00000     0.00000     0.00000     0.00000     0.00000     0.00000     0.00000     0.00000     0.00000     0.00000
   -72.22470     0.00000     0.00000     0.00000     0.00000     0.00000     0.00000     0.00000     0.00000     0.00000     0.00000     0.00000     0.00000     0.00000     0.00000     0.00000     0.00000     0.00000
   -72.15970     0.00000     0.00000     0.00000     0.00000     0.00000     0.00000     0.00000     0.00000     0.00000     0.00000     0.00000     0.00000     0.00000     0.00000     0.00000     0.00000     0.00000
   -72.09470     0.00000     0.00000     0.00000     0.00000     0.00000     0.00000     0.00000     0.00000     0.00000     0.00000     0.00000     0.00000     0.00000     0.00000     0.00000     0.00000     0.00000
   -72.02970     0.00000     0.00000     0.00000     0.00000     0.00000     0.00000     0.00000     0.00000     0.00000     0.00000     0.00000     0.00000     0.00000     0.00000     0.00000     0.00000     0.00000
   -71.96470     0.00000     0.00000     0.00000     0.00000     0.00000     0.00000     0.00000     0.00000     0.00000     0.00000     0.00000     0.00000     0.00000     0.00000     0.00000     0.00000     0.00000
   -71.89970     0.00000     0.00000     0.00000     0.00000     0.00000     0.00000     0.00000     0.00000     0.00000     0.00000     0.00000     0.00000     0.00000     0.00000     0.00000     0.00000     0.00000
   -71.83470     0.00000     0.00000     0.00000     0.00000     0.00000     0.00000     0.00000     0.00000     0.00000     0.00000     0.00000     0.00000     0.00000     0.00000     0.00000     0.00000     0.00000
   -71.76970     0.00000     0.00000     0.00000     0.00000     0.00000     0.00000     0.00000     0.00000     0.00000     0.00000     0.00000     0.00000     0.00000     0.00000     0.00000     0.00000     0.00000
   -71.70370     0.00000     0.00000     0.00000     0.00000     0.00000     0.00000     0.00000     0.00000     0.00000     0.00000     0.00000     0.00000     0.00000     0.00000     0.00000     0.00000     0.00000
   -71.63870     0.00000     0.00000     0.00000     0.00000     0.00000     0.00000     0.00000     0.00000     0.00000     0.00000     0.00000     0.00000     0.00000     0.00000     0.00000     0.00000     0.00000
   -71.57370     0.00000     0.00000     0.00000     0.00000     0.00000     0.00000     0.00000     0.00000     0.00000     0.00000     0.00000     0.00000     0.00000     0.00000     0.00000     0.00000     0.00000
   -71.50870     0.00000     0.00000     0.00000     0.00000     0.00000     0.00000     0.00000     0.00000     0.00000     0.00000     0.00000     0.00000     0.00000     0.00000     0.00000     0.00000     0.00000
   -71.44370     0.00000     0.00000     0.00000     0.00000     0.00000     0.00000     0.00000     0.00000     0.00000     0.00000     0.00000     0.00000     0.00000     0.00000     0.00000     0.00000     0.00000
   -71.37870     0.00000     0.00000     0.00000     0.00000     0.00000     0.00000     0.00000     0.00000     0.00000     0.00000     0.00000     0.00000     0.00000     0.00000     0.00000     0.00000     0.00000
   -71.31370     0.00000     0.00000     0.00000     0.00000     0.00000     0.00000     0.00000     0.00000     0.00000     0.00000     0.00000     0.00000     0.00000     0.00000     0.00000     0.00000     0.00000
   -71.24770     0.00000     0.00000     0.00000     0.00000     0.00000     0.00000     0.00000     0.00000     0.00000     0.00000     0.00000     0.00000     0.00000     0.00000     0.00000     0.00000     0.00000
   -71.18270     0.00000     0.00000     0.00000     0.00000     0.00000     0.00000     0.00000     0.00000     0.00000     0.00000     0.00000     0.00000     0.00000     0.00000     0.00000     0.00000     0.00000
   -71.11770     0.00000     0.00000     0.00000     0.00000     0.00000     0.00000     0.00000     0.00000     0.00000     0.00000     0.00000     0.00000     0.00000     0.00000     0.00000     0.00000     0.00000
   -71.05270     0.00000     0.00000     0.00000     0.00000     0.00000     0.00000     0.00000     0.00000     0.00000     0.00000     0.00000     0.00000     0.00000     0.00000     0.00000     0.00000     0.00000
   -70.98770     0.00000     0.00000     0.00000     0.00000     0.00000     0.00000     0.00000     0.00000     0.00000     0.00000     0.00000     0.00000     0.00000     0.00000     0.00000     0.00000     0.00000
   -70.92270     0.00000     0.00000     0.00000     0.00000     0.00000     0.00000     0.00000     0.00000     0.00000     0.00000     0.00000     0.00000     0.00000     0.00000     0.00000     0.00000     0.00000
   -70.85770     0.00000     0.00000     0.00000     0.00000     0.00000     0.00000     0.00000     0.00000     0.00000     0.00000     0.00000     0.00000     0.00000     0.00000     0.00000     0.00000     0.00000
   -70.79170     0.00000     0.00000     0.00000     0.00000     0.00000     0.00000     0.00000     0.00000     0.00000     0.00000     0.00000     0.00000     0.00000     0.00000     0.00000     0.00000     0.00000
   -70.72670     0.00000     0.00000     0.00000     0.00000     0.00000     0.00000     0.00000     0.00000     0.00000     0.00000     0.00000     0.00000     0.00000     0.00000     0.00000     0.00000     0.00000
   -70.66170     0.00000     0.00000     0.00000     0.00000     0.00000     0.00000     0.00000     0.00000     0.00000     0.00000     0.00000     0.00000     0.00000     0.00000     0.00000     0.00000     0.00000
   -70.59670     0.00000     0.00000     0.00000     0.00000     0.00000     0.00000     0.00000     0.00000     0.00000     0.00000     0.00000     0.00000     0.00000     0.00000     0.00000     0.00000     0.00000
   -70.53170     0.00000     0.00000     0.00000     0.00000     0.00000     0.00000     0.00000     0.00000     0.00000     0.00000     0.00000     0.00000     0.00000     0.00000     0.00000     0.00000     0.00000
   -70.46670     0.00000     0.00000     0.00000     0.00000     0.00000     0.00000     0.00000     0.00000     0.00000     0.00000     0.00000     0.00000     0.00000     0.00000     0.00000     0.00000     0.00000
   -70.40170     0.00000     0.00000     0.00000     0.00000     0.00000     0.00000     0.00000     0.00000     0.00000     0.00000     0.00000     0.00000     0.00000     0.00000     0.00000     0.00000     0.00000
   -70.33670     0.00000     0.00000     0.00000     0.00000     0.00000     0.00000     0.00000     0.00000     0.00000     0.00000     0.00000     0.00000     0.00000     0.00000     0.00000     0.00000     0.00000
   -70.27070     0.00000     0.00000     0.00000     0.00000     0.00000     0.00000     0.00000     0.00000     0.00000     0.00000     0.00000     0.00000     0.00000     0.00000     0.00000     0.00000     0.00000
   -70.20570     0.00000     0.00000     0.00000     0.00000     0.00000     0.00000     0.00000     0.00000     0.00000     0.00000     0.00000     0.00000     0.00000     0.00000     0.00000     0.00000     0.00000
   -70.14070     0.00000     0.00000     0.00000     0.00000     0.00000     0.00000     0.00000     0.00000     0.00000     0.00000     0.00000     0.00000     0.00000     0.00000     0.00000     0.00000     0.00000
   -70.07570     0.00000     0.00000     0.00000     0.00000     0.00000     0.00000     0.00000     0.00000     0.00000     0.00000     0.00000     0.00000     0.00000     0.00000     0.00000     0.00000     0.00000
   -70.01070     0.00000     0.00000     0.00000     0.00000     0.00000     0.00000     0.00000     0.00000     0.00000     0.00000     0.00000     0.00000     0.00000     0.00000     0.00000     0.00000     0.00000
   -69.94570     0.00000     0.00000     0.00000     0.00000     0.00000     0.00000     0.00000     0.00000     0.00000     0.00000     0.00000     0.00000     0.00000     0.00000     0.00000     0.00000     0.00000
   -69.88070     0.00000     0.00000     0.00000     0.00000     0.00000     0.00000     0.00000     0.00000     0.00000     0.00000     0.00000     0.00000     0.00000     0.00000     0.00000     0.00000     0.00000
   -69.81470     0.00000     0.00000     0.00000     0.00000     0.00000     0.00000     0.00000     0.00000     0.00000     0.00000     0.00000     0.00000     0.00000     0.00000     0.00000     0.00000     0.00000
   -69.74970     0.00000     0.00000     0.00000     0.00000     0.00000     0.00000     0.00000     0.00000     0.00000     0.00000     0.00000     0.00000     0.00000     0.00000     0.00000     0.00000     0.00000
   -69.68470     0.00000     0.00000     0.00000     0.00000     0.00000     0.00000     0.00000     0.00000     0.00000     0.00000     0.00000     0.00000     0.00000     0.00000     0.00000     0.00000     0.00000
   -69.61970     0.00000     0.00000     0.00000     0.00000     0.00000     0.00000     0.00000     0.00000     0.00000     0.00000     0.00000     0.00000     0.00000     0.00000     0.00000     0.00000     0.00000
   -69.55470     0.00000     0.00000     0.00000     0.00000     0.00000     0.00000     0.00000     0.00000     0.00000     0.00000     0.00000     0.00000     0.00000     0.00000     0.00000     0.00000     0.00000
   -69.48970     0.00000     0.00000     0.00000     0.00000     0.00000     0.00000     0.00000     0.00000     0.00000     0.00000     0.00000     0.00000     0.00000     0.00000     0.00000     0.00000     0.00000
   -69.42470     0.00000     0.00000     0.00000     0.00000     0.00000     0.00000     0.00000     0.00000     0.00000     0.00000     0.00000     0.00000     0.00000     0.00000     0.00000     0.00000     0.00000
   -69.35870     0.00000     0.00000     0.00000     0.00000     0.00000     0.00000     0.00000     0.00000     0.00000     0.00000     0.00000     0.00000     0.00000     0.00000     0.00000     0.00000     0.00000
   -69.29370     0.00000     0.00000     0.00000     0.00000     0.00000     0.00000     0.00000     0.00000     0.00000     0.00000     0.00000     0.00000     0.00000     0.00000     0.00000     0.00000     0.00000
   -69.22870     0.00000     0.00000     0.00000     0.00000     0.00000     0.00000     0.00000     0.00000     0.00000     0.00000     0.00000     0.00000     0.00000     0.00000     0.00000     0.00000     0.00000
   -69.16370     0.00000     0.00000     0.00000     0.00000     0.00000     0.00000     0.00000     0.00000     0.00000     0.00000     0.00000     0.00000     0.00000     0.00000     0.00000     0.00000     0.00000
   -69.09870     0.00000     0.00000     0.00000     0.00000     0.00000     0.00000     0.00000     0.00000     0.00000     0.00000     0.00000     0.00000     0.00000     0.00000     0.00000     0.00000     0.00000
   -69.03370     0.00000     0.00000     0.00000     0.00000     0.00000     0.00000     0.00000     0.00000     0.00000     0.00000     0.00000     0.00000     0.00000     0.00000     0.00000     0.00000     0.00000
   -68.96870     0.00000     0.00000     0.00000     0.00000     0.00000     0.00000     0.00000     0.00000     0.00000     0.00000     0.00000     0.00000     0.00000     0.00000     0.00000     0.00000     0.00000
   -68.90370     0.00000     0.00000     0.00000     0.00000     0.00000     0.00000     0.00000     0.00000     0.00000     0.00000     0.00000     0.00000     0.00000     0.00000     0.00000     0.00000     0.00000
   -68.83770     0.00000     0.00000     0.00000     0.00000     0.00000     0.00000     0.00000     0.00000     0.00000     0.00000     0.00000     0.00000     0.00000     0.00000     0.00000     0.00000     0.00000
   -68.77270     0.00000     0.00000     0.00000     0.00000     0.00000     0.00000     0.00000     0.00000     0.00000     0.00000     0.00000     0.00000     0.00000     0.00000     0.00000     0.00000     0.00000
   -68.70770     0.00000     0.00000     0.00000     0.00000     0.00000     0.00000     0.00000     0.00000     0.00000     0.00000     0.00000     0.00000     0.00000     0.00000     0.00000     0.00000     0.00000
   -68.64270     0.00000     0.00000     0.00000     0.00000     0.00000     0.00000     0.00000     0.00000     0.00000     0.00000     0.00000     0.00000     0.00000     0.00000     0.00000     0.00000     0.00000
   -68.57770     0.00000     0.00000     0.00000     0.00000     0.00000     0.00000     0.00000     0.00000     0.00000     0.00000     0.00000     0.00000     0.00000     0.00000     0.00000     0.00000     0.00000
   -68.51270     0.00000     0.00000     0.00000     0.00000     0.00000     0.00000     0.00000     0.00000     0.00000     0.00000     0.00000     0.00000     0.00000     0.00000     0.00000     0.00000     0.00000
   -68.44770     0.00000     0.00000     0.00000     0.00000     0.00000     0.00000     0.00000     0.00000     0.00000     0.00000     0.00000     0.00000     0.00000     0.00000     0.00000     0.00000     0.00000
   -68.38170     0.00000     0.00000     0.00000     0.00000     0.00000     0.00000     0.00000     0.00000     0.00000     0.00000     0.00000     0.00000     0.00000     0.00000     0.00000     0.00000     0.00000
   -68.31670     0.00000     0.00000     0.00000     0.00000     0.00000     0.00000     0.00000     0.00000     0.00000     0.00000     0.00000     0.00000     0.00000     0.00000     0.00000     0.00000     0.00000
   -68.25170     0.00000     0.00000     0.00000     0.00000     0.00000     0.00000     0.00000     0.00000     0.00000     0.00000     0.00000     0.00000     0.00000     0.00000     0.00000     0.00000     0.00000
   -68.18670     0.00000     0.00000     0.00000     0.00000     0.00000     0.00000     0.00000     0.00000     0.00000     0.00000     0.00000     0.00000     0.00000     0.00000     0.00000     0.00000     0.00000
   -68.12170     0.00000     0.00000     0.00000     0.00000     0.00000     0.00000     0.00000     0.00000     0.00000     0.00000     0.00000     0.00000     0.00000     0.00000     0.00000     0.00000     0.00000
   -68.05670     0.00000     0.00000     0.00000     0.00000     0.00000     0.00000     0.00000     0.00000     0.00000     0.00000     0.00000     0.00000     0.00000     0.00000     0.00000     0.00000     0.00000
   -67.99170     0.00000     0.00000     0.00000     0.00000     0.00000     0.00000     0.00000     0.00000     0.00000     0.00000     0.00000     0.00000     0.00000     0.00000     0.00000     0.00000     0.00000
   -67.92570     0.00000     0.00000     0.00000     0.00000     0.00000     0.00000     0.00000     0.00000     0.00000     0.00000     0.00000     0.00000     0.00000     0.00000     0.00000     0.00000     0.00000
   -67.86070     0.00000     0.00000     0.00000     0.00000     0.00000     0.00000     0.00000     0.00000     0.00000     0.00000     0.00000     0.00000     0.00000     0.00000     0.00000     0.00000     0.00000
   -67.79570     0.00000     0.00000     0.00000     0.00000     0.00000     0.00000     0.00000     0.00000     0.00000     0.00000     0.00000     0.00000     0.00000     0.00000     0.00000     0.00000     0.00000
   -67.73070     0.00000     0.00000     0.00000     0.00000     0.00000     0.00000     0.00000     0.00000     0.00000     0.00000     0.00000     0.00000     0.00000     0.00000     0.00000     0.00000     0.00000
   -67.66570     0.00000     0.00000     0.00000     0.00000     0.00000     0.00000     0.00000     0.00000     0.00000     0.00000     0.00000     0.00000     0.00000     0.00000     0.00000     0.00000     0.00000
   -67.60070     0.00000     0.00000     0.00000     0.00000     0.00000     0.00000     0.00000     0.00000     0.00000     0.00000     0.00000     0.00000     0.00000     0.00000     0.00000     0.00000     0.00000
   -67.53570     0.00000     0.00000     0.00000     0.00000     0.00000     0.00000     0.00000     0.00000     0.00000     0.00000     0.00000     0.00000     0.00000     0.00000     0.00000     0.00000     0.00000
   -67.46970     0.00000     0.00000     0.00000     0.00000     0.00000     0.00000     0.00000     0.00000     0.00000     0.00000     0.00000     0.00000     0.00000     0.00000     0.00000     0.00000     0.00000
   -67.40470     0.00000     0.00000     0.00000     0.00000     0.00000     0.00000     0.00000     0.00000     0.00000     0.00000     0.00000     0.00000     0.00000     0.00000     0.00000     0.00000     0.00000
   -67.33970     0.00000     0.00000     0.00000     0.00000     0.00000     0.00000     0.00000     0.00000     0.00000     0.00000     0.00000     0.00000     0.00000     0.00000     0.00000     0.00000     0.00000
   -67.27470     0.00000     0.00000     0.00000     0.00000     0.00000     0.00000     0.00000     0.00000     0.00000     0.00000     0.00000     0.00000     0.00000     0.00000     0.00000     0.00000     0.00000
   -67.20970     0.00000     0.00000     0.00000     0.00000     0.00000     0.00000     0.00000     0.00000     0.00000     0.00000     0.00000     0.00000     0.00000     0.00000     0.00000     0.00000     0.00000
   -67.14470     0.00000     0.00000     0.00000     0.00000     0.00000     0.00000     0.00000     0.00000     0.00000     0.00000     0.00000     0.00000     0.00000     0.00000     0.00000     0.00000     0.00000
   -67.07970     0.00000     0.00000     0.00000     0.00000     0.00000     0.00000     0.00000     0.00000     0.00000     0.00000     0.00000     0.00000     0.00000     0.00000     0.00000     0.00000     0.00000
   -67.01470     0.00000     0.00000     0.00000     0.00000     0.00000     0.00000     0.00000     0.00000     0.00000     0.00000     0.00000     0.00000     0.00000     0.00000     0.00000     0.00000     0.00000
   -66.94870     0.00000     0.00000     0.00000     0.00000     0.00000     0.00000     0.00000     0.00000     0.00000     0.00000     0.00000     0.00000     0.00000     0.00000     0.00000     0.00000     0.00000
   -66.88370     0.00000     0.00000     0.00000     0.00000     0.00000     0.00000     0.00000     0.00000     0.00000     0.00000     0.00000     0.00000     0.00000     0.00000     0.00000     0.00000     0.00000
   -66.81870     0.00000     0.00000     0.00000     0.00000     0.00000     0.00000     0.00000     0.00000     0.00000     0.00000     0.00000     0.00000     0.00000     0.00000     0.00000     0.00000     0.00000
   -66.75370     0.00000     0.00000     0.00000     0.00000     0.00000     0.00000     0.00000     0.00000     0.00000     0.00000     0.00000     0.00000     0.00000     0.00000     0.00000     0.00000     0.00000
   -66.68870     0.00000     0.00000     0.00000     0.00000     0.00000     0.00000     0.00000     0.00000     0.00000     0.00000     0.00000     0.00000     0.00000     0.00000     0.00000     0.00000     0.00000
   -66.62370     0.00000     0.00000     0.00000     0.00000     0.00000     0.00000     0.00000     0.00000     0.00000     0.00000     0.00000     0.00000     0.00000     0.00000     0.00000     0.00000     0.00000
   -66.55870     0.00000     0.00000     0.00000     0.00000     0.00000     0.00000     0.00000     0.00000     0.00000     0.00000     0.00000     0.00000     0.00000     0.00000     0.00000     0.00000     0.00000
   -66.49270     0.00000     0.00000     0.00000     0.00000     0.00000     0.00000     0.00000     0.00000     0.00000     0.00000     0.00000     0.00000     0.00000     0.00000     0.00000     0.00000     0.00000
   -66.42770     0.00000     0.00000     0.00000     0.00000     0.00000     0.00000     0.00000     0.00000     0.00000     0.00000     0.00000     0.00000     0.00000     0.00000     0.00000     0.00000     0.00000
   -66.36270     0.00000     0.00000     0.00000     0.00000     0.00000     0.00000     0.00000     0.00000     0.00000     0.00000     0.00000     0.00000     0.00000     0.00000     0.00000     0.00000     0.00000
   -66.29770     0.00000     0.00000     0.00000     0.00000     0.00000     0.00000     0.00000     0.00000     0.00000     0.00000     0.00000     0.00000     0.00000     0.00000     0.00000     0.00000     0.00000
   -66.23270     0.00000     0.00000     0.00000     0.00000     0.00000     0.00000     0.00000     0.00000     0.00000     0.00000     0.00000     0.00000     0.00000     0.00000     0.00000     0.00000     0.00000
   -66.16770     0.00000     0.00000     0.00000     0.00000     0.00000     0.00000     0.00000     0.00000     0.00000     0.00000     0.00000     0.00000     0.00000     0.00000     0.00000     0.00000     0.00000
   -66.10270     0.00000     0.00000     0.00000     0.00000     0.00000     0.00000     0.00000     0.00000     0.00000     0.00000     0.00000     0.00000     0.00000     0.00000     0.00000     0.00000     0.00000
   -66.03670     0.00000     0.00000     0.00000     0.00000     0.00000     0.00000     0.00000     0.00000     0.00000     0.00000     0.00000     0.00000     0.00000     0.00000     0.00000     0.00000     0.00000
   -65.97170     0.00000     0.00000     0.00000     0.00000     0.00000     0.00000     0.00000     0.00000     0.00000     0.00000     0.00000     0.00000     0.00000     0.00000     0.00000     0.00000     0.00000
   -65.90670     0.00000     0.00000     0.00000     0.00000     0.00000     0.00000     0.00000     0.00000     0.00000     0.00000     0.00000     0.00000     0.00000     0.00000     0.00000     0.00000     0.00000
   -65.84170     0.00000     0.00000     0.00000     0.00000     0.00000     0.00000     0.00000     0.00000     0.00000     0.00000     0.00000     0.00000     0.00000     0.00000     0.00000     0.00000     0.00000
   -65.77670     0.00000     0.00000     0.00000     0.00000     0.00000     0.00000     0.00000     0.00000     0.00000     0.00000     0.00000     0.00000     0.00000     0.00000     0.00000     0.00000     0.00000
   -65.71170     0.00000     0.00000     0.00000     0.00000     0.00000     0.00000     0.00000     0.00000     0.00000     0.00000     0.00000     0.00000     0.00000     0.00000     0.00000     0.00000     0.00000
   -65.64670     0.00000     0.00000     0.00000     0.00000     0.00000     0.00000     0.00000     0.00000     0.00000     0.00000     0.00000     0.00000     0.00000     0.00000     0.00000     0.00000     0.00000
   -65.58170     0.00000     0.00000     0.00000     0.00000     0.00000     0.00000     0.00000     0.00000     0.00000     0.00000     0.00000     0.00000     0.00000     0.00000     0.00000     0.00000     0.00000
   -65.51570     0.00000     0.00000     0.00000     0.00000     0.00000     0.00000     0.00000     0.00000     0.00000     0.00000     0.00000     0.00000     0.00000     0.00000     0.00000     0.00000     0.00000
   -65.45070     0.00000     0.00000     0.00000     0.00000     0.00000     0.00000     0.00000     0.00000     0.00000     0.00000     0.00000     0.00000     0.00000     0.00000     0.00000     0.00000     0.00000
   -65.38570     0.00000     0.00000     0.00000     0.00000     0.00000     0.00000     0.00000     0.00000     0.00000     0.00000     0.00000     0.00000     0.00000     0.00000     0.00000     0.00000     0.00000
   -65.32070     0.00000     0.00000     0.00000     0.00000     0.00000     0.00000     0.00000     0.00000     0.00000     0.00000     0.00000     0.00000     0.00000     0.00000     0.00000     0.00000     0.00000
   -65.25570     0.00000     0.00000     0.00000     0.00000     0.00000     0.00000     0.00000     0.00000     0.00000     0.00000     0.00000     0.00000     0.00000     0.00000     0.00000     0.00000     0.00000
   -65.19070     0.00000     0.00000     0.00000     0.00000     0.00000     0.00000     0.00000     0.00000     0.00000     0.00000     0.00000     0.00000     0.00000     0.00000     0.00000     0.00000     0.00000
   -65.12570     0.00000     0.00000     0.00000     0.00000     0.00000     0.00000     0.00000     0.00000     0.00000     0.00000     0.00000     0.00000     0.00000     0.00000     0.00000     0.00000     0.00000
   -65.05970     0.00000     0.00000     0.00000     0.00000     0.00000     0.00000     0.00000     0.00000     0.00000     0.00000     0.00000     0.00000     0.00000     0.00000     0.00000     0.00000     0.00000
   -64.99470     0.00000     0.00000     0.00000     0.00000     0.00000     0.00000     0.00000     0.00000     0.00000     0.00000     0.00000     0.00000     0.00000     0.00000     0.00000     0.00000     0.00000
   -64.92970     0.00000     0.00000     0.00000     0.00000     0.00000     0.00000     0.00000     0.00000     0.00000     0.00000     0.00000     0.00000     0.00000     0.00000     0.00000     0.00000     0.00000
   -64.86470     0.00000     0.00000     0.00000     0.00000     0.00000     0.00000     0.00000     0.00000     0.00000     0.00000     0.00000     0.00000     0.00000     0.00000     0.00000     0.00000     0.00000
   -64.79970     0.00000     0.00000     0.00000     0.00000     0.00000     0.00000     0.00000     0.00000     0.00000     0.00000     0.00000     0.00000     0.00000     0.00000     0.00000     0.00000     0.00000
   -64.73470     0.00000     0.00000     0.00000     0.00000     0.00000     0.00000     0.00000     0.00000     0.00000     0.00000     0.00000     0.00000     0.00000     0.00000     0.00000     0.00000     0.00000
   -64.66970     0.00000     0.00000     0.00000     0.00000     0.00000     0.00000     0.00000     0.00000     0.00000     0.00000     0.00000     0.00000     0.00000     0.00000     0.00000     0.00000     0.00000
   -64.60370     0.00000     0.00000     0.00000     0.00000     0.00000     0.00000     0.00000     0.00000     0.00000     0.00000     0.00000     0.00000     0.00000     0.00000     0.00000     0.00000     0.00000
   -64.53870     0.00000     0.00000     0.00000     0.00000     0.00000     0.00000     0.00000     0.00000     0.00000     0.00000     0.00000     0.00000     0.00000     0.00000     0.00000     0.00000     0.00000
   -64.47370     0.00000     0.00000     0.00000     0.00000     0.00000     0.00000     0.00000     0.00000     0.00000     0.00000     0.00000     0.00000     0.00000     0.00000     0.00000     0.00000     0.00000
   -64.40870     0.00000     0.00000     0.00000     0.00000     0.00000     0.00000     0.00000     0.00000     0.00000     0.00000     0.00000     0.00000     0.00000     0.00000     0.00000     0.00000     0.00000
   -64.34370     0.00000     0.00000     0.00000     0.00000     0.00000     0.00000     0.00000     0.00000     0.00000     0.00000     0.00000     0.00000     0.00000     0.00000     0.00000     0.00000     0.00000
   -64.27870     0.00000     0.00000     0.00000     0.00000     0.00000     0.00000     0.00000     0.00000     0.00000     0.00000     0.00000     0.00000     0.00000     0.00000     0.00000     0.00000     0.00000
   -64.21370     0.00000     0.00000     0.00000     0.00000     0.00000     0.00000     0.00000     0.00000     0.00000     0.00000     0.00000     0.00000     0.00000     0.00000     0.00000     0.00000     0.00000
   -64.14770     0.00000     0.00000     0.00000     0.00000     0.00000     0.00000     0.00000     0.00000     0.00000     0.00000     0.00000     0.00000     0.00000     0.00000     0.00000     0.00000     0.00000
   -64.08270     0.00000     0.00000     0.00000     0.00000     0.00000     0.00000     0.00000     0.00000     0.00000     0.00000     0.00000     0.00000     0.00000     0.00000     0.00000     0.00000     0.00000
   -64.01770     0.00000     0.00000     0.00000     0.00000     0.00000     0.00000     0.00000     0.00000     0.00000     0.00000     0.00000     0.00000     0.00000     0.00000     0.00000     0.00000     0.00000
   -63.95270     0.00000     0.00000     0.00000     0.00000     0.00000     0.00000     0.00000     0.00000     0.00000     0.00000     0.00000     0.00000     0.00000     0.00000     0.00000     0.00000     0.00000
   -63.88770     0.00000     0.00000     0.00000     0.00000     0.00000     0.00000     0.00000     0.00000     0.00000     0.00000     0.00000     0.00000     0.00000     0.00000     0.00000     0.00000     0.00000
   -63.82270     0.00000     0.00000     0.00000     0.00000     0.00000     0.00000     0.00000     0.00000     0.00000     0.00000     0.00000     0.00000     0.00000     0.00000     0.00000     0.00000     0.00000
   -63.75770     0.00000     0.00000     0.00000     0.00000     0.00000     0.00000     0.00000     0.00000     0.00000     0.00000     0.00000     0.00000     0.00000     0.00000     0.00000     0.00000     0.00000
   -63.69270     0.00000     0.00000     0.00000     0.00000     0.00000     0.00000     0.00000     0.00000     0.00000     0.00000     0.00000     0.00000     0.00000     0.00000     0.00000     0.00000     0.00000
   -63.62670     0.00000     0.00000     0.00000     0.00000     0.00000     0.00000     0.00000     0.00000     0.00000     0.00000     0.00000     0.00000     0.00000     0.00000     0.00000     0.00000     0.00000
   -63.56170     0.00000     0.00000     0.00000     0.00000     0.00000     0.00000     0.00000     0.00000     0.00000     0.00000     0.00000     0.00000     0.00000     0.00000     0.00000     0.00000     0.00000
   -63.49670     0.00000     0.00000     0.00000     0.00000     0.00000     0.00000     0.00000     0.00000     0.00000     0.00000     0.00000     0.00000     0.00000     0.00000     0.00000     0.00000     0.00000
   -63.43170     0.00000     0.00000     0.00000     0.00000     0.00000     0.00000     0.00000     0.00000     0.00000     0.00000     0.00000     0.00000     0.00000     0.00000     0.00000     0.00000     0.00000
   -63.36670     0.00000     0.00000     0.00000     0.00000     0.00000     0.00000     0.00000     0.00000     0.00000     0.00000     0.00000     0.00000     0.00000     0.00000     0.00000     0.00000     0.00000
   -63.30170     0.00000     0.00000     0.00000     0.00000     0.00000     0.00000     0.00000     0.00000     0.00000     0.00000     0.00000     0.00000     0.00000     0.00000     0.00000     0.00000     0.00000
   -63.23670     0.00000     0.00000     0.00000     0.00000     0.00000     0.00000     0.00000     0.00000     0.00000     0.00000     0.00000     0.00000     0.00000     0.00000     0.00000     0.00000     0.00000
   -63.17070     0.00000     0.00000     0.00000     0.00000     0.00000     0.00000     0.00000     0.00000     0.00000     0.00000     0.00000     0.00000     0.00000     0.00000     0.00000     0.00000     0.00000
   -63.10570     0.00000     0.00000     0.00000     0.00000     0.00000     0.00000     0.00000     0.00000     0.00000     0.00000     0.00000     0.00000     0.00000     0.00000     0.00000     0.00000     0.00000
   -63.04070     0.00000     0.00000     0.00000     0.00000     0.00000     0.00000     0.00000     0.00000     0.00000     0.00000     0.00000     0.00000     0.00000     0.00000     0.00000     0.00000     0.00000
   -62.97570     0.00000     0.00000     0.00000     0.00000     0.00000     0.00000     0.00000     0.00000     0.00000     0.00000     0.00000     0.00000     0.00000     0.00000     0.00000     0.00000     0.00000
   -62.91070     0.00000     0.00000     0.00000     0.00000     0.00000     0.00000     0.00000     0.00000     0.00000     0.00000     0.00000     0.00000     0.00000     0.00000     0.00000     0.00000     0.00000
   -62.84570     0.00000     0.00000     0.00000     0.00000     0.00000     0.00000     0.00000     0.00000     0.00000     0.00000     0.00000     0.00000     0.00000     0.00000     0.00000     0.00000     0.00000
   -62.78070     0.00000     0.00000     0.00000     0.00000     0.00000     0.00000     0.00000     0.00000     0.00000     0.00000     0.00000     0.00000     0.00000     0.00000     0.00000     0.00000     0.00000
   -62.71470     0.00000     0.00000     0.00000     0.00000     0.00000     0.00000     0.00000     0.00000     0.00000     0.00000     0.00000     0.00000     0.00000     0.00000     0.00000     0.00000     0.00000
   -62.64970     0.00000     0.00000     0.00000     0.00000     0.00000     0.00000     0.00000     0.00000     0.00000     0.00000     0.00000     0.00000     0.00000     0.00000     0.00000     0.00000     0.00000
   -62.58470     0.00000     0.00000     0.00000     0.00000     0.00000     0.00000     0.00000     0.00000     0.00000     0.00000     0.00000     0.00000     0.00000     0.00000     0.00000     0.00000     0.00000
   -62.51970     0.00000     0.00000     0.00000     0.00000     0.00000     0.00000     0.00000     0.00000     0.00000     0.00000     0.00000     0.00000     0.00000     0.00000     0.00000     0.00000     0.00000
   -62.45470     0.00000     0.00000     0.00000     0.00000     0.00000     0.00000     0.00000     0.00000     0.00000     0.00000     0.00000     0.00000     0.00000     0.00000     0.00000     0.00000     0.00000
   -62.38970     0.00000     0.00000     0.00000     0.00000     0.00000     0.00000     0.00000     0.00000     0.00000     0.00000     0.00000     0.00000     0.00000     0.00000     0.00000     0.00000     0.00000
   -62.32470     0.00000     0.00000     0.00000     0.00000     0.00000     0.00000     0.00000     0.00000     0.00000     0.00000     0.00000     0.00000     0.00000     0.00000     0.00000     0.00000     0.00000
   -62.25970     0.00000     0.00000     0.00000     0.00000     0.00000     0.00000     0.00000     0.00000     0.00000     0.00000     0.00000     0.00000     0.00000     0.00000     0.00000     0.00000     0.00000
   -62.19370     0.00000     0.00000     0.00000     0.00000     0.00000     0.00000     0.00000     0.00000     0.00000     0.00000     0.00000     0.00000     0.00000     0.00000     0.00000     0.00000     0.00000
   -62.12870     0.00000     0.00000     0.00000     0.00000     0.00000     0.00000     0.00000     0.00000     0.00000     0.00000     0.00000     0.00000     0.00000     0.00000     0.00000     0.00000     0.00000
   -62.06370     0.00000     0.00000     0.00000     0.00000     0.00000     0.00000     0.00000     0.00000     0.00000     0.00000     0.00000     0.00000     0.00000     0.00000     0.00000     0.00000     0.00000
   -61.99870     0.00000     0.00000     0.00000     0.00000     0.00000     0.00000     0.00000     0.00000     0.00000     0.00000     0.00000     0.00000     0.00000     0.00000     0.00000     0.00000     0.00000
   -61.93370     0.00000     0.00000     0.00000     0.00000     0.00000     0.00000     0.00000     0.00000     0.00000     0.00000     0.00000     0.00000     0.00000     0.00000     0.00000     0.00000     0.00000
   -61.86870     0.00000     0.00000     0.00000     0.00000     0.00000     0.00000     0.00000     0.00000     0.00000     0.00000     0.00000     0.00000     0.00000     0.00000     0.00000     0.00000     0.00000
   -61.80370     0.00000     0.00000     0.00000     0.00000     0.00000     0.00000     0.00000     0.00000     0.00000     0.00000     0.00000     0.00000     0.00000     0.00000     0.00000     0.00000     0.00000
   -61.73770     0.00000     0.00000     0.00000     0.00000     0.00000     0.00000     0.00000     0.00000     0.00000     0.00000     0.00000     0.00000     0.00000     0.00000     0.00000     0.00000     0.00000
   -61.67270     0.00000     0.00000     0.00000     0.00000     0.00000     0.00000     0.00000     0.00000     0.00000     0.00000     0.00000     0.00000     0.00000     0.00000     0.00000     0.00000     0.00000
   -61.60770     0.00000     0.00000     0.00000     0.00000     0.00000     0.00000     0.00000     0.00000     0.00000     0.00000     0.00000     0.00000     0.00000     0.00000     0.00000     0.00000     0.00000
   -61.54270     0.00000     0.00000     0.00000     0.00000     0.00000     0.00000     0.00000     0.00000     0.00000     0.00000     0.00000     0.00000     0.00000     0.00000     0.00000     0.00000     0.00000
   -61.47770     0.00000     0.00000     0.00000     0.00000     0.00000     0.00000     0.00000     0.00000     0.00000     0.00000     0.00000     0.00000     0.00000     0.00000     0.00000     0.00000     0.00000
   -61.41270     0.00000     0.00000     0.00000     0.00000     0.00000     0.00000     0.00000     0.00000     0.00000     0.00000     0.00000     0.00000     0.00000     0.00000     0.00000     0.00000     0.00000
   -61.34770     0.00000     0.00000     0.00000     0.00000     0.00000     0.00000     0.00000     0.00000     0.00000     0.00000     0.00000     0.00000     0.00000     0.00000     0.00000     0.00000     0.00000
   -61.28170     0.00000     0.00000     0.00000     0.00000     0.00000     0.00000     0.00000     0.00000     0.00000     0.00000     0.00000     0.00000     0.00000     0.00000     0.00000     0.00000     0.00000
   -61.21670     0.00000     0.00000     0.00000     0.00000     0.00000     0.00000     0.00000     0.00000     0.00000     0.00000     0.00000     0.00000     0.00000     0.00000     0.00000     0.00000     0.00000
   -61.15170     0.00000     0.00000     0.00000     0.00000     0.00000     0.00000     0.00000     0.00000     0.00000     0.00000     0.00000     0.00000     0.00000     0.00000     0.00000     0.00000     0.00000
   -61.08670     0.00000     0.00000     0.00000     0.00000     0.00000     0.00000     0.00000     0.00000     0.00000     0.00000     0.00000     0.00000     0.00000     0.00000     0.00000     0.00000     0.00000
   -61.02170     0.00000     0.00000     0.00000     0.00000     0.00000     0.00000     0.00000     0.00000     0.00000     0.00000     0.00000     0.00000     0.00000     0.00000     0.00000     0.00000     0.00000
   -60.95670     0.00000     0.00000     0.00000     0.00000     0.00000     0.00000     0.00000     0.00000     0.00000     0.00000     0.00000     0.00000     0.00000     0.00000     0.00000     0.00000     0.00000
   -60.89170     0.00000     0.00000     0.00000     0.00000     0.00000     0.00000     0.00000     0.00000     0.00000     0.00000     0.00000     0.00000     0.00000     0.00000     0.00000     0.00000     0.00000
   -60.82670     0.00000     0.00000     0.00000     0.00000     0.00000     0.00000     0.00000     0.00000     0.00000     0.00000     0.00000     0.00000     0.00000     0.00000     0.00000     0.00000     0.00000
   -60.76070     0.00000     0.00000     0.00000     0.00000     0.00000     0.00000     0.00000     0.00000     0.00000     0.00000     0.00000     0.00000     0.00000     0.00000     0.00000     0.00000     0.00000
   -60.69570     0.00000     0.00000     0.00000     0.00000     0.00000     0.00000     0.00000     0.00000     0.00000     0.00000     0.00000     0.00000     0.00000     0.00000     0.00000     0.00000     0.00000
   -60.63070     0.00000     0.00000     0.00000     0.00000     0.00000     0.00000     0.00000     0.00000     0.00000     0.00000     0.00000     0.00000     0.00000     0.00000     0.00000     0.00000     0.00000
   -60.56570     0.00000     0.00000     0.00000     0.00000     0.00000     0.00000     0.00000     0.00000     0.00000     0.00000     0.00000     0.00000     0.00000     0.00000     0.00000     0.00000     0.00000
   -60.50070     0.00000     0.00000     0.00000     0.00000     0.00000     0.00000     0.00000     0.00000     0.00000     0.00000     0.00000     0.00000     0.00000     0.00000     0.00000     0.00000     0.00000
   -60.43570     0.00000     0.00000     0.00000     0.00000     0.00000     0.00000     0.00000     0.00000     0.00000     0.00000     0.00000     0.00000     0.00000     0.00000     0.00000     0.00000     0.00000
   -60.37070     0.00000     0.00000     0.00000     0.00000     0.00000     0.00000     0.00000     0.00000     0.00000     0.00000     0.00000     0.00000     0.00000     0.00000     0.00000     0.00000     0.00000
   -60.30470     0.00000     0.00000     0.00000     0.00000     0.00000     0.00000     0.00000     0.00000     0.00000     0.00000     0.00000     0.00000     0.00000     0.00000     0.00000     0.00000     0.00000
   -60.23970     0.00000     0.00000     0.00000     0.00000     0.00000     0.00000     0.00000     0.00000     0.00000     0.00000     0.00000     0.00000     0.00000     0.00000     0.00000     0.00000     0.00000
   -60.17470     0.00000     0.00000     0.00000     0.00000     0.00000     0.00000     0.00000     0.00000     0.00000     0.00000     0.00000     0.00000     0.00000     0.00000     0.00000     0.00000     0.00000
   -60.10970     0.00000     0.00000     0.00000     0.00000     0.00000     0.00000     0.00000     0.00000     0.00000     0.00000     0.00000     0.00000     0.00000     0.00000     0.00000     0.00000     0.00000
   -60.04470     0.00000     0.00000     0.00000     0.00000     0.00000     0.00000     0.00000     0.00000     0.00000     0.00000     0.00000     0.00000     0.00000     0.00000     0.00000     0.00000     0.00000
   -59.97970     0.00000     0.00000     0.00000     0.00000     0.00000     0.00000     0.00000     0.00000     0.00000     0.00000     0.00000     0.00000     0.00000     0.00000     0.00000     0.00000     0.00000
   -59.91470     0.00000     0.00000     0.00000     0.00000     0.00000     0.00000     0.00000     0.00000     0.00000     0.00000     0.00000     0.00000     0.00000     0.00000     0.00000     0.00000     0.00000
   -59.84870     0.00000     0.00000     0.00000     0.00000     0.00000     0.00000     0.00000     0.00000     0.00000     0.00000     0.00000     0.00000     0.00000     0.00000     0.00000     0.00000     0.00000
   -59.78370     0.00000     0.00000     0.00000     0.00000     0.00000     0.00000     0.00000     0.00000     0.00000     0.00000     0.00000     0.00000     0.00000     0.00000     0.00000     0.00000     0.00000
   -59.71870     0.00000     0.00000     0.00000     0.00000     0.00000     0.00000     0.00000     0.00000     0.00000     0.00000     0.00000     0.00000     0.00000     0.00000     0.00000     0.00000     0.00000
   -59.65370     0.00000     0.00000     0.00000     0.00000     0.00000     0.00000     0.00000     0.00000     0.00000     0.00000     0.00000     0.00000     0.00000     0.00000     0.00000     0.00000     0.00000
   -59.58870     0.00000     0.00000     0.00000     0.00000     0.00000     0.00000     0.00000     0.00000     0.00000     0.00000     0.00000     0.00000     0.00000     0.00000     0.00000     0.00000     0.00000
   -59.52370     0.00000     0.00000     0.00000     0.00000     0.00000     0.00000     0.00000     0.00000     0.00000     0.00000     0.00000     0.00000     0.00000     0.00000     0.00000     0.00000     0.00000
   -59.45870     0.00000     0.00000     0.00000     0.00000     0.00000     0.00000     0.00000     0.00000     0.00000     0.00000     0.00000     0.00000     0.00000     0.00000     0.00000     0.00000     0.00000
   -59.39270     0.00000     0.00000     0.00000     0.00000     0.00000     0.00000     0.00000     0.00000     0.00000     0.00000     0.00000     0.00000     0.00000     0.00000     0.00000     0.00000     0.00000
   -59.32770     0.00000     0.00000     0.00000     0.00000     0.00000     0.00000     0.00000     0.00000     0.00000     0.00000     0.00000     0.00000     0.00000     0.00000     0.00000     0.00000     0.00000
   -59.26270     0.00000     0.00000     0.00000     0.00000     0.00000     0.00000     0.00000     0.00000     0.00000     0.00000     0.00000     0.00000     0.00000     0.00000     0.00000     0.00000     0.00000
   -59.19770     0.00000     0.00000     0.00000     0.00000     0.00000     0.00000     0.00000     0.00000     0.00000     0.00000     0.00000     0.00000     0.00000     0.00000     0.00000     0.00000     0.00000
   -59.13270     0.00000     0.00000     0.00000     0.00000     0.00000     0.00000     0.00000     0.00000     0.00000     0.00000     0.00000     0.00000     0.00000     0.00000     0.00000     0.00000     0.00000
   -59.06770     0.00000     0.00000     0.00000     0.00000     0.00000     0.00000     0.00000     0.00000     0.00000     0.00000     0.00000     0.00000     0.00000     0.00000     0.00000     0.00000     0.00000
   -59.00270     0.00000     0.00000     0.00000     0.00000     0.00000     0.00000     0.00000     0.00000     0.00000     0.00000     0.00000     0.00000     0.00000     0.00000     0.00000     0.00000     0.00000
   -58.93770     0.00000     0.00000     0.00000     0.00000     0.00000     0.00000     0.00000     0.00000     0.00000     0.00000     0.00000     0.00000     0.00000     0.00000     0.00000     0.00000     0.00000
   -58.87170     0.00000     0.00000     0.00000     0.00000     0.00000     0.00000     0.00000     0.00000     0.00000     0.00000     0.00000     0.00000     0.00000     0.00000     0.00000     0.00000     0.00000
   -58.80670     0.00000     0.00000     0.00000     0.00000     0.00000     0.00000     0.00000     0.00000     0.00000     0.00000     0.00000     0.00000     0.00000     0.00000     0.00000     0.00000     0.00000
   -58.74170     0.00000     0.00000     0.00000     0.00000     0.00000     0.00000     0.00000     0.00000     0.00000     0.00000     0.00000     0.00000     0.00000     0.00000     0.00000     0.00000     0.00000
   -58.67670     0.00000     0.00000     0.00000     0.00000     0.00000     0.00000     0.00000     0.00000     0.00000     0.00000     0.00000     0.00000     0.00000     0.00000     0.00000     0.00000     0.00000
   -58.61170     0.00000     0.00000     0.00000     0.00000     0.00000     0.00000     0.00000     0.00000     0.00000     0.00000     0.00000     0.00000     0.00000     0.00000     0.00000     0.00000     0.00000
   -58.54670     0.00000     0.00000     0.00000     0.00000     0.00000     0.00000     0.00000     0.00000     0.00000     0.00000     0.00000     0.00000     0.00000     0.00000     0.00000     0.00000     0.00000
   -58.48170     0.00000     0.00000     0.00000     0.00000     0.00000     0.00000     0.00000     0.00000     0.00000     0.00000     0.00000     0.00000     0.00000     0.00000     0.00000     0.00000     0.00000
   -58.41570     0.00000     0.00000     0.00000     0.00000     0.00000     0.00000     0.00000     0.00000     0.00000     0.00000     0.00000     0.00000     0.00000     0.00000     0.00000     0.00000     0.00000
   -58.35070     0.00000     0.00000     0.00000     0.00000     0.00000     0.00000     0.00000     0.00000     0.00000     0.00000     0.00000     0.00000     0.00000     0.00000     0.00000     0.00000     0.00000
   -58.28570     0.00000     0.00000     0.00000     0.00000     0.00000     0.00000     0.00000     0.00000     0.00000     0.00000     0.00000     0.00000     0.00000     0.00000     0.00000     0.00000     0.00000
   -58.22070     0.00000     0.00000     0.00000     0.00000     0.00000     0.00000     0.00000     0.00000     0.00000     0.00000     0.00000     0.00000     0.00000     0.00000     0.00000     0.00000     0.00000
   -58.15570     0.00000     0.00000     0.00000     0.00000     0.00000     0.00000     0.00000     0.00000     0.00000     0.00000     0.00000     0.00000     0.00000     0.00000     0.00000     0.00000     0.00000
   -58.09070     0.00000     0.00000     0.00000     0.00000     0.00000     0.00000     0.00000     0.00000     0.00000     0.00000     0.00000     0.00000     0.00000     0.00000     0.00000     0.00000     0.00000
   -58.02570     0.00000     0.00000     0.00000     0.00000     0.00000     0.00000     0.00000     0.00000     0.00000     0.00000     0.00000     0.00000     0.00000     0.00000     0.00000     0.00000     0.00000
   -57.95970     0.00000     0.00000     0.00000     0.00000     0.00000     0.00000     0.00000     0.00000     0.00000     0.00000     0.00000     0.00000     0.00000     0.00000     0.00000     0.00000     0.00000
   -57.89470     0.00000     0.00000     0.00000     0.00000     0.00000     0.00000     0.00000     0.00000     0.00000     0.00000     0.00000     0.00000     0.00000     0.00000     0.00000     0.00000     0.00000
   -57.82970     0.00000     0.00000     0.00000     0.00000     0.00000     0.00000     0.00000     0.00000     0.00000     0.00000     0.00000     0.00000     0.00000     0.00000     0.00000     0.00000     0.00000
   -57.76470     0.00000     0.00000     0.00000     0.00000     0.00000     0.00000     0.00000     0.00000     0.00000     0.00000     0.00000     0.00000     0.00000     0.00000     0.00000     0.00000     0.00000
   -57.69970     0.00000     0.00000     0.00000     0.00000     0.00000     0.00000     0.00000     0.00000     0.00000     0.00000     0.00000     0.00000     0.00000     0.00000     0.00000     0.00000     0.00000
   -57.63470     0.00000     0.00000     0.00000     0.00000     0.00000     0.00000     0.00000     0.00000     0.00000     0.00000     0.00000     0.00000     0.00000     0.00000     0.00000     0.00000     0.00000
   -57.56970     0.00000     0.00000     0.00000     0.00000     0.00000     0.00000     0.00000     0.00000     0.00000     0.00000     0.00000     0.00000     0.00000     0.00000     0.00000     0.00000     0.00000
   -57.50470     0.00000     0.00000     0.00000     0.00000     0.00000     0.00000     0.00000     0.00000     0.00000     0.00000     0.00000     0.00000     0.00000     0.00000     0.00000     0.00000     0.00000
   -57.43870     0.00000     0.00000     0.00000     0.00000     0.00000     0.00000     0.00000     0.00000     0.00000     0.00000     0.00000     0.00000     0.00000     0.00000     0.00000     0.00000     0.00000
   -57.37370     0.00000     0.00000     0.00000     0.00000     0.00000     0.00000     0.00000     0.00000     0.00000     0.00000     0.00000     0.00000     0.00000     0.00000     0.00000     0.00000     0.00000
   -57.30870     0.00000     0.00000     0.00000     0.00000     0.00000     0.00000     0.00000     0.00000     0.00000     0.00000     0.00000     0.00000     0.00000     0.00000     0.00000     0.00000     0.00000
   -57.24370     0.00000     0.00000     0.00000     0.00000     0.00000     0.00000     0.00000     0.00000     0.00000     0.00000     0.00000     0.00000     0.00000     0.00000     0.00000     0.00000     0.00000
   -57.17870     0.00000     0.00000     0.00000     0.00000     0.00000     0.00000     0.00000     0.00000     0.00000     0.00000     0.00000     0.00000     0.00000     0.00000     0.00000     0.00000     0.00000
   -57.11370     0.00000     0.00000     0.00000     0.00000     0.00000     0.00000     0.00000     0.00000     0.00000     0.00000     0.00000     0.00000     0.00000     0.00000     0.00000     0.00000     0.00000
   -57.04870     0.00000     0.00000     0.00000     0.00000     0.00000     0.00000     0.00000     0.00000     0.00000     0.00000     0.00000     0.00000     0.00000     0.00000     0.00000     0.00000     0.00000
   -56.98270     0.00000     0.00000     0.00000     0.00000     0.00000     0.00000     0.00000     0.00000     0.00000     0.00000     0.00000     0.00000     0.00000     0.00000     0.00000     0.00000     0.00000
   -56.91770     0.00000     0.00000     0.00000     0.00000     0.00000     0.00000     0.00000     0.00000     0.00000     0.00000     0.00000     0.00000     0.00000     0.00000     0.00000     0.00000     0.00000
   -56.85270     0.00000     0.00000     0.00000     0.00000     0.00000     0.00000     0.00000     0.00000     0.00000     0.00000     0.00000     0.00000     0.00000     0.00000     0.00000     0.00000     0.00000
   -56.78770     0.00000     0.00000     0.00000     0.00000     0.00000     0.00000     0.00000     0.00000     0.00000     0.00000     0.00000     0.00000     0.00000     0.00000     0.00000     0.00000     0.00000
   -56.72270     0.00000     0.00000     0.00000     0.00000     0.00000     0.00000     0.00000     0.00000     0.00000     0.00000     0.00000     0.00000     0.00000     0.00000     0.00000     0.00000     0.00000
   -56.65770     0.00000     0.00000     0.00000     0.00000     0.00000     0.00000     0.00000     0.00000     0.00000     0.00000     0.00000     0.00000     0.00000     0.00000     0.00000     0.00000     0.00000
   -56.59270     0.00000     0.00000     0.00000     0.00000     0.00000     0.00000     0.00000     0.00000     0.00000     0.00000     0.00000     0.00000     0.00000     0.00000     0.00000     0.00000     0.00000
   -56.52670     0.00000     0.00000     0.00000     0.00000     0.00000     0.00000     0.00000     0.00000     0.00000     0.00000     0.00000     0.00000     0.00000     0.00000     0.00000     0.00000     0.00000
   -56.46170     0.00000     0.00000     0.00000     0.00000     0.00000     0.00000     0.00000     0.00000     0.00000     0.00000     0.00000     0.00000     0.00000     0.00000     0.00000     0.00000     0.00000
   -56.39670     0.00000     0.00000     0.00000     0.00000     0.00000     0.00000     0.00000     0.00000     0.00000     0.00000     0.00000     0.00000     0.00000     0.00000     0.00000     0.00000     0.00000
   -56.33170     0.00000     0.00000     0.00000     0.00000     0.00000     0.00000     0.00000     0.00000     0.00000     0.00000     0.00000     0.00000     0.00000     0.00000     0.00000     0.00000     0.00000
   -56.26670     0.00000     0.00000     0.00000     0.00000     0.00000     0.00000     0.00000     0.00000     0.00000     0.00000     0.00000     0.00000     0.00000     0.00000     0.00000     0.00000     0.00000
   -56.20170     0.00000     0.00000     0.00000     0.00000     0.00000     0.00000     0.00000     0.00000     0.00000     0.00000     0.00000     0.00000     0.00000     0.00000     0.00000     0.00000     0.00000
   -56.13670     0.00000     0.00000     0.00000     0.00000     0.00000     0.00000     0.00000     0.00000     0.00000     0.00000     0.00000     0.00000     0.00000     0.00000     0.00000     0.00000     0.00000
   -56.07070     0.00000     0.00000     0.00000     0.00000     0.00000     0.00000     0.00000     0.00000     0.00000     0.00000     0.00000     0.00000     0.00000     0.00000     0.00000     0.00000     0.00000
   -56.00570     0.00000     0.00000     0.00000     0.00000     0.00000     0.00000     0.00000     0.00000     0.00000     0.00000     0.00000     0.00000     0.00000     0.00000     0.00000     0.00000     0.00000
   -55.94070     0.00000     0.00000     0.00000     0.00000     0.00000     0.00000     0.00000     0.00000     0.00000     0.00000     0.00000     0.00000     0.00000     0.00000     0.00000     0.00000     0.00000
   -55.87570     0.00000     0.00000     0.00000     0.00000     0.00000     0.00000     0.00000     0.00000     0.00000     0.00000     0.00000     0.00000     0.00000     0.00000     0.00000     0.00000     0.00000
   -55.81070     0.00000     0.00000     0.00000     0.00000     0.00000     0.00000     0.00000     0.00000     0.00000     0.00000     0.00000     0.00000     0.00000     0.00000     0.00000     0.00000     0.00000
   -55.74570     0.00000     0.00000     0.00000     0.00000     0.00000     0.00000     0.00000     0.00000     0.00000     0.00000     0.00000     0.00000     0.00000     0.00000     0.00000     0.00000     0.00000
   -55.68070     0.00000     0.00000     0.00000     0.00000     0.00000     0.00000     0.00000     0.00000     0.00000     0.00000     0.00000     0.00000     0.00000     0.00000     0.00000     0.00000     0.00000
   -55.61570     0.00000     0.00000     0.00000     0.00000     0.00000     0.00000     0.00000     0.00000     0.00000     0.00000     0.00000     0.00000     0.00000     0.00000     0.00000     0.00000     0.00000
   -55.54970     0.00000     0.00000     0.00000     0.00000     0.00000     0.00000     0.00000     0.00000     0.00000     0.00000     0.00000     0.00000     0.00000     0.00000     0.00000     0.00000     0.00000
   -55.48470     0.00000     0.00000     0.00000     0.00000     0.00000     0.00000     0.00000     0.00000     0.00000     0.00000     0.00000     0.00000     0.00000     0.00000     0.00000     0.00000     0.00000
   -55.41970     0.00000     0.00000     0.00000     0.00000     0.00000     0.00000     0.00000     0.00000     0.00000     0.00000     0.00000     0.00000     0.00000     0.00000     0.00000     0.00000     0.00000
   -55.35470     0.00000     0.00000     0.00000     0.00000     0.00000     0.00000     0.00000     0.00000     0.00000     0.00000     0.00000     0.00000     0.00000     0.00000     0.00000     0.00000     0.00000
   -55.28970     0.00000     0.00000     0.00000     0.00000     0.00000     0.00000     0.00000     0.00000     0.00000     0.00000     0.00000     0.00000     0.00000     0.00000     0.00000     0.00000     0.00000
   -55.22470     0.00000     0.00000     0.00000     0.00000     0.00000     0.00000     0.00000     0.00000     0.00000     0.00000     0.00000     0.00000     0.00000     0.00000     0.00000     0.00000     0.00000
   -55.15970     0.00000     0.00000     0.00000     0.00000     0.00000     0.00000     0.00000     0.00000     0.00000     0.00000     0.00000     0.00000     0.00000     0.00000     0.00000     0.00000     0.00000
   -55.09370     0.00000     0.00000     0.00000     0.00000     0.00000     0.00000     0.00000     0.00000     0.00000     0.00000     0.00000     0.00000     0.00000     0.00000     0.00000     0.00000     0.00000
   -55.02870     0.00000     0.00000     0.00000     0.00000     0.00000     0.00000     0.00000     0.00000     0.00000     0.00000     0.00000     0.00000     0.00000     0.00000     0.00000     0.00000     0.00000
   -54.96370     0.00000     0.00000     0.00000     0.00000     0.00000     0.00000     0.00000     0.00000     0.00000     0.00000     0.00000     0.00000     0.00000     0.00000     0.00000     0.00000     0.00000
   -54.89870     0.00000     0.00000     0.00000     0.00000     0.00000     0.00000     0.00000     0.00000     0.00000     0.00000     0.00000     0.00000     0.00000     0.00000     0.00000     0.00000     0.00000
   -54.83370     0.00000     0.00000     0.00000     0.00000     0.00000     0.00000     0.00000     0.00000     0.00000     0.00000     0.00000     0.00000     0.00000     0.00000     0.00000     0.00000     0.00000
   -54.76870     0.00000     0.00000     0.00000     0.00000     0.00000     0.00000     0.00000     0.00000     0.00000     0.00000     0.00000     0.00000     0.00000     0.00000     0.00000     0.00000     0.00000
   -54.70370     0.00000     0.00000     0.00000     0.00000     0.00000     0.00000     0.00000     0.00000     0.00000     0.00000     0.00000     0.00000     0.00000     0.00000     0.00000     0.00000     0.00000
   -54.63770     0.00000     0.00000     0.00000     0.00000     0.00000     0.00000     0.00000     0.00000     0.00000     0.00000     0.00000     0.00000     0.00000     0.00000     0.00000     0.00000     0.00000
   -54.57270     0.00000     0.00000     0.00000     0.00000     0.00000     0.00000     0.00000     0.00000     0.00000     0.00000     0.00000     0.00000     0.00000     0.00000     0.00000     0.00000     0.00000
   -54.50770     0.00000     0.00000     0.00000     0.00000     0.00000     0.00000     0.00000     0.00000     0.00000     0.00000     0.00000     0.00000     0.00000     0.00000     0.00000     0.00000     0.00000
   -54.44270     0.00000     0.00000     0.00000     0.00000     0.00000     0.00000     0.00000     0.00000     0.00000     0.00000     0.00000     0.00000     0.00000     0.00000     0.00000     0.00000     0.00000
   -54.37770     0.00000     0.00000     0.00000     0.00000     0.00000     0.00000     0.00000     0.00000     0.00000     0.00000     0.00000     0.00000     0.00000     0.00000     0.00000     0.00000     0.00000
   -54.31270     0.00000     0.00000     0.00000     0.00000     0.00000     0.00000     0.00000     0.00000     0.00000     0.00000     0.00000     0.00000     0.00000     0.00000     0.00000     0.00000     0.00000
   -54.24770     0.00000     0.00000     0.00000     0.00000     0.00000     0.00000     0.00000     0.00000     0.00000     0.00000     0.00000     0.00000     0.00000     0.00000     0.00000     0.00000     0.00000
   -54.18270     0.00000     0.00000     0.00000     0.00000     0.00000     0.00000     0.00000     0.00000     0.00000     0.00000     0.00000     0.00000     0.00000     0.00000     0.00000     0.00000     0.00000
   -54.11670     0.00000     0.00000     0.00000     0.00000     0.00000     0.00000     0.00000     0.00000     0.00000     0.00000     0.00000     0.00000     0.00000     0.00000     0.00000     0.00000     0.00000
   -54.05170     0.00000     0.00000     0.00000     0.00000     0.00000     0.00000     0.00000     0.00000     0.00000     0.00000     0.00000     0.00000     0.00000     0.00000     0.00000     0.00000     0.00000
   -53.98670     0.00000     0.00000     0.00000     0.00000     0.00000     0.00000     0.00000     0.00000     0.00000     0.00000     0.00000     0.00000     0.00000     0.00000     0.00000     0.00000     0.00000
   -53.92170     0.00000     0.00000     0.00000     0.00000     0.00000     0.00000     0.00000     0.00000     0.00000     0.00000     0.00000     0.00000     0.00000     0.00000     0.00000     0.00000     0.00000
   -53.85670     0.00000     0.00000     0.00000     0.00000     0.00000     0.00000     0.00000     0.00000     0.00000     0.00000     0.00000     0.00000     0.00000     0.00000     0.00000     0.00000     0.00000
   -53.79170     0.00000     0.00000     0.00000     0.00000     0.00000     0.00000     0.00000     0.00000     0.00000     0.00000     0.00000     0.00000     0.00000     0.00000     0.00000     0.00000     0.00000
   -53.72670     0.00000     0.00000     0.00000     0.00000     0.00000     0.00000     0.00000     0.00000     0.00000     0.00000     0.00000     0.00000     0.00000     0.00000     0.00000     0.00000     0.00000
   -53.66070     0.00000     0.00000     0.00000     0.00000     0.00000     0.00000     0.00000     0.00000     0.00000     0.00000     0.00000     0.00000     0.00000     0.00000     0.00000     0.00000     0.00000
   -53.59570     0.00000     0.00000     0.00000     0.00000     0.00000     0.00000     0.00000     0.00000     0.00000     0.00000     0.00000     0.00000     0.00000     0.00000     0.00000     0.00000     0.00000
   -53.53070     0.00000     0.00000     0.00000     0.00000     0.00000     0.00000     0.00000     0.00000     0.00000     0.00000     0.00000     0.00000     0.00000     0.00000     0.00000     0.00000     0.00000
   -53.46570     0.00000     0.00000     0.00000     0.00000     0.00000     0.00000     0.00000     0.00000     0.00000     0.00000     0.00000     0.00000     0.00000     0.00000     0.00000     0.00000     0.00000
   -53.40070     0.00000     0.00000     0.00000     0.00000     0.00000     0.00000     0.00000     0.00000     0.00000     0.00000     0.00000     0.00000     0.00000     0.00000     0.00000     0.00000     0.00000
   -53.33570     0.00000     0.00000     0.00000     0.00000     0.00000     0.00000     0.00000     0.00000     0.00000     0.00000     0.00000     0.00000     0.00000     0.00000     0.00000     0.00000     0.00000
   -53.27070     0.00000     0.00000     0.00000     0.00000     0.00000     0.00000     0.00000     0.00000     0.00000     0.00000     0.00000     0.00000     0.00000     0.00000     0.00000     0.00000     0.00000
   -53.20470     0.00000     0.00000     0.00000     0.00000     0.00000     0.00000     0.00000     0.00000     0.00000     0.00000     0.00000     0.00000     0.00000     0.00000     0.00000     0.00000     0.00000
   -53.13970     0.00000     0.00000     0.00000     0.00000     0.00000     0.00000     0.00000     0.00000     0.00000     0.00000     0.00000     0.00000     0.00000     0.00000     0.00000     0.00000     0.00000
   -53.07470     0.00000     0.00000     0.00000     0.00000     0.00000     0.00000     0.00000     0.00000     0.00000     0.00000     0.00000     0.00000     0.00000     0.00000     0.00000     0.00000     0.00000
   -53.00970     0.00000     0.00000     0.00000     0.00000     0.00000     0.00000     0.00000     0.00000     0.00000     0.00000     0.00000     0.00000     0.00000     0.00000     0.00000     0.00000     0.00000
   -52.94470     0.00000     0.00000     0.00000     0.00000     0.00000     0.00000     0.00000     0.00000     0.00000     0.00000     0.00000     0.00000     0.00000     0.00000     0.00000     0.00000     0.00000
   -52.87970     0.00000     0.00000     0.00000     0.00000     0.00000     0.00000     0.00000     0.00000     0.00000     0.00000     0.00000     0.00000     0.00000     0.00000     0.00000     0.00000     0.00000
   -52.81470     0.00000     0.00000     0.00000     0.00000     0.00000     0.00000     0.00000     0.00000     0.00000     0.00000     0.00000     0.00000     0.00000     0.00000     0.00000     0.00000     0.00000
   -52.74970     0.00000     0.00000     0.00000     0.00000     0.00000     0.00000     0.00000     0.00000     0.00000     0.00000     0.00000     0.00000     0.00000     0.00000     0.00000     0.00000     0.00000
   -52.68370     0.00000     0.00000     0.00000     0.00000     0.00000     0.00000     0.00000     0.00000     0.00000     0.00000     0.00000     0.00000     0.00000     0.00000     0.00000     0.00000     0.00000
   -52.61870     0.00000     0.00000     0.00000     0.00000     0.00000     0.00000     0.00000     0.00000     0.00000     0.00000     0.00000     0.00000     0.00000     0.00000     0.00000     0.00000     0.00000
   -52.55370     0.00000     0.00000     0.00000     0.00000     0.00000     0.00000     0.00000     0.00000     0.00000     0.00000     0.00000     0.00000     0.00000     0.00000     0.00000     0.00000     0.00000
   -52.48870     0.00000     0.00000     0.00000     0.00000     0.00000     0.00000     0.00000     0.00000     0.00000     0.00000     0.00000     0.00000     0.00000     0.00000     0.00000     0.00000     0.00000
   -52.42370     0.00000     0.00000     0.00000     0.00000     0.00000     0.00000     0.00000     0.00000     0.00000     0.00000     0.00000     0.00000     0.00000     0.00000     0.00000     0.00000     0.00000
   -52.35870     0.00000     0.00000     0.00000     0.00000     0.00000     0.00000     0.00000     0.00000     0.00000     0.00000     0.00000     0.00000     0.00000     0.00000     0.00000     0.00000     0.00000
   -52.29370     0.00000     0.00000     0.00000     0.00000     0.00000     0.00000     0.00000     0.00000     0.00000     0.00000     0.00000     0.00000     0.00000     0.00000     0.00000     0.00000     0.00000
   -52.22770     0.00000     0.00000     0.00000     0.00000     0.00000     0.00000     0.00000     0.00000     0.00000     0.00000     0.00000     0.00000     0.00000     0.00000     0.00000     0.00000     0.00000
   -52.16270     0.00000     0.00000     0.00000     0.00000     0.00000     0.00000     0.00000     0.00000     0.00000     0.00000     0.00000     0.00000     0.00000     0.00000     0.00000     0.00000     0.00000
   -52.09770     0.00000     0.00000     0.00000     0.00000     0.00000     0.00000     0.00000     0.00000     0.00000     0.00000     0.00000     0.00000     0.00000     0.00000     0.00000     0.00000     0.00000
   -52.03270     0.00000     0.00000     0.00000     0.00000     0.00000     0.00000     0.00000     0.00000     0.00000     0.00000     0.00000     0.00000     0.00000     0.00000     0.00000     0.00000     0.00000
   -51.96770     0.00000     0.00000     0.00000     0.00000     0.00000     0.00000     0.00000     0.00000     0.00000     0.00000     0.00000     0.00000     0.00000     0.00000     0.00000     0.00000     0.00000
   -51.90270     0.00000     0.00000     0.00000     0.00000     0.00000     0.00000     0.00000     0.00000     0.00000     0.00000     0.00000     0.00000     0.00000     0.00000     0.00000     0.00000     0.00000
   -51.83770     0.00000     0.00000     0.00000     0.00000     0.00000     0.00000     0.00000     0.00000     0.00000     0.00000     0.00000     0.00000     0.00000     0.00000     0.00000     0.00000     0.00000
   -51.77170     0.00000     0.00000     0.00000     0.00000     0.00000     0.00000     0.00000     0.00000     0.00000     0.00000     0.00000     0.00000     0.00000     0.00000     0.00000     0.00000     0.00000
   -51.70670     0.00000     0.00000     0.00000     0.00000     0.00000     0.00000     0.00000     0.00000     0.00000     0.00000     0.00000     0.00000     0.00000     0.00000     0.00000     0.00000     0.00000
   -51.64170     0.00000     0.00000     0.00000     0.00000     0.00000     0.00000     0.00000     0.00000     0.00000     0.00000     0.00000     0.00000     0.00000     0.00000     0.00000     0.00000     0.00000
   -51.57670     0.00000     0.00000     0.00000     0.00000     0.00000     0.00000     0.00000     0.00000     0.00000     0.00000     0.00000     0.00000     0.00000     0.00000     0.00000     0.00000     0.00000
   -51.51170     0.00000     0.00000     0.00000     0.00000     0.00000     0.00000     0.00000     0.00000     0.00000     0.00000     0.00000     0.00000     0.00000     0.00000     0.00000     0.00000     0.00000
   -51.44670     0.00000     0.00000     0.00000     0.00000     0.00000     0.00000     0.00000     0.00000     0.00000     0.00000     0.00000     0.00000     0.00000     0.00000     0.00000     0.00000     0.00000
   -51.38170     0.00000     0.00000     0.00000     0.00000     0.00000     0.00000     0.00000     0.00000     0.00000     0.00000     0.00000     0.00000     0.00000     0.00000     0.00000     0.00000     0.00000
   -51.31570     0.00000     0.00000     0.00000     0.00000     0.00000     0.00000     0.00000     0.00000     0.00000     0.00000     0.00000     0.00000     0.00000     0.00000     0.00000     0.00000     0.00000
   -51.25070     0.00000     0.00000     0.00000     0.00000     0.00000     0.00000     0.00000     0.00000     0.00000     0.00000     0.00000     0.00000     0.00000     0.00000     0.00000     0.00000     0.00000
   -51.18570     0.00000     0.00000     0.00000     0.00000     0.00000     0.00000     0.00000     0.00000     0.00000     0.00000     0.00000     0.00000     0.00000     0.00000     0.00000     0.00000     0.00000
   -51.12070     0.00000     0.00000     0.00000     0.00000     0.00000     0.00000     0.00000     0.00000     0.00000     0.00000     0.00000     0.00000     0.00000     0.00000     0.00000     0.00000     0.00000
   -51.05570     0.00000     0.00000     0.00000     0.00000     0.00000     0.00000     0.00000     0.00000     0.00000     0.00000     0.00000     0.00000     0.00000     0.00000     0.00000     0.00000     0.00000
   -50.99070     0.00000     0.00000     0.00000     0.00000     0.00000     0.00000     0.00000     0.00000     0.00000     0.00000     0.00000     0.00000     0.00000     0.00000     0.00000     0.00000     0.00000
   -50.92570     0.00000     0.00000     0.00000     0.00000     0.00000     0.00000     0.00000     0.00000     0.00000     0.00000     0.00000     0.00000     0.00000     0.00000     0.00000     0.00000     0.00000
   -50.86070     0.00000     0.00000     0.00000     0.00000     0.00000     0.00000     0.00000     0.00000     0.00000     0.00000     0.00000     0.00000     0.00000     0.00000     0.00000     0.00000     0.00000
   -50.79470     0.00000     0.00000     0.00000     0.00000     0.00000     0.00000     0.00000     0.00000     0.00000     0.00000     0.00000     0.00000     0.00000     0.00000     0.00000     0.00000     0.00000
   -50.72970     0.00000     0.00000     0.00000     0.00000     0.00000     0.00000     0.00000     0.00000     0.00000     0.00000     0.00000     0.00000     0.00000     0.00000     0.00000     0.00000     0.00000
   -50.66470     0.00000     0.00000     0.00000     0.00000     0.00000     0.00000     0.00000     0.00000     0.00000     0.00000     0.00000     0.00000     0.00000     0.00000     0.00000     0.00000     0.00000
   -50.59970     0.00000     0.00000     0.00000     0.00000     0.00000     0.00000     0.00000     0.00000     0.00000     0.00000     0.00000     0.00000     0.00000     0.00000     0.00000     0.00000     0.00000
   -50.53470     0.00000     0.00000     0.00000     0.00000     0.00000     0.00000     0.00000     0.00000     0.00000     0.00000     0.00000     0.00000     0.00000     0.00000     0.00000     0.00000     0.00000
   -50.46970     0.00000     0.00000     0.00000     0.00000     0.00000     0.00000     0.00000     0.00000     0.00000     0.00000     0.00000     0.00000     0.00000     0.00000     0.00000     0.00000     0.00000
   -50.40470     0.00000     0.00000     0.00000     0.00000     0.00000     0.00000     0.00000     0.00000     0.00000     0.00000     0.00000     0.00000     0.00000     0.00000     0.00000     0.00000     0.00000
   -50.33870     0.00000     0.00000     0.00000     0.00000     0.00000     0.00000     0.00000     0.00000     0.00000     0.00000     0.00000     0.00000     0.00000     0.00000     0.00000     0.00000     0.00000
   -50.27370     0.00000     0.00000     0.00000     0.00000     0.00000     0.00000     0.00000     0.00000     0.00000     0.00000     0.00000     0.00000     0.00000     0.00000     0.00000     0.00000     0.00000
   -50.20870     0.00000     0.00000     0.00000     0.00000     0.00000     0.00000     0.00000     0.00000     0.00000     0.00000     0.00000     0.00000     0.00000     0.00000     0.00000     0.00000     0.00000
   -50.14370     0.00000     0.00000     0.00000     0.00000     0.00000     0.00000     0.00000     0.00000     0.00000     0.00000     0.00000     0.00000     0.00000     0.00000     0.00000     0.00000     0.00000
   -50.07870     0.00000     0.00000     0.00000     0.00000     0.00000     0.00000     0.00000     0.00000     0.00000     0.00000     0.00000     0.00000     0.00000     0.00000     0.00000     0.00000     0.00000
   -50.01370     0.00000     0.00000     0.00000     0.00000     0.00000     0.00000     0.00000     0.00000     0.00000     0.00000     0.00000     0.00000     0.00000     0.00000     0.00000     0.00000     0.00000
   -49.94870     0.00000     0.00000     0.00000     0.00000     0.00000     0.00000     0.00000     0.00000     0.00000     0.00000     0.00000     0.00000     0.00000     0.00000     0.00000     0.00000     0.00000
   -49.88270     0.00000     0.00000     0.00000     0.00000     0.00000     0.00000     0.00000     0.00000     0.00000     0.00000     0.00000     0.00000     0.00000     0.00000     0.00000     0.00000     0.00000
   -49.81770     0.00017     0.00011     0.00024     0.00010     0.00000     0.00000     0.00000     0.00000     0.00000     0.00000     0.00000     0.00000     0.00000     0.00000     0.00000     0.00000     0.00063
   -49.75270     0.00019     0.00084     0.00168     0.00097     0.00002     0.00001     0.00000     0.00001     0.00000     0.00000     0.00000     0.00000     0.00000     0.00000     0.00000     0.00000     0.00373
   -49.68770     0.00002     0.00025     0.00428     0.00134     0.00008     0.00003     0.00000     0.00000     0.00000     0.00000     0.00000     0.00000     0.00000     0.00000     0.00000     0.00000     0.00600
   -49.62270     0.00000     0.00000     0.00000     0.00000     0.00000     0.00000     0.00000     0.00000     0.00000     0.00000     0.00000     0.00000     0.00000     0.00000     0.00000     0.00000     0.00000
   -49.55770     0.00000     0.00000     0.00000     0.00000     0.00000     0.00000     0.00000     0.00000     0.00000     0.00000     0.00000     0.00000     0.00000     0.00000     0.00000     0.00000     0.00000
   -49.49270     0.00001     0.00020     0.00016     0.00010     0.00001     0.00000     0.00002     0.00000     0.00000     0.00000     0.00000     0.00000     0.00000     0.00000     0.00000     0.00000     0.00051
   -49.42770     0.00000     0.00002     0.00004     0.00003     0.00000     0.00000     0.00000     0.00000     0.00000     0.00000     0.00000     0.00000     0.00000     0.00000     0.00000     0.00000     0.00009
   -49.36170     0.00000     0.00000     0.00000     0.00000     0.00000     0.00000     0.00000     0.00000     0.00000     0.00000     0.00000     0.00000     0.00000     0.00000     0.00000     0.00000     0.00000
   -49.29670     0.00000     0.00000     0.00000     0.00000     0.00000     0.00000     0.00000     0.00000     0.00000     0.00000     0.00000     0.00000     0.00000     0.00000     0.00000     0.00000     0.00000
   -49.23170     0.00000     0.00000     0.00000     0.00000     0.00000     0.00000     0.00000     0.00000     0.00000     0.00000     0.00000     0.00000     0.00000     0.00000     0.00000     0.00000     0.00000
   -49.16670     0.00000     0.00000     0.00000     0.00000     0.00000     0.00000     0.00000     0.00000     0.00000     0.00000     0.00000     0.00000     0.00000     0.00000     0.00000     0.00000     0.00000
   -49.10170     0.00000     0.00000     0.00000     0.00000     0.00000     0.00000     0.00000     0.00000     0.00000     0.00000     0.00000     0.00000     0.00000     0.00000     0.00000     0.00000     0.00000
   -49.03670     0.00000     0.00000     0.00000     0.00000     0.00000     0.00000     0.00000     0.00000     0.00000     0.00000     0.00000     0.00000     0.00000     0.00000     0.00000     0.00000     0.00000
   -48.97170     0.00000     0.00000     0.00000     0.00000     0.00000     0.00000     0.00000     0.00000     0.00000     0.00000     0.00000     0.00000     0.00000     0.00000     0.00000     0.00000     0.00000
   -48.90570     0.00000     0.00000     0.00000     0.00000     0.00000     0.00000     0.00000     0.00000     0.00000     0.00000     0.00000     0.00000     0.00000     0.00000     0.00000     0.00000     0.00000
   -48.84070     0.00000     0.00000     0.00000     0.00000     0.00000     0.00000     0.00000     0.00000     0.00000     0.00000     0.00000     0.00000     0.00000     0.00000     0.00000     0.00000     0.00000
   -48.77570     0.00000     0.00000     0.00000     0.00000     0.00000     0.00000     0.00000     0.00000     0.00000     0.00000     0.00000     0.00000     0.00000     0.00000     0.00000     0.00000     0.00000
   -48.71070     0.00000     0.00000     0.00000     0.00000     0.00000     0.00000     0.00000     0.00000     0.00000     0.00000     0.00000     0.00000     0.00000     0.00000     0.00000     0.00000     0.00000
   -48.64570     0.00000     0.00000     0.00000     0.00000     0.00000     0.00000     0.00000     0.00000     0.00000     0.00000     0.00000     0.00000     0.00000     0.00000     0.00000     0.00000     0.00000
   -48.58070     0.00000     0.00000     0.00000     0.00000     0.00000     0.00000     0.00000     0.00000     0.00000     0.00000     0.00000     0.00000     0.00000     0.00000     0.00000     0.00000     0.00000
   -48.51570     0.00000     0.00000     0.00000     0.00000     0.00000     0.00000     0.00000     0.00000     0.00000     0.00000     0.00000     0.00000     0.00000     0.00000     0.00000     0.00000     0.00000
   -48.44970     0.00000     0.00000     0.00000     0.00000     0.00000     0.00000     0.00000     0.00000     0.00000     0.00000     0.00000     0.00000     0.00000     0.00000     0.00000     0.00000     0.00000
   -48.38470     0.00000     0.00000     0.00000     0.00000     0.00000     0.00000     0.00000     0.00000     0.00000     0.00000     0.00000     0.00000     0.00000     0.00000     0.00000     0.00000     0.00000
   -48.31970     0.00000     0.00000     0.00000     0.00000     0.00000     0.00000     0.00000     0.00000     0.00000     0.00000     0.00000     0.00000     0.00000     0.00000     0.00000     0.00000     0.00000
   -48.25470     0.00000     0.00000     0.00000     0.00000     0.00000     0.00000     0.00000     0.00000     0.00000     0.00000     0.00000     0.00000     0.00000     0.00000     0.00000     0.00000     0.00000
   -48.18970     0.00000     0.00000     0.00000     0.00000     0.00000     0.00000     0.00000     0.00000     0.00000     0.00000     0.00000     0.00000     0.00000     0.00000     0.00000     0.00000     0.00000
   -48.12470     0.00000     0.00000     0.00000     0.00000     0.00000     0.00000     0.00000     0.00000     0.00000     0.00000     0.00000     0.00000     0.00000     0.00000     0.00000     0.00000     0.00000
   -48.05970     0.00000     0.00000     0.00000     0.00000     0.00000     0.00000     0.00000     0.00000     0.00000     0.00000     0.00000     0.00000     0.00000     0.00000     0.00000     0.00000     0.00000
   -47.99370     0.00000     0.00000     0.00000     0.00000     0.00000     0.00000     0.00000     0.00000     0.00000     0.00000     0.00000     0.00000     0.00000     0.00000     0.00000     0.00000     0.00000
   -47.92870     0.00000     0.00000     0.00000     0.00000     0.00000     0.00000     0.00000     0.00000     0.00000     0.00000     0.00000     0.00000     0.00000     0.00000     0.00000     0.00000     0.00000
   -47.86370     0.00000     0.00000     0.00000     0.00000     0.00000     0.00000     0.00000     0.00000     0.00000     0.00000     0.00000     0.00000     0.00000     0.00000     0.00000     0.00000     0.00000
   -47.79870     0.00000     0.00000     0.00000     0.00000     0.00000     0.00000     0.00000     0.00000     0.00000     0.00000     0.00000     0.00000     0.00000     0.00000     0.00000     0.00000     0.00000
   -47.73370     0.00000     0.00000     0.00000     0.00000     0.00000     0.00000     0.00000     0.00000     0.00000     0.00000     0.00000     0.00000     0.00000     0.00000     0.00000     0.00000     0.00000
   -47.66870     0.00000     0.00000     0.00000     0.00000     0.00000     0.00000     0.00000     0.00000     0.00000     0.00000     0.00000     0.00000     0.00000     0.00000     0.00000     0.00000     0.00000
   -47.60370     0.00000     0.00000     0.00000     0.00000     0.00000     0.00000     0.00000     0.00000     0.00000     0.00000     0.00000     0.00000     0.00000     0.00000     0.00000     0.00000     0.00000
   -47.53870     0.00000     0.00000     0.00000     0.00000     0.00000     0.00000     0.00000     0.00000     0.00000     0.00000     0.00000     0.00000     0.00000     0.00000     0.00000     0.00000     0.00000
   -47.47270     0.00000     0.00000     0.00000     0.00000     0.00000     0.00000     0.00000     0.00000     0.00000     0.00000     0.00000     0.00000     0.00000     0.00000     0.00000     0.00000     0.00000
   -47.40770     0.00000     0.00000     0.00000     0.00000     0.00000     0.00000     0.00000     0.00000     0.00000     0.00000     0.00000     0.00000     0.00000     0.00000     0.00000     0.00000     0.00000
   -47.34270     0.00000     0.00000     0.00000     0.00000     0.00000     0.00000     0.00000     0.00000     0.00000     0.00000     0.00000     0.00000     0.00000     0.00000     0.00000     0.00000     0.00000
   -47.27770     0.00000     0.00000     0.00000     0.00000     0.00000     0.00000     0.00000     0.00000     0.00000     0.00000     0.00000     0.00000     0.00000     0.00000     0.00000     0.00000     0.00000
   -47.21270     0.00000     0.00000     0.00000     0.00000     0.00000     0.00000     0.00000     0.00000     0.00000     0.00000     0.00000     0.00000     0.00000     0.00000     0.00000     0.00000     0.00000
   -47.14770     0.00000     0.00000     0.00000     0.00000     0.00000     0.00000     0.00000     0.00000     0.00000     0.00000     0.00000     0.00000     0.00000     0.00000     0.00000     0.00000     0.00000
   -47.08270     0.00000     0.00000     0.00000     0.00000     0.00000     0.00000     0.00000     0.00000     0.00000     0.00000     0.00000     0.00000     0.00000     0.00000     0.00000     0.00000     0.00000
   -47.01670     0.00000     0.00000     0.00000     0.00000     0.00000     0.00000     0.00000     0.00000     0.00000     0.00000     0.00000     0.00000     0.00000     0.00000     0.00000     0.00000     0.00000
   -46.95170     0.00000     0.00000     0.00000     0.00000     0.00000     0.00000     0.00000     0.00000     0.00000     0.00000     0.00000     0.00000     0.00000     0.00000     0.00000     0.00000     0.00000
   -46.88670     0.00000     0.00000     0.00000     0.00000     0.00000     0.00000     0.00000     0.00000     0.00000     0.00000     0.00000     0.00000     0.00000     0.00000     0.00000     0.00000     0.00000
   -46.82170     0.00000     0.00000     0.00000     0.00000     0.00000     0.00000     0.00000     0.00000     0.00000     0.00000     0.00000     0.00000     0.00000     0.00000     0.00000     0.00000     0.00000
   -46.75670     0.00000     0.00000     0.00000     0.00000     0.00000     0.00000     0.00000     0.00000     0.00000     0.00000     0.00000     0.00000     0.00000     0.00000     0.00000     0.00000     0.00000
   -46.69170     0.00000     0.00000     0.00000     0.00000     0.00000     0.00000     0.00000     0.00000     0.00000     0.00000     0.00000     0.00000     0.00000     0.00000     0.00000     0.00000     0.00000
   -46.62670     0.00000     0.00000     0.00000     0.00000     0.00000     0.00000     0.00000     0.00000     0.00000     0.00000     0.00000     0.00000     0.00000     0.00000     0.00000     0.00000     0.00000
   -46.56070     0.00000     0.00000     0.00000     0.00000     0.00000     0.00000     0.00000     0.00000     0.00000     0.00000     0.00000     0.00000     0.00000     0.00000     0.00000     0.00000     0.00000
   -46.49570     0.00000     0.00000     0.00000     0.00000     0.00000     0.00000     0.00000     0.00000     0.00000     0.00000     0.00000     0.00000     0.00000     0.00000     0.00000     0.00000     0.00000
   -46.43070     0.00000     0.00000     0.00000     0.00000     0.00000     0.00000     0.00000     0.00000     0.00000     0.00000     0.00000     0.00000     0.00000     0.00000     0.00000     0.00000     0.00000
   -46.36570     0.00000     0.00000     0.00000     0.00000     0.00000     0.00000     0.00000     0.00000     0.00000     0.00000     0.00000     0.00000     0.00000     0.00000     0.00000     0.00000     0.00000
   -46.30070     0.00000     0.00000     0.00000     0.00000     0.00000     0.00000     0.00000     0.00000     0.00000     0.00000     0.00000     0.00000     0.00000     0.00000     0.00000     0.00000     0.00000
   -46.23570     0.00000     0.00000     0.00000     0.00000     0.00000     0.00000     0.00000     0.00000     0.00000     0.00000     0.00000     0.00000     0.00000     0.00000     0.00000     0.00000     0.00000
   -46.17070     0.00000     0.00000     0.00000     0.00000     0.00000     0.00000     0.00000     0.00000     0.00000     0.00000     0.00000     0.00000     0.00000     0.00000     0.00000     0.00000     0.00000
   -46.10570     0.00000     0.00000     0.00000     0.00000     0.00000     0.00000     0.00000     0.00000     0.00000     0.00000     0.00000     0.00000     0.00000     0.00000     0.00000     0.00000     0.00000
   -46.03970     0.00000     0.00000     0.00000     0.00000     0.00000     0.00000     0.00000     0.00000     0.00000     0.00000     0.00000     0.00000     0.00000     0.00000     0.00000     0.00000     0.00000
   -45.97470     0.00000     0.00000     0.00000     0.00000     0.00000     0.00000     0.00000     0.00000     0.00000     0.00000     0.00000     0.00000     0.00000     0.00000     0.00000     0.00000     0.00000
   -45.90970     0.00000     0.00000     0.00000     0.00000     0.00000     0.00000     0.00000     0.00000     0.00000     0.00000     0.00000     0.00000     0.00000     0.00000     0.00000     0.00000     0.00000
   -45.84470     0.00000     0.00000     0.00000     0.00000     0.00000     0.00000     0.00000     0.00000     0.00000     0.00000     0.00000     0.00000     0.00000     0.00000     0.00000     0.00000     0.00000
   -45.77970     0.00000     0.00000     0.00000     0.00000     0.00000     0.00000     0.00000     0.00000     0.00000     0.00000     0.00000     0.00000     0.00000     0.00000     0.00000     0.00000     0.00000
   -45.71470     0.00000     0.00000     0.00000     0.00000     0.00000     0.00000     0.00000     0.00000     0.00000     0.00000     0.00000     0.00000     0.00000     0.00000     0.00000     0.00000     0.00000
   -45.64970     0.00000     0.00000     0.00000     0.00000     0.00000     0.00000     0.00000     0.00000     0.00000     0.00000     0.00000     0.00000     0.00000     0.00000     0.00000     0.00000     0.00000
   -45.58370     0.00000     0.00000     0.00000     0.00000     0.00000     0.00000     0.00000     0.00000     0.00000     0.00000     0.00000     0.00000     0.00000     0.00000     0.00000     0.00000     0.00000
   -45.51870     0.00000     0.00000     0.00000     0.00000     0.00000     0.00000     0.00000     0.00000     0.00000     0.00000     0.00000     0.00000     0.00000     0.00000     0.00000     0.00000     0.00000
   -45.45370     0.00000     0.00000     0.00000     0.00000     0.00000     0.00000     0.00000     0.00000     0.00000     0.00000     0.00000     0.00000     0.00000     0.00000     0.00000     0.00000     0.00000
   -45.38870     0.00000     0.00000     0.00000     0.00000     0.00000     0.00000     0.00000     0.00000     0.00000     0.00000     0.00000     0.00000     0.00000     0.00000     0.00000     0.00000     0.00000
   -45.32370     0.00000     0.00000     0.00000     0.00000     0.00000     0.00000     0.00000     0.00000     0.00000     0.00000     0.00000     0.00000     0.00000     0.00000     0.00000     0.00000     0.00000
   -45.25870     0.00000     0.00000     0.00000     0.00000     0.00000     0.00000     0.00000     0.00000     0.00000     0.00000     0.00000     0.00000     0.00000     0.00000     0.00000     0.00000     0.00000
   -45.19370     0.00000     0.00000     0.00000     0.00000     0.00000     0.00000     0.00000     0.00000     0.00000     0.00000     0.00000     0.00000     0.00000     0.00000     0.00000     0.00000     0.00000
   -45.12770     0.00000     0.00000     0.00000     0.00000     0.00000     0.00000     0.00000     0.00000     0.00000     0.00000     0.00000     0.00000     0.00000     0.00000     0.00000     0.00000     0.00000
   -45.06270     0.00000     0.00000     0.00000     0.00000     0.00000     0.00000     0.00000     0.00000     0.00000     0.00000     0.00000     0.00000     0.00000     0.00000     0.00000     0.00000     0.00000
   -44.99770     0.00000     0.00000     0.00000     0.00000     0.00000     0.00000     0.00000     0.00000     0.00000     0.00000     0.00000     0.00000     0.00000     0.00000     0.00000     0.00000     0.00000
   -44.93270     0.00000     0.00000     0.00000     0.00000     0.00000     0.00000     0.00000     0.00000     0.00000     0.00000     0.00000     0.00000     0.00000     0.00000     0.00000     0.00000     0.00000
   -44.86770     0.00000     0.00000     0.00000     0.00000     0.00000     0.00000     0.00000     0.00000     0.00000     0.00000     0.00000     0.00000     0.00000     0.00000     0.00000     0.00000     0.00000
   -44.80270     0.00000     0.00000     0.00000     0.00000     0.00000     0.00000     0.00000     0.00000     0.00000     0.00000     0.00000     0.00000     0.00000     0.00000     0.00000     0.00000     0.00000
   -44.73770     0.00000     0.00000     0.00000     0.00000     0.00000     0.00000     0.00000     0.00000     0.00000     0.00000     0.00000     0.00000     0.00000     0.00000     0.00000     0.00000     0.00000
   -44.67170     0.00000     0.00000     0.00000     0.00000     0.00000     0.00000     0.00000     0.00000     0.00000     0.00000     0.00000     0.00000     0.00000     0.00000     0.00000     0.00000     0.00000
   -44.60670     0.00000     0.00000     0.00000     0.00000     0.00000     0.00000     0.00000     0.00000     0.00000     0.00000     0.00000     0.00000     0.00000     0.00000     0.00000     0.00000     0.00000
   -44.54170     0.00000     0.00000     0.00000     0.00000     0.00000     0.00000     0.00000     0.00000     0.00000     0.00000     0.00000     0.00000     0.00000     0.00000     0.00000     0.00000     0.00000
   -44.47670     0.00000     0.00000     0.00000     0.00000     0.00000     0.00000     0.00000     0.00000     0.00000     0.00000     0.00000     0.00000     0.00000     0.00000     0.00000     0.00000     0.00000
   -44.41170     0.00000     0.00000     0.00000     0.00000     0.00000     0.00000     0.00000     0.00000     0.00000     0.00000     0.00000     0.00000     0.00000     0.00000     0.00000     0.00000     0.00000
   -44.34670     0.00000     0.00000     0.00000     0.00000     0.00000     0.00000     0.00000     0.00000     0.00000     0.00000     0.00000     0.00000     0.00000     0.00000     0.00000     0.00000     0.00000
   -44.28170     0.00000     0.00000     0.00000     0.00000     0.00000     0.00000     0.00000     0.00000     0.00000     0.00000     0.00000     0.00000     0.00000     0.00000     0.00000     0.00000     0.00000
   -44.21670     0.00000     0.00000     0.00000     0.00000     0.00000     0.00000     0.00000     0.00000     0.00000     0.00000     0.00000     0.00000     0.00000     0.00000     0.00000     0.00000     0.00000
   -44.15070     0.00000     0.00000     0.00000     0.00000     0.00000     0.00000     0.00000     0.00000     0.00000     0.00000     0.00000     0.00000     0.00000     0.00000     0.00000     0.00000     0.00000
   -44.08570     0.00000     0.00000     0.00000     0.00000     0.00000     0.00000     0.00000     0.00000     0.00000     0.00000     0.00000     0.00000     0.00000     0.00000     0.00000     0.00000     0.00000
   -44.02070     0.00000     0.00000     0.00000     0.00000     0.00000     0.00000     0.00000     0.00000     0.00000     0.00000     0.00000     0.00000     0.00000     0.00000     0.00000     0.00000     0.00000
   -43.95570     0.00000     0.00000     0.00000     0.00000     0.00000     0.00000     0.00000     0.00000     0.00000     0.00000     0.00000     0.00000     0.00000     0.00000     0.00000     0.00000     0.00000
   -43.89070     0.00000     0.00000     0.00000     0.00000     0.00000     0.00000     0.00000     0.00000     0.00000     0.00000     0.00000     0.00000     0.00000     0.00000     0.00000     0.00000     0.00000
   -43.82570     0.00000     0.00000     0.00000     0.00000     0.00000     0.00000     0.00000     0.00000     0.00000     0.00000     0.00000     0.00000     0.00000     0.00000     0.00000     0.00000     0.00000
   -43.76070     0.00000     0.00000     0.00000     0.00000     0.00000     0.00000     0.00000     0.00000     0.00000     0.00000     0.00000     0.00000     0.00000     0.00000     0.00000     0.00000     0.00000
   -43.69470     0.00000     0.00000     0.00000     0.00000     0.00000     0.00000     0.00000     0.00000     0.00000     0.00000     0.00000     0.00000     0.00000     0.00000     0.00000     0.00000     0.00000
   -43.62970     0.00000     0.00000     0.00000     0.00000     0.00000     0.00000     0.00000     0.00000     0.00000     0.00000     0.00000     0.00000     0.00000     0.00000     0.00000     0.00000     0.00000
   -43.56470     0.00000     0.00000     0.00000     0.00000     0.00000     0.00000     0.00000     0.00000     0.00000     0.00000     0.00000     0.00000     0.00000     0.00000     0.00000     0.00000     0.00000
   -43.49970     0.00000     0.00000     0.00000     0.00000     0.00000     0.00000     0.00000     0.00000     0.00000     0.00000     0.00000     0.00000     0.00000     0.00000     0.00000     0.00000     0.00000
   -43.43470     0.00000     0.00000     0.00000     0.00000     0.00000     0.00000     0.00000     0.00000     0.00000     0.00000     0.00000     0.00000     0.00000     0.00000     0.00000     0.00000     0.00000
   -43.36970     0.00000     0.00000     0.00000     0.00000     0.00000     0.00000     0.00000     0.00000     0.00000     0.00000     0.00000     0.00000     0.00000     0.00000     0.00000     0.00000     0.00000
   -43.30470     0.00000     0.00000     0.00000     0.00000     0.00000     0.00000     0.00000     0.00000     0.00000     0.00000     0.00000     0.00000     0.00000     0.00000     0.00000     0.00000     0.00000
   -43.23870     0.00000     0.00000     0.00000     0.00000     0.00000     0.00000     0.00000     0.00000     0.00000     0.00000     0.00000     0.00000     0.00000     0.00000     0.00000     0.00000     0.00000
   -43.17370     0.00000     0.00000     0.00000     0.00000     0.00000     0.00000     0.00000     0.00000     0.00000     0.00000     0.00000     0.00000     0.00000     0.00000     0.00000     0.00000     0.00000
   -43.10870     0.00000     0.00000     0.00000     0.00000     0.00000     0.00000     0.00000     0.00000     0.00000     0.00000     0.00000     0.00000     0.00000     0.00000     0.00000     0.00000     0.00000
   -43.04370     0.00000     0.00000     0.00000     0.00000     0.00000     0.00000     0.00000     0.00000     0.00000     0.00000     0.00000     0.00000     0.00000     0.00000     0.00000     0.00000     0.00000
   -42.97870     0.00000     0.00000     0.00000     0.00000     0.00000     0.00000     0.00000     0.00000     0.00000     0.00000     0.00000     0.00000     0.00000     0.00000     0.00000     0.00000     0.00000
   -42.91370     0.00000     0.00000     0.00000     0.00000     0.00000     0.00000     0.00000     0.00000     0.00000     0.00000     0.00000     0.00000     0.00000     0.00000     0.00000     0.00000     0.00000
   -42.84870     0.00000     0.00000     0.00000     0.00000     0.00000     0.00000     0.00000     0.00000     0.00000     0.00000     0.00000     0.00000     0.00000     0.00000     0.00000     0.00000     0.00000
   -42.78370     0.00000     0.00000     0.00000     0.00000     0.00000     0.00000     0.00000     0.00000     0.00000     0.00000     0.00000     0.00000     0.00000     0.00000     0.00000     0.00000     0.00000
   -42.71770     0.00000     0.00000     0.00000     0.00000     0.00000     0.00000     0.00000     0.00000     0.00000     0.00000     0.00000     0.00000     0.00000     0.00000     0.00000     0.00000     0.00000
   -42.65270     0.00000     0.00000     0.00000     0.00000     0.00000     0.00000     0.00000     0.00000     0.00000     0.00000     0.00000     0.00000     0.00000     0.00000     0.00000     0.00000     0.00000
   -42.58770     0.00000     0.00000     0.00000     0.00000     0.00000     0.00000     0.00000     0.00000     0.00000     0.00000     0.00000     0.00000     0.00000     0.00000     0.00000     0.00000     0.00000
   -42.52270     0.00000     0.00000     0.00000     0.00000     0.00000     0.00000     0.00000     0.00000     0.00000     0.00000     0.00000     0.00000     0.00000     0.00000     0.00000     0.00000     0.00000
   -42.45770     0.00000     0.00000     0.00000     0.00000     0.00000     0.00000     0.00000     0.00000     0.00000     0.00000     0.00000     0.00000     0.00000     0.00000     0.00000     0.00000     0.00000
   -42.39270     0.00000     0.00000     0.00000     0.00000     0.00000     0.00000     0.00000     0.00000     0.00000     0.00000     0.00000     0.00000     0.00000     0.00000     0.00000     0.00000     0.00000
   -42.32770     0.00000     0.00000     0.00000     0.00000     0.00000     0.00000     0.00000     0.00000     0.00000     0.00000     0.00000     0.00000     0.00000     0.00000     0.00000     0.00000     0.00000
   -42.26170     0.00000     0.00000     0.00000     0.00000     0.00000     0.00000     0.00000     0.00000     0.00000     0.00000     0.00000     0.00000     0.00000     0.00000     0.00000     0.00000     0.00000
   -42.19670     0.00000     0.00000     0.00000     0.00000     0.00000     0.00000     0.00000     0.00000     0.00000     0.00000     0.00000     0.00000     0.00000     0.00000     0.00000     0.00000     0.00000
   -42.13170     0.00000     0.00000     0.00000     0.00000     0.00000     0.00000     0.00000     0.00000     0.00000     0.00000     0.00000     0.00000     0.00000     0.00000     0.00000     0.00000     0.00000
   -42.06670     0.00000     0.00000     0.00000     0.00000     0.00000     0.00000     0.00000     0.00000     0.00000     0.00000     0.00000     0.00000     0.00000     0.00000     0.00000     0.00000     0.00000
   -42.00170     0.00000     0.00000     0.00000     0.00000     0.00000     0.00000     0.00000     0.00000     0.00000     0.00000     0.00000     0.00000     0.00000     0.00000     0.00000     0.00000     0.00000
   -41.93670     0.00000     0.00000     0.00000     0.00000     0.00000     0.00000     0.00000     0.00000     0.00000     0.00000     0.00000     0.00000     0.00000     0.00000     0.00000     0.00000     0.00000
   -41.87170     0.00000     0.00000     0.00000     0.00000     0.00000     0.00000     0.00000     0.00000     0.00000     0.00000     0.00000     0.00000     0.00000     0.00000     0.00000     0.00000     0.00000
   -41.80570     0.00000     0.00000     0.00000     0.00000     0.00000     0.00000     0.00000     0.00000     0.00000     0.00000     0.00000     0.00000     0.00000     0.00000     0.00000     0.00000     0.00000
   -41.74070     0.00000     0.00000     0.00000     0.00000     0.00000     0.00000     0.00000     0.00000     0.00000     0.00000     0.00000     0.00000     0.00000     0.00000     0.00000     0.00000     0.00000
   -41.67570     0.00000     0.00000     0.00000     0.00000     0.00000     0.00000     0.00000     0.00000     0.00000     0.00000     0.00000     0.00000     0.00000     0.00000     0.00000     0.00000     0.00000
   -41.61070     0.00000     0.00000     0.00000     0.00000     0.00000     0.00000     0.00000     0.00000     0.00000     0.00000     0.00000     0.00000     0.00000     0.00000     0.00000     0.00000     0.00000
   -41.54570     0.00000     0.00000     0.00000     0.00000     0.00000     0.00000     0.00000     0.00000     0.00000     0.00000     0.00000     0.00000     0.00000     0.00000     0.00000     0.00000     0.00000
   -41.48070     0.00000     0.00000     0.00000     0.00000     0.00000     0.00000     0.00000     0.00000     0.00000     0.00000     0.00000     0.00000     0.00000     0.00000     0.00000     0.00000     0.00000
   -41.41570     0.00000     0.00000     0.00000     0.00000     0.00000     0.00000     0.00000     0.00000     0.00000     0.00000     0.00000     0.00000     0.00000     0.00000     0.00000     0.00000     0.00000
   -41.35070     0.00000     0.00000     0.00000     0.00000     0.00000     0.00000     0.00000     0.00000     0.00000     0.00000     0.00000     0.00000     0.00000     0.00000     0.00000     0.00000     0.00000
   -41.28470     0.00000     0.00000     0.00000     0.00000     0.00000     0.00000     0.00000     0.00000     0.00000     0.00000     0.00000     0.00000     0.00000     0.00000     0.00000     0.00000     0.00000
   -41.21970     0.00000     0.00000     0.00000     0.00000     0.00000     0.00000     0.00000     0.00000     0.00000     0.00000     0.00000     0.00000     0.00000     0.00000     0.00000     0.00000     0.00000
   -41.15470     0.00000     0.00000     0.00000     0.00000     0.00000     0.00000     0.00000     0.00000     0.00000     0.00000     0.00000     0.00000     0.00000     0.00000     0.00000     0.00000     0.00000
   -41.08970     0.00000     0.00000     0.00000     0.00000     0.00000     0.00000     0.00000     0.00000     0.00000     0.00000     0.00000     0.00000     0.00000     0.00000     0.00000     0.00000     0.00000
   -41.02470     0.00000     0.00000     0.00000     0.00000     0.00000     0.00000     0.00000     0.00000     0.00000     0.00000     0.00000     0.00000     0.00000     0.00000     0.00000     0.00000     0.00000
   -40.95970     0.00000     0.00000     0.00000     0.00000     0.00000     0.00000     0.00000     0.00000     0.00000     0.00000     0.00000     0.00000     0.00000     0.00000     0.00000     0.00000     0.00000
   -40.89470     0.00000     0.00000     0.00000     0.00000     0.00000     0.00000     0.00000     0.00000     0.00000     0.00000     0.00000     0.00000     0.00000     0.00000     0.00000     0.00000     0.00000
   -40.82870     0.00000     0.00000     0.00000     0.00000     0.00000     0.00000     0.00000     0.00000     0.00000     0.00000     0.00000     0.00000     0.00000     0.00000     0.00000     0.00000     0.00000
   -40.76370     0.00000     0.00000     0.00000     0.00000     0.00000     0.00000     0.00000     0.00000     0.00000     0.00000     0.00000     0.00000     0.00000     0.00000     0.00000     0.00000     0.00000
   -40.69870     0.00000     0.00000     0.00000     0.00000     0.00000     0.00000     0.00000     0.00000     0.00000     0.00000     0.00000     0.00000     0.00000     0.00000     0.00000     0.00000     0.00000
   -40.63370     0.00000     0.00000     0.00000     0.00000     0.00000     0.00000     0.00000     0.00000     0.00000     0.00000     0.00000     0.00000     0.00000     0.00000     0.00000     0.00000     0.00000
   -40.56870     0.00000     0.00000     0.00000     0.00000     0.00000     0.00000     0.00000     0.00000     0.00000     0.00000     0.00000     0.00000     0.00000     0.00000     0.00000     0.00000     0.00000
   -40.50370     0.00000     0.00000     0.00000     0.00000     0.00000     0.00000     0.00000     0.00000     0.00000     0.00000     0.00000     0.00000     0.00000     0.00000     0.00000     0.00000     0.00000
   -40.43870     0.00000     0.00000     0.00000     0.00000     0.00000     0.00000     0.00000     0.00000     0.00000     0.00000     0.00000     0.00000     0.00000     0.00000     0.00000     0.00000     0.00000
   -40.37270     0.00000     0.00000     0.00000     0.00000     0.00000     0.00000     0.00000     0.00000     0.00000     0.00000     0.00000     0.00000     0.00000     0.00000     0.00000     0.00000     0.00000
   -40.30770     0.00000     0.00000     0.00000     0.00000     0.00000     0.00000     0.00000     0.00000     0.00000     0.00000     0.00000     0.00000     0.00000     0.00000     0.00000     0.00000     0.00000
   -40.24270     0.00000     0.00000     0.00000     0.00000     0.00000     0.00000     0.00000     0.00000     0.00000     0.00000     0.00000     0.00000     0.00000     0.00000     0.00000     0.00000     0.00000
   -40.17770     0.00000     0.00000     0.00000     0.00000     0.00000     0.00000     0.00000     0.00000     0.00000     0.00000     0.00000     0.00000     0.00000     0.00000     0.00000     0.00000     0.00000
   -40.11270     0.00000     0.00000     0.00000     0.00000     0.00000     0.00000     0.00000     0.00000     0.00000     0.00000     0.00000     0.00000     0.00000     0.00000     0.00000     0.00000     0.00000
   -40.04770     0.00000     0.00000     0.00000     0.00000     0.00000     0.00000     0.00000     0.00000     0.00000     0.00000     0.00000     0.00000     0.00000     0.00000     0.00000     0.00000     0.00000
   -39.98270     0.00000     0.00000     0.00000     0.00000     0.00000     0.00000     0.00000     0.00000     0.00000     0.00000     0.00000     0.00000     0.00000     0.00000     0.00000     0.00000     0.00000
   -39.91670     0.00000     0.00000     0.00000     0.00000     0.00000     0.00000     0.00000     0.00000     0.00000     0.00000     0.00000     0.00000     0.00000     0.00000     0.00000     0.00000     0.00000
   -39.85170     0.00000     0.00000     0.00000     0.00000     0.00000     0.00000     0.00000     0.00000     0.00000     0.00000     0.00000     0.00000     0.00000     0.00000     0.00000     0.00000     0.00000
   -39.78670     0.00000     0.00000     0.00000     0.00000     0.00000     0.00000     0.00000     0.00000     0.00000     0.00000     0.00000     0.00000     0.00000     0.00000     0.00000     0.00000     0.00000
   -39.72170     0.00000     0.00000     0.00000     0.00000     0.00000     0.00000     0.00000     0.00000     0.00000     0.00000     0.00000     0.00000     0.00000     0.00000     0.00000     0.00000     0.00000
   -39.65670     0.00000     0.00000     0.00000     0.00000     0.00000     0.00000     0.00000     0.00000     0.00000     0.00000     0.00000     0.00000     0.00000     0.00000     0.00000     0.00000     0.00000
   -39.59170     0.00000     0.00000     0.00000     0.00000     0.00000     0.00000     0.00000     0.00000     0.00000     0.00000     0.00000     0.00000     0.00000     0.00000     0.00000     0.00000     0.00000
   -39.52670     0.00000     0.00000     0.00000     0.00000     0.00000     0.00000     0.00000     0.00000     0.00000     0.00000     0.00000     0.00000     0.00000     0.00000     0.00000     0.00000     0.00000
   -39.46170     0.00000     0.00000     0.00000     0.00000     0.00000     0.00000     0.00000     0.00000     0.00000     0.00000     0.00000     0.00000     0.00000     0.00000     0.00000     0.00000     0.00000
   -39.39570     0.00000     0.00000     0.00000     0.00000     0.00000     0.00000     0.00000     0.00000     0.00000     0.00000     0.00000     0.00000     0.00000     0.00000     0.00000     0.00000     0.00000
   -39.33070     0.00000     0.00000     0.00000     0.00000     0.00000     0.00000     0.00000     0.00000     0.00000     0.00000     0.00000     0.00000     0.00000     0.00000     0.00000     0.00000     0.00000
   -39.26570     0.00000     0.00000     0.00000     0.00000     0.00000     0.00000     0.00000     0.00000     0.00000     0.00000     0.00000     0.00000     0.00000     0.00000     0.00000     0.00000     0.00000
   -39.20070     0.00000     0.00000     0.00000     0.00000     0.00000     0.00000     0.00000     0.00000     0.00000     0.00000     0.00000     0.00000     0.00000     0.00000     0.00000     0.00000     0.00000
   -39.13570     0.00000     0.00000     0.00000     0.00000     0.00000     0.00000     0.00000     0.00000     0.00000     0.00000     0.00000     0.00000     0.00000     0.00000     0.00000     0.00000     0.00000
   -39.07070     0.00000     0.00000     0.00000     0.00000     0.00000     0.00000     0.00000     0.00000     0.00000     0.00000     0.00000     0.00000     0.00000     0.00000     0.00000     0.00000     0.00000
   -39.00570     0.00000     0.00000     0.00000     0.00000     0.00000     0.00000     0.00000     0.00000     0.00000     0.00000     0.00000     0.00000     0.00000     0.00000     0.00000     0.00000     0.00000
   -38.93970     0.00000     0.00000     0.00000     0.00000     0.00000     0.00000     0.00000     0.00000     0.00000     0.00000     0.00000     0.00000     0.00000     0.00000     0.00000     0.00000     0.00000
   -38.87470     0.00000     0.00000     0.00000     0.00000     0.00000     0.00000     0.00000     0.00000     0.00000     0.00000     0.00000     0.00000     0.00000     0.00000     0.00000     0.00000     0.00000
   -38.80970     0.00000     0.00000     0.00000     0.00000     0.00000     0.00000     0.00000     0.00000     0.00000     0.00000     0.00000     0.00000     0.00000     0.00000     0.00000     0.00000     0.00000
   -38.74470     0.00000     0.00000     0.00000     0.00000     0.00000     0.00000     0.00000     0.00000     0.00000     0.00000     0.00000     0.00000     0.00000     0.00000     0.00000     0.00000     0.00000
   -38.67970     0.00000     0.00000     0.00000     0.00000     0.00000     0.00000     0.00000     0.00000     0.00000     0.00000     0.00000     0.00000     0.00000     0.00000     0.00000     0.00000     0.00000
   -38.61470     0.00000     0.00000     0.00000     0.00000     0.00000     0.00000     0.00000     0.00000     0.00000     0.00000     0.00000     0.00000     0.00000     0.00000     0.00000     0.00000     0.00000
   -38.54970     0.00000     0.00000     0.00000     0.00000     0.00000     0.00000     0.00000     0.00000     0.00000     0.00000     0.00000     0.00000     0.00000     0.00000     0.00000     0.00000     0.00000
   -38.48370     0.00000     0.00000     0.00000     0.00000     0.00000     0.00000     0.00000     0.00000     0.00000     0.00000     0.00000     0.00000     0.00000     0.00000     0.00000     0.00000     0.00000
   -38.41870     0.00000     0.00000     0.00000     0.00000     0.00000     0.00000     0.00000     0.00000     0.00000     0.00000     0.00000     0.00000     0.00000     0.00000     0.00000     0.00000     0.00000
   -38.35370     0.00000     0.00000     0.00000     0.00000     0.00000     0.00000     0.00000     0.00000     0.00000     0.00000     0.00000     0.00000     0.00000     0.00000     0.00000     0.00000     0.00000
   -38.28870     0.00000     0.00000     0.00000     0.00000     0.00000     0.00000     0.00000     0.00000     0.00000     0.00000     0.00000     0.00000     0.00000     0.00000     0.00000     0.00000     0.00000
   -38.22370     0.00000     0.00000     0.00000     0.00000     0.00000     0.00000     0.00000     0.00000     0.00000     0.00000     0.00000     0.00000     0.00000     0.00000     0.00000     0.00000     0.00000
   -38.15870     0.00000     0.00000     0.00000     0.00000     0.00000     0.00000     0.00000     0.00000     0.00000     0.00000     0.00000     0.00000     0.00000     0.00000     0.00000     0.00000     0.00000
   -38.09370     0.00000     0.00000     0.00000     0.00000     0.00000     0.00000     0.00000     0.00000     0.00000     0.00000     0.00000     0.00000     0.00000     0.00000     0.00000     0.00000     0.00000
   -38.02870     0.00000     0.00000     0.00000     0.00000     0.00000     0.00000     0.00000     0.00000     0.00000     0.00000     0.00000     0.00000     0.00000     0.00000     0.00000     0.00000     0.00000
   -37.96270     0.00000     0.00000     0.00000     0.00000     0.00000     0.00000     0.00000     0.00000     0.00000     0.00000     0.00000     0.00000     0.00000     0.00000     0.00000     0.00000     0.00000
   -37.89770     0.00000     0.00000     0.00000     0.00000     0.00000     0.00000     0.00000     0.00000     0.00000     0.00000     0.00000     0.00000     0.00000     0.00000     0.00000     0.00000     0.00000
   -37.83270     0.00000     0.00000     0.00000     0.00000     0.00000     0.00000     0.00000     0.00000     0.00000     0.00000     0.00000     0.00000     0.00000     0.00000     0.00000     0.00000     0.00000
   -37.76770     0.00000     0.00000     0.00000     0.00000     0.00000     0.00000     0.00000     0.00000     0.00000     0.00000     0.00000     0.00000     0.00000     0.00000     0.00000     0.00000     0.00000
   -37.70270     0.00000     0.00000     0.00000     0.00000     0.00000     0.00000     0.00000     0.00000     0.00000     0.00000     0.00000     0.00000     0.00000     0.00000     0.00000     0.00000     0.00000
   -37.63770     0.00000     0.00000     0.00000     0.00000     0.00000     0.00000     0.00000     0.00000     0.00000     0.00000     0.00000     0.00000     0.00000     0.00000     0.00000     0.00000     0.00000
   -37.57270     0.00000     0.00000     0.00000     0.00000     0.00000     0.00000     0.00000     0.00000     0.00000     0.00000     0.00000     0.00000     0.00000     0.00000     0.00000     0.00000     0.00000
   -37.50670     0.00000     0.00000     0.00000     0.00000     0.00000     0.00000     0.00000     0.00000     0.00000     0.00000     0.00000     0.00000     0.00000     0.00000     0.00000     0.00000     0.00000
   -37.44170     0.00000     0.00000     0.00000     0.00000     0.00000     0.00000     0.00000     0.00000     0.00000     0.00000     0.00000     0.00000     0.00000     0.00000     0.00000     0.00000     0.00000
   -37.37670     0.00000     0.00000     0.00000     0.00000     0.00000     0.00000     0.00000     0.00000     0.00000     0.00000     0.00000     0.00000     0.00000     0.00000     0.00000     0.00000     0.00000
   -37.31170     0.00000     0.00000     0.00000     0.00000     0.00000     0.00000     0.00000     0.00000     0.00000     0.00000     0.00000     0.00000     0.00000     0.00000     0.00000     0.00000     0.00000
   -37.24670     0.00000     0.00000     0.00000     0.00000     0.00000     0.00000     0.00000     0.00000     0.00000     0.00000     0.00000     0.00000     0.00000     0.00000     0.00000     0.00000     0.00000
   -37.18170     0.00000     0.00000     0.00000     0.00000     0.00000     0.00000     0.00000     0.00000     0.00000     0.00000     0.00000     0.00000     0.00000     0.00000     0.00000     0.00000     0.00000
   -37.11670     0.00000     0.00000     0.00000     0.00000     0.00000     0.00000     0.00000     0.00000     0.00000     0.00000     0.00000     0.00000     0.00000     0.00000     0.00000     0.00000     0.00000
   -37.05070     0.00000     0.00000     0.00000     0.00000     0.00000     0.00000     0.00000     0.00000     0.00000     0.00000     0.00000     0.00000     0.00000     0.00000     0.00000     0.00000     0.00000
   -36.98570     0.00000     0.00000     0.00000     0.00000     0.00000     0.00000     0.00000     0.00000     0.00000     0.00000     0.00000     0.00000     0.00000     0.00000     0.00000     0.00000     0.00000
   -36.92070     0.00000     0.00000     0.00000     0.00000     0.00000     0.00000     0.00000     0.00000     0.00000     0.00000     0.00000     0.00000     0.00000     0.00000     0.00000     0.00000     0.00000
   -36.85570     0.00000     0.00000     0.00000     0.00000     0.00000     0.00000     0.00000     0.00000     0.00000     0.00000     0.00000     0.00000     0.00000     0.00000     0.00000     0.00000     0.00000
   -36.79070     0.00000     0.00000     0.00000     0.00000     0.00000     0.00000     0.00000     0.00000     0.00000     0.00000     0.00000     0.00000     0.00000     0.00000     0.00000     0.00000     0.00000
   -36.72570     0.00000     0.00000     0.00000     0.00000     0.00000     0.00000     0.00000     0.00000     0.00000     0.00000     0.00000     0.00000     0.00000     0.00000     0.00000     0.00000     0.00000
   -36.66070     0.00000     0.00000     0.00000     0.00000     0.00000     0.00000     0.00000     0.00000     0.00000     0.00000     0.00000     0.00000     0.00000     0.00000     0.00000     0.00000     0.00000
   -36.59470     0.00000     0.00000     0.00000     0.00000     0.00000     0.00000     0.00000     0.00000     0.00000     0.00000     0.00000     0.00000     0.00000     0.00000     0.00000     0.00000     0.00000
   -36.52970     0.00000     0.00000     0.00000     0.00000     0.00000     0.00000     0.00000     0.00000     0.00000     0.00000     0.00000     0.00000     0.00000     0.00000     0.00000     0.00000     0.00000
   -36.46470     0.00000     0.00000     0.00000     0.00000     0.00000     0.00000     0.00000     0.00000     0.00000     0.00000     0.00000     0.00000     0.00000     0.00000     0.00000     0.00000     0.00000
   -36.39970     0.00000     0.00000     0.00000     0.00000     0.00000     0.00000     0.00000     0.00000     0.00000     0.00000     0.00000     0.00000     0.00000     0.00000     0.00000     0.00000     0.00000
   -36.33470     0.00000     0.00000     0.00000     0.00000     0.00000     0.00000     0.00000     0.00000     0.00000     0.00000     0.00000     0.00000     0.00000     0.00000     0.00000     0.00000     0.00000
   -36.26970     0.00000     0.00000     0.00000     0.00000     0.00000     0.00000     0.00000     0.00000     0.00000     0.00000     0.00000     0.00000     0.00000     0.00000     0.00000     0.00000     0.00000
   -36.20470     0.00000     0.00000     0.00000     0.00000     0.00000     0.00000     0.00000     0.00000     0.00000     0.00000     0.00000     0.00000     0.00000     0.00000     0.00000     0.00000     0.00000
   -36.13970     0.00000     0.00000     0.00000     0.00000     0.00000     0.00000     0.00000     0.00000     0.00000     0.00000     0.00000     0.00000     0.00000     0.00000     0.00000     0.00000     0.00000
   -36.07370     0.00000     0.00000     0.00000     0.00000     0.00000     0.00000     0.00000     0.00000     0.00000     0.00000     0.00000     0.00000     0.00000     0.00000     0.00000     0.00000     0.00000
   -36.00870     0.00000     0.00000     0.00000     0.00000     0.00000     0.00000     0.00000     0.00000     0.00000     0.00000     0.00000     0.00000     0.00000     0.00000     0.00000     0.00000     0.00000
   -35.94370     0.00000     0.00000     0.00000     0.00000     0.00000     0.00000     0.00000     0.00000     0.00000     0.00000     0.00000     0.00000     0.00000     0.00000     0.00000     0.00000     0.00000
   -35.87870     0.00000     0.00000     0.00000     0.00000     0.00000     0.00000     0.00000     0.00000     0.00000     0.00000     0.00000     0.00000     0.00000     0.00000     0.00000     0.00000     0.00000
   -35.81370     0.00000     0.00000     0.00000     0.00000     0.00000     0.00000     0.00000     0.00000     0.00000     0.00000     0.00000     0.00000     0.00000     0.00000     0.00000     0.00000     0.00000
   -35.74870     0.00000     0.00000     0.00000     0.00000     0.00000     0.00000     0.00000     0.00000     0.00000     0.00000     0.00000     0.00000     0.00000     0.00000     0.00000     0.00000     0.00000
   -35.68370     0.00000     0.00000     0.00000     0.00000     0.00000     0.00000     0.00000     0.00000     0.00000     0.00000     0.00000     0.00000     0.00000     0.00000     0.00000     0.00000     0.00000
   -35.61770     0.00000     0.00000     0.00000     0.00000     0.00000     0.00000     0.00000     0.00000     0.00000     0.00000     0.00000     0.00000     0.00000     0.00000     0.00000     0.00000     0.00000
   -35.55270     0.00000     0.00000     0.00000     0.00000     0.00000     0.00000     0.00000     0.00000     0.00000     0.00000     0.00000     0.00000     0.00000     0.00000     0.00000     0.00000     0.00000
   -35.48770     0.00000     0.00000     0.00000     0.00000     0.00000     0.00000     0.00000     0.00000     0.00000     0.00000     0.00000     0.00000     0.00000     0.00000     0.00000     0.00000     0.00000
   -35.42270     0.00000     0.00000     0.00000     0.00000     0.00000     0.00000     0.00000     0.00000     0.00000     0.00000     0.00000     0.00000     0.00000     0.00000     0.00000     0.00000     0.00000
   -35.35770     0.00000     0.00000     0.00000     0.00000     0.00000     0.00000     0.00000     0.00000     0.00000     0.00000     0.00000     0.00000     0.00000     0.00000     0.00000     0.00000     0.00000
   -35.29270     0.00000     0.00000     0.00000     0.00000     0.00000     0.00000     0.00000     0.00000     0.00000     0.00000     0.00000     0.00000     0.00000     0.00000     0.00000     0.00000     0.00000
   -35.22770     0.00000     0.00000     0.00000     0.00000     0.00000     0.00000     0.00000     0.00000     0.00000     0.00000     0.00000     0.00000     0.00000     0.00000     0.00000     0.00000     0.00000
   -35.16170     0.00000     0.00000     0.00000     0.00000     0.00000     0.00000     0.00000     0.00000     0.00000     0.00000     0.00000     0.00000     0.00000     0.00000     0.00000     0.00000     0.00000
   -35.09670     0.00000     0.00000     0.00000     0.00000     0.00000     0.00000     0.00000     0.00000     0.00000     0.00000     0.00000     0.00000     0.00000     0.00000     0.00000     0.00000     0.00000
   -35.03170     0.00000     0.00000     0.00000     0.00000     0.00000     0.00000     0.00000     0.00000     0.00000     0.00000     0.00000     0.00000     0.00000     0.00000     0.00000     0.00000     0.00000
   -34.96670     0.00000     0.00000     0.00000     0.00000     0.00000     0.00000     0.00000     0.00000     0.00000     0.00000     0.00000     0.00000     0.00000     0.00000     0.00000     0.00000     0.00000
   -34.90170     0.00000     0.00000     0.00000     0.00000     0.00000     0.00000     0.00000     0.00000     0.00000     0.00000     0.00000     0.00000     0.00000     0.00000     0.00000     0.00000     0.00000
   -34.83670     0.00000     0.00000     0.00000     0.00000     0.00000     0.00000     0.00000     0.00000     0.00000     0.00000     0.00000     0.00000     0.00000     0.00000     0.00000     0.00000     0.00000
   -34.77170     0.00000     0.00000     0.00000     0.00000     0.00000     0.00000     0.00000     0.00000     0.00000     0.00000     0.00000     0.00000     0.00000     0.00000     0.00000     0.00000     0.00000
   -34.70670     0.00000     0.00000     0.00000     0.00000     0.00000     0.00000     0.00000     0.00000     0.00000     0.00000     0.00000     0.00000     0.00000     0.00000     0.00000     0.00000     0.00000
   -34.64070     0.00000     0.00000     0.00000     0.00000     0.00000     0.00000     0.00000     0.00000     0.00000     0.00000     0.00000     0.00000     0.00000     0.00000     0.00000     0.00000     0.00000
   -34.57570     0.00000     0.00000     0.00000     0.00000     0.00000     0.00000     0.00000     0.00000     0.00000     0.00000     0.00000     0.00000     0.00000     0.00000     0.00000     0.00000     0.00000
   -34.51070     0.00000     0.00000     0.00000     0.00000     0.00000     0.00000     0.00000     0.00000     0.00000     0.00000     0.00000     0.00000     0.00000     0.00000     0.00000     0.00000     0.00000
   -34.44570     0.00000     0.00000     0.00000     0.00000     0.00000     0.00000     0.00000     0.00000     0.00000     0.00000     0.00000     0.00000     0.00000     0.00000     0.00000     0.00000     0.00000
   -34.38070     0.00000     0.00000     0.00000     0.00000     0.00000     0.00000     0.00000     0.00000     0.00000     0.00000     0.00000     0.00000     0.00000     0.00000     0.00000     0.00000     0.00000
   -34.31570     0.00000     0.00000     0.00000     0.00000     0.00000     0.00000     0.00000     0.00000     0.00000     0.00000     0.00000     0.00000     0.00000     0.00000     0.00000     0.00000     0.00000
   -34.25070     0.00000     0.00000     0.00000     0.00000     0.00000     0.00000     0.00000     0.00000     0.00000     0.00000     0.00000     0.00000     0.00000     0.00000     0.00000     0.00000     0.00000
   -34.18470     0.00000     0.00000     0.00000     0.00000     0.00000     0.00000     0.00000     0.00000     0.00000     0.00000     0.00000     0.00000     0.00000     0.00000     0.00000     0.00000     0.00000
   -34.11970     0.00000     0.00000     0.00000     0.00000     0.00000     0.00000     0.00000     0.00000     0.00000     0.00000     0.00000     0.00000     0.00000     0.00000     0.00000     0.00000     0.00000
   -34.05470     0.00000     0.00000     0.00000     0.00000     0.00000     0.00000     0.00000     0.00000     0.00000     0.00000     0.00000     0.00000     0.00000     0.00000     0.00000     0.00000     0.00000
   -33.98970     0.00000     0.00000     0.00000     0.00000     0.00000     0.00000     0.00000     0.00000     0.00000     0.00000     0.00000     0.00000     0.00000     0.00000     0.00000     0.00000     0.00000
   -33.92470     0.00000     0.00000     0.00000     0.00000     0.00000     0.00000     0.00000     0.00000     0.00000     0.00000     0.00000     0.00000     0.00000     0.00000     0.00000     0.00000     0.00000
   -33.85970     0.00000     0.00000     0.00000     0.00000     0.00000     0.00000     0.00000     0.00000     0.00000     0.00000     0.00000     0.00000     0.00000     0.00000     0.00000     0.00000     0.00000
   -33.79470     0.00000     0.00000     0.00000     0.00000     0.00000     0.00000     0.00000     0.00000     0.00000     0.00000     0.00000     0.00000     0.00000     0.00000     0.00000     0.00000     0.00000
   -33.72870     0.00000     0.00000     0.00000     0.00000     0.00000     0.00000     0.00000     0.00000     0.00000     0.00000     0.00000     0.00000     0.00000     0.00000     0.00000     0.00000     0.00000
   -33.66370     0.00000     0.00000     0.00000     0.00000     0.00000     0.00000     0.00000     0.00000     0.00000     0.00000     0.00000     0.00000     0.00000     0.00000     0.00000     0.00000     0.00000
   -33.59870     0.00000     0.00000     0.00000     0.00000     0.00000     0.00000     0.00000     0.00000     0.00000     0.00000     0.00000     0.00000     0.00000     0.00000     0.00000     0.00000     0.00000
   -33.53370     0.00000     0.00000     0.00000     0.00000     0.00000     0.00000     0.00000     0.00000     0.00000     0.00000     0.00000     0.00000     0.00000     0.00000     0.00000     0.00000     0.00000
   -33.46870     0.00000     0.00000     0.00000     0.00000     0.00000     0.00000     0.00000     0.00000     0.00000     0.00000     0.00000     0.00000     0.00000     0.00000     0.00000     0.00000     0.00000
   -33.40370     0.00000     0.00000     0.00000     0.00000     0.00000     0.00000     0.00000     0.00000     0.00000     0.00000     0.00000     0.00000     0.00000     0.00000     0.00000     0.00000     0.00000
   -33.33870     0.00000     0.00000     0.00000     0.00000     0.00000     0.00000     0.00000     0.00000     0.00000     0.00000     0.00000     0.00000     0.00000     0.00000     0.00000     0.00000     0.00000
   -33.27370     0.00000     0.00000     0.00000     0.00000     0.00000     0.00000     0.00000     0.00000     0.00000     0.00000     0.00000     0.00000     0.00000     0.00000     0.00000     0.00000     0.00000
   -33.20770     0.00000     0.00000     0.00000     0.00000     0.00000     0.00000     0.00000     0.00000     0.00000     0.00000     0.00000     0.00000     0.00000     0.00000     0.00000     0.00000     0.00000
   -33.14270     0.00000     0.00000     0.00000     0.00000     0.00000     0.00000     0.00000     0.00000     0.00000     0.00000     0.00000     0.00000     0.00000     0.00000     0.00000     0.00000     0.00000
   -33.07770     0.00000     0.00000     0.00000     0.00000     0.00000     0.00000     0.00000     0.00000     0.00000     0.00000     0.00000     0.00000     0.00000     0.00000     0.00000     0.00000     0.00000
   -33.01270     0.00000     0.00000     0.00000     0.00000     0.00000     0.00000     0.00000     0.00000     0.00000     0.00000     0.00000     0.00000     0.00000     0.00000     0.00000     0.00000     0.00000
   -32.94770     0.00000     0.00000     0.00000     0.00000     0.00000     0.00000     0.00000     0.00000     0.00000     0.00000     0.00000     0.00000     0.00000     0.00000     0.00000     0.00000     0.00000
   -32.88270     0.00000     0.00000     0.00000     0.00000     0.00000     0.00000     0.00000     0.00000     0.00000     0.00000     0.00000     0.00000     0.00000     0.00000     0.00000     0.00000     0.00000
   -32.81770     0.00000     0.00000     0.00000     0.00000     0.00000     0.00000     0.00000     0.00000     0.00000     0.00000     0.00000     0.00000     0.00000     0.00000     0.00000     0.00000     0.00000
   -32.75170     0.00000     0.00000     0.00000     0.00000     0.00000     0.00000     0.00000     0.00000     0.00000     0.00000     0.00000     0.00000     0.00000     0.00000     0.00000     0.00000     0.00000
   -32.68670     0.00000     0.00000     0.00000     0.00000     0.00000     0.00000     0.00000     0.00000     0.00000     0.00000     0.00000     0.00000     0.00000     0.00000     0.00000     0.00000     0.00000
   -32.62170     0.00000     0.00000     0.00000     0.00000     0.00000     0.00000     0.00000     0.00000     0.00000     0.00000     0.00000     0.00000     0.00000     0.00000     0.00000     0.00000     0.00000
   -32.55670     0.00000     0.00000     0.00000     0.00000     0.00000     0.00000     0.00000     0.00000     0.00000     0.00000     0.00000     0.00000     0.00000     0.00000     0.00000     0.00000     0.00000
   -32.49170     0.00000     0.00000     0.00000     0.00000     0.00000     0.00000     0.00000     0.00000     0.00000     0.00000     0.00000     0.00000     0.00000     0.00000     0.00000     0.00000     0.00000
   -32.42670     0.00000     0.00000     0.00000     0.00000     0.00000     0.00000     0.00000     0.00000     0.00000     0.00000     0.00000     0.00000     0.00000     0.00000     0.00000     0.00000     0.00000
   -32.36170     0.00000     0.00000     0.00000     0.00000     0.00000     0.00000     0.00000     0.00000     0.00000     0.00000     0.00000     0.00000     0.00000     0.00000     0.00000     0.00000     0.00000
   -32.29570     0.00000     0.00000     0.00000     0.00000     0.00000     0.00000     0.00000     0.00000     0.00000     0.00000     0.00000     0.00000     0.00000     0.00000     0.00000     0.00000     0.00000
   -32.23070     0.00000     0.00000     0.00000     0.00000     0.00000     0.00000     0.00000     0.00000     0.00000     0.00000     0.00000     0.00000     0.00000     0.00000     0.00000     0.00000     0.00000
   -32.16570     0.00000     0.00000     0.00000     0.00000     0.00000     0.00000     0.00000     0.00000     0.00000     0.00000     0.00000     0.00000     0.00000     0.00000     0.00000     0.00000     0.00000
   -32.10070     0.00000     0.00000     0.00000     0.00000     0.00000     0.00000     0.00000     0.00000     0.00000     0.00000     0.00000     0.00000     0.00000     0.00000     0.00000     0.00000     0.00000
   -32.03570     0.00000     0.00000     0.00000     0.00000     0.00000     0.00000     0.00000     0.00000     0.00000     0.00000     0.00000     0.00000     0.00000     0.00000     0.00000     0.00000     0.00000
   -31.97070     0.00000     0.00000     0.00000     0.00000     0.00000     0.00000     0.00000     0.00000     0.00000     0.00000     0.00000     0.00000     0.00000     0.00000     0.00000     0.00000     0.00000
   -31.90570     0.00000     0.00000     0.00000     0.00000     0.00000     0.00000     0.00000     0.00000     0.00000     0.00000     0.00000     0.00000     0.00000     0.00000     0.00000     0.00000     0.00000
   -31.83970     0.00000     0.00000     0.00000     0.00000     0.00000     0.00000     0.00000     0.00000     0.00000     0.00000     0.00000     0.00000     0.00000     0.00000     0.00000     0.00000     0.00000
   -31.77470     0.00000     0.00000     0.00000     0.00000     0.00000     0.00000     0.00000     0.00000     0.00000     0.00000     0.00000     0.00000     0.00000     0.00000     0.00000     0.00000     0.00000
   -31.70970     0.00000     0.00000     0.00000     0.00000     0.00000     0.00000     0.00000     0.00000     0.00000     0.00000     0.00000     0.00000     0.00000     0.00000     0.00000     0.00000     0.00000
   -31.64470     0.00000     0.00000     0.00000     0.00000     0.00000     0.00000     0.00000     0.00000     0.00000     0.00000     0.00000     0.00000     0.00000     0.00000     0.00000     0.00000     0.00000
   -31.57970     0.00000     0.00000     0.00000     0.00000     0.00000     0.00000     0.00000     0.00000     0.00000     0.00000     0.00000     0.00000     0.00000     0.00000     0.00000     0.00000     0.00000
   -31.51470     0.00000     0.00000     0.00000     0.00000     0.00000     0.00000     0.00000     0.00000     0.00000     0.00000     0.00000     0.00000     0.00000     0.00000     0.00000     0.00000     0.00000
   -31.44970     0.00000     0.00000     0.00000     0.00000     0.00000     0.00000     0.00000     0.00000     0.00000     0.00000     0.00000     0.00000     0.00000     0.00000     0.00000     0.00000     0.00000
   -31.38470     0.00000     0.00000     0.00000     0.00000     0.00000     0.00000     0.00000     0.00000     0.00000     0.00000     0.00000     0.00000     0.00000     0.00000     0.00000     0.00000     0.00000
   -31.31870     0.00000     0.00000     0.00000     0.00000     0.00000     0.00000     0.00000     0.00000     0.00000     0.00000     0.00000     0.00000     0.00000     0.00000     0.00000     0.00000     0.00000
   -31.25370     0.00000     0.00000     0.00000     0.00000     0.00000     0.00000     0.00000     0.00000     0.00000     0.00000     0.00000     0.00000     0.00000     0.00000     0.00000     0.00000     0.00000
   -31.18870     0.00000     0.00000     0.00000     0.00000     0.00000     0.00000     0.00000     0.00000     0.00000     0.00000     0.00000     0.00000     0.00000     0.00000     0.00000     0.00000     0.00000
   -31.12370     0.00000     0.00000     0.00000     0.00000     0.00000     0.00000     0.00000     0.00000     0.00000     0.00000     0.00000     0.00000     0.00000     0.00000     0.00000     0.00000     0.00000
   -31.05870     0.00000     0.00000     0.00000     0.00000     0.00000     0.00000     0.00000     0.00000     0.00000     0.00000     0.00000     0.00000     0.00000     0.00000     0.00000     0.00000     0.00000
   -30.99370     0.00000     0.00000     0.00000     0.00000     0.00000     0.00000     0.00000     0.00000     0.00000     0.00000     0.00000     0.00000     0.00000     0.00000     0.00000     0.00000     0.00000
   -30.92870     0.00000     0.00000     0.00000     0.00000     0.00000     0.00000     0.00000     0.00000     0.00000     0.00000     0.00000     0.00000     0.00000     0.00000     0.00000     0.00000     0.00000
   -30.86270     0.00000     0.00000     0.00000     0.00000     0.00000     0.00000     0.00000     0.00000     0.00000     0.00000     0.00000     0.00000     0.00000     0.00000     0.00000     0.00000     0.00000
   -30.79770     0.00000     0.00000     0.00000     0.00000     0.00000     0.00000     0.00000     0.00000     0.00000     0.00000     0.00000     0.00000     0.00000     0.00000     0.00000     0.00000     0.00000
   -30.73270     0.00000     0.00000     0.00000     0.00000     0.00000     0.00000     0.00000     0.00000     0.00000     0.00000     0.00000     0.00000     0.00000     0.00000     0.00000     0.00000     0.00000
   -30.66770     0.00000     0.00000     0.00000     0.00000     0.00000     0.00000     0.00000     0.00000     0.00000     0.00000     0.00000     0.00000     0.00000     0.00000     0.00000     0.00000     0.00000
   -30.60270     0.00000     0.00000     0.00000     0.00000     0.00000     0.00000     0.00000     0.00000     0.00000     0.00000     0.00000     0.00000     0.00000     0.00000     0.00000     0.00000     0.00000
   -30.53770     0.00000     0.00000     0.00000     0.00000     0.00000     0.00000     0.00000     0.00000     0.00000     0.00000     0.00000     0.00000     0.00000     0.00000     0.00000     0.00000     0.00000
   -30.47270     0.00000     0.00000     0.00000     0.00000     0.00000     0.00000     0.00000     0.00000     0.00000     0.00000     0.00000     0.00000     0.00000     0.00000     0.00000     0.00000     0.00000
   -30.40670     0.00000     0.00000     0.00000     0.00000     0.00000     0.00000     0.00000     0.00000     0.00000     0.00000     0.00000     0.00000     0.00000     0.00000     0.00000     0.00000     0.00000
   -30.34170     0.00000     0.00000     0.00000     0.00000     0.00000     0.00000     0.00000     0.00000     0.00000     0.00000     0.00000     0.00000     0.00000     0.00000     0.00000     0.00000     0.00000
   -30.27670     0.00000     0.00000     0.00000     0.00000     0.00000     0.00000     0.00000     0.00000     0.00000     0.00000     0.00000     0.00000     0.00000     0.00000     0.00000     0.00000     0.00000
   -30.21170     0.00000     0.00000     0.00000     0.00000     0.00000     0.00000     0.00000     0.00000     0.00000     0.00000     0.00000     0.00000     0.00000     0.00000     0.00000     0.00000     0.00000
   -30.14670     0.00000     0.00000     0.00000     0.00000     0.00000     0.00000     0.00000     0.00000     0.00000     0.00000     0.00000     0.00000     0.00000     0.00000     0.00000     0.00000     0.00000
   -30.08170     0.00000     0.00000     0.00000     0.00000     0.00000     0.00000     0.00000     0.00000     0.00000     0.00000     0.00000     0.00000     0.00000     0.00000     0.00000     0.00000     0.00000
   -30.01670     0.00000     0.00000     0.00000     0.00000     0.00000     0.00000     0.00000     0.00000     0.00000     0.00000     0.00000     0.00000     0.00000     0.00000     0.00000     0.00000     0.00000
   -29.95170     0.00000     0.00000     0.00000     0.00000     0.00000     0.00000     0.00000     0.00000     0.00000     0.00000     0.00000     0.00000     0.00000     0.00000     0.00000     0.00000     0.00000
   -29.88570     0.01913     0.00136     0.00152     0.00091     0.00001     0.00001     0.00017     0.00001     0.00019     0.00000     0.00000     0.00000     0.00000     0.00000     0.00000     0.00000     0.02331
   -29.82070     0.00957     0.00234     0.00084     0.00214     0.00003     0.00006     0.00006     0.00006     0.00004     0.00000     0.00000     0.00000     0.00000     0.00000     0.00000     0.00000     0.01514
   -29.75570     0.00668     0.00202     0.00154     0.00530     0.00005     0.00012     0.00003     0.00010     0.00008     0.00000     0.00000     0.00000     0.00000     0.00000     0.00000     0.00000     0.01591
   -29.69070     0.00271     0.00170     0.00129     0.00407     0.00005     0.00014     0.00003     0.00015     0.00018     0.00000     0.00000     0.00000     0.00000     0.00000     0.00000     0.00000     0.01032
   -29.62570     0.00133     0.00136     0.00096     0.00287     0.00005     0.00017     0.00003     0.00019     0.00024     0.00000     0.00000     0.00000     0.00000     0.00000     0.00000     0.00000     0.00720
   -29.56070     0.00064     0.00104     0.00071     0.00193     0.00006     0.00019     0.00003     0.00023     0.00028     0.00000     0.00000     0.00000     0.00000     0.00000     0.00000     0.00000     0.00510
   -29.49570     0.00031     0.00065     0.00073     0.00103     0.00012     0.00018     0.00009     0.00021     0.00019     0.00000     0.00000     0.00000     0.00000     0.00000     0.00000     0.00000     0.00352
   -29.42970     0.00043     0.00090     0.00147     0.00071     0.00023     0.00018     0.00023     0.00015     0.00010     0.00000     0.00000     0.00000     0.00000     0.00000     0.00000     0.00000     0.00441
   -29.36470     0.00054     0.00192     0.00178     0.00071     0.00022     0.00019     0.00033     0.00013     0.00013     0.00000     0.00000     0.00000     0.00000     0.00000     0.00000     0.00000     0.00594
   -29.29970     0.00113     0.00300     0.00169     0.00087     0.00029     0.00015     0.00051     0.00012     0.00005     0.00000     0.00000     0.00000     0.00000     0.00000     0.00000     0.00000     0.00779
   -29.23470     0.00057     0.00224     0.00020     0.00009     0.00001     0.00000     0.00011     0.00005     0.00002     0.00000     0.00000     0.00000     0.00000     0.00000     0.00000     0.00000     0.00329
   -29.16970     0.00000     0.00000     0.00000     0.00000     0.00000     0.00000     0.00000     0.00000     0.00000     0.00000     0.00000     0.00000     0.00000     0.00000     0.00000     0.00000     0.00000
   -29.10470     0.00000     0.00000     0.00000     0.00000     0.00000     0.00000     0.00000     0.00000     0.00000     0.00000     0.00000     0.00000     0.00000     0.00000     0.00000     0.00000     0.00000
   -29.03970     0.00000     0.00000     0.00000     0.00000     0.00000     0.00000     0.00000     0.00000     0.00000     0.00000     0.00000     0.00000     0.00000     0.00000     0.00000     0.00000     0.00000
   -28.97370     0.00000     0.00000     0.00000     0.00000     0.00000     0.00000     0.00000     0.00000     0.00000     0.00000     0.00000     0.00000     0.00000     0.00000     0.00000     0.00000     0.00000
   -28.90870     0.00006     0.00010     0.00095     0.00048     0.00000     0.00000     0.00000     0.00001     0.00000     0.00000     0.00000     0.00000     0.00000     0.00000     0.00000     0.00000     0.00161
   -28.84370     0.00081     0.00058     0.00374     0.00092     0.00001     0.00001     0.00002     0.00003     0.00000     0.00000     0.00000     0.00000     0.00000     0.00000     0.00000     0.00000     0.00612
   -28.77870     0.00184     0.00063     0.00164     0.00075     0.00002     0.00001     0.00004     0.00005     0.00000     0.00000     0.00000     0.00000     0.00000     0.00000     0.00000     0.00000     0.00498
   -28.71370     0.00234     0.00055     0.00081     0.00059     0.00003     0.00002     0.00005     0.00005     0.00001     0.00000     0.00000     0.00000     0.00000     0.00000     0.00000     0.00000     0.00445
   -28.64870     0.00259     0.00041     0.00043     0.00042     0.00004     0.00002     0.00006     0.00005     0.00001     0.00000     0.00000     0.00000     0.00000     0.00000     0.00000     0.00000     0.00402
   -28.58370     0.00253     0.00026     0.00028     0.00027     0.00005     0.00002     0.00007     0.00004     0.00001     0.00000     0.00000     0.00000     0.00000     0.00000     0.00000     0.00000     0.00352
   -28.51770     0.00195     0.00021     0.00049     0.00024     0.00010     0.00004     0.00006     0.00004     0.00002     0.00000     0.00000     0.00000     0.00000     0.00000     0.00000     0.00000     0.00314
   -28.45270     0.00060     0.00032     0.00015     0.00024     0.00002     0.00004     0.00002     0.00005     0.00002     0.00000     0.00000     0.00000     0.00000     0.00000     0.00000     0.00000     0.00146
   -28.38770     0.00027     0.00046     0.00012     0.00035     0.00003     0.00007     0.00002     0.00007     0.00010     0.00000     0.00000     0.00000     0.00000     0.00000     0.00000     0.00000     0.00149
   -28.32270     0.00026     0.00084     0.00032     0.00066     0.00006     0.00011     0.00007     0.00007     0.00021     0.00000     0.00000     0.00000     0.00000     0.00000     0.00000     0.00000     0.00260
   -28.25770     0.00018     0.00059     0.00037     0.00059     0.00008     0.00012     0.00009     0.00006     0.00018     0.00000     0.00000     0.00000     0.00000     0.00000     0.00000     0.00000     0.00226
   -28.19270     0.00010     0.00039     0.00039     0.00050     0.00009     0.00013     0.00010     0.00007     0.00013     0.00000     0.00000     0.00000     0.00000     0.00000     0.00000     0.00000     0.00191
   -28.12770     0.00007     0.00022     0.00037     0.00038     0.00008     0.00012     0.00010     0.00010     0.00009     0.00000     0.00000     0.00000     0.00000     0.00000     0.00000     0.00000     0.00154
   -28.06270     0.00009     0.00008     0.00031     0.00023     0.00010     0.00010     0.00009     0.00005     0.00002     0.00000     0.00000     0.00000     0.00000     0.00000     0.00000     0.00000     0.00107
   -27.99670     0.00000     0.00000     0.00000     0.00000     0.00000     0.00000     0.00000     0.00000     0.00000     0.00000     0.00000     0.00000     0.00000     0.00000     0.00000     0.00000     0.00000
   -27.93170     0.00000     0.00000     0.00000     0.00000     0.00000     0.00000     0.00000     0.00000     0.00000     0.00000     0.00000     0.00000     0.00000     0.00000     0.00000     0.00000     0.00000
   -27.86670     0.00000     0.00000     0.00000     0.00000     0.00000     0.00000     0.00000     0.00000     0.00000     0.00000     0.00000     0.00000     0.00000     0.00000     0.00000     0.00000     0.00000
   -27.80170     0.00000     0.00000     0.00000     0.00000     0.00000     0.00000     0.00000     0.00000     0.00000     0.00000     0.00000     0.00000     0.00000     0.00000     0.00000     0.00000     0.00000
   -27.73670     0.00000     0.00000     0.00000     0.00000     0.00000     0.00000     0.00000     0.00000     0.00000     0.00000     0.00000     0.00000     0.00000     0.00000     0.00000     0.00000     0.00000
   -27.67170     0.00000     0.00000     0.00000     0.00000     0.00000     0.00000     0.00000     0.00000     0.00000     0.00000     0.00000     0.00000     0.00000     0.00000     0.00000     0.00000     0.00000
   -27.60670     0.00000     0.00000     0.00000     0.00000     0.00000     0.00000     0.00000     0.00000     0.00000     0.00000     0.00000     0.00000     0.00000     0.00000     0.00000     0.00000     0.00000
   -27.54070     0.00283     0.00061     0.00010     0.00034     0.00022     0.00004     0.00004     0.00004     0.00000     0.00000     0.00000     0.00000     0.00000     0.00000     0.00000     0.00000     0.00422
   -27.47570     0.00099     0.00101     0.00059     0.00063     0.00012     0.00007     0.00001     0.00008     0.00000     0.00000     0.00000     0.00000     0.00000     0.00000     0.00000     0.00000     0.00350
   -27.41070     0.00008     0.00136     0.00074     0.00143     0.00012     0.00023     0.00000     0.00024     0.00000     0.00000     0.00000     0.00000     0.00000     0.00000     0.00000     0.00000     0.00421
   -27.34570     0.00240     0.00093     0.00098     0.00130     0.00018     0.00042     0.00004     0.00036     0.00004     0.00000     0.00000     0.00000     0.00000     0.00000     0.00000     0.00000     0.00667
   -27.28070     0.00000     0.00000     0.00000     0.00000     0.00000     0.00000     0.00000     0.00000     0.00000     0.00000     0.00000     0.00000     0.00000     0.00000     0.00000     0.00000     0.00000
   -27.21570     0.00000     0.00000     0.00000     0.00000     0.00000     0.00000     0.00000     0.00000     0.00000     0.00000     0.00000     0.00000     0.00000     0.00000     0.00000     0.00000     0.00000
   -27.15070     0.00000     0.00000     0.00000     0.00000     0.00000     0.00000     0.00000     0.00000     0.00000     0.00000     0.00000     0.00000     0.00000     0.00000     0.00000     0.00000     0.00000
   -27.08470     0.00000     0.00000     0.00000     0.00000     0.00000     0.00000     0.00000     0.00000     0.00000     0.00000     0.00000     0.00000     0.00000     0.00000     0.00000     0.00000     0.00000
   -27.01970     0.00000     0.00000     0.00000     0.00000     0.00000     0.00000     0.00000     0.00000     0.00000     0.00000     0.00000     0.00000     0.00000     0.00000     0.00000     0.00000     0.00000
   -26.95470     0.00000     0.00000     0.00000     0.00000     0.00000     0.00000     0.00000     0.00000     0.00000     0.00000     0.00000     0.00000     0.00000     0.00000     0.00000     0.00000     0.00000
   -26.88970     0.00000     0.00000     0.00000     0.00000     0.00000     0.00000     0.00000     0.00000     0.00000     0.00000     0.00000     0.00000     0.00000     0.00000     0.00000     0.00000     0.00000
   -26.82470     0.00000     0.00000     0.00000     0.00000     0.00000     0.00000     0.00000     0.00000     0.00000     0.00000     0.00000     0.00000     0.00000     0.00000     0.00000     0.00000     0.00000
   -26.75970     0.00000     0.00000     0.00000     0.00000     0.00000     0.00000     0.00000     0.00000     0.00000     0.00000     0.00000     0.00000     0.00000     0.00000     0.00000     0.00000     0.00000
   -26.69470     0.00000     0.00000     0.00000     0.00000     0.00000     0.00000     0.00000     0.00000     0.00000     0.00000     0.00000     0.00000     0.00000     0.00000     0.00000     0.00000     0.00000
   -26.62970     0.00000     0.00000     0.00000     0.00000     0.00000     0.00000     0.00000     0.00000     0.00000     0.00000     0.00000     0.00000     0.00000     0.00000     0.00000     0.00000     0.00000
   -26.56370     0.00000     0.00000     0.00000     0.00000     0.00000     0.00000     0.00000     0.00000     0.00000     0.00000     0.00000     0.00000     0.00000     0.00000     0.00000     0.00000     0.00000
   -26.49870     0.00000     0.00000     0.00000     0.00000     0.00000     0.00000     0.00000     0.00000     0.00000     0.00000     0.00000     0.00000     0.00000     0.00000     0.00000     0.00000     0.00000
   -26.43370     0.00000     0.00000     0.00000     0.00000     0.00000     0.00000     0.00000     0.00000     0.00000     0.00000     0.00000     0.00000     0.00000     0.00000     0.00000     0.00000     0.00000
   -26.36870     0.00000     0.00000     0.00000     0.00000     0.00000     0.00000     0.00000     0.00000     0.00000     0.00000     0.00000     0.00000     0.00000     0.00000     0.00000     0.00000     0.00000
   -26.30370     0.00000     0.00000     0.00000     0.00000     0.00000     0.00000     0.00000     0.00000     0.00000     0.00000     0.00000     0.00000     0.00000     0.00000     0.00000     0.00000     0.00000
   -26.23870     0.00000     0.00000     0.00000     0.00000     0.00000     0.00000     0.00000     0.00000     0.00000     0.00000     0.00000     0.00000     0.00000     0.00000     0.00000     0.00000     0.00000
   -26.17370     0.00000     0.00000     0.00000     0.00000     0.00000     0.00000     0.00000     0.00000     0.00000     0.00000     0.00000     0.00000     0.00000     0.00000     0.00000     0.00000     0.00000
   -26.10770     0.00000     0.00000     0.00000     0.00000     0.00000     0.00000     0.00000     0.00000     0.00000     0.00000     0.00000     0.00000     0.00000     0.00000     0.00000     0.00000     0.00000
   -26.04270     0.00000     0.00000     0.00000     0.00000     0.00000     0.00000     0.00000     0.00000     0.00000     0.00000     0.00000     0.00000     0.00000     0.00000     0.00000     0.00000     0.00000
   -25.97770     0.00000     0.00000     0.00000     0.00000     0.00000     0.00000     0.00000     0.00000     0.00000     0.00000     0.00000     0.00000     0.00000     0.00000     0.00000     0.00000     0.00000
   -25.91270     0.00000     0.00000     0.00000     0.00000     0.00000     0.00000     0.00000     0.00000     0.00000     0.00000     0.00000     0.00000     0.00000     0.00000     0.00000     0.00000     0.00000
   -25.84770     0.00000     0.00000     0.00000     0.00000     0.00000     0.00000     0.00000     0.00000     0.00000     0.00000     0.00000     0.00000     0.00000     0.00000     0.00000     0.00000     0.00000
   -25.78270     0.00000     0.00000     0.00000     0.00000     0.00000     0.00000     0.00000     0.00000     0.00000     0.00000     0.00000     0.00000     0.00000     0.00000     0.00000     0.00000     0.00000
   -25.71770     0.00000     0.00000     0.00000     0.00000     0.00000     0.00000     0.00000     0.00000     0.00000     0.00000     0.00000     0.00000     0.00000     0.00000     0.00000     0.00000     0.00000
   -25.65170     0.00000     0.00000     0.00000     0.00000     0.00000     0.00000     0.00000     0.00000     0.00000     0.00000     0.00000     0.00000     0.00000     0.00000     0.00000     0.00000     0.00000
   -25.58670     0.00000     0.00000     0.00000     0.00000     0.00000     0.00000     0.00000     0.00000     0.00000     0.00000     0.00000     0.00000     0.00000     0.00000     0.00000     0.00000     0.00000
   -25.52170     0.00000     0.00000     0.00000     0.00000     0.00000     0.00000     0.00000     0.00000     0.00000     0.00000     0.00000     0.00000     0.00000     0.00000     0.00000     0.00000     0.00000
   -25.45670     0.00000     0.00000     0.00000     0.00000     0.00000     0.00000     0.00000     0.00000     0.00000     0.00000     0.00000     0.00000     0.00000     0.00000     0.00000     0.00000     0.00000
   -25.39170     0.00000     0.00000     0.00000     0.00000     0.00000     0.00000     0.00000     0.00000     0.00000     0.00000     0.00000     0.00000     0.00000     0.00000     0.00000     0.00000     0.00000
   -25.32670     0.00000     0.00000     0.00000     0.00000     0.00000     0.00000     0.00000     0.00000     0.00000     0.00000     0.00000     0.00000     0.00000     0.00000     0.00000     0.00000     0.00000
   -25.26170     0.00000     0.00000     0.00000     0.00000     0.00000     0.00000     0.00000     0.00000     0.00000     0.00000     0.00000     0.00000     0.00000     0.00000     0.00000     0.00000     0.00000
   -25.19670     0.00000     0.00000     0.00000     0.00000     0.00000     0.00000     0.00000     0.00000     0.00000     0.00000     0.00000     0.00000     0.00000     0.00000     0.00000     0.00000     0.00000
   -25.13070     0.00000     0.00000     0.00000     0.00000     0.00000     0.00000     0.00000     0.00000     0.00000     0.00000     0.00000     0.00000     0.00000     0.00000     0.00000     0.00000     0.00000
   -25.06570     0.00000     0.00000     0.00000     0.00000     0.00000     0.00000     0.00000     0.00000     0.00000     0.00000     0.00000     0.00000     0.00000     0.00000     0.00000     0.00000     0.00000
   -25.00070     0.00000     0.00000     0.00000     0.00000     0.00000     0.00000     0.00000     0.00000     0.00000     0.00000     0.00000     0.00000     0.00000     0.00000     0.00000     0.00000     0.00000
   -24.93570     0.00000     0.00000     0.00000     0.00000     0.00000     0.00000     0.00000     0.00000     0.00000     0.00000     0.00000     0.00000     0.00000     0.00000     0.00000     0.00000     0.00000
   -24.87070     0.00000     0.00000     0.00000     0.00000     0.00000     0.00000     0.00000     0.00000     0.00000     0.00000     0.00000     0.00000     0.00000     0.00000     0.00000     0.00000     0.00000
   -24.80570     0.00000     0.00000     0.00000     0.00000     0.00000     0.00000     0.00000     0.00000     0.00000     0.00000     0.00000     0.00000     0.00000     0.00000     0.00000     0.00000     0.00000
   -24.74070     0.00000     0.00000     0.00000     0.00000     0.00000     0.00000     0.00000     0.00000     0.00000     0.00000     0.00000     0.00000     0.00000     0.00000     0.00000     0.00000     0.00000
   -24.67470     0.00000     0.00000     0.00000     0.00000     0.00000     0.00000     0.00000     0.00000     0.00000     0.00000     0.00000     0.00000     0.00000     0.00000     0.00000     0.00000     0.00000
   -24.60970     0.00000     0.00000     0.00000     0.00000     0.00000     0.00000     0.00000     0.00000     0.00000     0.00000     0.00000     0.00000     0.00000     0.00000     0.00000     0.00000     0.00000
   -24.54470     0.00000     0.00000     0.00000     0.00000     0.00000     0.00000     0.00000     0.00000     0.00000     0.00000     0.00000     0.00000     0.00000     0.00000     0.00000     0.00000     0.00000
   -24.47970     0.00000     0.00000     0.00000     0.00000     0.00000     0.00000     0.00000     0.00000     0.00000     0.00000     0.00000     0.00000     0.00000     0.00000     0.00000     0.00000     0.00000
   -24.41470     0.00000     0.00000     0.00000     0.00000     0.00000     0.00000     0.00000     0.00000     0.00000     0.00000     0.00000     0.00000     0.00000     0.00000     0.00000     0.00000     0.00000
   -24.34970     0.00000     0.00000     0.00000     0.00000     0.00000     0.00000     0.00000     0.00000     0.00000     0.00000     0.00000     0.00000     0.00000     0.00000     0.00000     0.00000     0.00000
   -24.28470     0.00000     0.00000     0.00000     0.00000     0.00000     0.00000     0.00000     0.00000     0.00000     0.00000     0.00000     0.00000     0.00000     0.00000     0.00000     0.00000     0.00000
   -24.21870     0.00000     0.00000     0.00000     0.00000     0.00000     0.00000     0.00000     0.00000     0.00000     0.00000     0.00000     0.00000     0.00000     0.00000     0.00000     0.00000     0.00000
   -24.15370     0.00000     0.00000     0.00000     0.00000     0.00000     0.00000     0.00000     0.00000     0.00000     0.00000     0.00000     0.00000     0.00000     0.00000     0.00000     0.00000     0.00000
   -24.08870     0.00000     0.00000     0.00000     0.00000     0.00000     0.00000     0.00000     0.00000     0.00000     0.00000     0.00000     0.00000     0.00000     0.00000     0.00000     0.00000     0.00000
   -24.02370     0.00000     0.00000     0.00000     0.00000     0.00000     0.00000     0.00000     0.00000     0.00000     0.00000     0.00000     0.00000     0.00000     0.00000     0.00000     0.00000     0.00000
   -23.95870     0.00000     0.00000     0.00000     0.00000     0.00000     0.00000     0.00000     0.00000     0.00000     0.00000     0.00000     0.00000     0.00000     0.00000     0.00000     0.00000     0.00000
   -23.89370     0.00000     0.00000     0.00000     0.00000     0.00000     0.00000     0.00000     0.00000     0.00000     0.00000     0.00000     0.00000     0.00000     0.00000     0.00000     0.00000     0.00000
   -23.82870     0.00000     0.00000     0.00000     0.00000     0.00000     0.00000     0.00000     0.00000     0.00000     0.00000     0.00000     0.00000     0.00000     0.00000     0.00000     0.00000     0.00000
   -23.76270     0.00000     0.00000     0.00000     0.00000     0.00000     0.00000     0.00000     0.00000     0.00000     0.00000     0.00000     0.00000     0.00000     0.00000     0.00000     0.00000     0.00000
   -23.69770     0.00000     0.00000     0.00000     0.00000     0.00000     0.00000     0.00000     0.00000     0.00000     0.00000     0.00000     0.00000     0.00000     0.00000     0.00000     0.00000     0.00000
   -23.63270     0.00000     0.00000     0.00000     0.00000     0.00000     0.00000     0.00000     0.00000     0.00000     0.00000     0.00000     0.00000     0.00000     0.00000     0.00000     0.00000     0.00000
   -23.56770     0.00000     0.00000     0.00000     0.00000     0.00000     0.00000     0.00000     0.00000     0.00000     0.00000     0.00000     0.00000     0.00000     0.00000     0.00000     0.00000     0.00000
   -23.50270     0.00000     0.00000     0.00000     0.00000     0.00000     0.00000     0.00000     0.00000     0.00000     0.00000     0.00000     0.00000     0.00000     0.00000     0.00000     0.00000     0.00000
   -23.43770     0.00000     0.00000     0.00000     0.00000     0.00000     0.00000     0.00000     0.00000     0.00000     0.00000     0.00000     0.00000     0.00000     0.00000     0.00000     0.00000     0.00000
   -23.37270     0.00000     0.00000     0.00000     0.00000     0.00000     0.00000     0.00000     0.00000     0.00000     0.00000     0.00000     0.00000     0.00000     0.00000     0.00000     0.00000     0.00000
   -23.30770     0.00000     0.00000     0.00000     0.00000     0.00000     0.00000     0.00000     0.00000     0.00000     0.00000     0.00000     0.00000     0.00000     0.00000     0.00000     0.00000     0.00000
   -23.24170     0.00000     0.00000     0.00000     0.00000     0.00000     0.00000     0.00000     0.00000     0.00000     0.00000     0.00000     0.00000     0.00000     0.00000     0.00000     0.00000     0.00000
   -23.17670     0.00000     0.00000     0.00000     0.00000     0.00000     0.00000     0.00000     0.00000     0.00000     0.00000     0.00000     0.00000     0.00000     0.00000     0.00000     0.00000     0.00000
   -23.11170     0.00000     0.00000     0.00000     0.00000     0.00000     0.00000     0.00000     0.00000     0.00000     0.00000     0.00000     0.00000     0.00000     0.00000     0.00000     0.00000     0.00000
   -23.04670     0.00000     0.00000     0.00000     0.00000     0.00000     0.00000     0.00000     0.00000     0.00000     0.00000     0.00000     0.00000     0.00000     0.00000     0.00000     0.00000     0.00000
   -22.98170     0.00000     0.00000     0.00000     0.00000     0.00000     0.00000     0.00000     0.00000     0.00000     0.00000     0.00000     0.00000     0.00000     0.00000     0.00000     0.00000     0.00000
   -22.91670     0.00000     0.00000     0.00000     0.00000     0.00000     0.00000     0.00000     0.00000     0.00000     0.00000     0.00000     0.00000     0.00000     0.00000     0.00000     0.00000     0.00000
   -22.85170     0.00000     0.00000     0.00000     0.00000     0.00000     0.00000     0.00000     0.00000     0.00000     0.00000     0.00000     0.00000     0.00000     0.00000     0.00000     0.00000     0.00000
   -22.78570     0.00000     0.00000     0.00000     0.00000     0.00000     0.00000     0.00000     0.00000     0.00000     0.00000     0.00000     0.00000     0.00000     0.00000     0.00000     0.00000     0.00000
   -22.72070     0.00000     0.00000     0.00000     0.00000     0.00000     0.00000     0.00000     0.00000     0.00000     0.00000     0.00000     0.00000     0.00000     0.00000     0.00000     0.00000     0.00000
   -22.65570     0.00000     0.00000     0.00000     0.00000     0.00000     0.00000     0.00000     0.00000     0.00000     0.00000     0.00000     0.00000     0.00000     0.00000     0.00000     0.00000     0.00000
   -22.59070     0.00000     0.00000     0.00000     0.00000     0.00000     0.00000     0.00000     0.00000     0.00000     0.00000     0.00000     0.00000     0.00000     0.00000     0.00000     0.00000     0.00000
   -22.52570     0.00000     0.00000     0.00000     0.00000     0.00000     0.00000     0.00000     0.00000     0.00000     0.00000     0.00000     0.00000     0.00000     0.00000     0.00000     0.00000     0.00000
   -22.46070     0.00000     0.00000     0.00000     0.00000     0.00000     0.00000     0.00000     0.00000     0.00000     0.00000     0.00000     0.00000     0.00000     0.00000     0.00000     0.00000     0.00000
   -22.39570     0.00000     0.00000     0.00000     0.00000     0.00000     0.00000     0.00000     0.00000     0.00000     0.00000     0.00000     0.00000     0.00000     0.00000     0.00000     0.00000     0.00000
   -22.32970     0.00000     0.00000     0.00000     0.00000     0.00000     0.00000     0.00000     0.00000     0.00000     0.00000     0.00000     0.00000     0.00000     0.00000     0.00000     0.00000     0.00000
   -22.26470     0.00000     0.00000     0.00000     0.00000     0.00000     0.00000     0.00000     0.00000     0.00000     0.00000     0.00000     0.00000     0.00000     0.00000     0.00000     0.00000     0.00000
   -22.19970     0.00000     0.00000     0.00000     0.00000     0.00000     0.00000     0.00000     0.00000     0.00000     0.00000     0.00000     0.00000     0.00000     0.00000     0.00000     0.00000     0.00000
   -22.13470     0.00000     0.00000     0.00000     0.00000     0.00000     0.00000     0.00000     0.00000     0.00000     0.00000     0.00000     0.00000     0.00000     0.00000     0.00000     0.00000     0.00000
   -22.06970     0.00000     0.00000     0.00000     0.00000     0.00000     0.00000     0.00000     0.00000     0.00000     0.00000     0.00000     0.00000     0.00000     0.00000     0.00000     0.00000     0.00000
   -22.00470     0.00000     0.00000     0.00000     0.00000     0.00000     0.00000     0.00000     0.00000     0.00000     0.00000     0.00000     0.00000     0.00000     0.00000     0.00000     0.00000     0.00000
   -21.93970     0.00000     0.00000     0.00000     0.00000     0.00000     0.00000     0.00000     0.00000     0.00000     0.00000     0.00000     0.00000     0.00000     0.00000     0.00000     0.00000     0.00000
   -21.87470     0.00000     0.00000     0.00000     0.00000     0.00000     0.00000     0.00000     0.00000     0.00000     0.00000     0.00000     0.00000     0.00000     0.00000     0.00000     0.00000     0.00000
   -21.80870     0.00000     0.00000     0.00000     0.00000     0.00000     0.00000     0.00000     0.00000     0.00000     0.00000     0.00000     0.00000     0.00000     0.00000     0.00000     0.00000     0.00000
   -21.74370     0.00000     0.00000     0.00000     0.00000     0.00000     0.00000     0.00000     0.00000     0.00000     0.00000     0.00000     0.00000     0.00000     0.00000     0.00000     0.00000     0.00000
   -21.67870     0.00000     0.00000     0.00000     0.00000     0.00000     0.00000     0.00000     0.00000     0.00000     0.00000     0.00000     0.00000     0.00000     0.00000     0.00000     0.00000     0.00000
   -21.61370     0.00003     0.00000     0.00000     0.00000     0.00000     0.00000     0.00000     0.00000     0.00000     0.00000     0.00000     0.00000     0.00000     0.00000     0.00000     0.00000     0.00003
   -21.54870     0.00177     0.00000     0.00001     0.00000     0.00000     0.00000     0.00000     0.00000     0.00000     0.00000     0.00000     0.00000     0.00000     0.00000     0.00000     0.00000     0.00178
   -21.48370     0.00262     0.00001     0.00002     0.00001     0.00000     0.00000     0.00000     0.00000     0.00000     0.00000     0.00000     0.00000     0.00000     0.00000     0.00000     0.00000     0.00265
   -21.41870     0.00341     0.00001     0.00003     0.00001     0.00000     0.00000     0.00000     0.00000     0.00000     0.00000     0.00000     0.00000     0.00000     0.00000     0.00000     0.00000     0.00347
   -21.35270     0.00389     0.00002     0.00005     0.00002     0.00000     0.00000     0.00000     0.00000     0.00000     0.00000     0.00000     0.00000     0.00000     0.00000     0.00000     0.00000     0.00398
   -21.28770     0.00447     0.00003     0.00007     0.00002     0.00000     0.00000     0.00000     0.00000     0.00000     0.00000     0.00000     0.00000     0.00000     0.00000     0.00000     0.00000     0.00459
   -21.22270     0.00492     0.00004     0.00009     0.00003     0.00000     0.00000     0.00000     0.00000     0.00000     0.00000     0.00000     0.00000     0.00000     0.00000     0.00000     0.00000     0.00509
   -21.15770     0.00537     0.00005     0.00012     0.00004     0.00000     0.00000     0.00000     0.00000     0.00000     0.00000     0.00000     0.00000     0.00000     0.00000     0.00000     0.00000     0.00558
   -21.09270     0.00587     0.00006     0.00014     0.00005     0.00000     0.00000     0.00000     0.00000     0.00000     0.00000     0.00000     0.00000     0.00000     0.00000     0.00000     0.00000     0.00613
   -21.02770     0.00626     0.00007     0.00016     0.00007     0.00000     0.00000     0.00000     0.00000     0.00000     0.00000     0.00000     0.00000     0.00000     0.00000     0.00000     0.00000     0.00657
   -20.96270     0.00667     0.00009     0.00020     0.00008     0.00000     0.00000     0.00000     0.00000     0.00000     0.00000     0.00000     0.00000     0.00000     0.00000     0.00000     0.00000     0.00704
   -20.89670     0.00710     0.00010     0.00023     0.00009     0.00000     0.00000     0.00000     0.00000     0.00000     0.00000     0.00000     0.00000     0.00000     0.00000     0.00000     0.00000     0.00753
   -20.83170     0.00750     0.00012     0.00026     0.00011     0.00000     0.00000     0.00000     0.00000     0.00000     0.00000     0.00000     0.00000     0.00000     0.00000     0.00000     0.00000     0.00799
   -20.76670     0.00788     0.00014     0.00030     0.00013     0.00000     0.00000     0.00000     0.00000     0.00000     0.00000     0.00000     0.00000     0.00000     0.00000     0.00000     0.00000     0.00844
   -20.70170     0.00828     0.00016     0.00034     0.00014     0.00000     0.00000     0.00000     0.00000     0.00000     0.00000     0.00000     0.00000     0.00000     0.00000     0.00000     0.00000     0.00892
   -20.63670     0.00869     0.00017     0.00038     0.00015     0.00000     0.00000     0.00000     0.00000     0.00000     0.00000     0.00000     0.00000     0.00000     0.00000     0.00000     0.00000     0.00941
   -20.57170     0.00906     0.00020     0.00042     0.00017     0.00000     0.00000     0.00000     0.00000     0.00000     0.00000     0.00000     0.00000     0.00000     0.00000     0.00000     0.00000     0.00987
   -20.50670     0.00945     0.00022     0.00046     0.00021     0.00000     0.00000     0.00001     0.00000     0.00000     0.00000     0.00000     0.00000     0.00000     0.00000     0.00000     0.00000     0.01034
   -20.44070     0.00984     0.00024     0.00051     0.00022     0.00000     0.00000     0.00001     0.00000     0.00000     0.00000     0.00000     0.00000     0.00000     0.00000     0.00000     0.00000     0.01083
   -20.37570     0.01025     0.00027     0.00056     0.00024     0.00000     0.00000     0.00001     0.00000     0.00000     0.00000     0.00000     0.00000     0.00000     0.00000     0.00000     0.00000     0.01133
   -20.31070     0.01063     0.00030     0.00060     0.00027     0.00000     0.00000     0.00001     0.00000     0.00000     0.00000     0.00000     0.00000     0.00000     0.00000     0.00000     0.00000     0.01182
   -20.24570     0.01102     0.00032     0.00065     0.00031     0.00000     0.00000     0.00001     0.00000     0.00000     0.00000     0.00000     0.00000     0.00000     0.00000     0.00000     0.00000     0.01232
   -20.18070     0.01142     0.00035     0.00070     0.00034     0.00000     0.00000     0.00001     0.00000     0.00000     0.00000     0.00000     0.00000     0.00000     0.00000     0.00000     0.00000     0.01283
   -20.11570     0.01184     0.00038     0.00076     0.00036     0.00000     0.00000     0.00001     0.00000     0.00000     0.00000     0.00000     0.00000     0.00000     0.00000     0.00000     0.00000     0.01336
   -20.05070     0.01224     0.00042     0.00082     0.00038     0.00000     0.00000     0.00001     0.00000     0.00000     0.00000     0.00000     0.00000     0.00000     0.00000     0.00000     0.00000     0.01389
   -19.98570     0.01266     0.00045     0.00087     0.00042     0.00000     0.00000     0.00002     0.00000     0.00000     0.00000     0.00000     0.00000     0.00000     0.00000     0.00000     0.00000     0.01444
   -19.91970     0.01308     0.00049     0.00094     0.00046     0.00001     0.00001     0.00002     0.00000     0.00000     0.00000     0.00000     0.00000     0.00000     0.00000     0.00000     0.00000     0.01499
   -19.85470     0.01352     0.00052     0.00100     0.00049     0.00001     0.00001     0.00002     0.00000     0.00000     0.00000     0.00000     0.00000     0.00000     0.00000     0.00000     0.00000     0.01557
   -19.78970     0.01396     0.00056     0.00107     0.00052     0.00001     0.00001     0.00002     0.00000     0.00000     0.00000     0.00000     0.00000     0.00000     0.00000     0.00000     0.00000     0.01615
   -19.72470     0.01441     0.00060     0.00115     0.00055     0.00001     0.00001     0.00002     0.00000     0.00000     0.00000     0.00000     0.00000     0.00000     0.00000     0.00000     0.00000     0.01676
   -19.65970     0.01488     0.00065     0.00121     0.00060     0.00001     0.00001     0.00003     0.00000     0.00000     0.00000     0.00000     0.00000     0.00000     0.00000     0.00000     0.00000     0.01739
   -19.59470     0.01536     0.00069     0.00128     0.00064     0.00001     0.00001     0.00003     0.00000     0.00000     0.00000     0.00000     0.00000     0.00000     0.00000     0.00000     0.00000     0.01803
   -19.52970     0.01585     0.00073     0.00135     0.00068     0.00001     0.00001     0.00003     0.00000     0.00000     0.00000     0.00000     0.00000     0.00000     0.00000     0.00000     0.00000     0.01868
   -19.46370     0.01636     0.00078     0.00143     0.00073     0.00001     0.00001     0.00004     0.00000     0.00000     0.00000     0.00000     0.00000     0.00000     0.00000     0.00000     0.00000     0.01937
   -19.39870     0.01690     0.00084     0.00151     0.00078     0.00001     0.00001     0.00004     0.00001     0.00000     0.00000     0.00000     0.00000     0.00000     0.00000     0.00000     0.00000     0.02010
   -19.33370     0.01746     0.00089     0.00158     0.00084     0.00002     0.00001     0.00004     0.00001     0.00000     0.00000     0.00000     0.00000     0.00000     0.00000     0.00000     0.00000     0.02085
   -19.26870     0.01804     0.00095     0.00166     0.00090     0.00002     0.00001     0.00005     0.00001     0.00000     0.00000     0.00000     0.00000     0.00000     0.00000     0.00000     0.00000     0.02163
   -19.20370     0.01863     0.00100     0.00175     0.00094     0.00002     0.00002     0.00005     0.00001     0.00000     0.00000     0.00000     0.00000     0.00000     0.00000     0.00000     0.00000     0.02242
   -19.13870     0.01930     0.00107     0.00185     0.00100     0.00002     0.00002     0.00005     0.00001     0.00000     0.00000     0.00000     0.00000     0.00000     0.00000     0.00000     0.00000     0.02331
   -19.07370     0.02001     0.00113     0.00194     0.00106     0.00002     0.00002     0.00006     0.00001     0.00000     0.00000     0.00000     0.00000     0.00000     0.00000     0.00000     0.00000     0.02425
   -19.00770     0.02076     0.00120     0.00202     0.00113     0.00003     0.00002     0.00006     0.00001     0.00000     0.00000     0.00000     0.00000     0.00000     0.00000     0.00000     0.00000     0.02524
   -18.94270     0.02154     0.00127     0.00212     0.00119     0.00003     0.00002     0.00006     0.00001     0.00000     0.00000     0.00000     0.00000     0.00000     0.00000     0.00000     0.00000     0.02626
   -18.87770     0.02237     0.00134     0.00223     0.00125     0.00003     0.00003     0.00007     0.00001     0.00000     0.00000     0.00000     0.00000     0.00000     0.00000     0.00000     0.00000     0.02733
   -18.81270     0.02339     0.00143     0.00235     0.00132     0.00004     0.00003     0.00007     0.00001     0.00001     0.00000     0.00000     0.00000     0.00000     0.00000     0.00000     0.00000     0.02864
   -18.74770     0.02449     0.00152     0.00246     0.00141     0.00004     0.00003     0.00008     0.00001     0.00001     0.00000     0.00000     0.00000     0.00000     0.00000     0.00000     0.00000     0.03005
   -18.68270     0.02569     0.00162     0.00257     0.00152     0.00004     0.00003     0.00008     0.00001     0.00001     0.00000     0.00000     0.00000     0.00000     0.00000     0.00000     0.00000     0.03158
   -18.61770     0.02701     0.00175     0.00272     0.00164     0.00005     0.00004     0.00009     0.00001     0.00001     0.00000     0.00000     0.00000     0.00000     0.00000     0.00000     0.00000     0.03332
   -18.55270     0.02870     0.00198     0.00296     0.00186     0.00005     0.00004     0.00009     0.00002     0.00001     0.00000     0.00000     0.00000     0.00000     0.00000     0.00000     0.00000     0.03570
   -18.48670     0.03087     0.00217     0.00316     0.00205     0.00006     0.00004     0.00010     0.00002     0.00001     0.00000     0.00000     0.00000     0.00000     0.00000     0.00000     0.00000     0.03849
   -18.42170     0.03338     0.00219     0.00317     0.00208     0.00007     0.00005     0.00010     0.00002     0.00001     0.00000     0.00000     0.00000     0.00000     0.00000     0.00000     0.00000     0.04106
   -18.35670     0.03640     0.00197     0.00292     0.00188     0.00007     0.00005     0.00011     0.00002     0.00001     0.00000     0.00000     0.00000     0.00000     0.00000     0.00000     0.00000     0.04343
   -18.29170     0.04204     0.00195     0.00288     0.00186     0.00008     0.00005     0.00012     0.00002     0.00001     0.00000     0.00000     0.00000     0.00000     0.00000     0.00000     0.00000     0.04900
   -18.22670     0.05090     0.00167     0.00250     0.00156     0.00008     0.00006     0.00012     0.00002     0.00001     0.00000     0.00000     0.00000     0.00000     0.00000     0.00000     0.00000     0.05693
   -18.16170     0.05535     0.00149     0.00215     0.00139     0.00009     0.00006     0.00011     0.00002     0.00001     0.00000     0.00000     0.00000     0.00000     0.00000     0.00000     0.00000     0.06067
   -18.09670     0.06293     0.00140     0.00194     0.00135     0.00011     0.00007     0.00009     0.00002     0.00001     0.00000     0.00000     0.00000     0.00000     0.00000     0.00000     0.00000     0.06793
   -18.03070     0.07914     0.00120     0.00163     0.00117     0.00013     0.00008     0.00007     0.00004     0.00001     0.00000     0.00000     0.00000     0.00000     0.00000     0.00000     0.00000     0.08348
   -17.96570     0.08972     0.00120     0.00148     0.00128     0.00015     0.00007     0.00005     0.00004     0.00001     0.00000     0.00000     0.00000     0.00000     0.00000     0.00000     0.00000     0.09401
   -17.90070     0.05548     0.00110     0.00124     0.00119     0.00008     0.00005     0.00003     0.00003     0.00001     0.00000     0.00000     0.00000     0.00000     0.00000     0.00000     0.00000     0.05921
   -17.83570     0.01258     0.00122     0.00131     0.00131     0.00006     0.00003     0.00002     0.00002     0.00000     0.00000     0.00000     0.00000     0.00000     0.00000     0.00000     0.00000     0.01658
   -17.77070     0.01280     0.00177     0.00194     0.00191     0.00008     0.00004     0.00004     0.00003     0.00000     0.00000     0.00000     0.00000     0.00000     0.00000     0.00000     0.00000     0.01861
   -17.70570     0.01295     0.00214     0.00243     0.00235     0.00010     0.00005     0.00005     0.00003     0.00000     0.00000     0.00000     0.00000     0.00000     0.00000     0.00000     0.00000     0.02011
   -17.64070     0.01381     0.00254     0.00298     0.00283     0.00013     0.00007     0.00007     0.00004     0.00001     0.00000     0.00000     0.00000     0.00000     0.00000     0.00000     0.00000     0.02246
   -17.57470     0.01505     0.00298     0.00545     0.00340     0.00021     0.00008     0.00008     0.00004     0.00001     0.00000     0.00000     0.00000     0.00000     0.00000     0.00000     0.00000     0.02730
   -17.50970     0.01894     0.00369     0.01228     0.00444     0.00043     0.00013     0.00011     0.00006     0.00001     0.00000     0.00000     0.00000     0.00000     0.00000     0.00000     0.00000     0.04008
   -17.44470     0.02432     0.00467     0.01921     0.00598     0.00070     0.00022     0.00014     0.00008     0.00001     0.00000     0.00000     0.00000     0.00000     0.00000     0.00000     0.00000     0.05533
   -17.37970     0.03584     0.00669     0.03508     0.01015     0.00142     0.00051     0.00021     0.00015     0.00002     0.00000     0.00000     0.00000     0.00000     0.00000     0.00000     0.00000     0.09006
   -17.31470     0.04012     0.00494     0.02869     0.00963     0.00110     0.00054     0.00013     0.00008     0.00002     0.00000     0.00000     0.00000     0.00000     0.00000     0.00000     0.00000     0.08526
   -17.24970     0.03428     0.00308     0.01601     0.00549     0.00055     0.00022     0.00004     0.00005     0.00001     0.00000     0.00000     0.00000     0.00000     0.00000     0.00000     0.00000     0.05972
   -17.18470     0.03023     0.00260     0.01249     0.00388     0.00038     0.00011     0.00003     0.00005     0.00000     0.00000     0.00000     0.00000     0.00000     0.00000     0.00000     0.00000     0.04978
   -17.11970     0.02676     0.00227     0.01111     0.00346     0.00033     0.00009     0.00002     0.00005     0.00000     0.00000     0.00000     0.00000     0.00000     0.00000     0.00000     0.00000     0.04409
   -17.05370     0.02404     0.00209     0.01009     0.00328     0.00029     0.00008     0.00002     0.00004     0.00000     0.00000     0.00000     0.00000     0.00000     0.00000     0.00000     0.00000     0.03994
   -16.98870     0.02123     0.00187     0.00924     0.00311     0.00026     0.00008     0.00003     0.00004     0.00000     0.00000     0.00000     0.00000     0.00000     0.00000     0.00000     0.00000     0.03585
   -16.92370     0.01914     0.00174     0.00865     0.00298     0.00024     0.00007     0.00004     0.00004     0.00000     0.00000     0.00000     0.00000     0.00000     0.00000     0.00000     0.00000     0.03290
   -16.85870     0.01727     0.00246     0.01128     0.00363     0.00024     0.00010     0.00014     0.00005     0.00000     0.00000     0.00000     0.00000     0.00000     0.00000     0.00000     0.00000     0.03517
   -16.79370     0.01563     0.00336     0.01394     0.00447     0.00027     0.00015     0.00025     0.00006     0.00001     0.00000     0.00000     0.00000     0.00000     0.00000     0.00000     0.00000     0.03815
   -16.72870     0.01463     0.00448     0.01669     0.00580     0.00032     0.00023     0.00036     0.00007     0.00002     0.00000     0.00000     0.00000     0.00000     0.00000     0.00000     0.00000     0.04260
   -16.66370     0.01407     0.00624     0.01980     0.00918     0.00046     0.00033     0.00051     0.00009     0.00005     0.00000     0.00000     0.00000     0.00000     0.00000     0.00000     0.00000     0.05072
   -16.59770     0.01317     0.00619     0.01927     0.01043     0.00055     0.00032     0.00055     0.00010     0.00005     0.00000     0.00000     0.00000     0.00000     0.00000     0.00000     0.00000     0.05063
   -16.53270     0.01238     0.00596     0.01895     0.01113     0.00062     0.00033     0.00056     0.00011     0.00004     0.00000     0.00000     0.00000     0.00000     0.00000     0.00000     0.00000     0.05009
   -16.46770     0.01158     0.00586     0.01857     0.01178     0.00069     0.00034     0.00059     0.00013     0.00004     0.00000     0.00000     0.00000     0.00000     0.00000     0.00000     0.00000     0.04957
   -16.40270     0.01070     0.00569     0.01824     0.01212     0.00073     0.00034     0.00061     0.00014     0.00004     0.00000     0.00000     0.00000     0.00000     0.00000     0.00000     0.00000     0.04861
   -16.33770     0.00988     0.00591     0.01818     0.01247     0.00076     0.00034     0.00066     0.00015     0.00005     0.00000     0.00000     0.00000     0.00000     0.00000     0.00000     0.00000     0.04840
   -16.27270     0.00910     0.00634     0.01816     0.01301     0.00080     0.00034     0.00072     0.00016     0.00005     0.00000     0.00000     0.00000     0.00000     0.00000     0.00000     0.00000     0.04868
   -16.20770     0.00826     0.00681     0.01833     0.01363     0.00085     0.00034     0.00079     0.00017     0.00006     0.00000     0.00000     0.00000     0.00000     0.00000     0.00000     0.00000     0.04924
   -16.14170     0.00745     0.00753     0.01842     0.01407     0.00088     0.00034     0.00087     0.00018     0.00008     0.00000     0.00000     0.00000     0.00000     0.00000     0.00000     0.00000     0.04981
   -16.07670     0.00668     0.00847     0.01856     0.01469     0.00089     0.00034     0.00096     0.00019     0.00009     0.00000     0.00000     0.00000     0.00000     0.00000     0.00000     0.00000     0.05087
   -16.01170     0.00586     0.01000     0.01866     0.01542     0.00090     0.00033     0.00106     0.00020     0.00013     0.00000     0.00000     0.00000     0.00000     0.00000     0.00000     0.00000     0.05256
   -15.94670     0.00509     0.01312     0.01849     0.01693     0.00094     0.00033     0.00118     0.00022     0.00026     0.00000     0.00000     0.00000     0.00000     0.00000     0.00000     0.00000     0.05656
   -15.88170     0.00426     0.01984     0.01619     0.02056     0.00093     0.00032     0.00128     0.00027     0.00054     0.00000     0.00000     0.00000     0.00000     0.00000     0.00000     0.00000     0.06418
   -15.81670     0.00429     0.05508     0.01595     0.03849     0.00092     0.00047     0.00138     0.00068     0.00152     0.00000     0.00000     0.00000     0.00000     0.00000     0.00000     0.00000     0.11878
   -15.75170     0.00455     0.07266     0.01835     0.04349     0.00094     0.00047     0.00153     0.00087     0.00151     0.00000     0.00000     0.00000     0.00000     0.00000     0.00000     0.00000     0.14437
   -15.68570     0.00424     0.04636     0.01179     0.03127     0.00090     0.00036     0.00146     0.00060     0.00114     0.00000     0.00000     0.00000     0.00000     0.00000     0.00000     0.00000     0.09814
   -15.62070     0.00396     0.03622     0.00878     0.02609     0.00090     0.00032     0.00140     0.00051     0.00107     0.00000     0.00000     0.00000     0.00000     0.00000     0.00000     0.00000     0.07925
   -15.55570     0.00369     0.03060     0.00725     0.02274     0.00088     0.00030     0.00137     0.00046     0.00106     0.00000     0.00000     0.00000     0.00000     0.00000     0.00000     0.00000     0.06834
   -15.49070     0.00339     0.02639     0.00568     0.02013     0.00084     0.00029     0.00126     0.00042     0.00107     0.00000     0.00000     0.00000     0.00000     0.00000     0.00000     0.00000     0.05947
   -15.42570     0.00305     0.02319     0.00466     0.01792     0.00079     0.00027     0.00116     0.00039     0.00112     0.00000     0.00000     0.00000     0.00000     0.00000     0.00000     0.00000     0.05255
   -15.36070     0.00272     0.02062     0.00383     0.01612     0.00080     0.00026     0.00107     0.00036     0.00122     0.00000     0.00000     0.00000     0.00000     0.00000     0.00000     0.00000     0.04701
   -15.29570     0.00241     0.01862     0.00311     0.01444     0.00077     0.00025     0.00099     0.00034     0.00130     0.00000     0.00000     0.00000     0.00000     0.00000     0.00000     0.00000     0.04222
   -15.23070     0.00210     0.01673     0.00253     0.01294     0.00066     0.00024     0.00091     0.00032     0.00144     0.00000     0.00000     0.00000     0.00000     0.00000     0.00000     0.00000     0.03786
   -15.16470     0.00177     0.01486     0.00217     0.01137     0.00052     0.00023     0.00086     0.00030     0.00165     0.00000     0.00000     0.00000     0.00000     0.00000     0.00000     0.00000     0.03373
   -15.09970     0.00144     0.01276     0.00177     0.00991     0.00041     0.00021     0.00063     0.00027     0.00189     0.00000     0.00000     0.00000     0.00000     0.00000     0.00000     0.00000     0.02929
   -15.03470     0.00117     0.01076     0.00142     0.00872     0.00034     0.00020     0.00021     0.00024     0.00127     0.00000     0.00000     0.00000     0.00000     0.00000     0.00000     0.00000     0.02432
   -14.96970     0.00092     0.00894     0.00126     0.00764     0.00026     0.00019     0.00015     0.00022     0.00088     0.00000     0.00000     0.00000     0.00000     0.00000     0.00000     0.00000     0.02046
   -14.90470     0.00072     0.00645     0.00118     0.00642     0.00024     0.00018     0.00010     0.00020     0.00062     0.00000     0.00000     0.00000     0.00000     0.00000     0.00000     0.00000     0.01611
   -14.83970     0.00061     0.00403     0.00107     0.00484     0.00030     0.00016     0.00011     0.00017     0.00040     0.00000     0.00000     0.00000     0.00000     0.00000     0.00000     0.00000     0.01169
   -14.77470     0.00059     0.00281     0.00105     0.00421     0.00041     0.00015     0.00016     0.00015     0.00023     0.00000     0.00000     0.00000     0.00000     0.00000     0.00000     0.00000     0.00974
   -14.70870     0.00063     0.00196     0.00098     0.00382     0.00058     0.00013     0.00024     0.00013     0.00009     0.00000     0.00000     0.00000     0.00000     0.00000     0.00000     0.00000     0.00854
   -14.64370     0.00068     0.00160     0.00084     0.00364     0.00077     0.00012     0.00035     0.00011     0.00003     0.00000     0.00000     0.00000     0.00000     0.00000     0.00000     0.00000     0.00814
   -14.57870     0.00075     0.00138     0.00091     0.00346     0.00100     0.00011     0.00050     0.00010     0.00001     0.00000     0.00000     0.00000     0.00000     0.00000     0.00000     0.00000     0.00823
   -14.51370     0.00085     0.00134     0.00097     0.00360     0.00125     0.00012     0.00066     0.00011     0.00001     0.00000     0.00000     0.00000     0.00000     0.00000     0.00000     0.00000     0.00889
   -14.44870     0.00091     0.00128     0.00081     0.00342     0.00146     0.00011     0.00085     0.00009     0.00006     0.00000     0.00000     0.00000     0.00000     0.00000     0.00000     0.00000     0.00899
   -14.38370     0.00106     0.00165     0.00084     0.00372     0.00168     0.00014     0.00114     0.00012     0.00021     0.00000     0.00000     0.00000     0.00000     0.00000     0.00000     0.00000     0.01056
   -14.31870     0.00126     0.00234     0.00093     0.00387     0.00194     0.00019     0.00150     0.00015     0.00049     0.00000     0.00000     0.00000     0.00000     0.00000     0.00000     0.00000     0.01266
   -14.25270     0.00147     0.00312     0.00105     0.00401     0.00224     0.00026     0.00189     0.00019     0.00083     0.00000     0.00000     0.00000     0.00000     0.00000     0.00000     0.00000     0.01506
   -14.18770     0.00218     0.00458     0.00157     0.00481     0.00268     0.00043     0.00308     0.00030     0.00141     0.00000     0.00000     0.00000     0.00000     0.00000     0.00000     0.00000     0.02105
   -14.12270     0.00238     0.00430     0.00180     0.00471     0.00314     0.00047     0.00392     0.00031     0.00185     0.00000     0.00000     0.00000     0.00000     0.00000     0.00000     0.00000     0.02287
   -14.05770     0.00256     0.00439     0.00200     0.00471     0.00348     0.00053     0.00486     0.00034     0.00218     0.00000     0.00000     0.00000     0.00000     0.00000     0.00000     0.00000     0.02504
   -13.99270     0.00274     0.00411     0.00215     0.00473     0.00397     0.00062     0.00639     0.00034     0.00261     0.00000     0.00000     0.00000     0.00000     0.00000     0.00000     0.00000     0.02766
   -13.92770     0.00297     0.00379     0.00235     0.00436     0.00456     0.00071     0.00864     0.00032     0.00301     0.00000     0.00000     0.00000     0.00000     0.00000     0.00000     0.00000     0.03072
   -13.86270     0.00340     0.00391     0.00312     0.00415     0.00574     0.00094     0.01298     0.00036     0.00373     0.00000     0.00000     0.00000     0.00000     0.00000     0.00000     0.00000     0.03834
   -13.79770     0.00337     0.00434     0.00308     0.00402     0.00616     0.00133     0.01359     0.00038     0.00445     0.00000     0.00000     0.00000     0.00000     0.00000     0.00000     0.00000     0.04072
   -13.73170     0.00321     0.00497     0.00315     0.00410     0.00647     0.00196     0.01378     0.00042     0.00591     0.00000     0.00000     0.00000     0.00000     0.00000     0.00000     0.00000     0.04397
   -13.66670     0.00260     0.00410     0.00260     0.00344     0.00496     0.00124     0.00907     0.00050     0.00400     0.00000     0.00000     0.00000     0.00000     0.00000     0.00000     0.00000     0.03251
   -13.60170     0.00242     0.00392     0.00250     0.00339     0.00481     0.00111     0.00783     0.00063     0.00380     0.00000     0.00000     0.00000     0.00000     0.00000     0.00000     0.00000     0.03042
   -13.53670     0.00238     0.00390     0.00258     0.00337     0.00448     0.00106     0.00719     0.00081     0.00377     0.00000     0.00000     0.00000     0.00000     0.00000     0.00000     0.00000     0.02953
   -13.47170     0.00192     0.00386     0.00243     0.00343     0.00404     0.00120     0.00627     0.00098     0.00353     0.00000     0.00000     0.00000     0.00000     0.00000     0.00000     0.00000     0.02763
   -13.40670     0.00177     0.00403     0.00221     0.00354     0.00359     0.00144     0.00587     0.00114     0.00365     0.00000     0.00000     0.00000     0.00000     0.00000     0.00000     0.00000     0.02724
   -13.34170     0.00153     0.00390     0.00200     0.00350     0.00308     0.00175     0.00523     0.00132     0.00380     0.00000     0.00000     0.00000     0.00000     0.00000     0.00000     0.00000     0.02611
   -13.27570     0.00164     0.00427     0.00283     0.00360     0.00272     0.00205     0.00506     0.00149     0.00423     0.00000     0.00000     0.00000     0.00000     0.00000     0.00000     0.00000     0.02790
   -13.21070     0.00195     0.00534     0.00462     0.00431     0.00264     0.00245     0.00527     0.00176     0.00493     0.00000     0.00000     0.00000     0.00000     0.00000     0.00000     0.00000     0.03326
   -13.14570     0.00256     0.00602     0.00444     0.00427     0.00232     0.00269     0.00560     0.00202     0.00582     0.00000     0.00000     0.00000     0.00000     0.00000     0.00000     0.00000     0.03573
   -13.08070     0.00260     0.00709     0.00410     0.00485     0.00190     0.00355     0.00488     0.00273     0.00927     0.00000     0.00000     0.00000     0.00000     0.00000     0.00000     0.00000     0.04099
   -13.01570     0.00257     0.00735     0.00375     0.00459     0.00183     0.00357     0.00476     0.00247     0.00853     0.00000     0.00000     0.00000     0.00000     0.00000     0.00000     0.00000     0.03943
   -12.95070     0.00230     0.00723     0.00356     0.00432     0.00168     0.00359     0.00444     0.00200     0.00746     0.00000     0.00000     0.00000     0.00000     0.00000     0.00000     0.00000     0.03656
   -12.88570     0.00212     0.00634     0.00322     0.00371     0.00119     0.00304     0.00401     0.00149     0.00569     0.00000     0.00000     0.00000     0.00000     0.00000     0.00000     0.00000     0.03081
   -12.81970     0.00198     0.00548     0.00265     0.00334     0.00086     0.00233     0.00369     0.00117     0.00445     0.00000     0.00000     0.00000     0.00000     0.00000     0.00000     0.00000     0.02595
   -12.75470     0.00180     0.00494     0.00234     0.00308     0.00075     0.00178     0.00350     0.00095     0.00358     0.00000     0.00000     0.00000     0.00000     0.00000     0.00000     0.00000     0.02272
   -12.68970     0.00171     0.00465     0.00216     0.00303     0.00071     0.00148     0.00342     0.00083     0.00322     0.00000     0.00000     0.00000     0.00000     0.00000     0.00000     0.00000     0.02122
   -12.62470     0.00169     0.00443     0.00204     0.00303     0.00069     0.00121     0.00341     0.00075     0.00291     0.00000     0.00000     0.00000     0.00000     0.00000     0.00000     0.00000     0.02017
   -12.55970     0.00169     0.00435     0.00188     0.00318     0.00071     0.00108     0.00340     0.00071     0.00283     0.00000     0.00000     0.00000     0.00000     0.00000     0.00000     0.00000     0.01983
   -12.49470     0.00160     0.00423     0.00181     0.00320     0.00073     0.00097     0.00335     0.00069     0.00277     0.00000     0.00000     0.00000     0.00000     0.00000     0.00000     0.00000     0.01937
   -12.42970     0.00158     0.00410     0.00179     0.00328     0.00075     0.00091     0.00330     0.00068     0.00285     0.00000     0.00000     0.00000     0.00000     0.00000     0.00000     0.00000     0.01923
   -12.36370     0.00162     0.00407     0.00183     0.00338     0.00079     0.00091     0.00331     0.00069     0.00300     0.00000     0.00000     0.00000     0.00000     0.00000     0.00000     0.00000     0.01959
   -12.29870     0.00171     0.00417     0.00198     0.00373     0.00092     0.00108     0.00343     0.00072     0.00323     0.00000     0.00000     0.00000     0.00000     0.00000     0.00000     0.00000     0.02096
   -12.23370     0.00174     0.00448     0.00239     0.00447     0.00120     0.00157     0.00372     0.00080     0.00356     0.00000     0.00000     0.00000     0.00000     0.00000     0.00000     0.00000     0.02393
   -12.16870     0.00177     0.00497     0.00293     0.00578     0.00161     0.00242     0.00435     0.00093     0.00400     0.00000     0.00000     0.00000     0.00000     0.00000     0.00000     0.00000     0.02876
   -12.10370     0.00175     0.00495     0.00249     0.00514     0.00154     0.00190     0.00391     0.00097     0.00388     0.00000     0.00000     0.00000     0.00000     0.00000     0.00000     0.00000     0.02653
   -12.03870     0.00181     0.00495     0.00230     0.00458     0.00152     0.00153     0.00361     0.00096     0.00375     0.00000     0.00000     0.00000     0.00000     0.00000     0.00000     0.00000     0.02500
   -11.97370     0.00190     0.00489     0.00218     0.00420     0.00148     0.00138     0.00323     0.00099     0.00384     0.00000     0.00000     0.00000     0.00000     0.00000     0.00000     0.00000     0.02408
   -11.90870     0.00186     0.00481     0.00208     0.00400     0.00145     0.00130     0.00294     0.00103     0.00391     0.00000     0.00000     0.00000     0.00000     0.00000     0.00000     0.00000     0.02339
   -11.84270     0.00190     0.00473     0.00208     0.00391     0.00145     0.00131     0.00272     0.00107     0.00392     0.00000     0.00000     0.00000     0.00000     0.00000     0.00000     0.00000     0.02310
   -11.77770     0.00201     0.00467     0.00210     0.00383     0.00145     0.00134     0.00259     0.00113     0.00396     0.00000     0.00000     0.00000     0.00000     0.00000     0.00000     0.00000     0.02310
   -11.71270     0.00216     0.00457     0.00208     0.00374     0.00144     0.00138     0.00243     0.00120     0.00396     0.00000     0.00000     0.00000     0.00000     0.00000     0.00000     0.00000     0.02296
   -11.64770     0.00231     0.00447     0.00207     0.00367     0.00145     0.00143     0.00228     0.00127     0.00427     0.00000     0.00000     0.00000     0.00000     0.00000     0.00000     0.00000     0.02323
   -11.58270     0.00239     0.00429     0.00207     0.00358     0.00143     0.00148     0.00207     0.00133     0.00506     0.00000     0.00000     0.00000     0.00000     0.00000     0.00000     0.00000     0.02371
   -11.51770     0.00250     0.00404     0.00209     0.00347     0.00136     0.00154     0.00191     0.00140     0.00715     0.00000     0.00000     0.00000     0.00000     0.00000     0.00000     0.00000     0.02546
   -11.45270     0.00279     0.00379     0.00214     0.00342     0.00132     0.00164     0.00222     0.00147     0.01181     0.00000     0.00000     0.00000     0.00000     0.00000     0.00000     0.00000     0.03058
   -11.38670     0.00298     0.00358     0.00224     0.00359     0.00138     0.00174     0.00261     0.00153     0.01198     0.00000     0.00000     0.00000     0.00000     0.00000     0.00000     0.00000     0.03163
   -11.32170     0.00313     0.00340     0.00230     0.00364     0.00144     0.00179     0.00245     0.00159     0.00976     0.00000     0.00000     0.00000     0.00000     0.00000     0.00000     0.00000     0.02949
   -11.25670     0.00322     0.00330     0.00236     0.00364     0.00148     0.00184     0.00213     0.00165     0.00788     0.00000     0.00000     0.00000     0.00000     0.00000     0.00000     0.00000     0.02750
   -11.19170     0.00331     0.00333     0.00244     0.00377     0.00157     0.00190     0.00218     0.00170     0.00717     0.00000     0.00000     0.00000     0.00000     0.00000     0.00000     0.00000     0.02738
   -11.12670     0.00345     0.00332     0.00250     0.00387     0.00163     0.00196     0.00221     0.00176     0.00646     0.00000     0.00000     0.00000     0.00000     0.00000     0.00000     0.00000     0.02718
   -11.06170     0.00368     0.00306     0.00253     0.00374     0.00156     0.00198     0.00179     0.00183     0.00540     0.00000     0.00000     0.00000     0.00000     0.00000     0.00000     0.00000     0.02556
   -10.99670     0.00398     0.00297     0.00254     0.00365     0.00154     0.00203     0.00155     0.00191     0.00477     0.00000     0.00000     0.00000     0.00000     0.00000     0.00000     0.00000     0.02493
   -10.93070     0.00420     0.00292     0.00260     0.00366     0.00156     0.00208     0.00147     0.00198     0.00445     0.00000     0.00000     0.00000     0.00000     0.00000     0.00000     0.00000     0.02491
   -10.86570     0.00437     0.00291     0.00264     0.00369     0.00158     0.00212     0.00143     0.00204     0.00416     0.00000     0.00000     0.00000     0.00000     0.00000     0.00000     0.00000     0.02495
   -10.80070     0.00459     0.00294     0.00268     0.00375     0.00162     0.00217     0.00142     0.00211     0.00390     0.00000     0.00000     0.00000     0.00000     0.00000     0.00000     0.00000     0.02518
   -10.73570     0.00507     0.00318     0.00296     0.00401     0.00182     0.00233     0.00162     0.00223     0.00392     0.00000     0.00000     0.00000     0.00000     0.00000     0.00000     0.00000     0.02714
   -10.67070     0.00572     0.00294     0.00298     0.00380     0.00173     0.00236     0.00120     0.00238     0.00317     0.00000     0.00000     0.00000     0.00000     0.00000     0.00000     0.00000     0.02627
   -10.60570     0.00605     0.00294     0.00308     0.00386     0.00174     0.00242     0.00113     0.00248     0.00300     0.00000     0.00000     0.00000     0.00000     0.00000     0.00000     0.00000     0.02670
   -10.54070     0.00644     0.00297     0.00317     0.00393     0.00175     0.00249     0.00106     0.00259     0.00283     0.00000     0.00000     0.00000     0.00000     0.00000     0.00000     0.00000     0.02723
   -10.47570     0.01225     0.00333     0.00437     0.00440     0.00285     0.00334     0.00128     0.00352     0.00278     0.00000     0.00000     0.00000     0.00000     0.00000     0.00000     0.00000     0.03812
   -10.40970     0.00801     0.00344     0.00398     0.00470     0.00193     0.00288     0.00115     0.00315     0.00268     0.00000     0.00000     0.00000     0.00000     0.00000     0.00000     0.00000     0.03192
   -10.34470     0.00548     0.00347     0.00426     0.00464     0.00152     0.00249     0.00109     0.00295     0.00242     0.00000     0.00000     0.00000     0.00000     0.00000     0.00000     0.00000     0.02831
   -10.27970     0.00693     0.00382     0.00294     0.00478     0.00128     0.00228     0.00072     0.00288     0.00239     0.00000     0.00000     0.00000     0.00000     0.00000     0.00000     0.00000     0.02801
   -10.21470     0.00720     0.00315     0.00166     0.00391     0.00115     0.00214     0.00041     0.00265     0.00194     0.00000     0.00000     0.00000     0.00000     0.00000     0.00000     0.00000     0.02420
   -10.14970     0.00760     0.00281     0.00117     0.00350     0.00112     0.00212     0.00027     0.00262     0.00167     0.00000     0.00000     0.00000     0.00000     0.00000     0.00000     0.00000     0.02287
   -10.08470     0.00711     0.00244     0.00091     0.00298     0.00103     0.00198     0.00016     0.00243     0.00140     0.00000     0.00000     0.00000     0.00000     0.00000     0.00000     0.00000     0.02042
   -10.01970     0.00677     0.00194     0.00089     0.00234     0.00096     0.00187     0.00012     0.00221     0.00100     0.00000     0.00000     0.00000     0.00000     0.00000     0.00000     0.00000     0.01810
    -9.95370     0.00656     0.00170     0.00094     0.00206     0.00091     0.00183     0.00009     0.00216     0.00082     0.00000     0.00000     0.00000     0.00000     0.00000     0.00000     0.00000     0.01708
    -9.88870     0.00627     0.00144     0.00101     0.00180     0.00086     0.00178     0.00008     0.00209     0.00063     0.00000     0.00000     0.00000     0.00000     0.00000     0.00000     0.00000     0.01596
    -9.82370     0.00605     0.00117     0.00107     0.00157     0.00082     0.00173     0.00007     0.00202     0.00045     0.00000     0.00000     0.00000     0.00000     0.00000     0.00000     0.00000     0.01495
    -9.75870     0.00592     0.00101     0.00113     0.00148     0.00079     0.00170     0.00006     0.00202     0.00036     0.00000     0.00000     0.00000     0.00000     0.00000     0.00000     0.00000     0.01448
    -9.69370     0.00579     0.00077     0.00118     0.00132     0.00077     0.00164     0.00005     0.00196     0.00021     0.00000     0.00000     0.00000     0.00000     0.00000     0.00000     0.00000     0.01370
    -9.62870     0.00597     0.00067     0.00133     0.00131     0.00113     0.00164     0.00021     0.00200     0.00013     0.00000     0.00000     0.00000     0.00000     0.00000     0.00000     0.00000     0.01440
    -9.56370     0.00602     0.00060     0.00150     0.00134     0.00147     0.00163     0.00039     0.00206     0.00008     0.00000     0.00000     0.00000     0.00000     0.00000     0.00000     0.00000     0.01509
    -9.49770     0.00604     0.00056     0.00170     0.00139     0.00183     0.00164     0.00063     0.00216     0.00007     0.00000     0.00000     0.00000     0.00000     0.00000     0.00000     0.00000     0.01602
    -9.43270     0.00595     0.00054     0.00180     0.00142     0.00194     0.00165     0.00069     0.00223     0.00009     0.00000     0.00000     0.00000     0.00000     0.00000     0.00000     0.00000     0.01629
    -9.36770     0.00593     0.00053     0.00195     0.00148     0.00216     0.00177     0.00084     0.00234     0.00016     0.00000     0.00000     0.00000     0.00000     0.00000     0.00000     0.00000     0.01715
    -9.30270     0.00592     0.00054     0.00213     0.00157     0.00244     0.00195     0.00106     0.00248     0.00027     0.00000     0.00000     0.00000     0.00000     0.00000     0.00000     0.00000     0.01835
    -9.23770     0.00588     0.00058     0.00223     0.00168     0.00252     0.00227     0.00113     0.00264     0.00049     0.00000     0.00000     0.00000     0.00000     0.00000     0.00000     0.00000     0.01941
    -9.17270     0.00596     0.00070     0.00237     0.00194     0.00261     0.00305     0.00123     0.00299     0.00109     0.00000     0.00000     0.00000     0.00000     0.00000     0.00000     0.00000     0.02194
    -9.10770     0.00599     0.00104     0.00249     0.00230     0.00274     0.00406     0.00139     0.00355     0.00195     0.00000     0.00000     0.00000     0.00000     0.00000     0.00000     0.00000     0.02551
    -9.04270     0.00590     0.00118     0.00254     0.00256     0.00284     0.00476     0.00152     0.00405     0.00259     0.00000     0.00000     0.00000     0.00000     0.00000     0.00000     0.00000     0.02793
    -8.97670     0.00581     0.00124     0.00246     0.00281     0.00273     0.00555     0.00140     0.00463     0.00355     0.00000     0.00000     0.00000     0.00000     0.00000     0.00000     0.00000     0.03017
    -8.91170     0.00556     0.00120     0.00236     0.00280     0.00254     0.00567     0.00122     0.00477     0.00383     0.00000     0.00000     0.00000     0.00000     0.00000     0.00000     0.00000     0.02995
    -8.84670     0.00548     0.00119     0.00233     0.00273     0.00288     0.00612     0.00169     0.00513     0.00445     0.00000     0.00000     0.00000     0.00000     0.00000     0.00000     0.00000     0.03200
    -8.78170     0.00550     0.00112     0.00228     0.00259     0.00275     0.00549     0.00157     0.00455     0.00363     0.00000     0.00000     0.00000     0.00000     0.00000     0.00000     0.00000     0.02949
    -8.71670     0.00557     0.00107     0.00225     0.00250     0.00263     0.00506     0.00143     0.00421     0.00307     0.00000     0.00000     0.00000     0.00000     0.00000     0.00000     0.00000     0.02780
    -8.65170     0.00558     0.00105     0.00224     0.00246     0.00257     0.00473     0.00136     0.00400     0.00265     0.00000     0.00000     0.00000     0.00000     0.00000     0.00000     0.00000     0.02663
    -8.58670     0.00555     0.00102     0.00223     0.00241     0.00251     0.00449     0.00131     0.00387     0.00236     0.00000     0.00000     0.00000     0.00000     0.00000     0.00000     0.00000     0.02574
    -8.52070     0.00551     0.00099     0.00220     0.00235     0.00242     0.00428     0.00124     0.00379     0.00215     0.00000     0.00000     0.00000     0.00000     0.00000     0.00000     0.00000     0.02495
    -8.45570     0.00549     0.00098     0.00218     0.00234     0.00236     0.00422     0.00121     0.00375     0.00206     0.00000     0.00000     0.00000     0.00000     0.00000     0.00000     0.00000     0.02459
    -8.39070     0.00547     0.00096     0.00215     0.00232     0.00225     0.00416     0.00111     0.00370     0.00196     0.00000     0.00000     0.00000     0.00000     0.00000     0.00000     0.00000     0.02408
    -8.32570     0.00548     0.00096     0.00215     0.00230     0.00222     0.00411     0.00110     0.00372     0.00189     0.00000     0.00000     0.00000     0.00000     0.00000     0.00000     0.00000     0.02391
    -8.26070     0.00550     0.00096     0.00213     0.00228     0.00221     0.00407     0.00110     0.00376     0.00183     0.00000     0.00000     0.00000     0.00000     0.00000     0.00000     0.00000     0.02383
    -8.19570     0.00552     0.00095     0.00206     0.00224     0.00216     0.00398     0.00108     0.00373     0.00172     0.00000     0.00000     0.00000     0.00000     0.00000     0.00000     0.00000     0.02343
    -8.13070     0.00554     0.00094     0.00203     0.00222     0.00212     0.00396     0.00105     0.00375     0.00166     0.00000     0.00000     0.00000     0.00000     0.00000     0.00000     0.00000     0.02325
    -8.06470     0.00554     0.00092     0.00199     0.00216     0.00207     0.00388     0.00101     0.00374     0.00158     0.00000     0.00000     0.00000     0.00000     0.00000     0.00000     0.00000     0.02290
    -7.99970     0.00554     0.00091     0.00197     0.00212     0.00202     0.00387     0.00097     0.00375     0.00154     0.00000     0.00000     0.00000     0.00000     0.00000     0.00000     0.00000     0.02269
    -7.93470     0.00557     0.00089     0.00195     0.00208     0.00197     0.00386     0.00093     0.00380     0.00151     0.00000     0.00000     0.00000     0.00000     0.00000     0.00000     0.00000     0.02256
    -7.86970     0.00562     0.00088     0.00193     0.00204     0.00194     0.00383     0.00092     0.00385     0.00145     0.00000     0.00000     0.00000     0.00000     0.00000     0.00000     0.00000     0.02247
    -7.80470     0.00563     0.00086     0.00188     0.00198     0.00190     0.00380     0.00092     0.00386     0.00139     0.00000     0.00000     0.00000     0.00000     0.00000     0.00000     0.00000     0.02221
    -7.73970     0.00567     0.00085     0.00185     0.00193     0.00187     0.00379     0.00091     0.00391     0.00134     0.00000     0.00000     0.00000     0.00000     0.00000     0.00000     0.00000     0.02211
    -7.67470     0.00572     0.00084     0.00183     0.00188     0.00184     0.00379     0.00090     0.00399     0.00131     0.00000     0.00000     0.00000     0.00000     0.00000     0.00000     0.00000     0.02210
    -7.60870     0.00575     0.00083     0.00181     0.00183     0.00181     0.00382     0.00089     0.00411     0.00129     0.00000     0.00000     0.00000     0.00000     0.00000     0.00000     0.00000     0.02213
    -7.54370     0.00580     0.00083     0.00178     0.00175     0.00177     0.00386     0.00087     0.00426     0.00127     0.00000     0.00000     0.00000     0.00000     0.00000     0.00000     0.00000     0.02219
    -7.47870     0.00590     0.00083     0.00176     0.00169     0.00173     0.00394     0.00084     0.00444     0.00124     0.00000     0.00000     0.00000     0.00000     0.00000     0.00000     0.00000     0.02237
    -7.41370     0.00598     0.00082     0.00173     0.00161     0.00168     0.00404     0.00081     0.00467     0.00121     0.00000     0.00000     0.00000     0.00000     0.00000     0.00000     0.00000     0.02255
    -7.34870     0.00609     0.00083     0.00170     0.00155     0.00164     0.00434     0.00078     0.00517     0.00119     0.00000     0.00000     0.00000     0.00000     0.00000     0.00000     0.00000     0.02328
    -7.28370     0.00624     0.00076     0.00170     0.00143     0.00162     0.00418     0.00078     0.00500     0.00116     0.00000     0.00000     0.00000     0.00000     0.00000     0.00000     0.00000     0.02286
    -7.21870     0.00620     0.00068     0.00158     0.00114     0.00154     0.00373     0.00077     0.00472     0.00112     0.00000     0.00000     0.00000     0.00000     0.00000     0.00000     0.00000     0.02148
    -7.15370     0.00648     0.00066     0.00154     0.00100     0.00153     0.00323     0.00076     0.00477     0.00109     0.00000     0.00000     0.00000     0.00000     0.00000     0.00000     0.00000     0.02106
    -7.08770     0.00700     0.00066     0.00154     0.00098     0.00152     0.00298     0.00076     0.00493     0.00105     0.00000     0.00000     0.00000     0.00000     0.00000     0.00000     0.00000     0.02141
    -7.02270     0.00841     0.00077     0.00178     0.00118     0.00171     0.00332     0.00077     0.00546     0.00103     0.00000     0.00000     0.00000     0.00000     0.00000     0.00000     0.00000     0.02443
    -6.95770     0.00854     0.00088     0.00152     0.00100     0.00151     0.00281     0.00075     0.00606     0.00099     0.00000     0.00000     0.00000     0.00000     0.00000     0.00000     0.00000     0.02405
    -6.89270     0.00886     0.00100     0.00179     0.00113     0.00160     0.00364     0.00074     0.00673     0.00097     0.00000     0.00000     0.00000     0.00000     0.00000     0.00000     0.00000     0.02646
    -6.82770     0.00876     0.00111     0.00185     0.00129     0.00163     0.00359     0.00070     0.00678     0.00096     0.00000     0.00000     0.00000     0.00000     0.00000     0.00000     0.00000     0.02666
    -6.76270     0.00891     0.00127     0.00186     0.00155     0.00169     0.00377     0.00066     0.00669     0.00096     0.00000     0.00000     0.00000     0.00000     0.00000     0.00000     0.00000     0.02734
    -6.69770     0.00828     0.00134     0.00162     0.00161     0.00159     0.00334     0.00062     0.00639     0.00094     0.00000     0.00000     0.00000     0.00000     0.00000     0.00000     0.00000     0.02572
    -6.63170     0.00843     0.00157     0.00154     0.00169     0.00154     0.00335     0.00060     0.00649     0.00096     0.00000     0.00000     0.00000     0.00000     0.00000     0.00000     0.00000     0.02616
    -6.56670     0.00844     0.00176     0.00155     0.00162     0.00142     0.00342     0.00060     0.00646     0.00092     0.00000     0.00000     0.00000     0.00000     0.00000     0.00000     0.00000     0.02622
    -6.50170     0.00749     0.00167     0.00151     0.00144     0.00132     0.00316     0.00057     0.00601     0.00084     0.00000     0.00000     0.00000     0.00000     0.00000     0.00000     0.00000     0.02400
    -6.43670     0.00732     0.00181     0.00166     0.00186     0.00143     0.00326     0.00055     0.00611     0.00082     0.00000     0.00000     0.00000     0.00000     0.00000     0.00000     0.00000     0.02483
    -6.37170     0.00685     0.00200     0.00167     0.00225     0.00133     0.00334     0.00051     0.00584     0.00075     0.00000     0.00000     0.00000     0.00000     0.00000     0.00000     0.00000     0.02454
    -6.30670     0.00675     0.00230     0.00168     0.00224     0.00120     0.00354     0.00049     0.00549     0.00071     0.00000     0.00000     0.00000     0.00000     0.00000     0.00000     0.00000     0.02441
    -6.24170     0.00544     0.00205     0.00143     0.00167     0.00096     0.00323     0.00046     0.00493     0.00061     0.00000     0.00000     0.00000     0.00000     0.00000     0.00000     0.00000     0.02079
    -6.17570     0.00520     0.00192     0.00148     0.00169     0.00094     0.00334     0.00045     0.00497     0.00059     0.00000     0.00000     0.00000     0.00000     0.00000     0.00000     0.00000     0.02059
    -6.11070     0.00535     0.00198     0.00161     0.00230     0.00103     0.00349     0.00046     0.00531     0.00062     0.00000     0.00000     0.00000     0.00000     0.00000     0.00000     0.00000     0.02214
    -6.04570     0.00561     0.00207     0.00187     0.00302     0.00145     0.00357     0.00049     0.00635     0.00065     0.00000     0.00000     0.00000     0.00000     0.00000     0.00000     0.00000     0.02508
    -5.98070     0.00546     0.00209     0.00197     0.00331     0.00141     0.00358     0.00049     0.00607     0.00066     0.00000     0.00000     0.00000     0.00000     0.00000     0.00000     0.00000     0.02504
    -5.91570     0.00516     0.00214     0.00208     0.00326     0.00134     0.00353     0.00049     0.00571     0.00062     0.00000     0.00000     0.00000     0.00000     0.00000     0.00000     0.00000     0.02433
    -5.85070     0.00521     0.00213     0.00254     0.00355     0.00140     0.00367     0.00052     0.00582     0.00067     0.00000     0.00000     0.00000     0.00000     0.00000     0.00000     0.00000     0.02553
    -5.78570     0.00503     0.00227     0.00248     0.00382     0.00143     0.00402     0.00051     0.00572     0.00066     0.00000     0.00000     0.00000     0.00000     0.00000     0.00000     0.00000     0.02593
    -5.72070     0.00473     0.00231     0.00245     0.00372     0.00134     0.00396     0.00048     0.00536     0.00063     0.00000     0.00000     0.00000     0.00000     0.00000     0.00000     0.00000     0.02498
    -5.65470     0.00469     0.00248     0.00257     0.00419     0.00138     0.00457     0.00047     0.00585     0.00063     0.00000     0.00000     0.00000     0.00000     0.00000     0.00000     0.00000     0.02684
    -5.58970     0.00464     0.00253     0.00265     0.00428     0.00134     0.00456     0.00046     0.00603     0.00065     0.00000     0.00000     0.00000     0.00000     0.00000     0.00000     0.00000     0.02714
    -5.52470     0.00470     0.00253     0.00278     0.00461     0.00136     0.00473     0.00047     0.00558     0.00070     0.00000     0.00000     0.00000     0.00000     0.00000     0.00000     0.00000     0.02747
    -5.45970     0.00461     0.00260     0.00272     0.00485     0.00126     0.00452     0.00047     0.00555     0.00071     0.00000     0.00000     0.00000     0.00000     0.00000     0.00000     0.00000     0.02729
    -5.39470     0.00464     0.00277     0.00280     0.00516     0.00129     0.00446     0.00048     0.00550     0.00077     0.00000     0.00000     0.00000     0.00000     0.00000     0.00000     0.00000     0.02788
    -5.32970     0.00448     0.00285     0.00282     0.00529     0.00124     0.00429     0.00048     0.00523     0.00079     0.00000     0.00000     0.00000     0.00000     0.00000     0.00000     0.00000     0.02747
    -5.26470     0.00441     0.00292     0.00291     0.00539     0.00120     0.00421     0.00048     0.00506     0.00083     0.00000     0.00000     0.00000     0.00000     0.00000     0.00000     0.00000     0.02742
    -5.19870     0.00432     0.00294     0.00300     0.00567     0.00123     0.00399     0.00046     0.00499     0.00086     0.00000     0.00000     0.00000     0.00000     0.00000     0.00000     0.00000     0.02746
    -5.13370     0.00416     0.00297     0.00297     0.00580     0.00113     0.00367     0.00044     0.00474     0.00088     0.00000     0.00000     0.00000     0.00000     0.00000     0.00000     0.00000     0.02674
    -5.06870     0.00407     0.00313     0.00298     0.00587     0.00108     0.00355     0.00044     0.00462     0.00089     0.00000     0.00000     0.00000     0.00000     0.00000     0.00000     0.00000     0.02664
    -5.00370     0.00409     0.00325     0.00315     0.00619     0.00107     0.00365     0.00045     0.00473     0.00094     0.00000     0.00000     0.00000     0.00000     0.00000     0.00000     0.00000     0.02753
    -4.93870     0.00397     0.00337     0.00317     0.00621     0.00101     0.00353     0.00045     0.00457     0.00097     0.00000     0.00000     0.00000     0.00000     0.00000     0.00000     0.00000     0.02726
    -4.87370     0.00388     0.00350     0.00333     0.00630     0.00096     0.00339     0.00044     0.00449     0.00103     0.00000     0.00000     0.00000     0.00000     0.00000     0.00000     0.00000     0.02733
    -4.80870     0.00390     0.00353     0.00347     0.00626     0.00090     0.00327     0.00043     0.00427     0.00107     0.00000     0.00000     0.00000     0.00000     0.00000     0.00000     0.00000     0.02710
    -4.74270     0.00409     0.00371     0.00361     0.00633     0.00089     0.00323     0.00046     0.00422     0.00106     0.00000     0.00000     0.00000     0.00000     0.00000     0.00000     0.00000     0.02759
    -4.67770     0.00463     0.00378     0.00395     0.00614     0.00083     0.00324     0.00046     0.00410     0.00116     0.00000     0.00000     0.00000     0.00000     0.00000     0.00000     0.00000     0.02829
    -4.61270     0.00432     0.00390     0.00383     0.00620     0.00081     0.00303     0.00045     0.00394     0.00125     0.00000     0.00000     0.00000     0.00000     0.00000     0.00000     0.00000     0.02773
    -4.54770     0.00390     0.00437     0.00417     0.00643     0.00081     0.00281     0.00047     0.00376     0.00146     0.00000     0.00000     0.00000     0.00000     0.00000     0.00000     0.00000     0.02820
    -4.48270     0.00362     0.00460     0.00430     0.00583     0.00073     0.00263     0.00046     0.00360     0.00117     0.00000     0.00000     0.00000     0.00000     0.00000     0.00000     0.00000     0.02692
    -4.41770     0.00364     0.00538     0.00456     0.00562     0.00070     0.00254     0.00045     0.00350     0.00123     0.00000     0.00000     0.00000     0.00000     0.00000     0.00000     0.00000     0.02762
    -4.35270     0.00379     0.00426     0.00323     0.00468     0.00063     0.00265     0.00045     0.00347     0.00137     0.00000     0.00000     0.00000     0.00000     0.00000     0.00000     0.00000     0.02453
    -4.28670     0.00454     0.00387     0.00291     0.00435     0.00054     0.00243     0.00040     0.00331     0.00118     0.00000     0.00000     0.00000     0.00000     0.00000     0.00000     0.00000     0.02352
    -4.22170     0.00477     0.00328     0.00287     0.00376     0.00051     0.00230     0.00041     0.00320     0.00113     0.00000     0.00000     0.00000     0.00000     0.00000     0.00000     0.00000     0.02223
    -4.15670     0.00520     0.00365     0.00387     0.00370     0.00055     0.00231     0.00045     0.00324     0.00113     0.00000     0.00000     0.00000     0.00000     0.00000     0.00000     0.00000     0.02409
    -4.09170     0.00566     0.00450     0.00504     0.00381     0.00060     0.00237     0.00050     0.00334     0.00118     0.00000     0.00000     0.00000     0.00000     0.00000     0.00000     0.00000     0.02698
    -4.02670     0.00589     0.00499     0.00509     0.00390     0.00059     0.00235     0.00048     0.00340     0.00113     0.00000     0.00000     0.00000     0.00000     0.00000     0.00000     0.00000     0.02782
    -3.96170     0.00613     0.00543     0.00501     0.00418     0.00057     0.00244     0.00046     0.00346     0.00114     0.00000     0.00000     0.00000     0.00000     0.00000     0.00000     0.00000     0.02883
    -3.89670     0.00638     0.00564     0.00479     0.00446     0.00054     0.00239     0.00043     0.00349     0.00113     0.00000     0.00000     0.00000     0.00000     0.00000     0.00000     0.00000     0.02926
    -3.83170     0.00671     0.00541     0.00481     0.00419     0.00050     0.00230     0.00041     0.00334     0.00097     0.00000     0.00000     0.00000     0.00000     0.00000     0.00000     0.00000     0.02864
    -3.76570     0.00725     0.00543     0.00490     0.00402     0.00050     0.00228     0.00042     0.00332     0.00089     0.00000     0.00000     0.00000     0.00000     0.00000     0.00000     0.00000     0.02902
    -3.70070     0.00785     0.00575     0.00517     0.00419     0.00049     0.00227     0.00041     0.00325     0.00084     0.00000     0.00000     0.00000     0.00000     0.00000     0.00000     0.00000     0.03024
    -3.63570     0.00865     0.00636     0.00553     0.00450     0.00049     0.00226     0.00042     0.00318     0.00083     0.00000     0.00000     0.00000     0.00000     0.00000     0.00000     0.00000     0.03223
    -3.57070     0.00971     0.00707     0.00600     0.00485     0.00049     0.00221     0.00041     0.00314     0.00082     0.00000     0.00000     0.00000     0.00000     0.00000     0.00000     0.00000     0.03470
    -3.50570     0.01144     0.00837     0.00721     0.00553     0.00050     0.00227     0.00042     0.00318     0.00082     0.00000     0.00000     0.00000     0.00000     0.00000     0.00000     0.00000     0.03974
    -3.44070     0.01548     0.01066     0.01023     0.00681     0.00054     0.00245     0.00047     0.00333     0.00082     0.00000     0.00000     0.00000     0.00000     0.00000     0.00000     0.00000     0.05079
    -3.37570     0.01506     0.00927     0.00659     0.00599     0.00049     0.00236     0.00040     0.00323     0.00079     0.00000     0.00000     0.00000     0.00000     0.00000     0.00000     0.00000     0.04417
    -3.30970     0.01271     0.00791     0.00381     0.00517     0.00041     0.00206     0.00031     0.00298     0.00072     0.00000     0.00000     0.00000     0.00000     0.00000     0.00000     0.00000     0.03607
    -3.24470     0.00779     0.00660     0.00252     0.00442     0.00036     0.00180     0.00024     0.00267     0.00065     0.00000     0.00000     0.00000     0.00000     0.00000     0.00000     0.00000     0.02705
    -3.17970     0.00590     0.00628     0.00198     0.00443     0.00039     0.00170     0.00021     0.00266     0.00059     0.00000     0.00000     0.00000     0.00000     0.00000     0.00000     0.00000     0.02413
    -3.11470     0.00393     0.00639     0.00085     0.00558     0.00036     0.00150     0.00018     0.00247     0.00062     0.00000     0.00000     0.00000     0.00000     0.00000     0.00000     0.00000     0.02189
    -3.04970     0.00269     0.00463     0.00031     0.00434     0.00027     0.00128     0.00017     0.00217     0.00060     0.00000     0.00000     0.00000     0.00000     0.00000     0.00000     0.00000     0.01645
    -2.98470     0.00327     0.00112     0.00025     0.00091     0.00018     0.00109     0.00018     0.00191     0.00057     0.00000     0.00000     0.00000     0.00000     0.00000     0.00000     0.00000     0.00948
    -2.91970     0.00390     0.00103     0.00023     0.00082     0.00018     0.00108     0.00021     0.00189     0.00055     0.00000     0.00000     0.00000     0.00000     0.00000     0.00000     0.00000     0.00988
    -2.85370     0.00356     0.00095     0.00020     0.00073     0.00018     0.00106     0.00021     0.00186     0.00053     0.00000     0.00000     0.00000     0.00000     0.00000     0.00000     0.00000     0.00927
    -2.78870     0.00394     0.00092     0.00019     0.00068     0.00018     0.00105     0.00023     0.00185     0.00052     0.00000     0.00000     0.00000     0.00000     0.00000     0.00000     0.00000     0.00954
    -2.72370     0.00453     0.00097     0.00018     0.00065     0.00017     0.00103     0.00025     0.00180     0.00050     0.00000     0.00000     0.00000     0.00000     0.00000     0.00000     0.00000     0.01008
    -2.65870     0.00542     0.00107     0.00020     0.00064     0.00017     0.00099     0.00028     0.00175     0.00049     0.00000     0.00000     0.00000     0.00000     0.00000     0.00000     0.00000     0.01101
    -2.59370     0.00584     0.00115     0.00021     0.00062     0.00017     0.00096     0.00032     0.00170     0.00047     0.00000     0.00000     0.00000     0.00000     0.00000     0.00000     0.00000     0.01144
    -2.52870     0.00628     0.00121     0.00022     0.00062     0.00018     0.00093     0.00035     0.00166     0.00046     0.00000     0.00000     0.00000     0.00000     0.00000     0.00000     0.00000     0.01191
    -2.46370     0.00711     0.00132     0.00024     0.00064     0.00019     0.00091     0.00039     0.00163     0.00045     0.00000     0.00000     0.00000     0.00000     0.00000     0.00000     0.00000     0.01289
    -2.39870     0.00752     0.00138     0.00025     0.00063     0.00020     0.00089     0.00042     0.00160     0.00043     0.00000     0.00000     0.00000     0.00000     0.00000     0.00000     0.00000     0.01331
    -2.33270     0.00817     0.00145     0.00026     0.00064     0.00020     0.00087     0.00046     0.00156     0.00042     0.00000     0.00000     0.00000     0.00000     0.00000     0.00000     0.00000     0.01404
    -2.26770     0.00960     0.00156     0.00029     0.00066     0.00021     0.00085     0.00051     0.00151     0.00041     0.00000     0.00000     0.00000     0.00000     0.00000     0.00000     0.00000     0.01560
    -2.20270     0.01012     0.00167     0.00030     0.00067     0.00023     0.00083     0.00056     0.00148     0.00040     0.00000     0.00000     0.00000     0.00000     0.00000     0.00000     0.00000     0.01626
    -2.13770     0.01001     0.00179     0.00032     0.00068     0.00024     0.00082     0.00060     0.00145     0.00039     0.00000     0.00000     0.00000     0.00000     0.00000     0.00000     0.00000     0.01630
    -2.07270     0.01142     0.00196     0.00035     0.00070     0.00026     0.00080     0.00066     0.00141     0.00038     0.00000     0.00000     0.00000     0.00000     0.00000     0.00000     0.00000     0.01793
    -2.00770     0.01041     0.00205     0.00037     0.00071     0.00028     0.00079     0.00071     0.00138     0.00037     0.00000     0.00000     0.00000     0.00000     0.00000     0.00000     0.00000     0.01707
    -1.94270     0.01064     0.00216     0.00040     0.00072     0.00030     0.00078     0.00076     0.00136     0.00036     0.00000     0.00000     0.00000     0.00000     0.00000     0.00000     0.00000     0.01748
    -1.87670     0.01042     0.00227     0.00043     0.00072     0.00032     0.00077     0.00082     0.00134     0.00036     0.00000     0.00000     0.00000     0.00000     0.00000     0.00000     0.00000     0.01744
    -1.81170     0.01028     0.00238     0.00046     0.00073     0.00035     0.00076     0.00088     0.00132     0.00037     0.00000     0.00000     0.00000     0.00000     0.00000     0.00000     0.00000     0.01752
    -1.74670     0.01088     0.00255     0.00049     0.00075     0.00038     0.00075     0.00093     0.00130     0.00038     0.00000     0.00000     0.00000     0.00000     0.00000     0.00000     0.00000     0.01841
    -1.68170     0.01067     0.00271     0.00053     0.00077     0.00041     0.00074     0.00100     0.00128     0.00040     0.00000     0.00000     0.00000     0.00000     0.00000     0.00000     0.00000     0.01851
    -1.61670     0.01093     0.00288     0.00057     0.00079     0.00045     0.00074     0.00107     0.00126     0.00042     0.00000     0.00000     0.00000     0.00000     0.00000     0.00000     0.00000     0.01911
    -1.55170     0.01031     0.00298     0.00059     0.00078     0.00048     0.00073     0.00112     0.00125     0.00045     0.00000     0.00000     0.00000     0.00000     0.00000     0.00000     0.00000     0.01869
    -1.48670     0.01029     0.00313     0.00063     0.00080     0.00052     0.00073     0.00119     0.00123     0.00048     0.00000     0.00000     0.00000     0.00000     0.00000     0.00000     0.00000     0.01902
    -1.42070     0.01027     0.00328     0.00066     0.00082     0.00056     0.00074     0.00125     0.00122     0.00055     0.00000     0.00000     0.00000     0.00000     0.00000     0.00000     0.00000     0.01933
    -1.35570     0.01032     0.00344     0.00067     0.00085     0.00059     0.00075     0.00130     0.00121     0.00062     0.00000     0.00000     0.00000     0.00000     0.00000     0.00000     0.00000     0.01976
    -1.29070     0.01017     0.00360     0.00069     0.00088     0.00062     0.00077     0.00137     0.00121     0.00070     0.00000     0.00000     0.00000     0.00000     0.00000     0.00000     0.00000     0.02002
    -1.22570     0.01009     0.00380     0.00074     0.00091     0.00067     0.00080     0.00147     0.00122     0.00079     0.00000     0.00000     0.00000     0.00000     0.00000     0.00000     0.00000     0.02048
    -1.16070     0.01005     0.00404     0.00082     0.00095     0.00072     0.00083     0.00155     0.00124     0.00088     0.00000     0.00000     0.00000     0.00000     0.00000     0.00000     0.00000     0.02108
    -1.09570     0.01022     0.00432     0.00095     0.00099     0.00078     0.00087     0.00164     0.00125     0.00098     0.00000     0.00000     0.00000     0.00000     0.00000     0.00000     0.00000     0.02201
    -1.03070     0.01034     0.00479     0.00098     0.00109     0.00088     0.00096     0.00179     0.00128     0.00123     0.00000     0.00000     0.00000     0.00000     0.00000     0.00000     0.00000     0.02335
    -0.96570     0.01030     0.00526     0.00105     0.00118     0.00097     0.00104     0.00189     0.00131     0.00148     0.00000     0.00000     0.00000     0.00000     0.00000     0.00000     0.00000     0.02449
    -0.89970     0.01008     0.00551     0.00109     0.00124     0.00102     0.00110     0.00192     0.00134     0.00172     0.00000     0.00000     0.00000     0.00000     0.00000     0.00000     0.00000     0.02502
    -0.83470     0.01018     0.00583     0.00099     0.00126     0.00101     0.00109     0.00183     0.00130     0.00187     0.00000     0.00000     0.00000     0.00000     0.00000     0.00000     0.00000     0.02536
    -0.76970     0.00996     0.00570     0.00095     0.00138     0.00102     0.00114     0.00175     0.00133     0.00235     0.00000     0.00000     0.00000     0.00000     0.00000     0.00000     0.00000     0.02557
    -0.70470     0.00949     0.00541     0.00078     0.00135     0.00087     0.00113     0.00150     0.00119     0.00257     0.00000     0.00000     0.00000     0.00000     0.00000     0.00000     0.00000     0.02429
    -0.63970     0.00907     0.00502     0.00076     0.00111     0.00091     0.00108     0.00145     0.00106     0.00201     0.00000     0.00000     0.00000     0.00000     0.00000     0.00000     0.00000     0.02248
    -0.57470     0.00953     0.00566     0.00110     0.00143     0.00119     0.00124     0.00169     0.00116     0.00217     0.00000     0.00000     0.00000     0.00000     0.00000     0.00000     0.00000     0.02516
    -0.50970     0.00925     0.00568     0.00107     0.00136     0.00129     0.00135     0.00163     0.00113     0.00203     0.00000     0.00000     0.00000     0.00000     0.00000     0.00000     0.00000     0.02480
    -0.44370     0.00933     0.00548     0.00120     0.00144     0.00152     0.00140     0.00171     0.00111     0.00196     0.00000     0.00000     0.00000     0.00000     0.00000     0.00000     0.00000     0.02514
    -0.37870     0.00965     0.00534     0.00137     0.00165     0.00174     0.00153     0.00180     0.00112     0.00204     0.00000     0.00000     0.00000     0.00000     0.00000     0.00000     0.00000     0.02625
    -0.31370     0.00895     0.00484     0.00116     0.00166     0.00193     0.00157     0.00174     0.00105     0.00191     0.00000     0.00000     0.00000     0.00000     0.00000     0.00000     0.00000     0.02482
    -0.24870     0.00692     0.00371     0.00113     0.00155     0.00201     0.00162     0.00170     0.00099     0.00178     0.00000     0.00000     0.00000     0.00000     0.00000     0.00000     0.00000     0.02141
    -0.18370     0.00734     0.00376     0.00124     0.00178     0.00228     0.00170     0.00182     0.00100     0.00188     0.00000     0.00000     0.00000     0.00000     0.00000     0.00000     0.00000     0.02280
    -0.11870     0.00815     0.00391     0.00143     0.00202     0.00244     0.00143     0.00145     0.00099     0.00203     0.00000     0.00000     0.00000     0.00000     0.00000     0.00000     0.00000     0.02385
    -0.05370     0.01777     0.00342     0.00174     0.00229     0.00224     0.00121     0.00119     0.00088     0.00216     0.00000     0.00000     0.00000     0.00000     0.00000     0.00000     0.00000     0.03290
     0.01230     0.02447     0.00325     0.00196     0.00242     0.00243     0.00175     0.00122     0.00104     0.00233     0.00000     0.00000     0.00000     0.00000     0.00000     0.00000     0.00000     0.04087
     0.07730     0.02893     0.00375     0.00213     0.00282     0.00205     0.00142     0.00115     0.00098     0.00244     0.00000     0.00000     0.00000     0.00000     0.00000     0.00000     0.00000     0.04566
     0.14230     0.03451     0.00498     0.00283     0.00337     0.00406     0.00208     0.00175     0.00116     0.00251     0.00000     0.00000     0.00000     0.00000     0.00000     0.00000     0.00000     0.05724
     0.20730     0.03759     0.00568     0.00341     0.00343     0.00484     0.00250     0.00212     0.00128     0.00264     0.00000     0.00000     0.00000     0.00000     0.00000     0.00000     0.00000     0.06349
     0.27230     0.04350     0.00668     0.00340     0.00370     0.00526     0.00228     0.00207     0.00125     0.00302     0.00000     0.00000     0.00000     0.00000     0.00000     0.00000     0.00000     0.07114
     0.33730     0.04024     0.00564     0.00346     0.00278     0.00455     0.00220     0.00208     0.00135     0.00269     0.00000     0.00000     0.00000     0.00000     0.00000     0.00000     0.00000     0.06499
     0.40230     0.04297     0.00553     0.00358     0.00264     0.00472     0.00225     0.00221     0.00146     0.00260     0.00000     0.00000     0.00000     0.00000     0.00000     0.00000     0.00000     0.06795
     0.46830     0.04267     0.00549     0.00377     0.00254     0.00358     0.00219     0.00219     0.00143     0.00249     0.00000     0.00000     0.00000     0.00000     0.00000     0.00000     0.00000     0.06636
     0.53330     0.04543     0.00560     0.00403     0.00266     0.00325     0.00220     0.00225     0.00148     0.00242     0.00000     0.00000     0.00000     0.00000     0.00000     0.00000     0.00000     0.06931
     0.59830     0.04731     0.00577     0.00426     0.00280     0.00269     0.00208     0.00231     0.00142     0.00244     0.00000     0.00000     0.00000     0.00000     0.00000     0.00000     0.00000     0.07109
     0.66330     0.04850     0.00595     0.00454     0.00316     0.00246     0.00204     0.00246     0.00137     0.00241     0.00000     0.00000     0.00000     0.00000     0.00000     0.00000     0.00000     0.07290
     0.72830     0.04671     0.00568     0.00430     0.00307     0.00226     0.00206     0.00273     0.00127     0.00240     0.00000     0.00000     0.00000     0.00000     0.00000     0.00000     0.00000     0.07048
     0.79330     0.04718     0.00483     0.00366     0.00241     0.00210     0.00172     0.00268     0.00091     0.00208     0.00000     0.00000     0.00000     0.00000     0.00000     0.00000     0.00000     0.06758
     0.85830     0.05281     0.00484     0.00438     0.00277     0.00271     0.00142     0.00290     0.00072     0.00181     0.00000     0.00000     0.00000     0.00000     0.00000     0.00000     0.00000     0.07437
     0.92330     0.06243     0.00583     0.00631     0.00412     0.00345     0.00169     0.00345     0.00110     0.00196     0.00000     0.00000     0.00000     0.00000     0.00000     0.00000     0.00000     0.09035
     0.98930     0.07019     0.00639     0.00740     0.00479     0.00377     0.00189     0.00370     0.00131     0.00239     0.00000     0.00000     0.00000     0.00000     0.00000     0.00000     0.00000     0.10184
     1.05430     0.06820     0.00724     0.00678     0.00518     0.00359     0.00237     0.00341     0.00146     0.00275     0.00000     0.00000     0.00000     0.00000     0.00000     0.00000     0.00000     0.10098
     1.11930     0.05158     0.00671     0.00579     0.00517     0.00309     0.00209     0.00316     0.00135     0.00278     0.00000     0.00000     0.00000     0.00000     0.00000     0.00000     0.00000     0.08171
     1.18430     0.03253     0.00736     0.00641     0.00602     0.00269     0.00166     0.00289     0.00121     0.00242     0.00000     0.00000     0.00000     0.00000     0.00000     0.00000     0.00000     0.06318
     1.24930     0.02933     0.00729     0.00590     0.00583     0.00248     0.00157     0.00283     0.00114     0.00249     0.00000     0.00000     0.00000     0.00000     0.00000     0.00000     0.00000     0.05887
     1.31430     0.03497     0.00769     0.00561     0.00615     0.00247     0.00168     0.00287     0.00125     0.00287     0.00000     0.00000     0.00000     0.00000     0.00000     0.00000     0.00000     0.06556
     1.37930     0.04272     0.00803     0.00553     0.00626     0.00239     0.00175     0.00289     0.00123     0.00302     0.00000     0.00000     0.00000     0.00000     0.00000     0.00000     0.00000     0.07381
     1.44530     0.07811     0.00819     0.00812     0.00597     0.00237     0.00175     0.00297     0.00123     0.00302     0.00000     0.00000     0.00000     0.00000     0.00000     0.00000     0.00000     0.11174
     1.51030     0.07354     0.00806     0.00739     0.00564     0.00228     0.00167     0.00292     0.00099     0.00297     0.00000     0.00000     0.00000     0.00000     0.00000     0.00000     0.00000     0.10545
     1.57530     0.07437     0.00804     0.00705     0.00556     0.00220     0.00155     0.00284     0.00088     0.00306     0.00000     0.00000     0.00000     0.00000     0.00000     0.00000     0.00000     0.10557
     1.64030     0.07538     0.00757     0.00681     0.00552     0.00208     0.00157     0.00280     0.00083     0.00299     0.00000     0.00000     0.00000     0.00000     0.00000     0.00000     0.00000     0.10556
     1.70530     0.07196     0.00734     0.00632     0.00549     0.00192     0.00130     0.00264     0.00075     0.00307     0.00000     0.00000     0.00000     0.00000     0.00000     0.00000     0.00000     0.10079
     1.77030     0.06884     0.00731     0.00608     0.00576     0.00180     0.00136     0.00274     0.00084     0.00332     0.00000     0.00000     0.00000     0.00000     0.00000     0.00000     0.00000     0.09804
     1.83530     0.08566     0.00870     0.00646     0.00683     0.00257     0.00189     0.00415     0.00125     0.00447     0.00000     0.00000     0.00000     0.00000     0.00000     0.00000     0.00000     0.12199
     1.90130     0.06883     0.00836     0.00625     0.00559     0.00165     0.00160     0.00311     0.00107     0.00399     0.00000     0.00000     0.00000     0.00000     0.00000     0.00000     0.00000     0.10045
     1.96630     0.06058     0.00830     0.00593     0.00520     0.00129     0.00174     0.00295     0.00122     0.00364     0.00000     0.00000     0.00000     0.00000     0.00000     0.00000     0.00000     0.09085
     2.03130     0.05748     0.00768     0.00540     0.00468     0.00101     0.00131     0.00248     0.00100     0.00291     0.00000     0.00000     0.00000     0.00000     0.00000     0.00000     0.00000     0.08395
     2.09630     0.05955     0.00606     0.00483     0.00336     0.00062     0.00084     0.00209     0.00069     0.00228     0.00000     0.00000     0.00000     0.00000     0.00000     0.00000     0.00000     0.08033
     2.16130     0.06505     0.00658     0.00427     0.00263     0.00078     0.00069     0.00199     0.00066     0.00373     0.00000     0.00000     0.00000     0.00000     0.00000     0.00000     0.00000     0.08637
     2.22630     0.06390     0.00539     0.00426     0.00252     0.00112     0.00069     0.00170     0.00062     0.00510     0.00000     0.00000     0.00000     0.00000     0.00000     0.00000     0.00000     0.08529
     2.29130     0.06750     0.00537     0.00460     0.00257     0.00102     0.00079     0.00185     0.00071     0.00452     0.00000     0.00000     0.00000     0.00000     0.00000     0.00000     0.00000     0.08893
     2.35630     0.06429     0.00581     0.00473     0.00277     0.00113     0.00101     0.00206     0.00083     0.00401     0.00000     0.00000     0.00000     0.00000     0.00000     0.00000     0.00000     0.08665
     2.42230     0.05678     0.00616     0.00464     0.00359     0.00157     0.00109     0.00172     0.00093     0.00349     0.00000     0.00000     0.00000     0.00000     0.00000     0.00000     0.00000     0.07998
     2.48730     0.06593     0.00753     0.00577     0.00484     0.00221     0.00118     0.00209     0.00095     0.00363     0.00000     0.00000     0.00000     0.00000     0.00000     0.00000     0.00000     0.09413
     2.55230     0.07389     0.00810     0.00655     0.00476     0.00260     0.00129     0.00255     0.00093     0.00408     0.00000     0.00000     0.00000     0.00000     0.00000     0.00000     0.00000     0.10475
     2.61730     0.07565     0.00851     0.00711     0.00456     0.00296     0.00133     0.00267     0.00089     0.00468     0.00000     0.00000     0.00000     0.00000     0.00000     0.00000     0.00000     0.10836
     2.68230     0.07291     0.00751     0.00634     0.00369     0.00225     0.00118     0.00191     0.00089     0.00467     0.00000     0.00000     0.00000     0.00000     0.00000     0.00000     0.00000     0.10135
     2.74730     0.06856     0.00647     0.00615     0.00340     0.00227     0.00131     0.00170     0.00107     0.00455     0.00000     0.00000     0.00000     0.00000     0.00000     0.00000     0.00000     0.09549
     2.81230     0.05719     0.00534     0.00580     0.00308     0.00228     0.00133     0.00148     0.00108     0.00469     0.00000     0.00000     0.00000     0.00000     0.00000     0.00000     0.00000     0.08228
     2.87830     0.04969     0.00479     0.00533     0.00307     0.00242     0.00135     0.00149     0.00107     0.00526     0.00000     0.00000     0.00000     0.00000     0.00000     0.00000     0.00000     0.07447
     2.94330     0.04946     0.00469     0.00732     0.00306     0.00264     0.00148     0.00167     0.00107     0.00570     0.00000     0.00000     0.00000     0.00000     0.00000     0.00000     0.00000     0.07709
     3.00830     0.04830     0.00473     0.00764     0.00325     0.00325     0.00156     0.00162     0.00100     0.00560     0.00000     0.00000     0.00000     0.00000     0.00000     0.00000     0.00000     0.07695
     3.07330     0.05557     0.00601     0.00943     0.00429     0.00547     0.00191     0.00180     0.00100     0.00536     0.00000     0.00000     0.00000     0.00000     0.00000     0.00000     0.00000     0.09084
     3.13830     0.06197     0.00818     0.01129     0.00591     0.00675     0.00202     0.00178     0.00093     0.00517     0.00000     0.00000     0.00000     0.00000     0.00000     0.00000     0.00000     0.10400
     3.20330     0.06552     0.00941     0.01219     0.00635     0.00473     0.00186     0.00182     0.00093     0.00410     0.00000     0.00000     0.00000     0.00000     0.00000     0.00000     0.00000     0.10690
     3.26830     0.07688     0.01015     0.01308     0.00732     0.00813     0.00264     0.00345     0.00126     0.00467     0.00000     0.00000     0.00000     0.00000     0.00000     0.00000     0.00000     0.12759
     3.33430     0.08672     0.01088     0.01066     0.00835     0.00778     0.00276     0.00318     0.00113     0.00409     0.00000     0.00000     0.00000     0.00000     0.00000     0.00000     0.00000     0.13555
     3.39930     0.06948     0.00956     0.00811     0.00673     0.00651     0.00205     0.00216     0.00092     0.00562     0.00000     0.00000     0.00000     0.00000     0.00000     0.00000     0.00000     0.11115
     3.46430     0.07103     0.01117     0.01048     0.00823     0.00741     0.00270     0.00331     0.00135     0.00687     0.00000     0.00000     0.00000     0.00000     0.00000     0.00000     0.00000     0.12256
     3.52930     0.07818     0.01395     0.01573     0.00967     0.00844     0.00339     0.00480     0.00178     0.00829     0.00000     0.00000     0.00000     0.00000     0.00000     0.00000     0.00000     0.14423
     3.59430     0.08760     0.01817     0.01899     0.01194     0.00865     0.00385     0.00474     0.00191     0.00933     0.00000     0.00000     0.00000     0.00000     0.00000     0.00000     0.00000     0.16517
     3.65930     0.08423     0.02093     0.01719     0.01463     0.00835     0.00403     0.00490     0.00213     0.00888     0.00000     0.00000     0.00000     0.00000     0.00000     0.00000     0.00000     0.16528
     3.72430     0.05863     0.01626     0.01292     0.01203     0.00707     0.00309     0.00454     0.00191     0.00611     0.00000     0.00000     0.00000     0.00000     0.00000     0.00000     0.00000     0.12257
     3.79030     0.04732     0.01257     0.01269     0.00923     0.00648     0.00279     0.00404     0.00185     0.00586     0.00000     0.00000     0.00000     0.00000     0.00000     0.00000     0.00000     0.10282
     3.85530     0.04036     0.01154     0.01151     0.00911     0.00649     0.00216     0.00332     0.00167     0.00448     0.00000     0.00000     0.00000     0.00000     0.00000     0.00000     0.00000     0.09065
     3.92030     0.04210     0.01371     0.01129     0.01294     0.00771     0.00225     0.00413     0.00174     0.00380     0.00000     0.00000     0.00000     0.00000     0.00000     0.00000     0.00000     0.09967
     3.98530     0.04044     0.01560     0.01228     0.01462     0.01015     0.00237     0.00556     0.00184     0.00340     0.00000     0.00000     0.00000     0.00000     0.00000     0.00000     0.00000     0.10626
     4.05030     0.03386     0.01615     0.01136     0.01374     0.00724     0.00218     0.00468     0.00170     0.00262     0.00000     0.00000     0.00000     0.00000     0.00000     0.00000     0.00000     0.09352
     4.11530     0.03703     0.01922     0.01405     0.01473     0.00684     0.00271     0.00597     0.00226     0.00296     0.00000     0.00000     0.00000     0.00000     0.00000     0.00000     0.00000     0.10576
     4.18030     0.03553     0.01331     0.01329     0.01113     0.00545     0.00236     0.00524     0.00293     0.00609     0.00000     0.00000     0.00000     0.00000     0.00000     0.00000     0.00000     0.09534
     4.24530     0.03692     0.01437     0.01523     0.01088     0.00511     0.00235     0.00424     0.00309     0.00588     0.00000     0.00000     0.00000     0.00000     0.00000     0.00000     0.00000     0.09808
     4.31130     0.03732     0.01610     0.02395     0.01160     0.00589     0.00276     0.00399     0.00320     0.00687     0.00000     0.00000     0.00000     0.00000     0.00000     0.00000     0.00000     0.11169
     4.37630     0.03582     0.01118     0.03508     0.01054     0.00562     0.00350     0.00472     0.00306     0.00641     0.00000     0.00000     0.00000     0.00000     0.00000     0.00000     0.00000     0.11593
     4.44130     0.03755     0.00948     0.03151     0.00991     0.00513     0.00404     0.00447     0.00325     0.00655     0.00000     0.00000     0.00000     0.00000     0.00000     0.00000     0.00000     0.11189
     4.50630     0.04351     0.01093     0.03125     0.01211     0.00529     0.00496     0.00383     0.00376     0.00689     0.00000     0.00000     0.00000     0.00000     0.00000     0.00000     0.00000     0.12254
     4.57130     0.05744     0.01436     0.03430     0.01624     0.00603     0.00607     0.00500     0.00456     0.00604     0.00000     0.00000     0.00000     0.00000     0.00000     0.00000     0.00000     0.15005
     4.63630     0.07555     0.01810     0.03707     0.02378     0.00733     0.00702     0.00566     0.00573     0.00602     0.00000     0.00000     0.00000     0.00000     0.00000     0.00000     0.00000     0.18626
     4.70130     0.05774     0.01068     0.02913     0.01787     0.00687     0.00576     0.00373     0.00427     0.00344     0.00000     0.00000     0.00000     0.00000     0.00000     0.00000     0.00000     0.13949
     4.76730     0.05373     0.00776     0.02505     0.01430     0.00506     0.00364     0.00316     0.00270     0.00304     0.00000     0.00000     0.00000     0.00000     0.00000     0.00000     0.00000     0.11845
     4.83230     0.04933     0.00501     0.02362     0.00822     0.00481     0.00289     0.00443     0.00146     0.00262     0.00000     0.00000     0.00000     0.00000     0.00000     0.00000     0.00000     0.10239
     4.89730     0.05657     0.00555     0.02623     0.00873     0.00621     0.00281     0.00700     0.00167     0.00258     0.00000     0.00000     0.00000     0.00000     0.00000     0.00000     0.00000     0.11736
     4.96230     0.07087     0.00863     0.02995     0.01329     0.00498     0.00335     0.00545     0.00195     0.00297     0.00000     0.00000     0.00000     0.00000     0.00000     0.00000     0.00000     0.14142
     5.02730     0.07201     0.00839     0.02990     0.01328     0.00375     0.00349     0.00371     0.00177     0.00220     0.00000     0.00000     0.00000     0.00000     0.00000     0.00000     0.00000     0.13850
     5.09230     0.07576     0.00869     0.03194     0.01389     0.00356     0.00438     0.00334     0.00180     0.00157     0.00000     0.00000     0.00000     0.00000     0.00000     0.00000     0.00000     0.14492
     5.15730     0.05855     0.00801     0.03540     0.01201     0.00323     0.00531     0.00343     0.00164     0.00135     0.00000     0.00000     0.00000     0.00000     0.00000     0.00000     0.00000     0.12893
     5.22330     0.06675     0.00893     0.03776     0.01466     0.00314     0.00561     0.00385     0.00207     0.00140     0.00000     0.00000     0.00000     0.00000     0.00000     0.00000     0.00000     0.14417
     5.28830     0.07250     0.00911     0.04011     0.01568     0.00311     0.00605     0.00418     0.00242     0.00153     0.00000     0.00000     0.00000     0.00000     0.00000     0.00000     0.00000     0.15468
     5.35330     0.08494     0.00948     0.04212     0.01599     0.00320     0.00627     0.00433     0.00282     0.00133     0.00000     0.00000     0.00000     0.00000     0.00000     0.00000     0.00000     0.17048
     5.41830     0.10240     0.01118     0.04346     0.01868     0.00326     0.00703     0.00387     0.00340     0.00121     0.00000     0.00000     0.00000     0.00000     0.00000     0.00000     0.00000     0.19449
     5.48330     0.11040     0.01141     0.03918     0.01912     0.00323     0.00585     0.00372     0.00332     0.00096     0.00000     0.00000     0.00000     0.00000     0.00000     0.00000     0.00000     0.19719
     5.54830     0.08046     0.00477     0.02777     0.00993     0.00270     0.00294     0.00308     0.00201     0.00060     0.00000     0.00000     0.00000     0.00000     0.00000     0.00000     0.00000     0.13425
     5.61330     0.08049     0.00564     0.03105     0.01268     0.00310     0.00321     0.00347     0.00193     0.00066     0.00000     0.00000     0.00000     0.00000     0.00000     0.00000     0.00000     0.14223
     5.67830     0.08050     0.00651     0.03295     0.01557     0.00333     0.00368     0.00351     0.00199     0.00114     0.00000     0.00000     0.00000     0.00000     0.00000     0.00000     0.00000     0.14917
     5.74430     0.06756     0.00558     0.02938     0.01215     0.00252     0.00354     0.00346     0.00176     0.00143     0.00000     0.00000     0.00000     0.00000     0.00000     0.00000     0.00000     0.12737
     5.80930     0.06354     0.00512     0.02793     0.01124     0.00236     0.00356     0.00348     0.00169     0.00159     0.00000     0.00000     0.00000     0.00000     0.00000     0.00000     0.00000     0.12051
     5.87430     0.05997     0.00499     0.02806     0.01126     0.00232     0.00374     0.00366     0.00178     0.00169     0.00000     0.00000     0.00000     0.00000     0.00000     0.00000     0.00000     0.11746
     5.93930     0.06219     0.00485     0.02772     0.01147     0.00222     0.00383     0.00367     0.00201     0.00184     0.00000     0.00000     0.00000     0.00000     0.00000     0.00000     0.00000     0.11979
     6.00430     0.03478     0.00383     0.02477     0.00744     0.00106     0.00311     0.00350     0.00173     0.00158     0.00000     0.00000     0.00000     0.00000     0.00000     0.00000     0.00000     0.08180
     6.06930     0.03325     0.00340     0.02450     0.00722     0.00093     0.00280     0.00328     0.00172     0.00139     0.00000     0.00000     0.00000     0.00000     0.00000     0.00000     0.00000     0.07850
     6.13430     0.03208     0.00307     0.02460     0.00730     0.00091     0.00273     0.00301     0.00168     0.00129     0.00000     0.00000     0.00000     0.00000     0.00000     0.00000     0.00000     0.07669
     6.20030     0.03272     0.00296     0.02533     0.00751     0.00096     0.00274     0.00293     0.00187     0.00136     0.00000     0.00000     0.00000     0.00000     0.00000     0.00000     0.00000     0.07838
     6.26530     0.03488     0.00296     0.02745     0.00840     0.00106     0.00285     0.00317     0.00198     0.00176     0.00000     0.00000     0.00000     0.00000     0.00000     0.00000     0.00000     0.08452
     6.33030     0.03722     0.00363     0.03090     0.01037     0.00128     0.00350     0.00512     0.00282     0.00353     0.00000     0.00000     0.00000     0.00000     0.00000     0.00000     0.00000     0.09837
     6.39530     0.04239     0.00494     0.03551     0.01326     0.00174     0.00384     0.00739     0.00339     0.00639     0.00000     0.00000     0.00000     0.00000     0.00000     0.00000     0.00000     0.11886
     6.46030     0.04430     0.00440     0.03922     0.01312     0.00194     0.00394     0.00570     0.00360     0.00604     0.00000     0.00000     0.00000     0.00000     0.00000     0.00000     0.00000     0.12226
     6.52530     0.03739     0.00399     0.03727     0.01207     0.00221     0.00339     0.00405     0.00300     0.00357     0.00000     0.00000     0.00000     0.00000     0.00000     0.00000     0.00000     0.10695
     6.59030     0.03367     0.00488     0.03770     0.01203     0.00269     0.00327     0.00483     0.00283     0.00822     0.00000     0.00000     0.00000     0.00000     0.00000     0.00000     0.00000     0.11013
     6.65630     0.03196     0.00534     0.03770     0.01134     0.00264     0.00307     0.00536     0.00286     0.00696     0.00000     0.00000     0.00000     0.00000     0.00000     0.00000     0.00000     0.10724
     6.72130     0.02887     0.00497     0.03664     0.01060     0.00264     0.00264     0.00410     0.00262     0.00454     0.00000     0.00000     0.00000     0.00000     0.00000     0.00000     0.00000     0.09761
     6.78630     0.02764     0.00564     0.03751     0.01100     0.00275     0.00250     0.00402     0.00258     0.00415     0.00000     0.00000     0.00000     0.00000     0.00000     0.00000     0.00000     0.09779
     6.85130     0.02553     0.00577     0.03598     0.01053     0.00285     0.00233     0.00375     0.00240     0.00384     0.00000     0.00000     0.00000     0.00000     0.00000     0.00000     0.00000     0.09297
     6.91630     0.02464     0.00579     0.03816     0.01108     0.00305     0.00237     0.00364     0.00237     0.00357     0.00000     0.00000     0.00000     0.00000     0.00000     0.00000     0.00000     0.09468
     6.98130     0.02276     0.00564     0.03887     0.01142     0.00316     0.00237     0.00340     0.00234     0.00324     0.00000     0.00000     0.00000     0.00000     0.00000     0.00000     0.00000     0.09321
     7.04630     0.02248     0.00616     0.03379     0.01294     0.00325     0.00247     0.00320     0.00234     0.00307     0.00000     0.00000     0.00000     0.00000     0.00000     0.00000     0.00000     0.08970
     7.11130     0.02215     0.00664     0.02433     0.01509     0.00327     0.00262     0.00305     0.00240     0.00298     0.00000     0.00000     0.00000     0.00000     0.00000     0.00000     0.00000     0.08254
     7.17730     0.02059     0.00702     0.01566     0.01594     0.00287     0.00249     0.00321     0.00242     0.00278     0.00000     0.00000     0.00000     0.00000     0.00000     0.00000     0.00000     0.07298
     7.24230     0.02038     0.00785     0.01591     0.01770     0.00314     0.00248     0.00374     0.00250     0.00262     0.00000     0.00000     0.00000     0.00000     0.00000     0.00000     0.00000     0.07633
     7.30730     0.02126     0.00888     0.01673     0.01942     0.00361     0.00246     0.00420     0.00254     0.00241     0.00000     0.00000     0.00000     0.00000     0.00000     0.00000     0.00000     0.08151
     7.37230     0.02096     0.00920     0.01752     0.01958     0.00387     0.00251     0.00448     0.00261     0.00225     0.00000     0.00000     0.00000     0.00000     0.00000     0.00000     0.00000     0.08299
     7.43730     0.02143     0.00995     0.01855     0.01957     0.00439     0.00281     0.00498     0.00289     0.00220     0.00000     0.00000     0.00000     0.00000     0.00000     0.00000     0.00000     0.08677
     7.50230     0.02174     0.01045     0.01848     0.01938     0.00431     0.00313     0.00527     0.00312     0.00226     0.00000     0.00000     0.00000     0.00000     0.00000     0.00000     0.00000     0.08814
     7.56730     0.02154     0.01115     0.02031     0.02003     0.00460     0.00324     0.00549     0.00311     0.00231     0.00000     0.00000     0.00000     0.00000     0.00000     0.00000     0.00000     0.09178
     7.63330     0.01926     0.00991     0.01333     0.01765     0.00423     0.00267     0.00485     0.00269     0.00235     0.00000     0.00000     0.00000     0.00000     0.00000     0.00000     0.00000     0.07694
     7.69830     0.01897     0.01013     0.00954     0.01654     0.00352     0.00221     0.00447     0.00226     0.00230     0.00000     0.00000     0.00000     0.00000     0.00000     0.00000     0.00000     0.06994
     7.76330     0.02092     0.01301     0.01074     0.01823     0.00349     0.00224     0.00448     0.00209     0.00228     0.00000     0.00000     0.00000     0.00000     0.00000     0.00000     0.00000     0.07748
     7.82830     0.02349     0.01321     0.00998     0.01712     0.00383     0.00242     0.00545     0.00206     0.00241     0.00000     0.00000     0.00000     0.00000     0.00000     0.00000     0.00000     0.07997
     7.89330     0.02692     0.01471     0.01030     0.01746     0.00480     0.00279     0.00679     0.00221     0.00262     0.00000     0.00000     0.00000     0.00000     0.00000     0.00000     0.00000     0.08859
     7.95830     0.03417     0.01791     0.01196     0.01887     0.00646     0.00355     0.00943     0.00263     0.00288     0.00000     0.00000     0.00000     0.00000     0.00000     0.00000     0.00000     0.10786
     8.02330     0.03892     0.01925     0.01329     0.01857     0.00753     0.00408     0.01221     0.00282     0.00314     0.00000     0.00000     0.00000     0.00000     0.00000     0.00000     0.00000     0.11980
     8.08930     0.04269     0.01988     0.01327     0.01746     0.00802     0.00431     0.01383     0.00296     0.00327     0.00000     0.00000     0.00000     0.00000     0.00000     0.00000     0.00000     0.12569
     8.15430     0.04127     0.01666     0.01303     0.01517     0.00637     0.00357     0.01310     0.00276     0.00325     0.00000     0.00000     0.00000     0.00000     0.00000     0.00000     0.00000     0.11518
     8.21930     0.03518     0.01593     0.01237     0.01341     0.00511     0.00300     0.01149     0.00251     0.00313     0.00000     0.00000     0.00000     0.00000     0.00000     0.00000     0.00000     0.10214
     8.28430     0.02980     0.01315     0.00846     0.01159     0.00437     0.00271     0.00715     0.00237     0.00318     0.00000     0.00000     0.00000     0.00000     0.00000     0.00000     0.00000     0.08277
     8.34930     0.03074     0.01490     0.00753     0.01256     0.00432     0.00256     0.00705     0.00238     0.00312     0.00000     0.00000     0.00000     0.00000     0.00000     0.00000     0.00000     0.08516
     8.41430     0.03566     0.02056     0.01084     0.01623     0.00512     0.00302     0.00874     0.00265     0.00354     0.00000     0.00000     0.00000     0.00000     0.00000     0.00000     0.00000     0.10636
     8.47930     0.03919     0.02013     0.00861     0.01432     0.00504     0.00260     0.01067     0.00234     0.00343     0.00000     0.00000     0.00000     0.00000     0.00000     0.00000     0.00000     0.10633
     8.54530     0.05140     0.02282     0.00867     0.01531     0.00526     0.00245     0.01459     0.00201     0.00358     0.00000     0.00000     0.00000     0.00000     0.00000     0.00000     0.00000     0.12610
     8.61030     0.06642     0.03017     0.01070     0.01722     0.00608     0.00275     0.02340     0.00183     0.00488     0.00000     0.00000     0.00000     0.00000     0.00000     0.00000     0.00000     0.16345
     8.67530     0.04725     0.02387     0.00946     0.01596     0.00544     0.00235     0.01590     0.00164     0.00381     0.00000     0.00000     0.00000     0.00000     0.00000     0.00000     0.00000     0.12569
     8.74030     0.03383     0.02069     0.00859     0.01505     0.00503     0.00220     0.01192     0.00146     0.00352     0.00000     0.00000     0.00000     0.00000     0.00000     0.00000     0.00000     0.10228
     8.80530     0.02779     0.01816     0.00759     0.01470     0.00483     0.00203     0.01010     0.00129     0.00306     0.00000     0.00000     0.00000     0.00000     0.00000     0.00000     0.00000     0.08956
     8.87030     0.02531     0.01682     0.00672     0.01423     0.00486     0.00192     0.00957     0.00115     0.00277     0.00000     0.00000     0.00000     0.00000     0.00000     0.00000     0.00000     0.08335
     8.93530     0.02338     0.01588     0.00648     0.01340     0.00471     0.00182     0.00953     0.00102     0.00259     0.00000     0.00000     0.00000     0.00000     0.00000     0.00000     0.00000     0.07882
     9.00030     0.02236     0.01471     0.00565     0.01248     0.00445     0.00172     0.00924     0.00092     0.00247     0.00000     0.00000     0.00000     0.00000     0.00000     0.00000     0.00000     0.07400
     9.06630     0.02435     0.01382     0.00542     0.01159     0.00427     0.00171     0.01073     0.00084     0.00247     0.00000     0.00000     0.00000     0.00000     0.00000     0.00000     0.00000     0.07519
     9.13130     0.02622     0.01284     0.00525     0.00998     0.00404     0.00168     0.01120     0.00074     0.00250     0.00000     0.00000     0.00000     0.00000     0.00000     0.00000     0.00000     0.07445
     9.19630     0.02757     0.01259     0.00520     0.00877     0.00358     0.00167     0.01038     0.00068     0.00256     0.00000     0.00000     0.00000     0.00000     0.00000     0.00000     0.00000     0.07299
     9.26130     0.02536     0.01189     0.00458     0.00837     0.00304     0.00163     0.00910     0.00064     0.00261     0.00000     0.00000     0.00000     0.00000     0.00000     0.00000     0.00000     0.06720
     9.32630     0.02539     0.01171     0.00424     0.00754     0.00289     0.00171     0.00798     0.00054     0.00284     0.00000     0.00000     0.00000     0.00000     0.00000     0.00000     0.00000     0.06483
     9.39130     0.02904     0.01285     0.00469     0.00809     0.00318     0.00202     0.00796     0.00051     0.00321     0.00000     0.00000     0.00000     0.00000     0.00000     0.00000     0.00000     0.07154
     9.45630     0.03525     0.01473     0.00571     0.00901     0.00376     0.00218     0.00896     0.00048     0.00327     0.00000     0.00000     0.00000     0.00000     0.00000     0.00000     0.00000     0.08334
     9.52230     0.04989     0.01781     0.00742     0.01088     0.00389     0.00219     0.01050     0.00046     0.00328     0.00000     0.00000     0.00000     0.00000     0.00000     0.00000     0.00000     0.10631
     9.58730     0.04847     0.01898     0.00631     0.01055     0.00318     0.00216     0.00978     0.00041     0.00311     0.00000     0.00000     0.00000     0.00000     0.00000     0.00000     0.00000     0.10295
     9.65230     0.04961     0.02055     0.00523     0.00989     0.00271     0.00225     0.00926     0.00037     0.00305     0.00000     0.00000     0.00000     0.00000     0.00000     0.00000     0.00000     0.10293
     9.71730     0.02391     0.01790     0.00327     0.00747     0.00203     0.00192     0.00665     0.00031     0.00199     0.00000     0.00000     0.00000     0.00000     0.00000     0.00000     0.00000     0.06544
     9.78230     0.02088     0.01669     0.00258     0.00643     0.00159     0.00159     0.00544     0.00026     0.00156     0.00000     0.00000     0.00000     0.00000     0.00000     0.00000     0.00000     0.05704
     9.84730     0.01203     0.01175     0.00135     0.00427     0.00107     0.00113     0.00357     0.00021     0.00093     0.00000     0.00000     0.00000     0.00000     0.00000     0.00000     0.00000     0.03631
     9.91230     0.00747     0.00841     0.00084     0.00319     0.00078     0.00076     0.00236     0.00018     0.00050     0.00000     0.00000     0.00000     0.00000     0.00000     0.00000     0.00000     0.02449
     9.97830     0.00681     0.00688     0.00077     0.00277     0.00069     0.00051     0.00195     0.00016     0.00031     0.00000     0.00000     0.00000     0.00000     0.00000     0.00000     0.00000     0.02084
    10.04330     0.00637     0.00642     0.00086     0.00297     0.00079     0.00046     0.00184     0.00018     0.00023     0.00000     0.00000     0.00000     0.00000     0.00000     0.00000     0.00000     0.02012
    10.10830     0.00329     0.00289     0.00063     0.00122     0.00050     0.00015     0.00112     0.00006     0.00008     0.00000     0.00000     0.00000     0.00000     0.00000     0.00000     0.00000     0.00994
    10.17330     0.00132     0.00126     0.00024     0.00055     0.00018     0.00006     0.00038     0.00002     0.00003     0.00000     0.00000     0.00000     0.00000     0.00000     0.00000     0.00000     0.00404
    10.23830     0.00069     0.00053     0.00013     0.00036     0.00011     0.00003     0.00017     0.00001     0.00001     0.00000     0.00000     0.00000     0.00000     0.00000     0.00000     0.00000     0.00204
    10.30330     0.00038     0.00027     0.00012     0.00028     0.00008     0.00001     0.00011     0.00000     0.00001     0.00000     0.00000     0.00000     0.00000     0.00000     0.00000     0.00000     0.00126
    10.36830     0.00021     0.00016     0.00010     0.00024     0.00006     0.00001     0.00007     0.00000     0.00000     0.00000     0.00000     0.00000     0.00000     0.00000     0.00000     0.00000     0.00085
    10.43330     0.00000     0.00000     0.00000     0.00000     0.00000     0.00000     0.00000     0.00000     0.00000     0.00000     0.00000     0.00000     0.00000     0.00000     0.00000     0.00000     0.00000
    10.49930     0.00000     0.00000     0.00000     0.00000     0.00000     0.00000     0.00000     0.00000     0.00000     0.00000     0.00000     0.00000     0.00000     0.00000     0.00000     0.00000     0.00000
    10.56430     0.00000     0.00000     0.00000     0.00000     0.00000     0.00000     0.00000     0.00000     0.00000     0.00000     0.00000     0.00000     0.00000     0.00000     0.00000     0.00000     0.00000
    10.62930     0.00000     0.00000     0.00000     0.00000     0.00000     0.00000     0.00000     0.00000     0.00000     0.00000     0.00000     0.00000     0.00000     0.00000     0.00000     0.00000     0.00000
    10.69430     0.00000     0.00000     0.00000     0.00000     0.00000     0.00000     0.00000     0.00000     0.00000     0.00000     0.00000     0.00000     0.00000     0.00000     0.00000     0.00000     0.00000
    10.75930     0.00000     0.00000     0.00000     0.00000     0.00000     0.00000     0.00000     0.00000     0.00000     0.00000     0.00000     0.00000     0.00000     0.00000     0.00000     0.00000     0.00000
    10.82430     0.00000     0.00000     0.00000     0.00000     0.00000     0.00000     0.00000     0.00000     0.00000     0.00000     0.00000     0.00000     0.00000     0.00000     0.00000     0.00000     0.00000
    10.88930     0.00000     0.00000     0.00000     0.00000     0.00000     0.00000     0.00000     0.00000     0.00000     0.00000     0.00000     0.00000     0.00000     0.00000     0.00000     0.00000     0.00000
    10.95530     0.00000     0.00000     0.00000     0.00000     0.00000     0.00000     0.00000     0.00000     0.00000     0.00000     0.00000     0.00000     0.00000     0.00000     0.00000     0.00000     0.00000
    11.02030     0.00000     0.00000     0.00000     0.00000     0.00000     0.00000     0.00000     0.00000     0.00000     0.00000     0.00000     0.00000     0.00000     0.00000     0.00000     0.00000     0.00000
    11.08530     0.00000     0.00000     0.00000     0.00000     0.00000     0.00000     0.00000     0.00000     0.00000     0.00000     0.00000     0.00000     0.00000     0.00000     0.00000     0.00000     0.00000
    11.15030     0.00000     0.00000     0.00000     0.00000     0.00000     0.00000     0.00000     0.00000     0.00000     0.00000     0.00000     0.00000     0.00000     0.00000     0.00000     0.00000     0.00000
    11.21530     0.00000     0.00000     0.00000     0.00000     0.00000     0.00000     0.00000     0.00000     0.00000     0.00000     0.00000     0.00000     0.00000     0.00000     0.00000     0.00000     0.00000
    11.28030     0.00000     0.00000     0.00000     0.00000     0.00000     0.00000     0.00000     0.00000     0.00000     0.00000     0.00000     0.00000     0.00000     0.00000     0.00000     0.00000     0.00000
    11.34530     0.00000     0.00000     0.00000     0.00000     0.00000     0.00000     0.00000     0.00000     0.00000     0.00000     0.00000     0.00000     0.00000     0.00000     0.00000     0.00000     0.00000
    11.41130     0.00000     0.00000     0.00000     0.00000     0.00000     0.00000     0.00000     0.00000     0.00000     0.00000     0.00000     0.00000     0.00000     0.00000     0.00000     0.00000     0.00000
    11.47630     0.00000     0.00000     0.00000     0.00000     0.00000     0.00000     0.00000     0.00000     0.00000     0.00000     0.00000     0.00000     0.00000     0.00000     0.00000     0.00000     0.00000
    11.54130     0.00000     0.00000     0.00000     0.00000     0.00000     0.00000     0.00000     0.00000     0.00000     0.00000     0.00000     0.00000     0.00000     0.00000     0.00000     0.00000     0.00000
    11.60630     0.00000     0.00000     0.00000     0.00000     0.00000     0.00000     0.00000     0.00000     0.00000     0.00000     0.00000     0.00000     0.00000     0.00000     0.00000     0.00000     0.00000
    11.67130     0.00000     0.00000     0.00000     0.00000     0.00000     0.00000     0.00000     0.00000     0.00000     0.00000     0.00000     0.00000     0.00000     0.00000     0.00000     0.00000     0.00000
    11.73630     0.00000     0.00000     0.00000     0.00000     0.00000     0.00000     0.00000     0.00000     0.00000     0.00000     0.00000     0.00000     0.00000     0.00000     0.00000     0.00000     0.00000
    11.80130     0.00000     0.00000     0.00000     0.00000     0.00000     0.00000     0.00000     0.00000     0.00000     0.00000     0.00000     0.00000     0.00000     0.00000     0.00000     0.00000     0.00000
    11.86730     0.00000     0.00000     0.00000     0.00000     0.00000     0.00000     0.00000     0.00000     0.00000     0.00000     0.00000     0.00000     0.00000     0.00000     0.00000     0.00000     0.00000
    11.93230     0.00000     0.00000     0.00000     0.00000     0.00000     0.00000     0.00000     0.00000     0.00000     0.00000     0.00000     0.00000     0.00000     0.00000     0.00000     0.00000     0.00000
    11.99730     0.00000     0.00000     0.00000     0.00000     0.00000     0.00000     0.00000     0.00000     0.00000     0.00000     0.00000     0.00000     0.00000     0.00000     0.00000     0.00000     0.00000
    12.06230     0.00000     0.00000     0.00000     0.00000     0.00000     0.00000     0.00000     0.00000     0.00000     0.00000     0.00000     0.00000     0.00000     0.00000     0.00000     0.00000     0.00000
    12.12730     0.00000     0.00000     0.00000     0.00000     0.00000     0.00000     0.00000     0.00000     0.00000     0.00000     0.00000     0.00000     0.00000     0.00000     0.00000     0.00000     0.00000
    12.19230     0.00000     0.00000     0.00000     0.00000     0.00000     0.00000     0.00000     0.00000     0.00000     0.00000     0.00000     0.00000     0.00000     0.00000     0.00000     0.00000     0.00000
    12.25730     0.00000     0.00000     0.00000     0.00000     0.00000     0.00000     0.00000     0.00000     0.00000     0.00000     0.00000     0.00000     0.00000     0.00000     0.00000     0.00000     0.00000
    12.32230     0.00000     0.00000     0.00000     0.00000     0.00000     0.00000     0.00000     0.00000     0.00000     0.00000     0.00000     0.00000     0.00000     0.00000     0.00000     0.00000     0.00000
    12.38830     0.00000     0.00000     0.00000     0.00000     0.00000     0.00000     0.00000     0.00000     0.00000     0.00000     0.00000     0.00000     0.00000     0.00000     0.00000     0.00000     0.00000
    12.45330     0.00000     0.00000     0.00000     0.00000     0.00000     0.00000     0.00000     0.00000     0.00000     0.00000     0.00000     0.00000     0.00000     0.00000     0.00000     0.00000     0.00000
    12.51830     0.00000     0.00000     0.00000     0.00000     0.00000     0.00000     0.00000     0.00000     0.00000     0.00000     0.00000     0.00000     0.00000     0.00000     0.00000     0.00000     0.00000
    12.58330     0.00000     0.00000     0.00000     0.00000     0.00000     0.00000     0.00000     0.00000     0.00000     0.00000     0.00000     0.00000     0.00000     0.00000     0.00000     0.00000     0.00000
    12.64830     0.00000     0.00000     0.00000     0.00000     0.00000     0.00000     0.00000     0.00000     0.00000     0.00000     0.00000     0.00000     0.00000     0.00000     0.00000     0.00000     0.00000
    12.71330     0.00000     0.00000     0.00000     0.00000     0.00000     0.00000     0.00000     0.00000     0.00000     0.00000     0.00000     0.00000     0.00000     0.00000     0.00000     0.00000     0.00000
    12.77830     0.00000     0.00000     0.00000     0.00000     0.00000     0.00000     0.00000     0.00000     0.00000     0.00000     0.00000     0.00000     0.00000     0.00000     0.00000     0.00000     0.00000
    12.84430     0.00000     0.00000     0.00000     0.00000     0.00000     0.00000     0.00000     0.00000     0.00000     0.00000     0.00000     0.00000     0.00000     0.00000     0.00000     0.00000     0.00000
    12.90930     0.00000     0.00000     0.00000     0.00000     0.00000     0.00000     0.00000     0.00000     0.00000     0.00000     0.00000     0.00000     0.00000     0.00000     0.00000     0.00000     0.00000
    12.97430     0.00000     0.00000     0.00000     0.00000     0.00000     0.00000     0.00000     0.00000     0.00000     0.00000     0.00000     0.00000     0.00000     0.00000     0.00000     0.00000     0.00000
    13.03930     0.00000     0.00000     0.00000     0.00000     0.00000     0.00000     0.00000     0.00000     0.00000     0.00000     0.00000     0.00000     0.00000     0.00000     0.00000     0.00000     0.00000
    13.10430     0.00000     0.00000     0.00000     0.00000     0.00000     0.00000     0.00000     0.00000     0.00000     0.00000     0.00000     0.00000     0.00000     0.00000     0.00000     0.00000     0.00000
    13.16930     0.00000     0.00000     0.00000     0.00000     0.00000     0.00000     0.00000     0.00000     0.00000     0.00000     0.00000     0.00000     0.00000     0.00000     0.00000     0.00000     0.00000
    13.23430     0.00000     0.00000     0.00000     0.00000     0.00000     0.00000     0.00000     0.00000     0.00000     0.00000     0.00000     0.00000     0.00000     0.00000     0.00000     0.00000     0.00000
    13.30030     0.00000     0.00000     0.00000     0.00000     0.00000     0.00000     0.00000     0.00000     0.00000     0.00000     0.00000     0.00000     0.00000     0.00000     0.00000     0.00000     0.00000
    13.36530     0.00000     0.00000     0.00000     0.00000     0.00000     0.00000     0.00000     0.00000     0.00000     0.00000     0.00000     0.00000     0.00000     0.00000     0.00000     0.00000     0.00000
    13.43030     0.00000     0.00000     0.00000     0.00000     0.00000     0.00000     0.00000     0.00000     0.00000     0.00000     0.00000     0.00000     0.00000     0.00000     0.00000     0.00000     0.00000
    13.49530     0.00000     0.00000     0.00000     0.00000     0.00000     0.00000     0.00000     0.00000     0.00000     0.00000     0.00000     0.00000     0.00000     0.00000     0.00000     0.00000     0.00000
    13.56030     0.00000     0.00000     0.00000     0.00000     0.00000     0.00000     0.00000     0.00000     0.00000     0.00000     0.00000     0.00000     0.00000     0.00000     0.00000     0.00000     0.00000
    13.62530     0.00000     0.00000     0.00000     0.00000     0.00000     0.00000     0.00000     0.00000     0.00000     0.00000     0.00000     0.00000     0.00000     0.00000     0.00000     0.00000     0.00000
    13.69030     0.00000     0.00000     0.00000     0.00000     0.00000     0.00000     0.00000     0.00000     0.00000     0.00000     0.00000     0.00000     0.00000     0.00000     0.00000     0.00000     0.00000
    13.75530     0.00000     0.00000     0.00000     0.00000     0.00000     0.00000     0.00000     0.00000     0.00000     0.00000     0.00000     0.00000     0.00000     0.00000     0.00000     0.00000     0.00000
    13.82130     0.00000     0.00000     0.00000     0.00000     0.00000     0.00000     0.00000     0.00000     0.00000     0.00000     0.00000     0.00000     0.00000     0.00000     0.00000     0.00000     0.00000
    13.88630     0.00000     0.00000     0.00000     0.00000     0.00000     0.00000     0.00000     0.00000     0.00000     0.00000     0.00000     0.00000     0.00000     0.00000     0.00000     0.00000     0.00000
    13.95130     0.00000     0.00000     0.00000     0.00000     0.00000     0.00000     0.00000     0.00000     0.00000     0.00000     0.00000     0.00000     0.00000     0.00000     0.00000     0.00000     0.00000
    14.01630     0.00000     0.00000     0.00000     0.00000     0.00000     0.00000     0.00000     0.00000     0.00000     0.00000     0.00000     0.00000     0.00000     0.00000     0.00000     0.00000     0.00000
    14.08130     0.00000     0.00000     0.00000     0.00000     0.00000     0.00000     0.00000     0.00000     0.00000     0.00000     0.00000     0.00000     0.00000     0.00000     0.00000     0.00000     0.00000
    14.14630     0.00000     0.00000     0.00000     0.00000     0.00000     0.00000     0.00000     0.00000     0.00000     0.00000     0.00000     0.00000     0.00000     0.00000     0.00000     0.00000     0.00000
    14.21130     0.00000     0.00000     0.00000     0.00000     0.00000     0.00000     0.00000     0.00000     0.00000     0.00000     0.00000     0.00000     0.00000     0.00000     0.00000     0.00000     0.00000
    14.27730     0.00000     0.00000     0.00000     0.00000     0.00000     0.00000     0.00000     0.00000     0.00000     0.00000     0.00000     0.00000     0.00000     0.00000     0.00000     0.00000     0.00000
    14.34230     0.00000     0.00000     0.00000     0.00000     0.00000     0.00000     0.00000     0.00000     0.00000     0.00000     0.00000     0.00000     0.00000     0.00000     0.00000     0.00000     0.00000
    14.40730     0.00000     0.00000     0.00000     0.00000     0.00000     0.00000     0.00000     0.00000     0.00000     0.00000     0.00000     0.00000     0.00000     0.00000     0.00000     0.00000     0.00000
    14.47230     0.00000     0.00000     0.00000     0.00000     0.00000     0.00000     0.00000     0.00000     0.00000     0.00000     0.00000     0.00000     0.00000     0.00000     0.00000     0.00000     0.00000
    14.53730     0.00000     0.00000     0.00000     0.00000     0.00000     0.00000     0.00000     0.00000     0.00000     0.00000     0.00000     0.00000     0.00000     0.00000     0.00000     0.00000     0.00000
    14.60230     0.00000     0.00000     0.00000     0.00000     0.00000     0.00000     0.00000     0.00000     0.00000     0.00000     0.00000     0.00000     0.00000     0.00000     0.00000     0.00000     0.00000
    14.66730     0.00000     0.00000     0.00000     0.00000     0.00000     0.00000     0.00000     0.00000     0.00000     0.00000     0.00000     0.00000     0.00000     0.00000     0.00000     0.00000     0.00000
    14.73330     0.00000     0.00000     0.00000     0.00000     0.00000     0.00000     0.00000     0.00000     0.00000     0.00000     0.00000     0.00000     0.00000     0.00000     0.00000     0.00000     0.00000
    14.79830     0.00000     0.00000     0.00000     0.00000     0.00000     0.00000     0.00000     0.00000     0.00000     0.00000     0.00000     0.00000     0.00000     0.00000     0.00000     0.00000     0.00000
    14.86330     0.00000     0.00000     0.00000     0.00000     0.00000     0.00000     0.00000     0.00000     0.00000     0.00000     0.00000     0.00000     0.00000     0.00000     0.00000     0.00000     0.00000
