     #Energy           s          py          pz          px         dxy         dyz         dz2         dxz         dx2       fy3x2        fxyz        fyz2         fz3        fxz2        fzx2         fx3       tot  
   -65.76970     0.00000     0.00000     0.00000     0.00000     0.00000     0.00000     0.00000     0.00000     0.00000     0.00000     0.00000     0.00000     0.00000     0.00000     0.00000     0.00000     0.00000
   -65.71670     0.00000     0.00000     0.00000     0.00000     0.00000     0.00000     0.00000     0.00000     0.00000     0.00000     0.00000     0.00000     0.00000     0.00000     0.00000     0.00000     0.00000
   -65.66270     0.00000     0.00000     0.00000     0.00000     0.00000     0.00000     0.00000     0.00000     0.00000     0.00000     0.00000     0.00000     0.00000     0.00000     0.00000     0.00000     0.00000
   -65.60970     0.00000     0.00000     0.00000     0.00000     0.00000     0.00000     0.00000     0.00000     0.00000     0.00000     0.00000     0.00000     0.00000     0.00000     0.00000     0.00000     0.00000
   -65.55670     0.00000     0.00000     0.00000     0.00000     0.00000     0.00000     0.00000     0.00000     0.00000     0.00000     0.00000     0.00000     0.00000     0.00000     0.00000     0.00000     0.00000
   -65.50270     0.00000     0.00000     0.00000     0.00000     0.00000     0.00000     0.00000     0.00000     0.00000     0.00000     0.00000     0.00000     0.00000     0.00000     0.00000     0.00000     0.00000
   -65.44970     0.00000     0.00000     0.00000     0.00000     0.00000     0.00000     0.00000     0.00000     0.00000     0.00000     0.00000     0.00000     0.00000     0.00000     0.00000     0.00000     0.00000
   -65.39670     0.00000     0.00000     0.00000     0.00000     0.00000     0.00000     0.00000     0.00000     0.00000     0.00000     0.00000     0.00000     0.00000     0.00000     0.00000     0.00000     0.00000
   -65.34270     0.00000     0.00000     0.00000     0.00000     0.00000     0.00000     0.00000     0.00000     0.00000     0.00000     0.00000     0.00000     0.00000     0.00000     0.00000     0.00000     0.00000
   -65.28970     0.00000     0.00000     0.00000     0.00000     0.00000     0.00000     0.00000     0.00000     0.00000     0.00000     0.00000     0.00000     0.00000     0.00000     0.00000     0.00000     0.00000
   -65.23670     0.00000     0.00000     0.00000     0.00000     0.00000     0.00000     0.00000     0.00000     0.00000     0.00000     0.00000     0.00000     0.00000     0.00000     0.00000     0.00000     0.00000
   -65.18270     0.00000     0.00000     0.00000     0.00000     0.00000     0.00000     0.00000     0.00000     0.00000     0.00000     0.00000     0.00000     0.00000     0.00000     0.00000     0.00000     0.00000
   -65.12970     0.00000     0.00000     0.00000     0.00000     0.00000     0.00000     0.00000     0.00000     0.00000     0.00000     0.00000     0.00000     0.00000     0.00000     0.00000     0.00000     0.00000
   -65.07670     0.00000     0.00000     0.00000     0.00000     0.00000     0.00000     0.00000     0.00000     0.00000     0.00000     0.00000     0.00000     0.00000     0.00000     0.00000     0.00000     0.00000
   -65.02270     0.00000     0.00000     0.00000     0.00000     0.00000     0.00000     0.00000     0.00000     0.00000     0.00000     0.00000     0.00000     0.00000     0.00000     0.00000     0.00000     0.00000
   -64.96970     0.00000     0.00000     0.00000     0.00000     0.00000     0.00000     0.00000     0.00000     0.00000     0.00000     0.00000     0.00000     0.00000     0.00000     0.00000     0.00000     0.00000
   -64.91670     0.00000     0.00000     0.00000     0.00000     0.00000     0.00000     0.00000     0.00000     0.00000     0.00000     0.00000     0.00000     0.00000     0.00000     0.00000     0.00000     0.00000
   -64.86270     0.00000     0.00000     0.00000     0.00000     0.00000     0.00000     0.00000     0.00000     0.00000     0.00000     0.00000     0.00000     0.00000     0.00000     0.00000     0.00000     0.00000
   -64.80970     0.00000     0.00000     0.00000     0.00000     0.00000     0.00000     0.00000     0.00000     0.00000     0.00000     0.00000     0.00000     0.00000     0.00000     0.00000     0.00000     0.00000
   -64.75670     0.00000     0.00000     0.00000     0.00000     0.00000     0.00000     0.00000     0.00000     0.00000     0.00000     0.00000     0.00000     0.00000     0.00000     0.00000     0.00000     0.00000
   -64.70270     0.00000     0.00000     0.00000     0.00000     0.00000     0.00000     0.00000     0.00000     0.00000     0.00000     0.00000     0.00000     0.00000     0.00000     0.00000     0.00000     0.00000
   -64.64970     0.00000     0.00000     0.00000     0.00000     0.00000     0.00000     0.00000     0.00000     0.00000     0.00000     0.00000     0.00000     0.00000     0.00000     0.00000     0.00000     0.00000
   -64.59670     0.00000     0.00000     0.00000     0.00000     0.00000     0.00000     0.00000     0.00000     0.00000     0.00000     0.00000     0.00000     0.00000     0.00000     0.00000     0.00000     0.00000
   -64.54270     0.00000     0.00000     0.00000     0.00000     0.00000     0.00000     0.00000     0.00000     0.00000     0.00000     0.00000     0.00000     0.00000     0.00000     0.00000     0.00000     0.00000
   -64.48970     0.00000     0.00000     0.00000     0.00000     0.00000     0.00000     0.00000     0.00000     0.00000     0.00000     0.00000     0.00000     0.00000     0.00000     0.00000     0.00000     0.00000
   -64.43670     0.00000     0.00000     0.00000     0.00000     0.00000     0.00000     0.00000     0.00000     0.00000     0.00000     0.00000     0.00000     0.00000     0.00000     0.00000     0.00000     0.00000
   -64.38270     0.00000     0.00000     0.00000     0.00000     0.00000     0.00000     0.00000     0.00000     0.00000     0.00000     0.00000     0.00000     0.00000     0.00000     0.00000     0.00000     0.00000
   -64.32970     0.00000     0.00000     0.00000     0.00000     0.00000     0.00000     0.00000     0.00000     0.00000     0.00000     0.00000     0.00000     0.00000     0.00000     0.00000     0.00000     0.00000
   -64.27670     0.00000     0.00000     0.00000     0.00000     0.00000     0.00000     0.00000     0.00000     0.00000     0.00000     0.00000     0.00000     0.00000     0.00000     0.00000     0.00000     0.00000
   -64.22270     0.00000     0.00000     0.00000     0.00000     0.00000     0.00000     0.00000     0.00000     0.00000     0.00000     0.00000     0.00000     0.00000     0.00000     0.00000     0.00000     0.00000
   -64.16970     0.00000     0.00000     0.00000     0.00000     0.00000     0.00000     0.00000     0.00000     0.00000     0.00000     0.00000     0.00000     0.00000     0.00000     0.00000     0.00000     0.00000
   -64.11670     0.00000     0.00000     0.00000     0.00000     0.00000     0.00000     0.00000     0.00000     0.00000     0.00000     0.00000     0.00000     0.00000     0.00000     0.00000     0.00000     0.00000
   -64.06270     0.00000     0.00000     0.00000     0.00000     0.00000     0.00000     0.00000     0.00000     0.00000     0.00000     0.00000     0.00000     0.00000     0.00000     0.00000     0.00000     0.00000
   -64.00970     0.00000     0.00000     0.00000     0.00000     0.00000     0.00000     0.00000     0.00000     0.00000     0.00000     0.00000     0.00000     0.00000     0.00000     0.00000     0.00000     0.00000
   -63.95670     0.00000     0.00000     0.00000     0.00000     0.00000     0.00000     0.00000     0.00000     0.00000     0.00000     0.00000     0.00000     0.00000     0.00000     0.00000     0.00000     0.00000
   -63.90270     0.00000     0.00000     0.00000     0.00000     0.00000     0.00000     0.00000     0.00000     0.00000     0.00000     0.00000     0.00000     0.00000     0.00000     0.00000     0.00000     0.00000
   -63.84970     0.00000     0.00000     0.00000     0.00000     0.00000     0.00000     0.00000     0.00000     0.00000     0.00000     0.00000     0.00000     0.00000     0.00000     0.00000     0.00000     0.00000
   -63.79670     0.00000     0.00000     0.00000     0.00000     0.00000     0.00000     0.00000     0.00000     0.00000     0.00000     0.00000     0.00000     0.00000     0.00000     0.00000     0.00000     0.00000
   -63.74270     0.00000     0.00000     0.00000     0.00000     0.00000     0.00000     0.00000     0.00000     0.00000     0.00000     0.00000     0.00000     0.00000     0.00000     0.00000     0.00000     0.00000
   -63.68970     0.00000     0.00000     0.00000     0.00000     0.00000     0.00000     0.00000     0.00000     0.00000     0.00000     0.00000     0.00000     0.00000     0.00000     0.00000     0.00000     0.00000
   -63.63670     0.00000     0.00000     0.00000     0.00000     0.00000     0.00000     0.00000     0.00000     0.00000     0.00000     0.00000     0.00000     0.00000     0.00000     0.00000     0.00000     0.00000
   -63.58270     0.00000     0.00000     0.00000     0.00000     0.00000     0.00000     0.00000     0.00000     0.00000     0.00000     0.00000     0.00000     0.00000     0.00000     0.00000     0.00000     0.00000
   -63.52970     0.00000     0.00000     0.00000     0.00000     0.00000     0.00000     0.00000     0.00000     0.00000     0.00000     0.00000     0.00000     0.00000     0.00000     0.00000     0.00000     0.00000
   -63.47670     0.00000     0.00000     0.00000     0.00000     0.00000     0.00000     0.00000     0.00000     0.00000     0.00000     0.00000     0.00000     0.00000     0.00000     0.00000     0.00000     0.00000
   -63.42270     0.00000     0.00000     0.00000     0.00000     0.00000     0.00000     0.00000     0.00000     0.00000     0.00000     0.00000     0.00000     0.00000     0.00000     0.00000     0.00000     0.00000
   -63.36970     0.00000     0.00000     0.00000     0.00000     0.00000     0.00000     0.00000     0.00000     0.00000     0.00000     0.00000     0.00000     0.00000     0.00000     0.00000     0.00000     0.00000
   -63.31670     0.00000     0.00000     0.00000     0.00000     0.00000     0.00000     0.00000     0.00000     0.00000     0.00000     0.00000     0.00000     0.00000     0.00000     0.00000     0.00000     0.00000
   -63.26270     0.00000     0.00000     0.00000     0.00000     0.00000     0.00000     0.00000     0.00000     0.00000     0.00000     0.00000     0.00000     0.00000     0.00000     0.00000     0.00000     0.00000
   -63.20970     0.00000     0.00000     0.00000     0.00000     0.00000     0.00000     0.00000     0.00000     0.00000     0.00000     0.00000     0.00000     0.00000     0.00000     0.00000     0.00000     0.00000
   -63.15570     0.00000     0.00000     0.00000     0.00000     0.00000     0.00000     0.00000     0.00000     0.00000     0.00000     0.00000     0.00000     0.00000     0.00000     0.00000     0.00000     0.00000
   -63.10270     0.00000     0.00000     0.00000     0.00000     0.00000     0.00000     0.00000     0.00000     0.00000     0.00000     0.00000     0.00000     0.00000     0.00000     0.00000     0.00000     0.00000
   -63.04970     0.00000     0.00000     0.00000     0.00000     0.00000     0.00000     0.00000     0.00000     0.00000     0.00000     0.00000     0.00000     0.00000     0.00000     0.00000     0.00000     0.00000
   -62.99570     0.00000     0.00000     0.00000     0.00000     0.00000     0.00000     0.00000     0.00000     0.00000     0.00000     0.00000     0.00000     0.00000     0.00000     0.00000     0.00000     0.00000
   -62.94270     0.00000     0.00000     0.00000     0.00000     0.00000     0.00000     0.00000     0.00000     0.00000     0.00000     0.00000     0.00000     0.00000     0.00000     0.00000     0.00000     0.00000
   -62.88970     0.00000     0.00000     0.00000     0.00000     0.00000     0.00000     0.00000     0.00000     0.00000     0.00000     0.00000     0.00000     0.00000     0.00000     0.00000     0.00000     0.00000
   -62.83570     0.00000     0.00000     0.00000     0.00000     0.00000     0.00000     0.00000     0.00000     0.00000     0.00000     0.00000     0.00000     0.00000     0.00000     0.00000     0.00000     0.00000
   -62.78270     0.00000     0.00000     0.00000     0.00000     0.00000     0.00000     0.00000     0.00000     0.00000     0.00000     0.00000     0.00000     0.00000     0.00000     0.00000     0.00000     0.00000
   -62.72970     0.00000     0.00000     0.00000     0.00000     0.00000     0.00000     0.00000     0.00000     0.00000     0.00000     0.00000     0.00000     0.00000     0.00000     0.00000     0.00000     0.00000
   -62.67570     0.00000     0.00000     0.00000     0.00000     0.00000     0.00000     0.00000     0.00000     0.00000     0.00000     0.00000     0.00000     0.00000     0.00000     0.00000     0.00000     0.00000
   -62.62270     0.00000     0.00000     0.00000     0.00000     0.00000     0.00000     0.00000     0.00000     0.00000     0.00000     0.00000     0.00000     0.00000     0.00000     0.00000     0.00000     0.00000
   -62.56970     0.00000     0.00000     0.00000     0.00000     0.00000     0.00000     0.00000     0.00000     0.00000     0.00000     0.00000     0.00000     0.00000     0.00000     0.00000     0.00000     0.00000
   -62.51570     0.00000     0.00000     0.00000     0.00000     0.00000     0.00000     0.00000     0.00000     0.00000     0.00000     0.00000     0.00000     0.00000     0.00000     0.00000     0.00000     0.00000
   -62.46270     0.00000     0.00000     0.00000     0.00000     0.00000     0.00000     0.00000     0.00000     0.00000     0.00000     0.00000     0.00000     0.00000     0.00000     0.00000     0.00000     0.00000
   -62.40970     0.00000     0.00000     0.00000     0.00000     0.00000     0.00000     0.00000     0.00000     0.00000     0.00000     0.00000     0.00000     0.00000     0.00000     0.00000     0.00000     0.00000
   -62.35570     0.00000     0.00000     0.00000     0.00000     0.00000     0.00000     0.00000     0.00000     0.00000     0.00000     0.00000     0.00000     0.00000     0.00000     0.00000     0.00000     0.00000
   -62.30270     0.00000     0.00000     0.00000     0.00000     0.00000     0.00000     0.00000     0.00000     0.00000     0.00000     0.00000     0.00000     0.00000     0.00000     0.00000     0.00000     0.00000
   -62.24970     0.00000     0.00000     0.00000     0.00000     0.00000     0.00000     0.00000     0.00000     0.00000     0.00000     0.00000     0.00000     0.00000     0.00000     0.00000     0.00000     0.00000
   -62.19570     0.00000     0.00000     0.00000     0.00000     0.00000     0.00000     0.00000     0.00000     0.00000     0.00000     0.00000     0.00000     0.00000     0.00000     0.00000     0.00000     0.00000
   -62.14270     0.00000     0.00000     0.00000     0.00000     0.00000     0.00000     0.00000     0.00000     0.00000     0.00000     0.00000     0.00000     0.00000     0.00000     0.00000     0.00000     0.00000
   -62.08970     0.00000     0.00000     0.00000     0.00000     0.00000     0.00000     0.00000     0.00000     0.00000     0.00000     0.00000     0.00000     0.00000     0.00000     0.00000     0.00000     0.00000
   -62.03570     0.00000     0.00000     0.00000     0.00000     0.00000     0.00000     0.00000     0.00000     0.00000     0.00000     0.00000     0.00000     0.00000     0.00000     0.00000     0.00000     0.00000
   -61.98270     0.00000     0.00000     0.00000     0.00000     0.00000     0.00000     0.00000     0.00000     0.00000     0.00000     0.00000     0.00000     0.00000     0.00000     0.00000     0.00000     0.00000
   -61.92970     0.00000     0.00000     0.00000     0.00000     0.00000     0.00000     0.00000     0.00000     0.00000     0.00000     0.00000     0.00000     0.00000     0.00000     0.00000     0.00000     0.00000
   -61.87570     0.00000     0.00000     0.00000     0.00000     0.00000     0.00000     0.00000     0.00000     0.00000     0.00000     0.00000     0.00000     0.00000     0.00000     0.00000     0.00000     0.00000
   -61.82270     0.00000     0.00000     0.00000     0.00000     0.00000     0.00000     0.00000     0.00000     0.00000     0.00000     0.00000     0.00000     0.00000     0.00000     0.00000     0.00000     0.00000
   -61.76970     0.00000     0.00000     0.00000     0.00000     0.00000     0.00000     0.00000     0.00000     0.00000     0.00000     0.00000     0.00000     0.00000     0.00000     0.00000     0.00000     0.00000
   -61.71570     0.00000     0.00000     0.00000     0.00000     0.00000     0.00000     0.00000     0.00000     0.00000     0.00000     0.00000     0.00000     0.00000     0.00000     0.00000     0.00000     0.00000
   -61.66270     0.00000     0.00000     0.00000     0.00000     0.00000     0.00000     0.00000     0.00000     0.00000     0.00000     0.00000     0.00000     0.00000     0.00000     0.00000     0.00000     0.00000
   -61.60970     0.00000     0.00000     0.00000     0.00000     0.00000     0.00000     0.00000     0.00000     0.00000     0.00000     0.00000     0.00000     0.00000     0.00000     0.00000     0.00000     0.00000
   -61.55570     0.00000     0.00000     0.00000     0.00000     0.00000     0.00000     0.00000     0.00000     0.00000     0.00000     0.00000     0.00000     0.00000     0.00000     0.00000     0.00000     0.00000
   -61.50270     0.00000     0.00000     0.00000     0.00000     0.00000     0.00000     0.00000     0.00000     0.00000     0.00000     0.00000     0.00000     0.00000     0.00000     0.00000     0.00000     0.00000
   -61.44970     0.00000     0.00000     0.00000     0.00000     0.00000     0.00000     0.00000     0.00000     0.00000     0.00000     0.00000     0.00000     0.00000     0.00000     0.00000     0.00000     0.00000
   -61.39570     0.00000     0.00000     0.00000     0.00000     0.00000     0.00000     0.00000     0.00000     0.00000     0.00000     0.00000     0.00000     0.00000     0.00000     0.00000     0.00000     0.00000
   -61.34270     0.00000     0.00000     0.00000     0.00000     0.00000     0.00000     0.00000     0.00000     0.00000     0.00000     0.00000     0.00000     0.00000     0.00000     0.00000     0.00000     0.00000
   -61.28970     0.00000     0.00000     0.00000     0.00000     0.00000     0.00000     0.00000     0.00000     0.00000     0.00000     0.00000     0.00000     0.00000     0.00000     0.00000     0.00000     0.00000
   -61.23570     0.00000     0.00000     0.00000     0.00000     0.00000     0.00000     0.00000     0.00000     0.00000     0.00000     0.00000     0.00000     0.00000     0.00000     0.00000     0.00000     0.00000
   -61.18270     0.00000     0.00000     0.00000     0.00000     0.00000     0.00000     0.00000     0.00000     0.00000     0.00000     0.00000     0.00000     0.00000     0.00000     0.00000     0.00000     0.00000
   -61.12970     0.00000     0.00000     0.00000     0.00000     0.00000     0.00000     0.00000     0.00000     0.00000     0.00000     0.00000     0.00000     0.00000     0.00000     0.00000     0.00000     0.00000
   -61.07570     0.00000     0.00000     0.00000     0.00000     0.00000     0.00000     0.00000     0.00000     0.00000     0.00000     0.00000     0.00000     0.00000     0.00000     0.00000     0.00000     0.00000
   -61.02270     0.00000     0.00000     0.00000     0.00000     0.00000     0.00000     0.00000     0.00000     0.00000     0.00000     0.00000     0.00000     0.00000     0.00000     0.00000     0.00000     0.00000
   -60.96970     0.00000     0.00000     0.00000     0.00000     0.00000     0.00000     0.00000     0.00000     0.00000     0.00000     0.00000     0.00000     0.00000     0.00000     0.00000     0.00000     0.00000
   -60.91570     0.00000     0.00000     0.00000     0.00000     0.00000     0.00000     0.00000     0.00000     0.00000     0.00000     0.00000     0.00000     0.00000     0.00000     0.00000     0.00000     0.00000
   -60.86270     0.00000     0.00000     0.00000     0.00000     0.00000     0.00000     0.00000     0.00000     0.00000     0.00000     0.00000     0.00000     0.00000     0.00000     0.00000     0.00000     0.00000
   -60.80970     0.00000     0.00000     0.00000     0.00000     0.00000     0.00000     0.00000     0.00000     0.00000     0.00000     0.00000     0.00000     0.00000     0.00000     0.00000     0.00000     0.00000
   -60.75570     0.00000     0.00000     0.00000     0.00000     0.00000     0.00000     0.00000     0.00000     0.00000     0.00000     0.00000     0.00000     0.00000     0.00000     0.00000     0.00000     0.00000
   -60.70270     0.00000     0.00000     0.00000     0.00000     0.00000     0.00000     0.00000     0.00000     0.00000     0.00000     0.00000     0.00000     0.00000     0.00000     0.00000     0.00000     0.00000
   -60.64970     0.00000     0.00000     0.00000     0.00000     0.00000     0.00000     0.00000     0.00000     0.00000     0.00000     0.00000     0.00000     0.00000     0.00000     0.00000     0.00000     0.00000
   -60.59570     0.00000     0.00000     0.00000     0.00000     0.00000     0.00000     0.00000     0.00000     0.00000     0.00000     0.00000     0.00000     0.00000     0.00000     0.00000     0.00000     0.00000
   -60.54270     0.00000     0.00000     0.00000     0.00000     0.00000     0.00000     0.00000     0.00000     0.00000     0.00000     0.00000     0.00000     0.00000     0.00000     0.00000     0.00000     0.00000
   -60.48870     0.00000     0.00000     0.00000     0.00000     0.00000     0.00000     0.00000     0.00000     0.00000     0.00000     0.00000     0.00000     0.00000     0.00000     0.00000     0.00000     0.00000
   -60.43570     0.00000     0.00000     0.00000     0.00000     0.00000     0.00000     0.00000     0.00000     0.00000     0.00000     0.00000     0.00000     0.00000     0.00000     0.00000     0.00000     0.00000
   -60.38270     0.00000     0.00000     0.00000     0.00000     0.00000     0.00000     0.00000     0.00000     0.00000     0.00000     0.00000     0.00000     0.00000     0.00000     0.00000     0.00000     0.00000
   -60.32870     0.00000     0.00000     0.00000     0.00000     0.00000     0.00000     0.00000     0.00000     0.00000     0.00000     0.00000     0.00000     0.00000     0.00000     0.00000     0.00000     0.00000
   -60.27570     0.00000     0.00000     0.00000     0.00000     0.00000     0.00000     0.00000     0.00000     0.00000     0.00000     0.00000     0.00000     0.00000     0.00000     0.00000     0.00000     0.00000
   -60.22270     0.00000     0.00000     0.00000     0.00000     0.00000     0.00000     0.00000     0.00000     0.00000     0.00000     0.00000     0.00000     0.00000     0.00000     0.00000     0.00000     0.00000
   -60.16870     0.00000     0.00000     0.00000     0.00000     0.00000     0.00000     0.00000     0.00000     0.00000     0.00000     0.00000     0.00000     0.00000     0.00000     0.00000     0.00000     0.00000
   -60.11570     0.00000     0.00000     0.00000     0.00000     0.00000     0.00000     0.00000     0.00000     0.00000     0.00000     0.00000     0.00000     0.00000     0.00000     0.00000     0.00000     0.00000
   -60.06270     0.00000     0.00000     0.00000     0.00000     0.00000     0.00000     0.00000     0.00000     0.00000     0.00000     0.00000     0.00000     0.00000     0.00000     0.00000     0.00000     0.00000
   -60.00870     0.00000     0.00000     0.00000     0.00000     0.00000     0.00000     0.00000     0.00000     0.00000     0.00000     0.00000     0.00000     0.00000     0.00000     0.00000     0.00000     0.00000
   -59.95570     0.00000     0.00000     0.00000     0.00000     0.00000     0.00000     0.00000     0.00000     0.00000     0.00000     0.00000     0.00000     0.00000     0.00000     0.00000     0.00000     0.00000
   -59.90270     0.00000     0.00000     0.00000     0.00000     0.00000     0.00000     0.00000     0.00000     0.00000     0.00000     0.00000     0.00000     0.00000     0.00000     0.00000     0.00000     0.00000
   -59.84870     0.00000     0.00000     0.00000     0.00000     0.00000     0.00000     0.00000     0.00000     0.00000     0.00000     0.00000     0.00000     0.00000     0.00000     0.00000     0.00000     0.00000
   -59.79570     0.00000     0.00000     0.00000     0.00000     0.00000     0.00000     0.00000     0.00000     0.00000     0.00000     0.00000     0.00000     0.00000     0.00000     0.00000     0.00000     0.00000
   -59.74270     0.00000     0.00000     0.00000     0.00000     0.00000     0.00000     0.00000     0.00000     0.00000     0.00000     0.00000     0.00000     0.00000     0.00000     0.00000     0.00000     0.00000
   -59.68870     0.00000     0.00000     0.00000     0.00000     0.00000     0.00000     0.00000     0.00000     0.00000     0.00000     0.00000     0.00000     0.00000     0.00000     0.00000     0.00000     0.00000
   -59.63570     0.00000     0.00000     0.00000     0.00000     0.00000     0.00000     0.00000     0.00000     0.00000     0.00000     0.00000     0.00000     0.00000     0.00000     0.00000     0.00000     0.00000
   -59.58270     0.00000     0.00000     0.00000     0.00000     0.00000     0.00000     0.00000     0.00000     0.00000     0.00000     0.00000     0.00000     0.00000     0.00000     0.00000     0.00000     0.00000
   -59.52870     0.00000     0.00000     0.00000     0.00000     0.00000     0.00000     0.00000     0.00000     0.00000     0.00000     0.00000     0.00000     0.00000     0.00000     0.00000     0.00000     0.00000
   -59.47570     0.00000     0.00000     0.00000     0.00000     0.00000     0.00000     0.00000     0.00000     0.00000     0.00000     0.00000     0.00000     0.00000     0.00000     0.00000     0.00000     0.00000
   -59.42270     0.00000     0.00000     0.00000     0.00000     0.00000     0.00000     0.00000     0.00000     0.00000     0.00000     0.00000     0.00000     0.00000     0.00000     0.00000     0.00000     0.00000
   -59.36870     0.00000     0.00000     0.00000     0.00000     0.00000     0.00000     0.00000     0.00000     0.00000     0.00000     0.00000     0.00000     0.00000     0.00000     0.00000     0.00000     0.00000
   -59.31570     0.00000     0.00000     0.00000     0.00000     0.00000     0.00000     0.00000     0.00000     0.00000     0.00000     0.00000     0.00000     0.00000     0.00000     0.00000     0.00000     0.00000
   -59.26270     0.00000     0.00000     0.00000     0.00000     0.00000     0.00000     0.00000     0.00000     0.00000     0.00000     0.00000     0.00000     0.00000     0.00000     0.00000     0.00000     0.00000
   -59.20870     0.00000     0.00000     0.00000     0.00000     0.00000     0.00000     0.00000     0.00000     0.00000     0.00000     0.00000     0.00000     0.00000     0.00000     0.00000     0.00000     0.00000
   -59.15570     0.00000     0.00000     0.00000     0.00000     0.00000     0.00000     0.00000     0.00000     0.00000     0.00000     0.00000     0.00000     0.00000     0.00000     0.00000     0.00000     0.00000
   -59.10270     0.00000     0.00000     0.00000     0.00000     0.00000     0.00000     0.00000     0.00000     0.00000     0.00000     0.00000     0.00000     0.00000     0.00000     0.00000     0.00000     0.00000
   -59.04870     0.00000     0.00000     0.00000     0.00000     0.00000     0.00000     0.00000     0.00000     0.00000     0.00000     0.00000     0.00000     0.00000     0.00000     0.00000     0.00000     0.00000
   -58.99570     0.00000     0.00000     0.00000     0.00000     0.00000     0.00000     0.00000     0.00000     0.00000     0.00000     0.00000     0.00000     0.00000     0.00000     0.00000     0.00000     0.00000
   -58.94270     0.00000     0.00000     0.00000     0.00000     0.00000     0.00000     0.00000     0.00000     0.00000     0.00000     0.00000     0.00000     0.00000     0.00000     0.00000     0.00000     0.00000
   -58.88870     0.00000     0.00000     0.00000     0.00000     0.00000     0.00000     0.00000     0.00000     0.00000     0.00000     0.00000     0.00000     0.00000     0.00000     0.00000     0.00000     0.00000
   -58.83570     0.00000     0.00000     0.00000     0.00000     0.00000     0.00000     0.00000     0.00000     0.00000     0.00000     0.00000     0.00000     0.00000     0.00000     0.00000     0.00000     0.00000
   -58.78270     0.00000     0.00000     0.00000     0.00000     0.00000     0.00000     0.00000     0.00000     0.00000     0.00000     0.00000     0.00000     0.00000     0.00000     0.00000     0.00000     0.00000
   -58.72870     0.00000     0.00000     0.00000     0.00000     0.00000     0.00000     0.00000     0.00000     0.00000     0.00000     0.00000     0.00000     0.00000     0.00000     0.00000     0.00000     0.00000
   -58.67570     0.00000     0.00000     0.00000     0.00000     0.00000     0.00000     0.00000     0.00000     0.00000     0.00000     0.00000     0.00000     0.00000     0.00000     0.00000     0.00000     0.00000
   -58.62270     0.00000     0.00000     0.00000     0.00000     0.00000     0.00000     0.00000     0.00000     0.00000     0.00000     0.00000     0.00000     0.00000     0.00000     0.00000     0.00000     0.00000
   -58.56870     0.00000     0.00000     0.00000     0.00000     0.00000     0.00000     0.00000     0.00000     0.00000     0.00000     0.00000     0.00000     0.00000     0.00000     0.00000     0.00000     0.00000
   -58.51570     0.00000     0.00000     0.00000     0.00000     0.00000     0.00000     0.00000     0.00000     0.00000     0.00000     0.00000     0.00000     0.00000     0.00000     0.00000     0.00000     0.00000
   -58.46270     0.00000     0.00000     0.00000     0.00000     0.00000     0.00000     0.00000     0.00000     0.00000     0.00000     0.00000     0.00000     0.00000     0.00000     0.00000     0.00000     0.00000
   -58.40870     0.00000     0.00000     0.00000     0.00000     0.00000     0.00000     0.00000     0.00000     0.00000     0.00000     0.00000     0.00000     0.00000     0.00000     0.00000     0.00000     0.00000
   -58.35570     0.00000     0.00000     0.00000     0.00000     0.00000     0.00000     0.00000     0.00000     0.00000     0.00000     0.00000     0.00000     0.00000     0.00000     0.00000     0.00000     0.00000
   -58.30270     0.00000     0.00000     0.00000     0.00000     0.00000     0.00000     0.00000     0.00000     0.00000     0.00000     0.00000     0.00000     0.00000     0.00000     0.00000     0.00000     0.00000
   -58.24870     0.00000     0.00000     0.00000     0.00000     0.00000     0.00000     0.00000     0.00000     0.00000     0.00000     0.00000     0.00000     0.00000     0.00000     0.00000     0.00000     0.00000
   -58.19570     0.00000     0.00000     0.00000     0.00000     0.00000     0.00000     0.00000     0.00000     0.00000     0.00000     0.00000     0.00000     0.00000     0.00000     0.00000     0.00000     0.00000
   -58.14270     0.00000     0.00000     0.00000     0.00000     0.00000     0.00000     0.00000     0.00000     0.00000     0.00000     0.00000     0.00000     0.00000     0.00000     0.00000     0.00000     0.00000
   -58.08870     0.00000     0.00000     0.00000     0.00000     0.00000     0.00000     0.00000     0.00000     0.00000     0.00000     0.00000     0.00000     0.00000     0.00000     0.00000     0.00000     0.00000
   -58.03570     0.00000     0.00000     0.00000     0.00000     0.00000     0.00000     0.00000     0.00000     0.00000     0.00000     0.00000     0.00000     0.00000     0.00000     0.00000     0.00000     0.00000
   -57.98270     0.00000     0.00000     0.00000     0.00000     0.00000     0.00000     0.00000     0.00000     0.00000     0.00000     0.00000     0.00000     0.00000     0.00000     0.00000     0.00000     0.00000
   -57.92870     0.00000     0.00000     0.00000     0.00000     0.00000     0.00000     0.00000     0.00000     0.00000     0.00000     0.00000     0.00000     0.00000     0.00000     0.00000     0.00000     0.00000
   -57.87570     0.00000     0.00000     0.00000     0.00000     0.00000     0.00000     0.00000     0.00000     0.00000     0.00000     0.00000     0.00000     0.00000     0.00000     0.00000     0.00000     0.00000
   -57.82170     0.00000     0.00000     0.00000     0.00000     0.00000     0.00000     0.00000     0.00000     0.00000     0.00000     0.00000     0.00000     0.00000     0.00000     0.00000     0.00000     0.00000
   -57.76870     0.00000     0.00000     0.00000     0.00000     0.00000     0.00000     0.00000     0.00000     0.00000     0.00000     0.00000     0.00000     0.00000     0.00000     0.00000     0.00000     0.00000
   -57.71570     0.00000     0.00000     0.00000     0.00000     0.00000     0.00000     0.00000     0.00000     0.00000     0.00000     0.00000     0.00000     0.00000     0.00000     0.00000     0.00000     0.00000
   -57.66170     0.00000     0.00000     0.00000     0.00000     0.00000     0.00000     0.00000     0.00000     0.00000     0.00000     0.00000     0.00000     0.00000     0.00000     0.00000     0.00000     0.00000
   -57.60870     0.00000     0.00000     0.00000     0.00000     0.00000     0.00000     0.00000     0.00000     0.00000     0.00000     0.00000     0.00000     0.00000     0.00000     0.00000     0.00000     0.00000
   -57.55570     0.00000     0.00000     0.00000     0.00000     0.00000     0.00000     0.00000     0.00000     0.00000     0.00000     0.00000     0.00000     0.00000     0.00000     0.00000     0.00000     0.00000
   -57.50170     0.00000     0.00000     0.00000     0.00000     0.00000     0.00000     0.00000     0.00000     0.00000     0.00000     0.00000     0.00000     0.00000     0.00000     0.00000     0.00000     0.00000
   -57.44870     0.00000     0.00000     0.00000     0.00000     0.00000     0.00000     0.00000     0.00000     0.00000     0.00000     0.00000     0.00000     0.00000     0.00000     0.00000     0.00000     0.00000
   -57.39570     0.00000     0.00000     0.00000     0.00000     0.00000     0.00000     0.00000     0.00000     0.00000     0.00000     0.00000     0.00000     0.00000     0.00000     0.00000     0.00000     0.00000
   -57.34170     0.00000     0.00000     0.00000     0.00000     0.00000     0.00000     0.00000     0.00000     0.00000     0.00000     0.00000     0.00000     0.00000     0.00000     0.00000     0.00000     0.00000
   -57.28870     0.00000     0.00000     0.00000     0.00000     0.00000     0.00000     0.00000     0.00000     0.00000     0.00000     0.00000     0.00000     0.00000     0.00000     0.00000     0.00000     0.00000
   -57.23570     0.00000     0.00000     0.00000     0.00000     0.00000     0.00000     0.00000     0.00000     0.00000     0.00000     0.00000     0.00000     0.00000     0.00000     0.00000     0.00000     0.00000
   -57.18170     0.00000     0.00000     0.00000     0.00000     0.00000     0.00000     0.00000     0.00000     0.00000     0.00000     0.00000     0.00000     0.00000     0.00000     0.00000     0.00000     0.00000
   -57.12870     0.00000     0.00000     0.00000     0.00000     0.00000     0.00000     0.00000     0.00000     0.00000     0.00000     0.00000     0.00000     0.00000     0.00000     0.00000     0.00000     0.00000
   -57.07570     0.00000     0.00000     0.00000     0.00000     0.00000     0.00000     0.00000     0.00000     0.00000     0.00000     0.00000     0.00000     0.00000     0.00000     0.00000     0.00000     0.00000
   -57.02170     0.00000     0.00000     0.00000     0.00000     0.00000     0.00000     0.00000     0.00000     0.00000     0.00000     0.00000     0.00000     0.00000     0.00000     0.00000     0.00000     0.00000
   -56.96870     0.00000     0.00000     0.00000     0.00000     0.00000     0.00000     0.00000     0.00000     0.00000     0.00000     0.00000     0.00000     0.00000     0.00000     0.00000     0.00000     0.00000
   -56.91570     0.00000     0.00000     0.00000     0.00000     0.00000     0.00000     0.00000     0.00000     0.00000     0.00000     0.00000     0.00000     0.00000     0.00000     0.00000     0.00000     0.00000
   -56.86170     0.00000     0.00000     0.00000     0.00000     0.00000     0.00000     0.00000     0.00000     0.00000     0.00000     0.00000     0.00000     0.00000     0.00000     0.00000     0.00000     0.00000
   -56.80870     0.00000     0.00000     0.00000     0.00000     0.00000     0.00000     0.00000     0.00000     0.00000     0.00000     0.00000     0.00000     0.00000     0.00000     0.00000     0.00000     0.00000
   -56.75570     0.00000     0.00000     0.00000     0.00000     0.00000     0.00000     0.00000     0.00000     0.00000     0.00000     0.00000     0.00000     0.00000     0.00000     0.00000     0.00000     0.00000
   -56.70170     0.00000     0.00000     0.00000     0.00000     0.00000     0.00000     0.00000     0.00000     0.00000     0.00000     0.00000     0.00000     0.00000     0.00000     0.00000     0.00000     0.00000
   -56.64870     0.00000     0.00000     0.00000     0.00000     0.00000     0.00000     0.00000     0.00000     0.00000     0.00000     0.00000     0.00000     0.00000     0.00000     0.00000     0.00000     0.00000
   -56.59570     0.00000     0.00000     0.00000     0.00000     0.00000     0.00000     0.00000     0.00000     0.00000     0.00000     0.00000     0.00000     0.00000     0.00000     0.00000     0.00000     0.00000
   -56.54170     0.00000     0.00000     0.00000     0.00000     0.00000     0.00000     0.00000     0.00000     0.00000     0.00000     0.00000     0.00000     0.00000     0.00000     0.00000     0.00000     0.00000
   -56.48870     0.00000     0.00000     0.00000     0.00000     0.00000     0.00000     0.00000     0.00000     0.00000     0.00000     0.00000     0.00000     0.00000     0.00000     0.00000     0.00000     0.00000
   -56.43570     0.00000     0.00000     0.00000     0.00000     0.00000     0.00000     0.00000     0.00000     0.00000     0.00000     0.00000     0.00000     0.00000     0.00000     0.00000     0.00000     0.00000
   -56.38170     0.00000     0.00000     0.00000     0.00000     0.00000     0.00000     0.00000     0.00000     0.00000     0.00000     0.00000     0.00000     0.00000     0.00000     0.00000     0.00000     0.00000
   -56.32870     0.00000     0.00000     0.00000     0.00000     0.00000     0.00000     0.00000     0.00000     0.00000     0.00000     0.00000     0.00000     0.00000     0.00000     0.00000     0.00000     0.00000
   -56.27570     0.00000     0.00000     0.00000     0.00000     0.00000     0.00000     0.00000     0.00000     0.00000     0.00000     0.00000     0.00000     0.00000     0.00000     0.00000     0.00000     0.00000
   -56.22170     0.00000     0.00000     0.00000     0.00000     0.00000     0.00000     0.00000     0.00000     0.00000     0.00000     0.00000     0.00000     0.00000     0.00000     0.00000     0.00000     0.00000
   -56.16870     0.00000     0.00000     0.00000     0.00000     0.00000     0.00000     0.00000     0.00000     0.00000     0.00000     0.00000     0.00000     0.00000     0.00000     0.00000     0.00000     0.00000
   -56.11570     0.00000     0.00000     0.00000     0.00000     0.00000     0.00000     0.00000     0.00000     0.00000     0.00000     0.00000     0.00000     0.00000     0.00000     0.00000     0.00000     0.00000
   -56.06170     0.00000     0.00000     0.00000     0.00000     0.00000     0.00000     0.00000     0.00000     0.00000     0.00000     0.00000     0.00000     0.00000     0.00000     0.00000     0.00000     0.00000
   -56.00870     0.00000     0.00000     0.00000     0.00000     0.00000     0.00000     0.00000     0.00000     0.00000     0.00000     0.00000     0.00000     0.00000     0.00000     0.00000     0.00000     0.00000
   -55.95570     0.00000     0.00000     0.00000     0.00000     0.00000     0.00000     0.00000     0.00000     0.00000     0.00000     0.00000     0.00000     0.00000     0.00000     0.00000     0.00000     0.00000
   -55.90170     0.00000     0.00000     0.00000     0.00000     0.00000     0.00000     0.00000     0.00000     0.00000     0.00000     0.00000     0.00000     0.00000     0.00000     0.00000     0.00000     0.00000
   -55.84870     0.00000     0.00000     0.00000     0.00000     0.00000     0.00000     0.00000     0.00000     0.00000     0.00000     0.00000     0.00000     0.00000     0.00000     0.00000     0.00000     0.00000
   -55.79570     0.00000     0.00000     0.00000     0.00000     0.00000     0.00000     0.00000     0.00000     0.00000     0.00000     0.00000     0.00000     0.00000     0.00000     0.00000     0.00000     0.00000
   -55.74170     0.00000     0.00000     0.00000     0.00000     0.00000     0.00000     0.00000     0.00000     0.00000     0.00000     0.00000     0.00000     0.00000     0.00000     0.00000     0.00000     0.00000
   -55.68870     0.00000     0.00000     0.00000     0.00000     0.00000     0.00000     0.00000     0.00000     0.00000     0.00000     0.00000     0.00000     0.00000     0.00000     0.00000     0.00000     0.00000
   -55.63570     0.00000     0.00000     0.00000     0.00000     0.00000     0.00000     0.00000     0.00000     0.00000     0.00000     0.00000     0.00000     0.00000     0.00000     0.00000     0.00000     0.00000
   -55.58170     0.00000     0.00000     0.00000     0.00000     0.00000     0.00000     0.00000     0.00000     0.00000     0.00000     0.00000     0.00000     0.00000     0.00000     0.00000     0.00000     0.00000
   -55.52870     0.00000     0.00000     0.00000     0.00000     0.00000     0.00000     0.00000     0.00000     0.00000     0.00000     0.00000     0.00000     0.00000     0.00000     0.00000     0.00000     0.00000
   -55.47570     0.00000     0.00000     0.00000     0.00000     0.00000     0.00000     0.00000     0.00000     0.00000     0.00000     0.00000     0.00000     0.00000     0.00000     0.00000     0.00000     0.00000
   -55.42170     0.00000     0.00000     0.00000     0.00000     0.00000     0.00000     0.00000     0.00000     0.00000     0.00000     0.00000     0.00000     0.00000     0.00000     0.00000     0.00000     0.00000
   -55.36870     0.00000     0.00000     0.00000     0.00000     0.00000     0.00000     0.00000     0.00000     0.00000     0.00000     0.00000     0.00000     0.00000     0.00000     0.00000     0.00000     0.00000
   -55.31570     0.00000     0.00000     0.00000     0.00000     0.00000     0.00000     0.00000     0.00000     0.00000     0.00000     0.00000     0.00000     0.00000     0.00000     0.00000     0.00000     0.00000
   -55.26170     0.00000     0.00000     0.00000     0.00000     0.00000     0.00000     0.00000     0.00000     0.00000     0.00000     0.00000     0.00000     0.00000     0.00000     0.00000     0.00000     0.00000
   -55.20870     0.00000     0.00000     0.00000     0.00000     0.00000     0.00000     0.00000     0.00000     0.00000     0.00000     0.00000     0.00000     0.00000     0.00000     0.00000     0.00000     0.00000
   -55.15570     0.00000     0.00000     0.00000     0.00000     0.00000     0.00000     0.00000     0.00000     0.00000     0.00000     0.00000     0.00000     0.00000     0.00000     0.00000     0.00000     0.00000
   -55.10170     0.00000     0.00000     0.00000     0.00000     0.00000     0.00000     0.00000     0.00000     0.00000     0.00000     0.00000     0.00000     0.00000     0.00000     0.00000     0.00000     0.00000
   -55.04870     0.00000     0.00000     0.00000     0.00000     0.00000     0.00000     0.00000     0.00000     0.00000     0.00000     0.00000     0.00000     0.00000     0.00000     0.00000     0.00000     0.00000
   -54.99470     0.00000     0.00000     0.00000     0.00000     0.00000     0.00000     0.00000     0.00000     0.00000     0.00000     0.00000     0.00000     0.00000     0.00000     0.00000     0.00000     0.00000
   -54.94170     0.00000     0.00000     0.00000     0.00000     0.00000     0.00000     0.00000     0.00000     0.00000     0.00000     0.00000     0.00000     0.00000     0.00000     0.00000     0.00000     0.00000
   -54.88870     0.00000     0.00000     0.00000     0.00000     0.00000     0.00000     0.00000     0.00000     0.00000     0.00000     0.00000     0.00000     0.00000     0.00000     0.00000     0.00000     0.00000
   -54.83470     0.00000     0.00000     0.00000     0.00000     0.00000     0.00000     0.00000     0.00000     0.00000     0.00000     0.00000     0.00000     0.00000     0.00000     0.00000     0.00000     0.00000
   -54.78170     0.00000     0.00000     0.00000     0.00000     0.00000     0.00000     0.00000     0.00000     0.00000     0.00000     0.00000     0.00000     0.00000     0.00000     0.00000     0.00000     0.00000
   -54.72870     0.00000     0.00000     0.00000     0.00000     0.00000     0.00000     0.00000     0.00000     0.00000     0.00000     0.00000     0.00000     0.00000     0.00000     0.00000     0.00000     0.00000
   -54.67470     0.00000     0.00000     0.00000     0.00000     0.00000     0.00000     0.00000     0.00000     0.00000     0.00000     0.00000     0.00000     0.00000     0.00000     0.00000     0.00000     0.00000
   -54.62170     0.00000     0.00000     0.00000     0.00000     0.00000     0.00000     0.00000     0.00000     0.00000     0.00000     0.00000     0.00000     0.00000     0.00000     0.00000     0.00000     0.00000
   -54.56870     0.00000     0.00000     0.00000     0.00000     0.00000     0.00000     0.00000     0.00000     0.00000     0.00000     0.00000     0.00000     0.00000     0.00000     0.00000     0.00000     0.00000
   -54.51470     0.00000     0.00000     0.00000     0.00000     0.00000     0.00000     0.00000     0.00000     0.00000     0.00000     0.00000     0.00000     0.00000     0.00000     0.00000     0.00000     0.00000
   -54.46170     0.00000     0.00000     0.00000     0.00000     0.00000     0.00000     0.00000     0.00000     0.00000     0.00000     0.00000     0.00000     0.00000     0.00000     0.00000     0.00000     0.00000
   -54.40870     0.00000     0.00000     0.00000     0.00000     0.00000     0.00000     0.00000     0.00000     0.00000     0.00000     0.00000     0.00000     0.00000     0.00000     0.00000     0.00000     0.00000
   -54.35470     0.00000     0.00000     0.00000     0.00000     0.00000     0.00000     0.00000     0.00000     0.00000     0.00000     0.00000     0.00000     0.00000     0.00000     0.00000     0.00000     0.00000
   -54.30170     0.00000     0.00000     0.00000     0.00000     0.00000     0.00000     0.00000     0.00000     0.00000     0.00000     0.00000     0.00000     0.00000     0.00000     0.00000     0.00000     0.00000
   -54.24870     0.00000     0.00000     0.00000     0.00000     0.00000     0.00000     0.00000     0.00000     0.00000     0.00000     0.00000     0.00000     0.00000     0.00000     0.00000     0.00000     0.00000
   -54.19470     0.00000     0.00000     0.00000     0.00000     0.00000     0.00000     0.00000     0.00000     0.00000     0.00000     0.00000     0.00000     0.00000     0.00000     0.00000     0.00000     0.00000
   -54.14170     0.00000     0.00000     0.00000     0.00000     0.00000     0.00000     0.00000     0.00000     0.00000     0.00000     0.00000     0.00000     0.00000     0.00000     0.00000     0.00000     0.00000
   -54.08870     0.00000     0.00000     0.00000     0.00000     0.00000     0.00000     0.00000     0.00000     0.00000     0.00000     0.00000     0.00000     0.00000     0.00000     0.00000     0.00000     0.00000
   -54.03470     0.00000     0.00000     0.00000     0.00000     0.00000     0.00000     0.00000     0.00000     0.00000     0.00000     0.00000     0.00000     0.00000     0.00000     0.00000     0.00000     0.00000
   -53.98170     0.00000     0.00000     0.00000     0.00000     0.00000     0.00000     0.00000     0.00000     0.00000     0.00000     0.00000     0.00000     0.00000     0.00000     0.00000     0.00000     0.00000
   -53.92870     0.00000     0.00000     0.00000     0.00000     0.00000     0.00000     0.00000     0.00000     0.00000     0.00000     0.00000     0.00000     0.00000     0.00000     0.00000     0.00000     0.00000
   -53.87470     0.00000     0.00000     0.00000     0.00000     0.00000     0.00000     0.00000     0.00000     0.00000     0.00000     0.00000     0.00000     0.00000     0.00000     0.00000     0.00000     0.00000
   -53.82170     0.00000     0.00000     0.00000     0.00000     0.00000     0.00000     0.00000     0.00000     0.00000     0.00000     0.00000     0.00000     0.00000     0.00000     0.00000     0.00000     0.00000
   -53.76870     0.00000     0.00000     0.00000     0.00000     0.00000     0.00000     0.00000     0.00000     0.00000     0.00000     0.00000     0.00000     0.00000     0.00000     0.00000     0.00000     0.00000
   -53.71470     0.00000     0.00000     0.00000     0.00000     0.00000     0.00000     0.00000     0.00000     0.00000     0.00000     0.00000     0.00000     0.00000     0.00000     0.00000     0.00000     0.00000
   -53.66170     0.00000     0.00000     0.00000     0.00000     0.00000     0.00000     0.00000     0.00000     0.00000     0.00000     0.00000     0.00000     0.00000     0.00000     0.00000     0.00000     0.00000
   -53.60870     0.00000     0.00000     0.00000     0.00000     0.00000     0.00000     0.00000     0.00000     0.00000     0.00000     0.00000     0.00000     0.00000     0.00000     0.00000     0.00000     0.00000
   -53.55470     0.00000     0.00000     0.00000     0.00000     0.00000     0.00000     0.00000     0.00000     0.00000     0.00000     0.00000     0.00000     0.00000     0.00000     0.00000     0.00000     0.00000
   -53.50170     0.00000     0.00000     0.00000     0.00000     0.00000     0.00000     0.00000     0.00000     0.00000     0.00000     0.00000     0.00000     0.00000     0.00000     0.00000     0.00000     0.00000
   -53.44870     0.00000     0.00000     0.00000     0.00000     0.00000     0.00000     0.00000     0.00000     0.00000     0.00000     0.00000     0.00000     0.00000     0.00000     0.00000     0.00000     0.00000
   -53.39470     0.00000     0.00000     0.00000     0.00000     0.00000     0.00000     0.00000     0.00000     0.00000     0.00000     0.00000     0.00000     0.00000     0.00000     0.00000     0.00000     0.00000
   -53.34170     0.00000     0.00000     0.00000     0.00000     0.00000     0.00000     0.00000     0.00000     0.00000     0.00000     0.00000     0.00000     0.00000     0.00000     0.00000     0.00000     0.00000
   -53.28870     0.00000     0.00000     0.00000     0.00000     0.00000     0.00000     0.00000     0.00000     0.00000     0.00000     0.00000     0.00000     0.00000     0.00000     0.00000     0.00000     0.00000
   -53.23470     0.00000     0.00000     0.00000     0.00000     0.00000     0.00000     0.00000     0.00000     0.00000     0.00000     0.00000     0.00000     0.00000     0.00000     0.00000     0.00000     0.00000
   -53.18170     0.00000     0.00000     0.00000     0.00000     0.00000     0.00000     0.00000     0.00000     0.00000     0.00000     0.00000     0.00000     0.00000     0.00000     0.00000     0.00000     0.00000
   -53.12870     0.00000     0.00000     0.00000     0.00000     0.00000     0.00000     0.00000     0.00000     0.00000     0.00000     0.00000     0.00000     0.00000     0.00000     0.00000     0.00000     0.00000
   -53.07470     0.00000     0.00000     0.00000     0.00000     0.00000     0.00000     0.00000     0.00000     0.00000     0.00000     0.00000     0.00000     0.00000     0.00000     0.00000     0.00000     0.00000
   -53.02170     0.00000     0.00000     0.00000     0.00000     0.00000     0.00000     0.00000     0.00000     0.00000     0.00000     0.00000     0.00000     0.00000     0.00000     0.00000     0.00000     0.00000
   -52.96870     0.00000     0.00000     0.00000     0.00000     0.00000     0.00000     0.00000     0.00000     0.00000     0.00000     0.00000     0.00000     0.00000     0.00000     0.00000     0.00000     0.00000
   -52.91470     0.00000     0.00000     0.00000     0.00000     0.00000     0.00000     0.00000     0.00000     0.00000     0.00000     0.00000     0.00000     0.00000     0.00000     0.00000     0.00000     0.00000
   -52.86170     0.00000     0.00000     0.00000     0.00000     0.00000     0.00000     0.00000     0.00000     0.00000     0.00000     0.00000     0.00000     0.00000     0.00000     0.00000     0.00000     0.00000
   -52.80870     0.00000     0.00000     0.00000     0.00000     0.00000     0.00000     0.00000     0.00000     0.00000     0.00000     0.00000     0.00000     0.00000     0.00000     0.00000     0.00000     0.00000
   -52.75470     0.00000     0.00000     0.00000     0.00000     0.00000     0.00000     0.00000     0.00000     0.00000     0.00000     0.00000     0.00000     0.00000     0.00000     0.00000     0.00000     0.00000
   -52.70170     0.00000     0.00000     0.00000     0.00000     0.00000     0.00000     0.00000     0.00000     0.00000     0.00000     0.00000     0.00000     0.00000     0.00000     0.00000     0.00000     0.00000
   -52.64870     0.00000     0.00000     0.00000     0.00000     0.00000     0.00000     0.00000     0.00000     0.00000     0.00000     0.00000     0.00000     0.00000     0.00000     0.00000     0.00000     0.00000
   -52.59470     0.00000     0.00000     0.00000     0.00000     0.00000     0.00000     0.00000     0.00000     0.00000     0.00000     0.00000     0.00000     0.00000     0.00000     0.00000     0.00000     0.00000
   -52.54170     0.00000     0.00000     0.00000     0.00000     0.00000     0.00000     0.00000     0.00000     0.00000     0.00000     0.00000     0.00000     0.00000     0.00000     0.00000     0.00000     0.00000
   -52.48870     0.00000     0.00000     0.00000     0.00000     0.00000     0.00000     0.00000     0.00000     0.00000     0.00000     0.00000     0.00000     0.00000     0.00000     0.00000     0.00000     0.00000
   -52.43470     0.00000     0.00000     0.00000     0.00000     0.00000     0.00000     0.00000     0.00000     0.00000     0.00000     0.00000     0.00000     0.00000     0.00000     0.00000     0.00000     0.00000
   -52.38170     0.00000     0.00000     0.00000     0.00000     0.00000     0.00000     0.00000     0.00000     0.00000     0.00000     0.00000     0.00000     0.00000     0.00000     0.00000     0.00000     0.00000
   -52.32770     0.00000     0.00000     0.00000     0.00000     0.00000     0.00000     0.00000     0.00000     0.00000     0.00000     0.00000     0.00000     0.00000     0.00000     0.00000     0.00000     0.00000
   -52.27470     0.00000     0.00000     0.00000     0.00000     0.00000     0.00000     0.00000     0.00000     0.00000     0.00000     0.00000     0.00000     0.00000     0.00000     0.00000     0.00000     0.00000
   -52.22170     0.00000     0.00000     0.00000     0.00000     0.00000     0.00000     0.00000     0.00000     0.00000     0.00000     0.00000     0.00000     0.00000     0.00000     0.00000     0.00000     0.00000
   -52.16770     0.00000     0.00000     0.00000     0.00000     0.00000     0.00000     0.00000     0.00000     0.00000     0.00000     0.00000     0.00000     0.00000     0.00000     0.00000     0.00000     0.00000
   -52.11470     0.00000     0.00000     0.00000     0.00000     0.00000     0.00000     0.00000     0.00000     0.00000     0.00000     0.00000     0.00000     0.00000     0.00000     0.00000     0.00000     0.00000
   -52.06170     0.00000     0.00000     0.00000     0.00000     0.00000     0.00000     0.00000     0.00000     0.00000     0.00000     0.00000     0.00000     0.00000     0.00000     0.00000     0.00000     0.00000
   -52.00770     0.00000     0.00000     0.00000     0.00000     0.00000     0.00000     0.00000     0.00000     0.00000     0.00000     0.00000     0.00000     0.00000     0.00000     0.00000     0.00000     0.00000
   -51.95470     0.00000     0.00000     0.00000     0.00000     0.00000     0.00000     0.00000     0.00000     0.00000     0.00000     0.00000     0.00000     0.00000     0.00000     0.00000     0.00000     0.00000
   -51.90170     0.00000     0.00000     0.00000     0.00000     0.00000     0.00000     0.00000     0.00000     0.00000     0.00000     0.00000     0.00000     0.00000     0.00000     0.00000     0.00000     0.00000
   -51.84770     0.00000     0.00000     0.00000     0.00000     0.00000     0.00000     0.00000     0.00000     0.00000     0.00000     0.00000     0.00000     0.00000     0.00000     0.00000     0.00000     0.00000
   -51.79470     0.00000     0.00000     0.00000     0.00000     0.00000     0.00000     0.00000     0.00000     0.00000     0.00000     0.00000     0.00000     0.00000     0.00000     0.00000     0.00000     0.00000
   -51.74170     0.00000     0.00000     0.00000     0.00000     0.00000     0.00000     0.00000     0.00000     0.00000     0.00000     0.00000     0.00000     0.00000     0.00000     0.00000     0.00000     0.00000
   -51.68770     0.00000     0.00000     0.00000     0.00000     0.00000     0.00000     0.00000     0.00000     0.00000     0.00000     0.00000     0.00000     0.00000     0.00000     0.00000     0.00000     0.00000
   -51.63470     0.00000     0.00000     0.00000     0.00000     0.00000     0.00000     0.00000     0.00000     0.00000     0.00000     0.00000     0.00000     0.00000     0.00000     0.00000     0.00000     0.00000
   -51.58170     0.00000     0.00000     0.00000     0.00000     0.00000     0.00000     0.00000     0.00000     0.00000     0.00000     0.00000     0.00000     0.00000     0.00000     0.00000     0.00000     0.00000
   -51.52770     0.00000     0.00000     0.00000     0.00000     0.00000     0.00000     0.00000     0.00000     0.00000     0.00000     0.00000     0.00000     0.00000     0.00000     0.00000     0.00000     0.00000
   -51.47470     0.00000     0.00000     0.00000     0.00000     0.00000     0.00000     0.00000     0.00000     0.00000     0.00000     0.00000     0.00000     0.00000     0.00000     0.00000     0.00000     0.00000
   -51.42170     0.00000     0.00000     0.00000     0.00000     0.00000     0.00000     0.00000     0.00000     0.00000     0.00000     0.00000     0.00000     0.00000     0.00000     0.00000     0.00000     0.00000
   -51.36770     0.00000     0.00000     0.00000     0.00000     0.00000     0.00000     0.00000     0.00000     0.00000     0.00000     0.00000     0.00000     0.00000     0.00000     0.00000     0.00000     0.00000
   -51.31470     0.00000     0.00000     0.00000     0.00000     0.00000     0.00000     0.00000     0.00000     0.00000     0.00000     0.00000     0.00000     0.00000     0.00000     0.00000     0.00000     0.00000
   -51.26170     0.00000     0.00000     0.00000     0.00000     0.00000     0.00000     0.00000     0.00000     0.00000     0.00000     0.00000     0.00000     0.00000     0.00000     0.00000     0.00000     0.00000
   -51.20770     0.00000     0.00000     0.00000     0.00000     0.00000     0.00000     0.00000     0.00000     0.00000     0.00000     0.00000     0.00000     0.00000     0.00000     0.00000     0.00000     0.00000
   -51.15470     0.00000     0.00000     0.00000     0.00000     0.00000     0.00000     0.00000     0.00000     0.00000     0.00000     0.00000     0.00000     0.00000     0.00000     0.00000     0.00000     0.00000
   -51.10170     0.00000     0.00000     0.00000     0.00000     0.00000     0.00000     0.00000     0.00000     0.00000     0.00000     0.00000     0.00000     0.00000     0.00000     0.00000     0.00000     0.00000
   -51.04770     0.00000     0.00000     0.00000     0.00000     0.00000     0.00000     0.00000     0.00000     0.00000     0.00000     0.00000     0.00000     0.00000     0.00000     0.00000     0.00000     0.00000
   -50.99470     0.00000     0.00000     0.00000     0.00000     0.00000     0.00000     0.00000     0.00000     0.00000     0.00000     0.00000     0.00000     0.00000     0.00000     0.00000     0.00000     0.00000
   -50.94170     0.00000     0.00000     0.00000     0.00000     0.00000     0.00000     0.00000     0.00000     0.00000     0.00000     0.00000     0.00000     0.00000     0.00000     0.00000     0.00000     0.00000
   -50.88770     0.00000     0.00000     0.00000     0.00000     0.00000     0.00000     0.00000     0.00000     0.00000     0.00000     0.00000     0.00000     0.00000     0.00000     0.00000     0.00000     0.00000
   -50.83470     0.00000     0.00000     0.00000     0.00000     0.00000     0.00000     0.00000     0.00000     0.00000     0.00000     0.00000     0.00000     0.00000     0.00000     0.00000     0.00000     0.00000
   -50.78170     0.00000     0.00000     0.00000     0.00000     0.00000     0.00000     0.00000     0.00000     0.00000     0.00000     0.00000     0.00000     0.00000     0.00000     0.00000     0.00000     0.00000
   -50.72770     0.00000     0.00000     0.00000     0.00000     0.00000     0.00000     0.00000     0.00000     0.00000     0.00000     0.00000     0.00000     0.00000     0.00000     0.00000     0.00000     0.00000
   -50.67470     0.00000     0.00000     0.00000     0.00000     0.00000     0.00000     0.00000     0.00000     0.00000     0.00000     0.00000     0.00000     0.00000     0.00000     0.00000     0.00000     0.00000
   -50.62170     0.00000     0.00000     0.00000     0.00000     0.00000     0.00000     0.00000     0.00000     0.00000     0.00000     0.00000     0.00000     0.00000     0.00000     0.00000     0.00000     0.00000
   -50.56770     0.00000     0.00000     0.00000     0.00000     0.00000     0.00000     0.00000     0.00000     0.00000     0.00000     0.00000     0.00000     0.00000     0.00000     0.00000     0.00000     0.00000
   -50.51470     0.00000     0.00000     0.00000     0.00000     0.00000     0.00000     0.00000     0.00000     0.00000     0.00000     0.00000     0.00000     0.00000     0.00000     0.00000     0.00000     0.00000
   -50.46170     0.00000     0.00000     0.00000     0.00000     0.00000     0.00000     0.00000     0.00000     0.00000     0.00000     0.00000     0.00000     0.00000     0.00000     0.00000     0.00000     0.00000
   -50.40770     0.00000     0.00000     0.00000     0.00000     0.00000     0.00000     0.00000     0.00000     0.00000     0.00000     0.00000     0.00000     0.00000     0.00000     0.00000     0.00000     0.00000
   -50.35470     0.00000     0.00000     0.00000     0.00000     0.00000     0.00000     0.00000     0.00000     0.00000     0.00000     0.00000     0.00000     0.00000     0.00000     0.00000     0.00000     0.00000
   -50.30170     0.00000     0.00000     0.00000     0.00000     0.00000     0.00000     0.00000     0.00000     0.00000     0.00000     0.00000     0.00000     0.00000     0.00000     0.00000     0.00000     0.00000
   -50.24770     0.00000     0.00000     0.00000     0.00000     0.00000     0.00000     0.00000     0.00000     0.00000     0.00000     0.00000     0.00000     0.00000     0.00000     0.00000     0.00000     0.00000
   -50.19470     0.00000     0.00000     0.00000     0.00000     0.00000     0.00000     0.00000     0.00000     0.00000     0.00000     0.00000     0.00000     0.00000     0.00000     0.00000     0.00000     0.00000
   -50.14170     0.00000     0.00000     0.00000     0.00000     0.00000     0.00000     0.00000     0.00000     0.00000     0.00000     0.00000     0.00000     0.00000     0.00000     0.00000     0.00000     0.00000
   -50.08770     0.00000     0.00000     0.00000     0.00000     0.00000     0.00000     0.00000     0.00000     0.00000     0.00000     0.00000     0.00000     0.00000     0.00000     0.00000     0.00000     0.00000
   -50.03470     0.00000     0.00000     0.00000     0.00000     0.00000     0.00000     0.00000     0.00000     0.00000     0.00000     0.00000     0.00000     0.00000     0.00000     0.00000     0.00000     0.00000
   -49.98170     0.00000     0.00000     0.00000     0.00000     0.00000     0.00000     0.00000     0.00000     0.00000     0.00000     0.00000     0.00000     0.00000     0.00000     0.00000     0.00000     0.00000
   -49.92770     0.00000     0.00000     0.00000     0.00000     0.00000     0.00000     0.00000     0.00000     0.00000     0.00000     0.00000     0.00000     0.00000     0.00000     0.00000     0.00000     0.00000
   -49.87470     0.00000     0.00000     0.00000     0.00000     0.00000     0.00000     0.00000     0.00000     0.00000     0.00000     0.00000     0.00000     0.00000     0.00000     0.00000     0.00000     0.00000
   -49.82170     0.00000     0.00000     0.00000     0.00000     0.00000     0.00000     0.00000     0.00000     0.00000     0.00000     0.00000     0.00000     0.00000     0.00000     0.00000     0.00000     0.00000
   -49.76770     0.00000     0.00000     0.00000     0.00000     0.00000     0.00000     0.00000     0.00000     0.00000     0.00000     0.00000     0.00000     0.00000     0.00000     0.00000     0.00000     0.00000
   -49.71470     0.00000     0.00000     0.00000     0.00000     0.00000     0.00000     0.00000     0.00000     0.00000     0.00000     0.00000     0.00000     0.00000     0.00000     0.00000     0.00000     0.00000
   -49.66070     0.00000     0.00000     0.00000     0.00000     0.00000     0.00000     0.00000     0.00000     0.00000     0.00000     0.00000     0.00000     0.00000     0.00000     0.00000     0.00000     0.00000
   -49.60770     0.00000     0.00000     0.00000     0.00000     0.00000     0.00000     0.00000     0.00000     0.00000     0.00000     0.00000     0.00000     0.00000     0.00000     0.00000     0.00000     0.00000
   -49.55470     0.00000     0.00000     0.00000     0.00000     0.00000     0.00000     0.00000     0.00000     0.00000     0.00000     0.00000     0.00000     0.00000     0.00000     0.00000     0.00000     0.00000
   -49.50070     0.00000     0.00000     0.00000     0.00000     0.00000     0.00000     0.00000     0.00000     0.00000     0.00000     0.00000     0.00000     0.00000     0.00000     0.00000     0.00000     0.00000
   -49.44770     0.00000     0.00000     0.00000     0.00000     0.00000     0.00000     0.00000     0.00000     0.00000     0.00000     0.00000     0.00000     0.00000     0.00000     0.00000     0.00000     0.00000
   -49.39470     0.00000     0.00000     0.00000     0.00000     0.00000     0.00000     0.00000     0.00000     0.00000     0.00000     0.00000     0.00000     0.00000     0.00000     0.00000     0.00000     0.00000
   -49.34070     0.00000     0.00000     0.00000     0.00000     0.00000     0.00000     0.00000     0.00000     0.00000     0.00000     0.00000     0.00000     0.00000     0.00000     0.00000     0.00000     0.00000
   -49.28770     0.00000     0.00000     0.00000     0.00000     0.00000     0.00000     0.00000     0.00000     0.00000     0.00000     0.00000     0.00000     0.00000     0.00000     0.00000     0.00000     0.00000
   -49.23470     0.00000     0.00000     0.00000     0.00000     0.00000     0.00000     0.00000     0.00000     0.00000     0.00000     0.00000     0.00000     0.00000     0.00000     0.00000     0.00000     0.00000
   -49.18070     0.00000     0.00000     0.00000     0.00000     0.00000     0.00000     0.00000     0.00000     0.00000     0.00000     0.00000     0.00000     0.00000     0.00000     0.00000     0.00000     0.00000
   -49.12770     0.00000     0.00000     0.00000     0.00000     0.00000     0.00000     0.00000     0.00000     0.00000     0.00000     0.00000     0.00000     0.00000     0.00000     0.00000     0.00000     0.00000
   -49.07470     0.00000     0.00000     0.00000     0.00000     0.00000     0.00000     0.00000     0.00000     0.00000     0.00000     0.00000     0.00000     0.00000     0.00000     0.00000     0.00000     0.00000
   -49.02070     0.00000     0.00000     0.00000     0.00000     0.00000     0.00000     0.00000     0.00000     0.00000     0.00000     0.00000     0.00000     0.00000     0.00000     0.00000     0.00000     0.00000
   -48.96770     0.00000     0.00000     0.00000     0.00000     0.00000     0.00000     0.00000     0.00000     0.00000     0.00000     0.00000     0.00000     0.00000     0.00000     0.00000     0.00000     0.00000
   -48.91470     0.00000     0.00000     0.00000     0.00000     0.00000     0.00000     0.00000     0.00000     0.00000     0.00000     0.00000     0.00000     0.00000     0.00000     0.00000     0.00000     0.00000
   -48.86070     0.00000     0.00000     0.00000     0.00000     0.00000     0.00000     0.00000     0.00000     0.00000     0.00000     0.00000     0.00000     0.00000     0.00000     0.00000     0.00000     0.00000
   -48.80770     0.00000     0.00000     0.00000     0.00000     0.00000     0.00000     0.00000     0.00000     0.00000     0.00000     0.00000     0.00000     0.00000     0.00000     0.00000     0.00000     0.00000
   -48.75470     0.00000     0.00000     0.00000     0.00000     0.00000     0.00000     0.00000     0.00000     0.00000     0.00000     0.00000     0.00000     0.00000     0.00000     0.00000     0.00000     0.00000
   -48.70070     0.00000     0.00000     0.00000     0.00000     0.00000     0.00000     0.00000     0.00000     0.00000     0.00000     0.00000     0.00000     0.00000     0.00000     0.00000     0.00000     0.00000
   -48.64770     0.00000     0.00000     0.00000     0.00000     0.00000     0.00000     0.00000     0.00000     0.00000     0.00000     0.00000     0.00000     0.00000     0.00000     0.00000     0.00000     0.00000
   -48.59470     0.00000     0.00000     0.00000     0.00000     0.00000     0.00000     0.00000     0.00000     0.00000     0.00000     0.00000     0.00000     0.00000     0.00000     0.00000     0.00000     0.00000
   -48.54070     0.00000     0.00000     0.00000     0.00000     0.00000     0.00000     0.00000     0.00000     0.00000     0.00000     0.00000     0.00000     0.00000     0.00000     0.00000     0.00000     0.00000
   -48.48770     0.00000     0.00000     0.00000     0.00000     0.00000     0.00000     0.00000     0.00000     0.00000     0.00000     0.00000     0.00000     0.00000     0.00000     0.00000     0.00000     0.00000
   -48.43470     0.00000     0.00000     0.00000     0.00000     0.00000     0.00000     0.00000     0.00000     0.00000     0.00000     0.00000     0.00000     0.00000     0.00000     0.00000     0.00000     0.00000
   -48.38070     0.00000     0.00000     0.00000     0.00000     0.00000     0.00000     0.00000     0.00000     0.00000     0.00000     0.00000     0.00000     0.00000     0.00000     0.00000     0.00000     0.00000
   -48.32770     0.00000     0.00000     0.00000     0.00000     0.00000     0.00000     0.00000     0.00000     0.00000     0.00000     0.00000     0.00000     0.00000     0.00000     0.00000     0.00000     0.00000
   -48.27470     0.00000     0.00000     0.00000     0.00000     0.00000     0.00000     0.00000     0.00000     0.00000     0.00000     0.00000     0.00000     0.00000     0.00000     0.00000     0.00000     0.00000
   -48.22070     0.00000     0.00000     0.00000     0.00000     0.00000     0.00000     0.00000     0.00000     0.00000     0.00000     0.00000     0.00000     0.00000     0.00000     0.00000     0.00000     0.00000
   -48.16770     0.00000     0.00000     0.00000     0.00000     0.00000     0.00000     0.00000     0.00000     0.00000     0.00000     0.00000     0.00000     0.00000     0.00000     0.00000     0.00000     0.00000
   -48.11470     0.00000     0.00000     0.00000     0.00000     0.00000     0.00000     0.00000     0.00000     0.00000     0.00000     0.00000     0.00000     0.00000     0.00000     0.00000     0.00000     0.00000
   -48.06070     0.00000     0.00000     0.00000     0.00000     0.00000     0.00000     0.00000     0.00000     0.00000     0.00000     0.00000     0.00000     0.00000     0.00000     0.00000     0.00000     0.00000
   -48.00770     0.00000     0.00000     0.00000     0.00000     0.00000     0.00000     0.00000     0.00000     0.00000     0.00000     0.00000     0.00000     0.00000     0.00000     0.00000     0.00000     0.00000
   -47.95470     0.00000     0.00000     0.00000     0.00000     0.00000     0.00000     0.00000     0.00000     0.00000     0.00000     0.00000     0.00000     0.00000     0.00000     0.00000     0.00000     0.00000
   -47.90070     0.00000     0.00000     0.00000     0.00000     0.00000     0.00000     0.00000     0.00000     0.00000     0.00000     0.00000     0.00000     0.00000     0.00000     0.00000     0.00000     0.00000
   -47.84770     0.00000     0.00000     0.00000     0.00000     0.00000     0.00000     0.00000     0.00000     0.00000     0.00000     0.00000     0.00000     0.00000     0.00000     0.00000     0.00000     0.00000
   -47.79470     0.00000     0.00000     0.00000     0.00000     0.00000     0.00000     0.00000     0.00000     0.00000     0.00000     0.00000     0.00000     0.00000     0.00000     0.00000     0.00000     0.00000
   -47.74070     0.00000     0.00000     0.00000     0.00000     0.00000     0.00000     0.00000     0.00000     0.00000     0.00000     0.00000     0.00000     0.00000     0.00000     0.00000     0.00000     0.00000
   -47.68770     0.00000     0.00000     0.00000     0.00000     0.00000     0.00000     0.00000     0.00000     0.00000     0.00000     0.00000     0.00000     0.00000     0.00000     0.00000     0.00000     0.00000
   -47.63470     0.00000     0.00000     0.00000     0.00000     0.00000     0.00000     0.00000     0.00000     0.00000     0.00000     0.00000     0.00000     0.00000     0.00000     0.00000     0.00000     0.00000
   -47.58070     0.00000     0.00000     0.00000     0.00000     0.00000     0.00000     0.00000     0.00000     0.00000     0.00000     0.00000     0.00000     0.00000     0.00000     0.00000     0.00000     0.00000
   -47.52770     0.00000     0.00000     0.00000     0.00000     0.00000     0.00000     0.00000     0.00000     0.00000     0.00000     0.00000     0.00000     0.00000     0.00000     0.00000     0.00000     0.00000
   -47.47470     0.00000     0.00000     0.00000     0.00000     0.00000     0.00000     0.00000     0.00000     0.00000     0.00000     0.00000     0.00000     0.00000     0.00000     0.00000     0.00000     0.00000
   -47.42070     0.00000     0.00000     0.00000     0.00000     0.00000     0.00000     0.00000     0.00000     0.00000     0.00000     0.00000     0.00000     0.00000     0.00000     0.00000     0.00000     0.00000
   -47.36770     0.00000     0.00000     0.00000     0.00000     0.00000     0.00000     0.00000     0.00000     0.00000     0.00000     0.00000     0.00000     0.00000     0.00000     0.00000     0.00000     0.00000
   -47.31470     0.00000     0.00000     0.00000     0.00000     0.00000     0.00000     0.00000     0.00000     0.00000     0.00000     0.00000     0.00000     0.00000     0.00000     0.00000     0.00000     0.00000
   -47.26070     0.00000     0.00000     0.00000     0.00000     0.00000     0.00000     0.00000     0.00000     0.00000     0.00000     0.00000     0.00000     0.00000     0.00000     0.00000     0.00000     0.00000
   -47.20770     0.00000     0.00000     0.00000     0.00000     0.00000     0.00000     0.00000     0.00000     0.00000     0.00000     0.00000     0.00000     0.00000     0.00000     0.00000     0.00000     0.00000
   -47.15470     0.00000     0.00000     0.00000     0.00000     0.00000     0.00000     0.00000     0.00000     0.00000     0.00000     0.00000     0.00000     0.00000     0.00000     0.00000     0.00000     0.00000
   -47.10070     0.00000     0.00000     0.00000     0.00000     0.00000     0.00000     0.00000     0.00000     0.00000     0.00000     0.00000     0.00000     0.00000     0.00000     0.00000     0.00000     0.00000
   -47.04770     0.00000     0.00000     0.00000     0.00000     0.00000     0.00000     0.00000     0.00000     0.00000     0.00000     0.00000     0.00000     0.00000     0.00000     0.00000     0.00000     0.00000
   -46.99370     0.00000     0.00000     0.00000     0.00000     0.00000     0.00000     0.00000     0.00000     0.00000     0.00000     0.00000     0.00000     0.00000     0.00000     0.00000     0.00000     0.00000
   -46.94070     0.00000     0.00000     0.00000     0.00000     0.00000     0.00000     0.00000     0.00000     0.00000     0.00000     0.00000     0.00000     0.00000     0.00000     0.00000     0.00000     0.00000
   -46.88770     0.00000     0.00000     0.00000     0.00000     0.00000     0.00000     0.00000     0.00000     0.00000     0.00000     0.00000     0.00000     0.00000     0.00000     0.00000     0.00000     0.00000
   -46.83370     0.00000     0.00000     0.00000     0.00000     0.00000     0.00000     0.00000     0.00000     0.00000     0.00000     0.00000     0.00000     0.00000     0.00000     0.00000     0.00000     0.00000
   -46.78070     0.00000     0.00000     0.00000     0.00000     0.00000     0.00000     0.00000     0.00000     0.00000     0.00000     0.00000     0.00000     0.00000     0.00000     0.00000     0.00000     0.00000
   -46.72770     0.00000     0.00000     0.00000     0.00000     0.00000     0.00000     0.00000     0.00000     0.00000     0.00000     0.00000     0.00000     0.00000     0.00000     0.00000     0.00000     0.00000
   -46.67370     0.00000     0.00000     0.00000     0.00000     0.00000     0.00000     0.00000     0.00000     0.00000     0.00000     0.00000     0.00000     0.00000     0.00000     0.00000     0.00000     0.00000
   -46.62070     0.00000     0.00000     0.00000     0.00000     0.00000     0.00000     0.00000     0.00000     0.00000     0.00000     0.00000     0.00000     0.00000     0.00000     0.00000     0.00000     0.00000
   -46.56770     0.00000     0.00000     0.00000     0.00000     0.00000     0.00000     0.00000     0.00000     0.00000     0.00000     0.00000     0.00000     0.00000     0.00000     0.00000     0.00000     0.00000
   -46.51370     0.00000     0.00000     0.00000     0.00000     0.00000     0.00000     0.00000     0.00000     0.00000     0.00000     0.00000     0.00000     0.00000     0.00000     0.00000     0.00000     0.00000
   -46.46070     0.00000     0.00000     0.00000     0.00000     0.00000     0.00000     0.00000     0.00000     0.00000     0.00000     0.00000     0.00000     0.00000     0.00000     0.00000     0.00000     0.00000
   -46.40770     0.00000     0.00000     0.00000     0.00000     0.00000     0.00000     0.00000     0.00000     0.00000     0.00000     0.00000     0.00000     0.00000     0.00000     0.00000     0.00000     0.00000
   -46.35370     0.00000     0.00000     0.00000     0.00000     0.00000     0.00000     0.00000     0.00000     0.00000     0.00000     0.00000     0.00000     0.00000     0.00000     0.00000     0.00000     0.00000
   -46.30070     0.00000     0.00000     0.00000     0.00000     0.00000     0.00000     0.00000     0.00000     0.00000     0.00000     0.00000     0.00000     0.00000     0.00000     0.00000     0.00000     0.00000
   -46.24770     0.00000     0.00000     0.00000     0.00000     0.00000     0.00000     0.00000     0.00000     0.00000     0.00000     0.00000     0.00000     0.00000     0.00000     0.00000     0.00000     0.00000
   -46.19370     0.00000     0.00000     0.00000     0.00000     0.00000     0.00000     0.00000     0.00000     0.00000     0.00000     0.00000     0.00000     0.00000     0.00000     0.00000     0.00000     0.00000
   -46.14070     0.00000     0.00000     0.00000     0.00000     0.00000     0.00000     0.00000     0.00000     0.00000     0.00000     0.00000     0.00000     0.00000     0.00000     0.00000     0.00000     0.00000
   -46.08770     0.00000     0.00000     0.00000     0.00000     0.00000     0.00000     0.00000     0.00000     0.00000     0.00000     0.00000     0.00000     0.00000     0.00000     0.00000     0.00000     0.00000
   -46.03370     0.00000     0.00000     0.00000     0.00000     0.00000     0.00000     0.00000     0.00000     0.00000     0.00000     0.00000     0.00000     0.00000     0.00000     0.00000     0.00000     0.00000
   -45.98070     0.00000     0.00000     0.00000     0.00000     0.00000     0.00000     0.00000     0.00000     0.00000     0.00000     0.00000     0.00000     0.00000     0.00000     0.00000     0.00000     0.00000
   -45.92770     0.00000     0.00000     0.00000     0.00000     0.00000     0.00000     0.00000     0.00000     0.00000     0.00000     0.00000     0.00000     0.00000     0.00000     0.00000     0.00000     0.00000
   -45.87370     0.00000     0.00000     0.00000     0.00000     0.00000     0.00000     0.00000     0.00000     0.00000     0.00000     0.00000     0.00000     0.00000     0.00000     0.00000     0.00000     0.00000
   -45.82070     0.00000     0.00000     0.00000     0.00000     0.00000     0.00000     0.00000     0.00000     0.00000     0.00000     0.00000     0.00000     0.00000     0.00000     0.00000     0.00000     0.00000
   -45.76770     0.00000     0.00000     0.00000     0.00000     0.00000     0.00000     0.00000     0.00000     0.00000     0.00000     0.00000     0.00000     0.00000     0.00000     0.00000     0.00000     0.00000
   -45.71370     0.00000     0.00000     0.00000     0.00000     0.00000     0.00000     0.00000     0.00000     0.00000     0.00000     0.00000     0.00000     0.00000     0.00000     0.00000     0.00000     0.00000
   -45.66070     0.00000     0.00000     0.00000     0.00000     0.00000     0.00000     0.00000     0.00000     0.00000     0.00000     0.00000     0.00000     0.00000     0.00000     0.00000     0.00000     0.00000
   -45.60770     0.00000     0.00000     0.00000     0.00000     0.00000     0.00000     0.00000     0.00000     0.00000     0.00000     0.00000     0.00000     0.00000     0.00000     0.00000     0.00000     0.00000
   -45.55370     0.00000     0.00000     0.00000     0.00000     0.00000     0.00000     0.00000     0.00000     0.00000     0.00000     0.00000     0.00000     0.00000     0.00000     0.00000     0.00000     0.00000
   -45.50070     0.00000     0.00000     0.00000     0.00000     0.00000     0.00000     0.00000     0.00000     0.00000     0.00000     0.00000     0.00000     0.00000     0.00000     0.00000     0.00000     0.00000
   -45.44770     0.00000     0.00000     0.00000     0.00000     0.00000     0.00000     0.00000     0.00000     0.00000     0.00000     0.00000     0.00000     0.00000     0.00000     0.00000     0.00000     0.00000
   -45.39370     0.00000     0.00000     0.00000     0.00000     0.00000     0.00000     0.00000     0.00000     0.00000     0.00000     0.00000     0.00000     0.00000     0.00000     0.00000     0.00000     0.00000
   -45.34070     0.00000     0.00000     0.00000     0.00000     0.00000     0.00000     0.00000     0.00000     0.00000     0.00000     0.00000     0.00000     0.00000     0.00000     0.00000     0.00000     0.00000
   -45.28770     0.00000     0.00000     0.00000     0.00000     0.00000     0.00000     0.00000     0.00000     0.00000     0.00000     0.00000     0.00000     0.00000     0.00000     0.00000     0.00000     0.00000
   -45.23370     0.00000     0.00000     0.00000     0.00000     0.00000     0.00000     0.00000     0.00000     0.00000     0.00000     0.00000     0.00000     0.00000     0.00000     0.00000     0.00000     0.00000
   -45.18070     0.00000     0.00000     0.00000     0.00000     0.00000     0.00000     0.00000     0.00000     0.00000     0.00000     0.00000     0.00000     0.00000     0.00000     0.00000     0.00000     0.00000
   -45.12770     0.00000     0.00000     0.00000     0.00000     0.00000     0.00000     0.00000     0.00000     0.00000     0.00000     0.00000     0.00000     0.00000     0.00000     0.00000     0.00000     0.00000
   -45.07370     0.00000     0.00000     0.00000     0.00000     0.00000     0.00000     0.00000     0.00000     0.00000     0.00000     0.00000     0.00000     0.00000     0.00000     0.00000     0.00000     0.00000
   -45.02070     0.00000     0.00000     0.00000     0.00000     0.00000     0.00000     0.00000     0.00000     0.00000     0.00000     0.00000     0.00000     0.00000     0.00000     0.00000     0.00000     0.00000
   -44.96770     0.00000     0.00000     0.00000     0.00000     0.00000     0.00000     0.00000     0.00000     0.00000     0.00000     0.00000     0.00000     0.00000     0.00000     0.00000     0.00000     0.00000
   -44.91370     0.00000     0.00000     0.00000     0.00000     0.00000     0.00000     0.00000     0.00000     0.00000     0.00000     0.00000     0.00000     0.00000     0.00000     0.00000     0.00000     0.00000
   -44.86070     0.00000     0.00000     0.00000     0.00000     0.00000     0.00000     0.00000     0.00000     0.00000     0.00000     0.00000     0.00000     0.00000     0.00000     0.00000     0.00000     0.00000
   -44.80770     0.00000     0.00000     0.00000     0.00000     0.00000     0.00000     0.00000     0.00000     0.00000     0.00000     0.00000     0.00000     0.00000     0.00000     0.00000     0.00000     0.00000
   -44.75370     0.00000     0.00000     0.00000     0.00000     0.00000     0.00000     0.00000     0.00000     0.00000     0.00000     0.00000     0.00000     0.00000     0.00000     0.00000     0.00000     0.00000
   -44.70070     0.00000     0.00000     0.00000     0.00000     0.00000     0.00000     0.00000     0.00000     0.00000     0.00000     0.00000     0.00000     0.00000     0.00000     0.00000     0.00000     0.00000
   -44.64770     0.00000     0.00000     0.00000     0.00000     0.00000     0.00000     0.00000     0.00000     0.00000     0.00000     0.00000     0.00000     0.00000     0.00000     0.00000     0.00000     0.00000
   -44.59370     0.00000     0.00000     0.00000     0.00000     0.00000     0.00000     0.00000     0.00000     0.00000     0.00000     0.00000     0.00000     0.00000     0.00000     0.00000     0.00000     0.00000
   -44.54070     0.00000     0.00000     0.00000     0.00000     0.00000     0.00000     0.00000     0.00000     0.00000     0.00000     0.00000     0.00000     0.00000     0.00000     0.00000     0.00000     0.00000
   -44.48770     0.00000     0.00000     0.00000     0.00000     0.00000     0.00000     0.00000     0.00000     0.00000     0.00000     0.00000     0.00000     0.00000     0.00000     0.00000     0.00000     0.00000
   -44.43370     0.00000     0.00000     0.00000     0.00000     0.00000     0.00000     0.00000     0.00000     0.00000     0.00000     0.00000     0.00000     0.00000     0.00000     0.00000     0.00000     0.00000
   -44.38070     0.00000     0.00000     0.00000     0.00000     0.00000     0.00000     0.00000     0.00000     0.00000     0.00000     0.00000     0.00000     0.00000     0.00000     0.00000     0.00000     0.00000
   -44.32770     0.00000     0.00000     0.00000     0.00000     0.00000     0.00000     0.00000     0.00000     0.00000     0.00000     0.00000     0.00000     0.00000     0.00000     0.00000     0.00000     0.00000
   -44.27370     0.00000     0.00000     0.00000     0.00000     0.00000     0.00000     0.00000     0.00000     0.00000     0.00000     0.00000     0.00000     0.00000     0.00000     0.00000     0.00000     0.00000
   -44.22070     0.00000     0.00000     0.00000     0.00000     0.00000     0.00000     0.00000     0.00000     0.00000     0.00000     0.00000     0.00000     0.00000     0.00000     0.00000     0.00000     0.00000
   -44.16670     0.00000     0.00000     0.00000     0.00000     0.00000     0.00000     0.00000     0.00000     0.00000     0.00000     0.00000     0.00000     0.00000     0.00000     0.00000     0.00000     0.00000
   -44.11370     0.00000     0.00000     0.00000     0.00000     0.00000     0.00000     0.00000     0.00000     0.00000     0.00000     0.00000     0.00000     0.00000     0.00000     0.00000     0.00000     0.00000
   -44.06070     0.00000     0.00000     0.00000     0.00000     0.00000     0.00000     0.00000     0.00000     0.00000     0.00000     0.00000     0.00000     0.00000     0.00000     0.00000     0.00000     0.00000
   -44.00670     0.00000     0.00000     0.00000     0.00000     0.00000     0.00000     0.00000     0.00000     0.00000     0.00000     0.00000     0.00000     0.00000     0.00000     0.00000     0.00000     0.00000
   -43.95370     0.00000     0.00000     0.00000     0.00000     0.00000     0.00000     0.00000     0.00000     0.00000     0.00000     0.00000     0.00000     0.00000     0.00000     0.00000     0.00000     0.00000
   -43.90070     0.00000     0.00000     0.00000     0.00000     0.00000     0.00000     0.00000     0.00000     0.00000     0.00000     0.00000     0.00000     0.00000     0.00000     0.00000     0.00000     0.00000
   -43.84670     0.00000     0.00000     0.00000     0.00000     0.00000     0.00000     0.00000     0.00000     0.00000     0.00000     0.00000     0.00000     0.00000     0.00000     0.00000     0.00000     0.00000
   -43.79370     0.00000     0.00000     0.00000     0.00000     0.00000     0.00000     0.00000     0.00000     0.00000     0.00000     0.00000     0.00000     0.00000     0.00000     0.00000     0.00000     0.00000
   -43.74070     0.00000     0.00000     0.00000     0.00000     0.00000     0.00000     0.00000     0.00000     0.00000     0.00000     0.00000     0.00000     0.00000     0.00000     0.00000     0.00000     0.00000
   -43.68670     0.00000     0.00000     0.00000     0.00000     0.00000     0.00000     0.00000     0.00000     0.00000     0.00000     0.00000     0.00000     0.00000     0.00000     0.00000     0.00000     0.00000
   -43.63370     0.00000     0.00000     0.00000     0.00000     0.00000     0.00000     0.00000     0.00000     0.00000     0.00000     0.00000     0.00000     0.00000     0.00000     0.00000     0.00000     0.00000
   -43.58070     0.00000     0.00000     0.00000     0.00000     0.00000     0.00000     0.00000     0.00000     0.00000     0.00000     0.00000     0.00000     0.00000     0.00000     0.00000     0.00000     0.00000
   -43.52670     0.00000     0.00000     0.00000     0.00000     0.00000     0.00000     0.00000     0.00000     0.00000     0.00000     0.00000     0.00000     0.00000     0.00000     0.00000     0.00000     0.00000
   -43.47370     0.00000     0.00000     0.00000     0.00000     0.00000     0.00000     0.00000     0.00000     0.00000     0.00000     0.00000     0.00000     0.00000     0.00000     0.00000     0.00000     0.00000
   -43.42070     0.00000     0.00000     0.00000     0.00000     0.00000     0.00000     0.00000     0.00000     0.00000     0.00000     0.00000     0.00000     0.00000     0.00000     0.00000     0.00000     0.00000
   -43.36670     0.00000     0.00000     0.00000     0.00000     0.00000     0.00000     0.00000     0.00000     0.00000     0.00000     0.00000     0.00000     0.00000     0.00000     0.00000     0.00000     0.00000
   -43.31370     0.00000     0.00000     0.00000     0.00000     0.00000     0.00000     0.00000     0.00000     0.00000     0.00000     0.00000     0.00000     0.00000     0.00000     0.00000     0.00000     0.00000
   -43.26070     0.00000     0.00000     0.00000     0.00000     0.00000     0.00000     0.00000     0.00000     0.00000     0.00000     0.00000     0.00000     0.00000     0.00000     0.00000     0.00000     0.00000
   -43.20670     0.00000     0.00000     0.00000     0.00000     0.00000     0.00000     0.00000     0.00000     0.00000     0.00000     0.00000     0.00000     0.00000     0.00000     0.00000     0.00000     0.00000
   -43.15370     0.00000     0.00000     0.00000     0.00000     0.00000     0.00000     0.00000     0.00000     0.00000     0.00000     0.00000     0.00000     0.00000     0.00000     0.00000     0.00000     0.00000
   -43.10070     0.00000     0.00000     0.00000     0.00000     0.00000     0.00000     0.00000     0.00000     0.00000     0.00000     0.00000     0.00000     0.00000     0.00000     0.00000     0.00000     0.00000
   -43.04670     0.00000     0.00000     0.00000     0.00000     0.00000     0.00000     0.00000     0.00000     0.00000     0.00000     0.00000     0.00000     0.00000     0.00000     0.00000     0.00000     0.00000
   -42.99370     0.00000     0.00000     0.00000     0.00000     0.00000     0.00000     0.00000     0.00000     0.00000     0.00000     0.00000     0.00000     0.00000     0.00000     0.00000     0.00000     0.00000
   -42.94070     0.00000     0.00000     0.00000     0.00000     0.00000     0.00000     0.00000     0.00000     0.00000     0.00000     0.00000     0.00000     0.00000     0.00000     0.00000     0.00000     0.00000
   -42.88670     0.00000     0.00000     0.00000     0.00000     0.00000     0.00000     0.00000     0.00000     0.00000     0.00000     0.00000     0.00000     0.00000     0.00000     0.00000     0.00000     0.00000
   -42.83370     0.00000     0.00000     0.00000     0.00000     0.00000     0.00000     0.00000     0.00000     0.00000     0.00000     0.00000     0.00000     0.00000     0.00000     0.00000     0.00000     0.00000
   -42.78070     0.00000     0.00000     0.00000     0.00000     0.00000     0.00000     0.00000     0.00000     0.00000     0.00000     0.00000     0.00000     0.00000     0.00000     0.00000     0.00000     0.00000
   -42.72670     0.00000     0.00000     0.00000     0.00000     0.00000     0.00000     0.00000     0.00000     0.00000     0.00000     0.00000     0.00000     0.00000     0.00000     0.00000     0.00000     0.00000
   -42.67370     0.00000     0.00000     0.00000     0.00000     0.00000     0.00000     0.00000     0.00000     0.00000     0.00000     0.00000     0.00000     0.00000     0.00000     0.00000     0.00000     0.00000
   -42.62070     0.00000     0.00000     0.00000     0.00000     0.00000     0.00000     0.00000     0.00000     0.00000     0.00000     0.00000     0.00000     0.00000     0.00000     0.00000     0.00000     0.00000
   -42.56670     0.00000     0.00000     0.00000     0.00000     0.00000     0.00000     0.00000     0.00000     0.00000     0.00000     0.00000     0.00000     0.00000     0.00000     0.00000     0.00000     0.00000
   -42.51370     0.00000     0.00000     0.00000     0.00000     0.00000     0.00000     0.00000     0.00000     0.00000     0.00000     0.00000     0.00000     0.00000     0.00000     0.00000     0.00000     0.00000
   -42.46070     0.00000     0.00000     0.00000     0.00000     0.00000     0.00000     0.00000     0.00000     0.00000     0.00000     0.00000     0.00000     0.00000     0.00000     0.00000     0.00000     0.00000
   -42.40670     0.00000     0.00000     0.00000     0.00000     0.00000     0.00000     0.00000     0.00000     0.00000     0.00000     0.00000     0.00000     0.00000     0.00000     0.00000     0.00000     0.00000
   -42.35370     0.00000     0.00000     0.00000     0.00000     0.00000     0.00000     0.00000     0.00000     0.00000     0.00000     0.00000     0.00000     0.00000     0.00000     0.00000     0.00000     0.00000
   -42.30070     0.00000     0.00000     0.00000     0.00000     0.00000     0.00000     0.00000     0.00000     0.00000     0.00000     0.00000     0.00000     0.00000     0.00000     0.00000     0.00000     0.00000
   -42.24670     0.00000     0.00000     0.00000     0.00000     0.00000     0.00000     0.00000     0.00000     0.00000     0.00000     0.00000     0.00000     0.00000     0.00000     0.00000     0.00000     0.00000
   -42.19370     0.00000     0.00000     0.00000     0.00000     0.00000     0.00000     0.00000     0.00000     0.00000     0.00000     0.00000     0.00000     0.00000     0.00000     0.00000     0.00000     0.00000
   -42.14070     0.00000     0.00000     0.00000     0.00000     0.00000     0.00000     0.00000     0.00000     0.00000     0.00000     0.00000     0.00000     0.00000     0.00000     0.00000     0.00000     0.00000
   -42.08670     0.00000     0.00000     0.00000     0.00000     0.00000     0.00000     0.00000     0.00000     0.00000     0.00000     0.00000     0.00000     0.00000     0.00000     0.00000     0.00000     0.00000
   -42.03370     0.00000     0.00000     0.00000     0.00000     0.00000     0.00000     0.00000     0.00000     0.00000     0.00000     0.00000     0.00000     0.00000     0.00000     0.00000     0.00000     0.00000
   -41.98070     0.00000     0.00000     0.00000     0.00000     0.00000     0.00000     0.00000     0.00000     0.00000     0.00000     0.00000     0.00000     0.00000     0.00000     0.00000     0.00000     0.00000
   -41.92670     0.00000     0.00000     0.00000     0.00000     0.00000     0.00000     0.00000     0.00000     0.00000     0.00000     0.00000     0.00000     0.00000     0.00000     0.00000     0.00000     0.00000
   -41.87370     0.00000     0.00000     0.00000     0.00000     0.00000     0.00000     0.00000     0.00000     0.00000     0.00000     0.00000     0.00000     0.00000     0.00000     0.00000     0.00000     0.00000
   -41.82070     0.00000     0.00000     0.00000     0.00000     0.00000     0.00000     0.00000     0.00000     0.00000     0.00000     0.00000     0.00000     0.00000     0.00000     0.00000     0.00000     0.00000
   -41.76670     0.00000     0.00000     0.00000     0.00000     0.00000     0.00000     0.00000     0.00000     0.00000     0.00000     0.00000     0.00000     0.00000     0.00000     0.00000     0.00000     0.00000
   -41.71370     0.00000     0.00000     0.00000     0.00000     0.00000     0.00000     0.00000     0.00000     0.00000     0.00000     0.00000     0.00000     0.00000     0.00000     0.00000     0.00000     0.00000
   -41.66070     0.00000     0.00000     0.00000     0.00000     0.00000     0.00000     0.00000     0.00000     0.00000     0.00000     0.00000     0.00000     0.00000     0.00000     0.00000     0.00000     0.00000
   -41.60670     0.00000     0.00000     0.00000     0.00000     0.00000     0.00000     0.00000     0.00000     0.00000     0.00000     0.00000     0.00000     0.00000     0.00000     0.00000     0.00000     0.00000
   -41.55370     0.00000     0.00000     0.00000     0.00000     0.00000     0.00000     0.00000     0.00000     0.00000     0.00000     0.00000     0.00000     0.00000     0.00000     0.00000     0.00000     0.00000
   -41.49970     0.00000     0.00000     0.00000     0.00000     0.00000     0.00000     0.00000     0.00000     0.00000     0.00000     0.00000     0.00000     0.00000     0.00000     0.00000     0.00000     0.00000
   -41.44670     0.00000     0.00000     0.00000     0.00000     0.00000     0.00000     0.00000     0.00000     0.00000     0.00000     0.00000     0.00000     0.00000     0.00000     0.00000     0.00000     0.00000
   -41.39370     0.00000     0.00000     0.00000     0.00000     0.00000     0.00000     0.00000     0.00000     0.00000     0.00000     0.00000     0.00000     0.00000     0.00000     0.00000     0.00000     0.00000
   -41.33970     0.00000     0.00000     0.00000     0.00000     0.00000     0.00000     0.00000     0.00000     0.00000     0.00000     0.00000     0.00000     0.00000     0.00000     0.00000     0.00000     0.00000
   -41.28670     0.00000     0.00000     0.00000     0.00000     0.00000     0.00000     0.00000     0.00000     0.00000     0.00000     0.00000     0.00000     0.00000     0.00000     0.00000     0.00000     0.00000
   -41.23370     0.00000     0.00000     0.00000     0.00000     0.00000     0.00000     0.00000     0.00000     0.00000     0.00000     0.00000     0.00000     0.00000     0.00000     0.00000     0.00000     0.00000
   -41.17970     0.00000     0.00000     0.00000     0.00000     0.00000     0.00000     0.00000     0.00000     0.00000     0.00000     0.00000     0.00000     0.00000     0.00000     0.00000     0.00000     0.00000
   -41.12670     0.00000     0.00000     0.00000     0.00000     0.00000     0.00000     0.00000     0.00000     0.00000     0.00000     0.00000     0.00000     0.00000     0.00000     0.00000     0.00000     0.00000
   -41.07370     0.00000     0.00000     0.00000     0.00000     0.00000     0.00000     0.00000     0.00000     0.00000     0.00000     0.00000     0.00000     0.00000     0.00000     0.00000     0.00000     0.00000
   -41.01970     0.00000     0.00000     0.00000     0.00000     0.00000     0.00000     0.00000     0.00000     0.00000     0.00000     0.00000     0.00000     0.00000     0.00000     0.00000     0.00000     0.00000
   -40.96670     0.00000     0.00000     0.00000     0.00000     0.00000     0.00000     0.00000     0.00000     0.00000     0.00000     0.00000     0.00000     0.00000     0.00000     0.00000     0.00000     0.00000
   -40.91370     0.00000     0.00000     0.00000     0.00000     0.00000     0.00000     0.00000     0.00000     0.00000     0.00000     0.00000     0.00000     0.00000     0.00000     0.00000     0.00000     0.00000
   -40.85970     0.00000     0.00000     0.00000     0.00000     0.00000     0.00000     0.00000     0.00000     0.00000     0.00000     0.00000     0.00000     0.00000     0.00000     0.00000     0.00000     0.00000
   -40.80670     0.00000     0.00000     0.00000     0.00000     0.00000     0.00000     0.00000     0.00000     0.00000     0.00000     0.00000     0.00000     0.00000     0.00000     0.00000     0.00000     0.00000
   -40.75370     0.00000     0.00000     0.00000     0.00000     0.00000     0.00000     0.00000     0.00000     0.00000     0.00000     0.00000     0.00000     0.00000     0.00000     0.00000     0.00000     0.00000
   -40.69970     0.00000     0.00000     0.00000     0.00000     0.00000     0.00000     0.00000     0.00000     0.00000     0.00000     0.00000     0.00000     0.00000     0.00000     0.00000     0.00000     0.00000
   -40.64670     0.00000     0.00000     0.00000     0.00000     0.00000     0.00000     0.00000     0.00000     0.00000     0.00000     0.00000     0.00000     0.00000     0.00000     0.00000     0.00000     0.00000
   -40.59370     0.00000     0.00000     0.00000     0.00000     0.00000     0.00000     0.00000     0.00000     0.00000     0.00000     0.00000     0.00000     0.00000     0.00000     0.00000     0.00000     0.00000
   -40.53970     0.00000     0.00000     0.00000     0.00000     0.00000     0.00000     0.00000     0.00000     0.00000     0.00000     0.00000     0.00000     0.00000     0.00000     0.00000     0.00000     0.00000
   -40.48670     0.00000     0.00000     0.00000     0.00000     0.00000     0.00000     0.00000     0.00000     0.00000     0.00000     0.00000     0.00000     0.00000     0.00000     0.00000     0.00000     0.00000
   -40.43370     0.00000     0.00000     0.00000     0.00000     0.00000     0.00000     0.00000     0.00000     0.00000     0.00000     0.00000     0.00000     0.00000     0.00000     0.00000     0.00000     0.00000
   -40.37970     0.00000     0.00000     0.00000     0.00000     0.00000     0.00000     0.00000     0.00000     0.00000     0.00000     0.00000     0.00000     0.00000     0.00000     0.00000     0.00000     0.00000
   -40.32670     0.00000     0.00000     0.00000     0.00000     0.00000     0.00000     0.00000     0.00000     0.00000     0.00000     0.00000     0.00000     0.00000     0.00000     0.00000     0.00000     0.00000
   -40.27370     0.00000     0.00000     0.00000     0.00000     0.00000     0.00000     0.00000     0.00000     0.00000     0.00000     0.00000     0.00000     0.00000     0.00000     0.00000     0.00000     0.00000
   -40.21970     0.00000     0.00000     0.00000     0.00000     0.00000     0.00000     0.00000     0.00000     0.00000     0.00000     0.00000     0.00000     0.00000     0.00000     0.00000     0.00000     0.00000
   -40.16670     0.00000     0.00000     0.00000     0.00000     0.00000     0.00000     0.00000     0.00000     0.00000     0.00000     0.00000     0.00000     0.00000     0.00000     0.00000     0.00000     0.00000
   -40.11370     0.00000     0.00000     0.00000     0.00000     0.00000     0.00000     0.00000     0.00000     0.00000     0.00000     0.00000     0.00000     0.00000     0.00000     0.00000     0.00000     0.00000
   -40.05970     0.00000     0.00000     0.00000     0.00000     0.00000     0.00000     0.00000     0.00000     0.00000     0.00000     0.00000     0.00000     0.00000     0.00000     0.00000     0.00000     0.00000
   -40.00670     0.00000     0.00000     0.00000     0.00000     0.00000     0.00000     0.00000     0.00000     0.00000     0.00000     0.00000     0.00000     0.00000     0.00000     0.00000     0.00000     0.00000
   -39.95370     0.00000     0.00000     0.00000     0.00000     0.00000     0.00000     0.00000     0.00000     0.00000     0.00000     0.00000     0.00000     0.00000     0.00000     0.00000     0.00000     0.00000
   -39.89970     0.00000     0.00000     0.00000     0.00000     0.00000     0.00000     0.00000     0.00000     0.00000     0.00000     0.00000     0.00000     0.00000     0.00000     0.00000     0.00000     0.00000
   -39.84670     0.00000     0.00000     0.00000     0.00000     0.00000     0.00000     0.00000     0.00000     0.00000     0.00000     0.00000     0.00000     0.00000     0.00000     0.00000     0.00000     0.00000
   -39.79370     0.00000     0.00000     0.00000     0.00000     0.00000     0.00000     0.00000     0.00000     0.00000     0.00000     0.00000     0.00000     0.00000     0.00000     0.00000     0.00000     0.00000
   -39.73970     0.00000     0.00000     0.00000     0.00000     0.00000     0.00000     0.00000     0.00000     0.00000     0.00000     0.00000     0.00000     0.00000     0.00000     0.00000     0.00000     0.00000
   -39.68670     0.00000     0.00000     0.00000     0.00000     0.00000     0.00000     0.00000     0.00000     0.00000     0.00000     0.00000     0.00000     0.00000     0.00000     0.00000     0.00000     0.00000
   -39.63370     0.00000     0.00000     0.00000     0.00000     0.00000     0.00000     0.00000     0.00000     0.00000     0.00000     0.00000     0.00000     0.00000     0.00000     0.00000     0.00000     0.00000
   -39.57970     0.00000     0.00000     0.00000     0.00000     0.00000     0.00000     0.00000     0.00000     0.00000     0.00000     0.00000     0.00000     0.00000     0.00000     0.00000     0.00000     0.00000
   -39.52670     0.00000     0.00000     0.00000     0.00000     0.00000     0.00000     0.00000     0.00000     0.00000     0.00000     0.00000     0.00000     0.00000     0.00000     0.00000     0.00000     0.00000
   -39.47370     0.00000     0.00000     0.00000     0.00000     0.00000     0.00000     0.00000     0.00000     0.00000     0.00000     0.00000     0.00000     0.00000     0.00000     0.00000     0.00000     0.00000
   -39.41970     0.00000     0.00000     0.00000     0.00000     0.00000     0.00000     0.00000     0.00000     0.00000     0.00000     0.00000     0.00000     0.00000     0.00000     0.00000     0.00000     0.00000
   -39.36670     0.00000     0.00000     0.00000     0.00000     0.00000     0.00000     0.00000     0.00000     0.00000     0.00000     0.00000     0.00000     0.00000     0.00000     0.00000     0.00000     0.00000
   -39.31370     0.00000     0.00000     0.00000     0.00000     0.00000     0.00000     0.00000     0.00000     0.00000     0.00000     0.00000     0.00000     0.00000     0.00000     0.00000     0.00000     0.00000
   -39.25970     0.00000     0.00000     0.00000     0.00000     0.00000     0.00000     0.00000     0.00000     0.00000     0.00000     0.00000     0.00000     0.00000     0.00000     0.00000     0.00000     0.00000
   -39.20670     0.00000     0.00000     0.00000     0.00000     0.00000     0.00000     0.00000     0.00000     0.00000     0.00000     0.00000     0.00000     0.00000     0.00000     0.00000     0.00000     0.00000
   -39.15370     0.00000     0.00000     0.00000     0.00000     0.00000     0.00000     0.00000     0.00000     0.00000     0.00000     0.00000     0.00000     0.00000     0.00000     0.00000     0.00000     0.00000
   -39.09970     0.00000     0.00000     0.00000     0.00000     0.00000     0.00000     0.00000     0.00000     0.00000     0.00000     0.00000     0.00000     0.00000     0.00000     0.00000     0.00000     0.00000
   -39.04670     0.00000     0.00000     0.00000     0.00000     0.00000     0.00000     0.00000     0.00000     0.00000     0.00000     0.00000     0.00000     0.00000     0.00000     0.00000     0.00000     0.00000
   -38.99370     0.00000     0.00000     0.00000     0.00000     0.00000     0.00000     0.00000     0.00000     0.00000     0.00000     0.00000     0.00000     0.00000     0.00000     0.00000     0.00000     0.00000
   -38.93970     0.00000     0.00000     0.00000     0.00000     0.00000     0.00000     0.00000     0.00000     0.00000     0.00000     0.00000     0.00000     0.00000     0.00000     0.00000     0.00000     0.00000
   -38.88670     0.00000     0.00000     0.00000     0.00000     0.00000     0.00000     0.00000     0.00000     0.00000     0.00000     0.00000     0.00000     0.00000     0.00000     0.00000     0.00000     0.00000
   -38.83270     0.00000     0.00000     0.00000     0.00000     0.00000     0.00000     0.00000     0.00000     0.00000     0.00000     0.00000     0.00000     0.00000     0.00000     0.00000     0.00000     0.00000
   -38.77970     0.00000     0.00000     0.00000     0.00000     0.00000     0.00000     0.00000     0.00000     0.00000     0.00000     0.00000     0.00000     0.00000     0.00000     0.00000     0.00000     0.00000
   -38.72670     0.00000     0.00000     0.00000     0.00000     0.00000     0.00000     0.00000     0.00000     0.00000     0.00000     0.00000     0.00000     0.00000     0.00000     0.00000     0.00000     0.00000
   -38.67270     0.00000     0.00000     0.00000     0.00000     0.00000     0.00000     0.00000     0.00000     0.00000     0.00000     0.00000     0.00000     0.00000     0.00000     0.00000     0.00000     0.00000
   -38.61970     0.00000     0.00000     0.00000     0.00000     0.00000     0.00000     0.00000     0.00000     0.00000     0.00000     0.00000     0.00000     0.00000     0.00000     0.00000     0.00000     0.00000
   -38.56670     0.00000     0.00000     0.00000     0.00000     0.00000     0.00000     0.00000     0.00000     0.00000     0.00000     0.00000     0.00000     0.00000     0.00000     0.00000     0.00000     0.00000
   -38.51270     0.00000     0.00000     0.00000     0.00000     0.00000     0.00000     0.00000     0.00000     0.00000     0.00000     0.00000     0.00000     0.00000     0.00000     0.00000     0.00000     0.00000
   -38.45970     0.00000     0.00000     0.00000     0.00000     0.00000     0.00000     0.00000     0.00000     0.00000     0.00000     0.00000     0.00000     0.00000     0.00000     0.00000     0.00000     0.00000
   -38.40670     0.00000     0.00000     0.00000     0.00000     0.00000     0.00000     0.00000     0.00000     0.00000     0.00000     0.00000     0.00000     0.00000     0.00000     0.00000     0.00000     0.00000
   -38.35270     0.00000     0.00000     0.00000     0.00000     0.00000     0.00000     0.00000     0.00000     0.00000     0.00000     0.00000     0.00000     0.00000     0.00000     0.00000     0.00000     0.00000
   -38.29970     0.00000     0.00000     0.00000     0.00000     0.00000     0.00000     0.00000     0.00000     0.00000     0.00000     0.00000     0.00000     0.00000     0.00000     0.00000     0.00000     0.00000
   -38.24670     0.00000     0.00000     0.00000     0.00000     0.00000     0.00000     0.00000     0.00000     0.00000     0.00000     0.00000     0.00000     0.00000     0.00000     0.00000     0.00000     0.00000
   -38.19270     0.00000     0.00000     0.00000     0.00000     0.00000     0.00000     0.00000     0.00000     0.00000     0.00000     0.00000     0.00000     0.00000     0.00000     0.00000     0.00000     0.00000
   -38.13970     0.00000     0.00000     0.00000     0.00000     0.00000     0.00000     0.00000     0.00000     0.00000     0.00000     0.00000     0.00000     0.00000     0.00000     0.00000     0.00000     0.00000
   -38.08670     0.00000     0.00000     0.00000     0.00000     0.00000     0.00000     0.00000     0.00000     0.00000     0.00000     0.00000     0.00000     0.00000     0.00000     0.00000     0.00000     0.00000
   -38.03270     0.00000     0.00000     0.00000     0.00000     0.00000     0.00000     0.00000     0.00000     0.00000     0.00000     0.00000     0.00000     0.00000     0.00000     0.00000     0.00000     0.00000
   -37.97970     0.00000     0.00000     0.00000     0.00000     0.00000     0.00000     0.00000     0.00000     0.00000     0.00000     0.00000     0.00000     0.00000     0.00000     0.00000     0.00000     0.00000
   -37.92670     0.00000     0.00000     0.00000     0.00000     0.00000     0.00000     0.00000     0.00000     0.00000     0.00000     0.00000     0.00000     0.00000     0.00000     0.00000     0.00000     0.00000
   -37.87270     0.00000     0.00000     0.00000     0.00000     0.00000     0.00000     0.00000     0.00000     0.00000     0.00000     0.00000     0.00000     0.00000     0.00000     0.00000     0.00000     0.00000
   -37.81970     0.00000     0.00000     0.00000     0.00000     0.00000     0.00000     0.00000     0.00000     0.00000     0.00000     0.00000     0.00000     0.00000     0.00000     0.00000     0.00000     0.00000
   -37.76670     0.00000     0.00000     0.00000     0.00000     0.00000     0.00000     0.00000     0.00000     0.00000     0.00000     0.00000     0.00000     0.00000     0.00000     0.00000     0.00000     0.00000
   -37.71270     0.00000     0.00000     0.00000     0.00000     0.00000     0.00000     0.00000     0.00000     0.00000     0.00000     0.00000     0.00000     0.00000     0.00000     0.00000     0.00000     0.00000
   -37.65970     0.00000     0.00000     0.00000     0.00000     0.00000     0.00000     0.00000     0.00000     0.00000     0.00000     0.00000     0.00000     0.00000     0.00000     0.00000     0.00000     0.00000
   -37.60670     0.00000     0.00000     0.00000     0.00000     0.00000     0.00000     0.00000     0.00000     0.00000     0.00000     0.00000     0.00000     0.00000     0.00000     0.00000     0.00000     0.00000
   -37.55270     0.00000     0.00000     0.00000     0.00000     0.00000     0.00000     0.00000     0.00000     0.00000     0.00000     0.00000     0.00000     0.00000     0.00000     0.00000     0.00000     0.00000
   -37.49970     0.00000     0.00000     0.00000     0.00000     0.00000     0.00000     0.00000     0.00000     0.00000     0.00000     0.00000     0.00000     0.00000     0.00000     0.00000     0.00000     0.00000
   -37.44670     0.00000     0.00000     0.00000     0.00000     0.00000     0.00000     0.00000     0.00000     0.00000     0.00000     0.00000     0.00000     0.00000     0.00000     0.00000     0.00000     0.00000
   -37.39270     0.00000     0.00000     0.00000     0.00000     0.00000     0.00000     0.00000     0.00000     0.00000     0.00000     0.00000     0.00000     0.00000     0.00000     0.00000     0.00000     0.00000
   -37.33970     0.00000     0.00000     0.00000     0.00000     0.00000     0.00000     0.00000     0.00000     0.00000     0.00000     0.00000     0.00000     0.00000     0.00000     0.00000     0.00000     0.00000
   -37.28670     0.00000     0.00000     0.00000     0.00000     0.00000     0.00000     0.00000     0.00000     0.00000     0.00000     0.00000     0.00000     0.00000     0.00000     0.00000     0.00000     0.00000
   -37.23270     0.00000     0.00000     0.00000     0.00000     0.00000     0.00000     0.00000     0.00000     0.00000     0.00000     0.00000     0.00000     0.00000     0.00000     0.00000     0.00000     0.00000
   -37.17970     0.00000     0.00000     0.00000     0.00000     0.00000     0.00000     0.00000     0.00000     0.00000     0.00000     0.00000     0.00000     0.00000     0.00000     0.00000     0.00000     0.00000
   -37.12670     0.00000     0.00000     0.00000     0.00000     0.00000     0.00000     0.00000     0.00000     0.00000     0.00000     0.00000     0.00000     0.00000     0.00000     0.00000     0.00000     0.00000
   -37.07270     0.00000     0.00000     0.00000     0.00000     0.00000     0.00000     0.00000     0.00000     0.00000     0.00000     0.00000     0.00000     0.00000     0.00000     0.00000     0.00000     0.00000
   -37.01970     0.00000     0.00000     0.00000     0.00000     0.00000     0.00000     0.00000     0.00000     0.00000     0.00000     0.00000     0.00000     0.00000     0.00000     0.00000     0.00000     0.00000
   -36.96670     0.00000     0.00000     0.00000     0.00000     0.00000     0.00000     0.00000     0.00000     0.00000     0.00000     0.00000     0.00000     0.00000     0.00000     0.00000     0.00000     0.00000
   -36.91270     0.00000     0.00000     0.00000     0.00000     0.00000     0.00000     0.00000     0.00000     0.00000     0.00000     0.00000     0.00000     0.00000     0.00000     0.00000     0.00000     0.00000
   -36.85970     0.00000     0.00000     0.00000     0.00000     0.00000     0.00000     0.00000     0.00000     0.00000     0.00000     0.00000     0.00000     0.00000     0.00000     0.00000     0.00000     0.00000
   -36.80670     0.00000     0.00000     0.00000     0.00000     0.00000     0.00000     0.00000     0.00000     0.00000     0.00000     0.00000     0.00000     0.00000     0.00000     0.00000     0.00000     0.00000
   -36.75270     0.00000     0.00000     0.00000     0.00000     0.00000     0.00000     0.00000     0.00000     0.00000     0.00000     0.00000     0.00000     0.00000     0.00000     0.00000     0.00000     0.00000
   -36.69970     0.00000     0.00000     0.00000     0.00000     0.00000     0.00000     0.00000     0.00000     0.00000     0.00000     0.00000     0.00000     0.00000     0.00000     0.00000     0.00000     0.00000
   -36.64670     0.00000     0.00000     0.00000     0.00000     0.00000     0.00000     0.00000     0.00000     0.00000     0.00000     0.00000     0.00000     0.00000     0.00000     0.00000     0.00000     0.00000
   -36.59270     0.00000     0.00000     0.00000     0.00000     0.00000     0.00000     0.00000     0.00000     0.00000     0.00000     0.00000     0.00000     0.00000     0.00000     0.00000     0.00000     0.00000
   -36.53970     0.00000     0.00000     0.00000     0.00000     0.00000     0.00000     0.00000     0.00000     0.00000     0.00000     0.00000     0.00000     0.00000     0.00000     0.00000     0.00000     0.00000
   -36.48670     0.00000     0.00000     0.00000     0.00000     0.00000     0.00000     0.00000     0.00000     0.00000     0.00000     0.00000     0.00000     0.00000     0.00000     0.00000     0.00000     0.00000
   -36.43270     0.00000     0.00000     0.00000     0.00000     0.00000     0.00000     0.00000     0.00000     0.00000     0.00000     0.00000     0.00000     0.00000     0.00000     0.00000     0.00000     0.00000
   -36.37970     0.00000     0.00000     0.00000     0.00000     0.00000     0.00000     0.00000     0.00000     0.00000     0.00000     0.00000     0.00000     0.00000     0.00000     0.00000     0.00000     0.00000
   -36.32670     0.00000     0.00000     0.00000     0.00000     0.00000     0.00000     0.00000     0.00000     0.00000     0.00000     0.00000     0.00000     0.00000     0.00000     0.00000     0.00000     0.00000
   -36.27270     0.00000     0.00000     0.00000     0.00000     0.00000     0.00000     0.00000     0.00000     0.00000     0.00000     0.00000     0.00000     0.00000     0.00000     0.00000     0.00000     0.00000
   -36.21970     0.00000     0.00000     0.00000     0.00000     0.00000     0.00000     0.00000     0.00000     0.00000     0.00000     0.00000     0.00000     0.00000     0.00000     0.00000     0.00000     0.00000
   -36.16570     0.00000     0.00000     0.00000     0.00000     0.00000     0.00000     0.00000     0.00000     0.00000     0.00000     0.00000     0.00000     0.00000     0.00000     0.00000     0.00000     0.00000
   -36.11270     0.00000     0.00000     0.00000     0.00000     0.00000     0.00000     0.00000     0.00000     0.00000     0.00000     0.00000     0.00000     0.00000     0.00000     0.00000     0.00000     0.00000
   -36.05970     0.00000     0.00000     0.00000     0.00000     0.00000     0.00000     0.00000     0.00000     0.00000     0.00000     0.00000     0.00000     0.00000     0.00000     0.00000     0.00000     0.00000
   -36.00570     0.00000     0.00000     0.00000     0.00000     0.00000     0.00000     0.00000     0.00000     0.00000     0.00000     0.00000     0.00000     0.00000     0.00000     0.00000     0.00000     0.00000
   -35.95270     0.00000     0.00000     0.00000     0.00000     0.00000     0.00000     0.00000     0.00000     0.00000     0.00000     0.00000     0.00000     0.00000     0.00000     0.00000     0.00000     0.00000
   -35.89970     0.00000     0.00000     0.00000     0.00000     0.00000     0.00000     0.00000     0.00000     0.00000     0.00000     0.00000     0.00000     0.00000     0.00000     0.00000     0.00000     0.00000
   -35.84570     0.00000     0.00000     0.00000     0.00000     0.00000     0.00000     0.00000     0.00000     0.00000     0.00000     0.00000     0.00000     0.00000     0.00000     0.00000     0.00000     0.00000
   -35.79270     0.00000     0.00000     0.00000     0.00000     0.00000     0.00000     0.00000     0.00000     0.00000     0.00000     0.00000     0.00000     0.00000     0.00000     0.00000     0.00000     0.00000
   -35.73970     0.00000     0.00000     0.00000     0.00000     0.00000     0.00000     0.00000     0.00000     0.00000     0.00000     0.00000     0.00000     0.00000     0.00000     0.00000     0.00000     0.00000
   -35.68570     0.00000     0.00000     0.00000     0.00000     0.00000     0.00000     0.00000     0.00000     0.00000     0.00000     0.00000     0.00000     0.00000     0.00000     0.00000     0.00000     0.00000
   -35.63270     0.00000     0.00000     0.00000     0.00000     0.00000     0.00000     0.00000     0.00000     0.00000     0.00000     0.00000     0.00000     0.00000     0.00000     0.00000     0.00000     0.00000
   -35.57970     0.00000     0.00000     0.00000     0.00000     0.00000     0.00000     0.00000     0.00000     0.00000     0.00000     0.00000     0.00000     0.00000     0.00000     0.00000     0.00000     0.00000
   -35.52570     0.00000     0.00000     0.00000     0.00000     0.00000     0.00000     0.00000     0.00000     0.00000     0.00000     0.00000     0.00000     0.00000     0.00000     0.00000     0.00000     0.00000
   -35.47270     0.00000     0.00000     0.00000     0.00000     0.00000     0.00000     0.00000     0.00000     0.00000     0.00000     0.00000     0.00000     0.00000     0.00000     0.00000     0.00000     0.00000
   -35.41970     0.00000     0.00000     0.00000     0.00000     0.00000     0.00000     0.00000     0.00000     0.00000     0.00000     0.00000     0.00000     0.00000     0.00000     0.00000     0.00000     0.00000
   -35.36570     0.00000     0.00000     0.00000     0.00000     0.00000     0.00000     0.00000     0.00000     0.00000     0.00000     0.00000     0.00000     0.00000     0.00000     0.00000     0.00000     0.00000
   -35.31270     0.00000     0.00000     0.00000     0.00000     0.00000     0.00000     0.00000     0.00000     0.00000     0.00000     0.00000     0.00000     0.00000     0.00000     0.00000     0.00000     0.00000
   -35.25970     0.00000     0.00000     0.00000     0.00000     0.00000     0.00000     0.00000     0.00000     0.00000     0.00000     0.00000     0.00000     0.00000     0.00000     0.00000     0.00000     0.00000
   -35.20570     0.00000     0.00000     0.00000     0.00000     0.00000     0.00000     0.00000     0.00000     0.00000     0.00000     0.00000     0.00000     0.00000     0.00000     0.00000     0.00000     0.00000
   -35.15270     0.00000     0.00000     0.00000     0.00000     0.00000     0.00000     0.00000     0.00000     0.00000     0.00000     0.00000     0.00000     0.00000     0.00000     0.00000     0.00000     0.00000
   -35.09970     0.00000     0.00000     0.00000     0.00000     0.00000     0.00000     0.00000     0.00000     0.00000     0.00000     0.00000     0.00000     0.00000     0.00000     0.00000     0.00000     0.00000
   -35.04570     0.00000     0.00000     0.00000     0.00000     0.00000     0.00000     0.00000     0.00000     0.00000     0.00000     0.00000     0.00000     0.00000     0.00000     0.00000     0.00000     0.00000
   -34.99270     0.00000     0.00000     0.00000     0.00000     0.00000     0.00000     0.00000     0.00000     0.00000     0.00000     0.00000     0.00000     0.00000     0.00000     0.00000     0.00000     0.00000
   -34.93970     0.00000     0.00000     0.00000     0.00000     0.00000     0.00000     0.00000     0.00000     0.00000     0.00000     0.00000     0.00000     0.00000     0.00000     0.00000     0.00000     0.00000
   -34.88570     0.00000     0.00000     0.00000     0.00000     0.00000     0.00000     0.00000     0.00000     0.00000     0.00000     0.00000     0.00000     0.00000     0.00000     0.00000     0.00000     0.00000
   -34.83270     0.00000     0.00000     0.00000     0.00000     0.00000     0.00000     0.00000     0.00000     0.00000     0.00000     0.00000     0.00000     0.00000     0.00000     0.00000     0.00000     0.00000
   -34.77970     0.00000     0.00000     0.00000     0.00000     0.00000     0.00000     0.00000     0.00000     0.00000     0.00000     0.00000     0.00000     0.00000     0.00000     0.00000     0.00000     0.00000
   -34.72570     0.00000     0.00000     0.00000     0.00000     0.00000     0.00000     0.00000     0.00000     0.00000     0.00000     0.00000     0.00000     0.00000     0.00000     0.00000     0.00000     0.00000
   -34.67270     0.00000     0.00000     0.00000     0.00000     0.00000     0.00000     0.00000     0.00000     0.00000     0.00000     0.00000     0.00000     0.00000     0.00000     0.00000     0.00000     0.00000
   -34.61970     0.00000     0.00000     0.00000     0.00000     0.00000     0.00000     0.00000     0.00000     0.00000     0.00000     0.00000     0.00000     0.00000     0.00000     0.00000     0.00000     0.00000
   -34.56570     0.00000     0.00000     0.00000     0.00000     0.00000     0.00000     0.00000     0.00000     0.00000     0.00000     0.00000     0.00000     0.00000     0.00000     0.00000     0.00000     0.00000
   -34.51270     0.00000     0.00000     0.00000     0.00000     0.00000     0.00000     0.00000     0.00000     0.00000     0.00000     0.00000     0.00000     0.00000     0.00000     0.00000     0.00000     0.00000
   -34.45970     0.00000     0.00000     0.00000     0.00000     0.00000     0.00000     0.00000     0.00000     0.00000     0.00000     0.00000     0.00000     0.00000     0.00000     0.00000     0.00000     0.00000
   -34.40570     0.00000     0.00000     0.00000     0.00000     0.00000     0.00000     0.00000     0.00000     0.00000     0.00000     0.00000     0.00000     0.00000     0.00000     0.00000     0.00000     0.00000
   -34.35270     0.00000     0.00000     0.00000     0.00000     0.00000     0.00000     0.00000     0.00000     0.00000     0.00000     0.00000     0.00000     0.00000     0.00000     0.00000     0.00000     0.00000
   -34.29970     0.00000     0.00000     0.00000     0.00000     0.00000     0.00000     0.00000     0.00000     0.00000     0.00000     0.00000     0.00000     0.00000     0.00000     0.00000     0.00000     0.00000
   -34.24570     0.01287     0.03511     0.00162     0.02029     0.00022     0.00216     0.00023     0.00200     0.00058     0.00000     0.00000     0.00000     0.00000     0.00000     0.00000     0.00000     0.07508
   -34.19270     0.21820     0.02669     0.02069     0.03192     0.00401     0.00656     0.00277     0.00749     0.00134     0.00000     0.00000     0.00000     0.00000     0.00000     0.00000     0.00000     0.31968
   -34.13970     0.00000     0.00000     0.00000     0.00000     0.00000     0.00000     0.00000     0.00000     0.00000     0.00000     0.00000     0.00000     0.00000     0.00000     0.00000     0.00000     0.00000
   -34.08570     0.00000     0.00000     0.00000     0.00000     0.00000     0.00000     0.00000     0.00000     0.00000     0.00000     0.00000     0.00000     0.00000     0.00000     0.00000     0.00000     0.00000
   -34.03270     0.00000     0.00000     0.00000     0.00000     0.00000     0.00000     0.00000     0.00000     0.00000     0.00000     0.00000     0.00000     0.00000     0.00000     0.00000     0.00000     0.00000
   -33.97970     0.00000     0.00000     0.00000     0.00000     0.00000     0.00000     0.00000     0.00000     0.00000     0.00000     0.00000     0.00000     0.00000     0.00000     0.00000     0.00000     0.00000
   -33.92570     0.00000     0.00000     0.00000     0.00000     0.00000     0.00000     0.00000     0.00000     0.00000     0.00000     0.00000     0.00000     0.00000     0.00000     0.00000     0.00000     0.00000
   -33.87270     0.00000     0.00000     0.00000     0.00000     0.00000     0.00000     0.00000     0.00000     0.00000     0.00000     0.00000     0.00000     0.00000     0.00000     0.00000     0.00000     0.00000
   -33.81970     0.00000     0.00000     0.00000     0.00000     0.00000     0.00000     0.00000     0.00000     0.00000     0.00000     0.00000     0.00000     0.00000     0.00000     0.00000     0.00000     0.00000
   -33.76570     0.00000     0.00000     0.00000     0.00000     0.00000     0.00000     0.00000     0.00000     0.00000     0.00000     0.00000     0.00000     0.00000     0.00000     0.00000     0.00000     0.00000
   -33.71270     0.00000     0.00000     0.00000     0.00000     0.00000     0.00000     0.00000     0.00000     0.00000     0.00000     0.00000     0.00000     0.00000     0.00000     0.00000     0.00000     0.00000
   -33.65970     0.00000     0.00000     0.00000     0.00000     0.00000     0.00000     0.00000     0.00000     0.00000     0.00000     0.00000     0.00000     0.00000     0.00000     0.00000     0.00000     0.00000
   -33.60570     0.00000     0.00000     0.00000     0.00000     0.00000     0.00000     0.00000     0.00000     0.00000     0.00000     0.00000     0.00000     0.00000     0.00000     0.00000     0.00000     0.00000
   -33.55270     0.00000     0.00000     0.00000     0.00000     0.00000     0.00000     0.00000     0.00000     0.00000     0.00000     0.00000     0.00000     0.00000     0.00000     0.00000     0.00000     0.00000
   -33.49970     0.00000     0.00000     0.00000     0.00000     0.00000     0.00000     0.00000     0.00000     0.00000     0.00000     0.00000     0.00000     0.00000     0.00000     0.00000     0.00000     0.00000
   -33.44570     0.00000     0.00000     0.00000     0.00000     0.00000     0.00000     0.00000     0.00000     0.00000     0.00000     0.00000     0.00000     0.00000     0.00000     0.00000     0.00000     0.00000
   -33.39270     0.00000     0.00000     0.00000     0.00000     0.00000     0.00000     0.00000     0.00000     0.00000     0.00000     0.00000     0.00000     0.00000     0.00000     0.00000     0.00000     0.00000
   -33.33870     0.00000     0.00000     0.00000     0.00000     0.00000     0.00000     0.00000     0.00000     0.00000     0.00000     0.00000     0.00000     0.00000     0.00000     0.00000     0.00000     0.00000
   -33.28570     0.00000     0.00000     0.00000     0.00000     0.00000     0.00000     0.00000     0.00000     0.00000     0.00000     0.00000     0.00000     0.00000     0.00000     0.00000     0.00000     0.00000
   -33.23270     0.00000     0.00000     0.00000     0.00000     0.00000     0.00000     0.00000     0.00000     0.00000     0.00000     0.00000     0.00000     0.00000     0.00000     0.00000     0.00000     0.00000
   -33.17870     0.00000     0.00000     0.00000     0.00000     0.00000     0.00000     0.00000     0.00000     0.00000     0.00000     0.00000     0.00000     0.00000     0.00000     0.00000     0.00000     0.00000
   -33.12570     0.00000     0.00000     0.00000     0.00000     0.00000     0.00000     0.00000     0.00000     0.00000     0.00000     0.00000     0.00000     0.00000     0.00000     0.00000     0.00000     0.00000
   -33.07270     0.00000     0.00000     0.00000     0.00000     0.00000     0.00000     0.00000     0.00000     0.00000     0.00000     0.00000     0.00000     0.00000     0.00000     0.00000     0.00000     0.00000
   -33.01870     0.00000     0.00000     0.00000     0.00000     0.00000     0.00000     0.00000     0.00000     0.00000     0.00000     0.00000     0.00000     0.00000     0.00000     0.00000     0.00000     0.00000
   -32.96570     0.00000     0.00000     0.00000     0.00000     0.00000     0.00000     0.00000     0.00000     0.00000     0.00000     0.00000     0.00000     0.00000     0.00000     0.00000     0.00000     0.00000
   -32.91270     0.00000     0.00000     0.00000     0.00000     0.00000     0.00000     0.00000     0.00000     0.00000     0.00000     0.00000     0.00000     0.00000     0.00000     0.00000     0.00000     0.00000
   -32.85870     0.00000     0.00000     0.00000     0.00000     0.00000     0.00000     0.00000     0.00000     0.00000     0.00000     0.00000     0.00000     0.00000     0.00000     0.00000     0.00000     0.00000
   -32.80570     0.00000     0.00000     0.00000     0.00000     0.00000     0.00000     0.00000     0.00000     0.00000     0.00000     0.00000     0.00000     0.00000     0.00000     0.00000     0.00000     0.00000
   -32.75270     0.00000     0.00000     0.00000     0.00000     0.00000     0.00000     0.00000     0.00000     0.00000     0.00000     0.00000     0.00000     0.00000     0.00000     0.00000     0.00000     0.00000
   -32.69870     0.00000     0.00000     0.00000     0.00000     0.00000     0.00000     0.00000     0.00000     0.00000     0.00000     0.00000     0.00000     0.00000     0.00000     0.00000     0.00000     0.00000
   -32.64570     0.00000     0.00000     0.00000     0.00000     0.00000     0.00000     0.00000     0.00000     0.00000     0.00000     0.00000     0.00000     0.00000     0.00000     0.00000     0.00000     0.00000
   -32.59270     0.00000     0.00000     0.00000     0.00000     0.00000     0.00000     0.00000     0.00000     0.00000     0.00000     0.00000     0.00000     0.00000     0.00000     0.00000     0.00000     0.00000
   -32.53870     0.00000     0.00000     0.00000     0.00000     0.00000     0.00000     0.00000     0.00000     0.00000     0.00000     0.00000     0.00000     0.00000     0.00000     0.00000     0.00000     0.00000
   -32.48570     0.00000     0.00000     0.00000     0.00000     0.00000     0.00000     0.00000     0.00000     0.00000     0.00000     0.00000     0.00000     0.00000     0.00000     0.00000     0.00000     0.00000
   -32.43270     0.00000     0.00000     0.00000     0.00000     0.00000     0.00000     0.00000     0.00000     0.00000     0.00000     0.00000     0.00000     0.00000     0.00000     0.00000     0.00000     0.00000
   -32.37870     0.00000     0.00000     0.00000     0.00000     0.00000     0.00000     0.00000     0.00000     0.00000     0.00000     0.00000     0.00000     0.00000     0.00000     0.00000     0.00000     0.00000
   -32.32570     0.00000     0.00000     0.00000     0.00000     0.00000     0.00000     0.00000     0.00000     0.00000     0.00000     0.00000     0.00000     0.00000     0.00000     0.00000     0.00000     0.00000
   -32.27270     0.00000     0.00000     0.00000     0.00000     0.00000     0.00000     0.00000     0.00000     0.00000     0.00000     0.00000     0.00000     0.00000     0.00000     0.00000     0.00000     0.00000
   -32.21870     0.00000     0.00000     0.00004     0.00005     0.00000     0.00000     0.00000     0.00000     0.00000     0.00000     0.00000     0.00000     0.00000     0.00000     0.00000     0.00000     0.00009
   -32.16570     0.01658     0.00052     0.02539     0.03083     0.00080     0.00159     0.00006     0.00067     0.00015     0.00000     0.00000     0.00000     0.00000     0.00000     0.00000     0.00000     0.07659
   -32.11270     0.10810     0.01162     0.03769     0.04154     0.00093     0.00216     0.00018     0.00212     0.00021     0.00000     0.00000     0.00000     0.00000     0.00000     0.00000     0.00000     0.20454
   -32.05870     0.06025     0.08117     0.02002     0.04213     0.00353     0.00975     0.00120     0.01180     0.00326     0.00000     0.00000     0.00000     0.00000     0.00000     0.00000     0.00000     0.23311
   -32.00570     0.06077     0.05605     0.02453     0.02800     0.01133     0.00614     0.00371     0.00787     0.00090     0.00000     0.00000     0.00000     0.00000     0.00000     0.00000     0.00000     0.19931
   -31.95270     0.03815     0.01509     0.00185     0.00292     0.00143     0.00028     0.00225     0.00173     0.00001     0.00000     0.00000     0.00000     0.00000     0.00000     0.00000     0.00000     0.06371
   -31.89870     0.02313     0.00152     0.00017     0.00036     0.00017     0.00004     0.00102     0.00019     0.00000     0.00000     0.00000     0.00000     0.00000     0.00000     0.00000     0.00000     0.02660
   -31.84570     0.00000     0.00000     0.00000     0.00000     0.00000     0.00000     0.00000     0.00000     0.00000     0.00000     0.00000     0.00000     0.00000     0.00000     0.00000     0.00000     0.00000
   -31.79270     0.00000     0.00000     0.00000     0.00000     0.00000     0.00000     0.00000     0.00000     0.00000     0.00000     0.00000     0.00000     0.00000     0.00000     0.00000     0.00000     0.00000
   -31.73870     0.00000     0.00000     0.00000     0.00000     0.00000     0.00000     0.00000     0.00000     0.00000     0.00000     0.00000     0.00000     0.00000     0.00000     0.00000     0.00000     0.00000
   -31.68570     0.00000     0.00000     0.00000     0.00000     0.00000     0.00000     0.00000     0.00000     0.00000     0.00000     0.00000     0.00000     0.00000     0.00000     0.00000     0.00000     0.00000
   -31.63270     0.00000     0.00000     0.00000     0.00000     0.00000     0.00000     0.00000     0.00000     0.00000     0.00000     0.00000     0.00000     0.00000     0.00000     0.00000     0.00000     0.00000
   -31.57870     0.00000     0.00000     0.00000     0.00000     0.00000     0.00000     0.00000     0.00000     0.00000     0.00000     0.00000     0.00000     0.00000     0.00000     0.00000     0.00000     0.00000
   -31.52570     0.00000     0.00000     0.00000     0.00000     0.00000     0.00000     0.00000     0.00000     0.00000     0.00000     0.00000     0.00000     0.00000     0.00000     0.00000     0.00000     0.00000
   -31.47270     0.00000     0.00000     0.00000     0.00000     0.00000     0.00000     0.00000     0.00000     0.00000     0.00000     0.00000     0.00000     0.00000     0.00000     0.00000     0.00000     0.00000
   -31.41870     0.00000     0.00000     0.00000     0.00000     0.00000     0.00000     0.00000     0.00000     0.00000     0.00000     0.00000     0.00000     0.00000     0.00000     0.00000     0.00000     0.00000
   -31.36570     0.00000     0.00000     0.00000     0.00000     0.00000     0.00000     0.00000     0.00000     0.00000     0.00000     0.00000     0.00000     0.00000     0.00000     0.00000     0.00000     0.00000
   -31.31270     0.00000     0.00000     0.00000     0.00000     0.00000     0.00000     0.00000     0.00000     0.00000     0.00000     0.00000     0.00000     0.00000     0.00000     0.00000     0.00000     0.00000
   -31.25870     0.00000     0.00000     0.00000     0.00000     0.00000     0.00000     0.00000     0.00000     0.00000     0.00000     0.00000     0.00000     0.00000     0.00000     0.00000     0.00000     0.00000
   -31.20570     0.00000     0.00000     0.00000     0.00000     0.00000     0.00000     0.00000     0.00000     0.00000     0.00000     0.00000     0.00000     0.00000     0.00000     0.00000     0.00000     0.00000
   -31.15270     0.00000     0.00000     0.00000     0.00000     0.00000     0.00000     0.00000     0.00000     0.00000     0.00000     0.00000     0.00000     0.00000     0.00000     0.00000     0.00000     0.00000
   -31.09870     0.00000     0.00000     0.00000     0.00000     0.00000     0.00000     0.00000     0.00000     0.00000     0.00000     0.00000     0.00000     0.00000     0.00000     0.00000     0.00000     0.00000
   -31.04570     0.00000     0.00000     0.00000     0.00000     0.00000     0.00000     0.00000     0.00000     0.00000     0.00000     0.00000     0.00000     0.00000     0.00000     0.00000     0.00000     0.00000
   -30.99270     0.00000     0.00000     0.00000     0.00000     0.00000     0.00000     0.00000     0.00000     0.00000     0.00000     0.00000     0.00000     0.00000     0.00000     0.00000     0.00000     0.00000
   -30.93870     0.00000     0.00000     0.00000     0.00000     0.00000     0.00000     0.00000     0.00000     0.00000     0.00000     0.00000     0.00000     0.00000     0.00000     0.00000     0.00000     0.00000
   -30.88570     0.00000     0.00000     0.00000     0.00000     0.00000     0.00000     0.00000     0.00000     0.00000     0.00000     0.00000     0.00000     0.00000     0.00000     0.00000     0.00000     0.00000
   -30.83270     0.00000     0.00000     0.00000     0.00000     0.00000     0.00000     0.00000     0.00000     0.00000     0.00000     0.00000     0.00000     0.00000     0.00000     0.00000     0.00000     0.00000
   -30.77870     0.00000     0.00000     0.00000     0.00000     0.00000     0.00000     0.00000     0.00000     0.00000     0.00000     0.00000     0.00000     0.00000     0.00000     0.00000     0.00000     0.00000
   -30.72570     0.00000     0.00000     0.00000     0.00000     0.00000     0.00000     0.00000     0.00000     0.00000     0.00000     0.00000     0.00000     0.00000     0.00000     0.00000     0.00000     0.00000
   -30.67170     0.00000     0.00000     0.00000     0.00000     0.00000     0.00000     0.00000     0.00000     0.00000     0.00000     0.00000     0.00000     0.00000     0.00000     0.00000     0.00000     0.00000
   -30.61870     0.00000     0.00000     0.00000     0.00000     0.00000     0.00000     0.00000     0.00000     0.00000     0.00000     0.00000     0.00000     0.00000     0.00000     0.00000     0.00000     0.00000
   -30.56570     0.00000     0.00000     0.00000     0.00000     0.00000     0.00000     0.00000     0.00000     0.00000     0.00000     0.00000     0.00000     0.00000     0.00000     0.00000     0.00000     0.00000
   -30.51170     0.00000     0.00000     0.00000     0.00000     0.00000     0.00000     0.00000     0.00000     0.00000     0.00000     0.00000     0.00000     0.00000     0.00000     0.00000     0.00000     0.00000
   -30.45870     0.00000     0.00000     0.00000     0.00000     0.00000     0.00000     0.00000     0.00000     0.00000     0.00000     0.00000     0.00000     0.00000     0.00000     0.00000     0.00000     0.00000
   -30.40570     0.00000     0.00000     0.00000     0.00000     0.00000     0.00000     0.00000     0.00000     0.00000     0.00000     0.00000     0.00000     0.00000     0.00000     0.00000     0.00000     0.00000
   -30.35170     0.00000     0.00000     0.00000     0.00000     0.00000     0.00000     0.00000     0.00000     0.00000     0.00000     0.00000     0.00000     0.00000     0.00000     0.00000     0.00000     0.00000
   -30.29870     0.00000     0.00000     0.00000     0.00000     0.00000     0.00000     0.00000     0.00000     0.00000     0.00000     0.00000     0.00000     0.00000     0.00000     0.00000     0.00000     0.00000
   -30.24570     0.00000     0.00000     0.00000     0.00000     0.00000     0.00000     0.00000     0.00000     0.00000     0.00000     0.00000     0.00000     0.00000     0.00000     0.00000     0.00000     0.00000
   -30.19170     0.00000     0.00000     0.00000     0.00000     0.00000     0.00000     0.00000     0.00000     0.00000     0.00000     0.00000     0.00000     0.00000     0.00000     0.00000     0.00000     0.00000
   -30.13870     0.00000     0.00000     0.00000     0.00000     0.00000     0.00000     0.00000     0.00000     0.00000     0.00000     0.00000     0.00000     0.00000     0.00000     0.00000     0.00000     0.00000
   -30.08570     0.00000     0.00000     0.00000     0.00000     0.00000     0.00000     0.00000     0.00000     0.00000     0.00000     0.00000     0.00000     0.00000     0.00000     0.00000     0.00000     0.00000
   -30.03170     0.00000     0.00000     0.00000     0.00000     0.00000     0.00000     0.00000     0.00000     0.00000     0.00000     0.00000     0.00000     0.00000     0.00000     0.00000     0.00000     0.00000
   -29.97870     0.00000     0.00000     0.00000     0.00000     0.00000     0.00000     0.00000     0.00000     0.00000     0.00000     0.00000     0.00000     0.00000     0.00000     0.00000     0.00000     0.00000
   -29.92570     0.00000     0.00000     0.00000     0.00000     0.00000     0.00000     0.00000     0.00000     0.00000     0.00000     0.00000     0.00000     0.00000     0.00000     0.00000     0.00000     0.00000
   -29.87170     0.00000     0.00000     0.00000     0.00000     0.00000     0.00000     0.00000     0.00000     0.00000     0.00000     0.00000     0.00000     0.00000     0.00000     0.00000     0.00000     0.00000
   -29.81870     0.00000     0.00000     0.00000     0.00000     0.00000     0.00000     0.00000     0.00000     0.00000     0.00000     0.00000     0.00000     0.00000     0.00000     0.00000     0.00000     0.00000
   -29.76570     0.00000     0.00000     0.00000     0.00000     0.00000     0.00000     0.00000     0.00000     0.00000     0.00000     0.00000     0.00000     0.00000     0.00000     0.00000     0.00000     0.00000
   -29.71170     0.00000     0.00000     0.00000     0.00000     0.00000     0.00000     0.00000     0.00000     0.00000     0.00000     0.00000     0.00000     0.00000     0.00000     0.00000     0.00000     0.00000
   -29.65870     0.00000     0.00000     0.00000     0.00000     0.00000     0.00000     0.00000     0.00000     0.00000     0.00000     0.00000     0.00000     0.00000     0.00000     0.00000     0.00000     0.00000
   -29.60570     0.00000     0.00000     0.00000     0.00000     0.00000     0.00000     0.00000     0.00000     0.00000     0.00000     0.00000     0.00000     0.00000     0.00000     0.00000     0.00000     0.00000
   -29.55170     0.00000     0.00000     0.00000     0.00000     0.00000     0.00000     0.00000     0.00000     0.00000     0.00000     0.00000     0.00000     0.00000     0.00000     0.00000     0.00000     0.00000
   -29.49870     0.00000     0.00000     0.00000     0.00000     0.00000     0.00000     0.00000     0.00000     0.00000     0.00000     0.00000     0.00000     0.00000     0.00000     0.00000     0.00000     0.00000
   -29.44570     0.00000     0.00000     0.00000     0.00000     0.00000     0.00000     0.00000     0.00000     0.00000     0.00000     0.00000     0.00000     0.00000     0.00000     0.00000     0.00000     0.00000
   -29.39170     0.00000     0.00000     0.00000     0.00000     0.00000     0.00000     0.00000     0.00000     0.00000     0.00000     0.00000     0.00000     0.00000     0.00000     0.00000     0.00000     0.00000
   -29.33870     0.00000     0.00000     0.00000     0.00000     0.00000     0.00000     0.00000     0.00000     0.00000     0.00000     0.00000     0.00000     0.00000     0.00000     0.00000     0.00000     0.00000
   -29.28570     0.00000     0.00000     0.00000     0.00000     0.00000     0.00000     0.00000     0.00000     0.00000     0.00000     0.00000     0.00000     0.00000     0.00000     0.00000     0.00000     0.00000
   -29.23170     0.00000     0.00000     0.00000     0.00000     0.00000     0.00000     0.00000     0.00000     0.00000     0.00000     0.00000     0.00000     0.00000     0.00000     0.00000     0.00000     0.00000
   -29.17870     0.00007     0.00001     0.00800     0.00002     0.00000     0.00000     0.00001     0.00000     0.00000     0.00000     0.00000     0.00000     0.00000     0.00000     0.00000     0.00000     0.00812
   -29.12570     0.00094     0.00008     0.02059     0.00029     0.00000     0.00006     0.00016     0.00001     0.00000     0.00000     0.00000     0.00000     0.00000     0.00000     0.00000     0.00000     0.02213
   -29.07170     0.00281     0.00032     0.02762     0.00115     0.00001     0.00015     0.00050     0.00003     0.00000     0.00000     0.00000     0.00000     0.00000     0.00000     0.00000     0.00000     0.03258
   -29.01870     0.00630     0.00087     0.03523     0.00494     0.00003     0.00028     0.00113     0.00007     0.00001     0.00000     0.00000     0.00000     0.00000     0.00000     0.00000     0.00000     0.04886
   -28.96570     0.01440     0.00223     0.02587     0.00940     0.00012     0.00023     0.00227     0.00014     0.00017     0.00000     0.00000     0.00000     0.00000     0.00000     0.00000     0.00000     0.05483
   -28.91170     0.03116     0.01125     0.01588     0.01382     0.00019     0.00021     0.00293     0.00021     0.00073     0.00000     0.00000     0.00000     0.00000     0.00000     0.00000     0.00000     0.07638
   -28.85870     0.00103     0.01255     0.00659     0.01216     0.00003     0.00007     0.00052     0.00008     0.00124     0.00000     0.00000     0.00000     0.00000     0.00000     0.00000     0.00000     0.03427
   -28.80570     0.00532     0.02310     0.07172     0.05810     0.00228     0.00199     0.00744     0.00021     0.00931     0.00000     0.00000     0.00000     0.00000     0.00000     0.00000     0.00000     0.17946
   -28.75170     0.00119     0.00957     0.00260     0.01725     0.00044     0.00028     0.00131     0.00016     0.00503     0.00000     0.00000     0.00000     0.00000     0.00000     0.00000     0.00000     0.03782
   -28.69870     0.00000     0.00000     0.00000     0.00000     0.00000     0.00000     0.00000     0.00000     0.00000     0.00000     0.00000     0.00000     0.00000     0.00000     0.00000     0.00000     0.00000
   -28.64570     0.00000     0.00000     0.00000     0.00000     0.00000     0.00000     0.00000     0.00000     0.00000     0.00000     0.00000     0.00000     0.00000     0.00000     0.00000     0.00000     0.00000
   -28.59170     0.00000     0.00000     0.00000     0.00000     0.00000     0.00000     0.00000     0.00000     0.00000     0.00000     0.00000     0.00000     0.00000     0.00000     0.00000     0.00000     0.00000
   -28.53870     0.00000     0.00000     0.00000     0.00000     0.00000     0.00000     0.00000     0.00000     0.00000     0.00000     0.00000     0.00000     0.00000     0.00000     0.00000     0.00000     0.00000
   -28.48570     0.00000     0.00000     0.00000     0.00000     0.00000     0.00000     0.00000     0.00000     0.00000     0.00000     0.00000     0.00000     0.00000     0.00000     0.00000     0.00000     0.00000
   -28.43170     0.00000     0.00000     0.00000     0.00000     0.00000     0.00000     0.00000     0.00000     0.00000     0.00000     0.00000     0.00000     0.00000     0.00000     0.00000     0.00000     0.00000
   -28.37870     0.00000     0.00000     0.00000     0.00000     0.00000     0.00000     0.00000     0.00000     0.00000     0.00000     0.00000     0.00000     0.00000     0.00000     0.00000     0.00000     0.00000
   -28.32570     0.00000     0.00000     0.00000     0.00000     0.00000     0.00000     0.00000     0.00000     0.00000     0.00000     0.00000     0.00000     0.00000     0.00000     0.00000     0.00000     0.00000
   -28.27170     0.00000     0.00000     0.00000     0.00000     0.00000     0.00000     0.00000     0.00000     0.00000     0.00000     0.00000     0.00000     0.00000     0.00000     0.00000     0.00000     0.00000
   -28.21870     0.00000     0.00000     0.00000     0.00000     0.00000     0.00000     0.00000     0.00000     0.00000     0.00000     0.00000     0.00000     0.00000     0.00000     0.00000     0.00000     0.00000
   -28.16570     0.00000     0.00000     0.00000     0.00000     0.00000     0.00000     0.00000     0.00000     0.00000     0.00000     0.00000     0.00000     0.00000     0.00000     0.00000     0.00000     0.00000
   -28.11170     0.00000     0.00000     0.00000     0.00000     0.00000     0.00000     0.00000     0.00000     0.00000     0.00000     0.00000     0.00000     0.00000     0.00000     0.00000     0.00000     0.00000
   -28.05870     0.00000     0.00000     0.00000     0.00000     0.00000     0.00000     0.00000     0.00000     0.00000     0.00000     0.00000     0.00000     0.00000     0.00000     0.00000     0.00000     0.00000
   -28.00470     0.00000     0.00000     0.00000     0.00000     0.00000     0.00000     0.00000     0.00000     0.00000     0.00000     0.00000     0.00000     0.00000     0.00000     0.00000     0.00000     0.00000
   -27.95170     0.00000     0.00000     0.00000     0.00000     0.00000     0.00000     0.00000     0.00000     0.00000     0.00000     0.00000     0.00000     0.00000     0.00000     0.00000     0.00000     0.00000
   -27.89870     0.00000     0.00000     0.00000     0.00000     0.00000     0.00000     0.00000     0.00000     0.00000     0.00000     0.00000     0.00000     0.00000     0.00000     0.00000     0.00000     0.00000
   -27.84470     0.00000     0.00000     0.00000     0.00000     0.00000     0.00000     0.00000     0.00000     0.00000     0.00000     0.00000     0.00000     0.00000     0.00000     0.00000     0.00000     0.00000
   -27.79170     0.00000     0.00000     0.00000     0.00000     0.00000     0.00000     0.00000     0.00000     0.00000     0.00000     0.00000     0.00000     0.00000     0.00000     0.00000     0.00000     0.00000
   -27.73870     0.00000     0.00000     0.00000     0.00000     0.00000     0.00000     0.00000     0.00000     0.00000     0.00000     0.00000     0.00000     0.00000     0.00000     0.00000     0.00000     0.00000
   -27.68470     0.00000     0.00000     0.00000     0.00000     0.00000     0.00000     0.00000     0.00000     0.00000     0.00000     0.00000     0.00000     0.00000     0.00000     0.00000     0.00000     0.00000
   -27.63170     0.00000     0.00000     0.00000     0.00000     0.00000     0.00000     0.00000     0.00000     0.00000     0.00000     0.00000     0.00000     0.00000     0.00000     0.00000     0.00000     0.00000
   -27.57870     0.00000     0.00000     0.00000     0.00000     0.00000     0.00000     0.00000     0.00000     0.00000     0.00000     0.00000     0.00000     0.00000     0.00000     0.00000     0.00000     0.00000
   -27.52470     0.00000     0.00000     0.00000     0.00000     0.00000     0.00000     0.00000     0.00000     0.00000     0.00000     0.00000     0.00000     0.00000     0.00000     0.00000     0.00000     0.00000
   -27.47170     0.00000     0.00000     0.00000     0.00000     0.00000     0.00000     0.00000     0.00000     0.00000     0.00000     0.00000     0.00000     0.00000     0.00000     0.00000     0.00000     0.00000
   -27.41870     0.00000     0.00000     0.00000     0.00000     0.00000     0.00000     0.00000     0.00000     0.00000     0.00000     0.00000     0.00000     0.00000     0.00000     0.00000     0.00000     0.00000
   -27.36470     0.00000     0.00000     0.00000     0.00000     0.00000     0.00000     0.00000     0.00000     0.00000     0.00000     0.00000     0.00000     0.00000     0.00000     0.00000     0.00000     0.00000
   -27.31170     0.00000     0.00000     0.00000     0.00000     0.00000     0.00000     0.00000     0.00000     0.00000     0.00000     0.00000     0.00000     0.00000     0.00000     0.00000     0.00000     0.00000
   -27.25870     0.00000     0.00000     0.00000     0.00000     0.00000     0.00000     0.00000     0.00000     0.00000     0.00000     0.00000     0.00000     0.00000     0.00000     0.00000     0.00000     0.00000
   -27.20470     0.00000     0.00000     0.00000     0.00000     0.00000     0.00000     0.00000     0.00000     0.00000     0.00000     0.00000     0.00000     0.00000     0.00000     0.00000     0.00000     0.00000
   -27.15170     0.00000     0.00000     0.00000     0.00000     0.00000     0.00000     0.00000     0.00000     0.00000     0.00000     0.00000     0.00000     0.00000     0.00000     0.00000     0.00000     0.00000
   -27.09870     0.00000     0.00000     0.00000     0.00000     0.00000     0.00000     0.00000     0.00000     0.00000     0.00000     0.00000     0.00000     0.00000     0.00000     0.00000     0.00000     0.00000
   -27.04470     0.00000     0.00000     0.00000     0.00000     0.00000     0.00000     0.00000     0.00000     0.00000     0.00000     0.00000     0.00000     0.00000     0.00000     0.00000     0.00000     0.00000
   -26.99170     0.00000     0.00000     0.00000     0.00000     0.00000     0.00000     0.00000     0.00000     0.00000     0.00000     0.00000     0.00000     0.00000     0.00000     0.00000     0.00000     0.00000
   -26.93870     0.00000     0.00000     0.00000     0.00000     0.00000     0.00000     0.00000     0.00000     0.00000     0.00000     0.00000     0.00000     0.00000     0.00000     0.00000     0.00000     0.00000
   -26.88470     0.00000     0.00000     0.00000     0.00000     0.00000     0.00000     0.00000     0.00000     0.00000     0.00000     0.00000     0.00000     0.00000     0.00000     0.00000     0.00000     0.00000
   -26.83170     0.00000     0.00000     0.00000     0.00000     0.00000     0.00000     0.00000     0.00000     0.00000     0.00000     0.00000     0.00000     0.00000     0.00000     0.00000     0.00000     0.00000
   -26.77870     0.00000     0.00000     0.00000     0.00000     0.00000     0.00000     0.00000     0.00000     0.00000     0.00000     0.00000     0.00000     0.00000     0.00000     0.00000     0.00000     0.00000
   -26.72470     0.00000     0.00000     0.00000     0.00000     0.00000     0.00000     0.00000     0.00000     0.00000     0.00000     0.00000     0.00000     0.00000     0.00000     0.00000     0.00000     0.00000
   -26.67170     0.00000     0.00000     0.00000     0.00000     0.00000     0.00000     0.00000     0.00000     0.00000     0.00000     0.00000     0.00000     0.00000     0.00000     0.00000     0.00000     0.00000
   -26.61870     0.00000     0.00000     0.00000     0.00000     0.00000     0.00000     0.00000     0.00000     0.00000     0.00000     0.00000     0.00000     0.00000     0.00000     0.00000     0.00000     0.00000
   -26.56470     0.00000     0.00000     0.00000     0.00000     0.00000     0.00000     0.00000     0.00000     0.00000     0.00000     0.00000     0.00000     0.00000     0.00000     0.00000     0.00000     0.00000
   -26.51170     0.00000     0.00000     0.00000     0.00000     0.00000     0.00000     0.00000     0.00000     0.00000     0.00000     0.00000     0.00000     0.00000     0.00000     0.00000     0.00000     0.00000
   -26.45870     0.00000     0.00000     0.00000     0.00000     0.00000     0.00000     0.00000     0.00000     0.00000     0.00000     0.00000     0.00000     0.00000     0.00000     0.00000     0.00000     0.00000
   -26.40470     0.00000     0.00000     0.00000     0.00000     0.00000     0.00000     0.00000     0.00000     0.00000     0.00000     0.00000     0.00000     0.00000     0.00000     0.00000     0.00000     0.00000
   -26.35170     0.00000     0.00000     0.00000     0.00000     0.00000     0.00000     0.00000     0.00000     0.00000     0.00000     0.00000     0.00000     0.00000     0.00000     0.00000     0.00000     0.00000
   -26.29870     0.00000     0.00000     0.00000     0.00000     0.00000     0.00000     0.00000     0.00000     0.00000     0.00000     0.00000     0.00000     0.00000     0.00000     0.00000     0.00000     0.00000
   -26.24470     0.00000     0.00000     0.00000     0.00000     0.00000     0.00000     0.00000     0.00000     0.00000     0.00000     0.00000     0.00000     0.00000     0.00000     0.00000     0.00000     0.00000
   -26.19170     0.00000     0.00000     0.00000     0.00000     0.00000     0.00000     0.00000     0.00000     0.00000     0.00000     0.00000     0.00000     0.00000     0.00000     0.00000     0.00000     0.00000
   -26.13870     0.00000     0.00000     0.00000     0.00000     0.00000     0.00000     0.00000     0.00000     0.00000     0.00000     0.00000     0.00000     0.00000     0.00000     0.00000     0.00000     0.00000
   -26.08470     0.00000     0.00000     0.00000     0.00000     0.00000     0.00000     0.00000     0.00000     0.00000     0.00000     0.00000     0.00000     0.00000     0.00000     0.00000     0.00000     0.00000
   -26.03170     0.00000     0.00000     0.00000     0.00000     0.00000     0.00000     0.00000     0.00000     0.00000     0.00000     0.00000     0.00000     0.00000     0.00000     0.00000     0.00000     0.00000
   -25.97870     0.00000     0.00000     0.00000     0.00000     0.00000     0.00000     0.00000     0.00000     0.00000     0.00000     0.00000     0.00000     0.00000     0.00000     0.00000     0.00000     0.00000
   -25.92470     0.00000     0.00000     0.00000     0.00000     0.00000     0.00000     0.00000     0.00000     0.00000     0.00000     0.00000     0.00000     0.00000     0.00000     0.00000     0.00000     0.00000
   -25.87170     0.00000     0.00000     0.00000     0.00000     0.00000     0.00000     0.00000     0.00000     0.00000     0.00000     0.00000     0.00000     0.00000     0.00000     0.00000     0.00000     0.00000
   -25.81870     0.00000     0.00000     0.00000     0.00000     0.00000     0.00000     0.00000     0.00000     0.00000     0.00000     0.00000     0.00000     0.00000     0.00000     0.00000     0.00000     0.00000
   -25.76470     0.00000     0.00000     0.00000     0.00000     0.00000     0.00000     0.00000     0.00000     0.00000     0.00000     0.00000     0.00000     0.00000     0.00000     0.00000     0.00000     0.00000
   -25.71170     0.00000     0.00000     0.00000     0.00000     0.00000     0.00000     0.00000     0.00000     0.00000     0.00000     0.00000     0.00000     0.00000     0.00000     0.00000     0.00000     0.00000
   -25.65870     0.00000     0.00000     0.00000     0.00000     0.00000     0.00000     0.00000     0.00000     0.00000     0.00000     0.00000     0.00000     0.00000     0.00000     0.00000     0.00000     0.00000
   -25.60470     0.00000     0.00000     0.00000     0.00000     0.00000     0.00000     0.00000     0.00000     0.00000     0.00000     0.00000     0.00000     0.00000     0.00000     0.00000     0.00000     0.00000
   -25.55170     0.00000     0.00000     0.00000     0.00000     0.00000     0.00000     0.00000     0.00000     0.00000     0.00000     0.00000     0.00000     0.00000     0.00000     0.00000     0.00000     0.00000
   -25.49870     0.00000     0.00000     0.00000     0.00000     0.00000     0.00000     0.00000     0.00000     0.00000     0.00000     0.00000     0.00000     0.00000     0.00000     0.00000     0.00000     0.00000
   -25.44470     0.00000     0.00000     0.00000     0.00000     0.00000     0.00000     0.00000     0.00000     0.00000     0.00000     0.00000     0.00000     0.00000     0.00000     0.00000     0.00000     0.00000
   -25.39170     0.00000     0.00000     0.00000     0.00000     0.00000     0.00000     0.00000     0.00000     0.00000     0.00000     0.00000     0.00000     0.00000     0.00000     0.00000     0.00000     0.00000
   -25.33770     0.00000     0.00000     0.00000     0.00000     0.00000     0.00000     0.00000     0.00000     0.00000     0.00000     0.00000     0.00000     0.00000     0.00000     0.00000     0.00000     0.00000
   -25.28470     0.00000     0.00000     0.00000     0.00000     0.00000     0.00000     0.00000     0.00000     0.00000     0.00000     0.00000     0.00000     0.00000     0.00000     0.00000     0.00000     0.00000
   -25.23170     0.00000     0.00000     0.00000     0.00000     0.00000     0.00000     0.00000     0.00000     0.00000     0.00000     0.00000     0.00000     0.00000     0.00000     0.00000     0.00000     0.00000
   -25.17770     0.00000     0.00000     0.00000     0.00000     0.00000     0.00000     0.00000     0.00000     0.00000     0.00000     0.00000     0.00000     0.00000     0.00000     0.00000     0.00000     0.00000
   -25.12470     0.00000     0.00000     0.00000     0.00000     0.00000     0.00000     0.00000     0.00000     0.00000     0.00000     0.00000     0.00000     0.00000     0.00000     0.00000     0.00000     0.00000
   -25.07170     0.00000     0.00000     0.00000     0.00000     0.00000     0.00000     0.00000     0.00000     0.00000     0.00000     0.00000     0.00000     0.00000     0.00000     0.00000     0.00000     0.00000
   -25.01770     0.00000     0.00000     0.00000     0.00000     0.00000     0.00000     0.00000     0.00000     0.00000     0.00000     0.00000     0.00000     0.00000     0.00000     0.00000     0.00000     0.00000
   -24.96470     0.00000     0.00000     0.00000     0.00000     0.00000     0.00000     0.00000     0.00000     0.00000     0.00000     0.00000     0.00000     0.00000     0.00000     0.00000     0.00000     0.00000
   -24.91170     0.00000     0.00000     0.00000     0.00000     0.00000     0.00000     0.00000     0.00000     0.00000     0.00000     0.00000     0.00000     0.00000     0.00000     0.00000     0.00000     0.00000
   -24.85770     0.00000     0.00000     0.00000     0.00000     0.00000     0.00000     0.00000     0.00000     0.00000     0.00000     0.00000     0.00000     0.00000     0.00000     0.00000     0.00000     0.00000
   -24.80470     0.00000     0.00000     0.00000     0.00000     0.00000     0.00000     0.00000     0.00000     0.00000     0.00000     0.00000     0.00000     0.00000     0.00000     0.00000     0.00000     0.00000
   -24.75170     0.00000     0.00000     0.00000     0.00000     0.00000     0.00000     0.00000     0.00000     0.00000     0.00000     0.00000     0.00000     0.00000     0.00000     0.00000     0.00000     0.00000
   -24.69770     0.00000     0.00000     0.00000     0.00000     0.00000     0.00000     0.00000     0.00000     0.00000     0.00000     0.00000     0.00000     0.00000     0.00000     0.00000     0.00000     0.00000
   -24.64470     0.00000     0.00000     0.00000     0.00000     0.00000     0.00000     0.00000     0.00000     0.00000     0.00000     0.00000     0.00000     0.00000     0.00000     0.00000     0.00000     0.00000
   -24.59170     0.00000     0.00000     0.00000     0.00000     0.00000     0.00000     0.00000     0.00000     0.00000     0.00000     0.00000     0.00000     0.00000     0.00000     0.00000     0.00000     0.00000
   -24.53770     0.00000     0.00000     0.00000     0.00000     0.00000     0.00000     0.00000     0.00000     0.00000     0.00000     0.00000     0.00000     0.00000     0.00000     0.00000     0.00000     0.00000
   -24.48470     0.00000     0.00000     0.00000     0.00000     0.00000     0.00000     0.00000     0.00000     0.00000     0.00000     0.00000     0.00000     0.00000     0.00000     0.00000     0.00000     0.00000
   -24.43170     0.00000     0.00000     0.00000     0.00000     0.00000     0.00000     0.00000     0.00000     0.00000     0.00000     0.00000     0.00000     0.00000     0.00000     0.00000     0.00000     0.00000
   -24.37770     0.00000     0.00000     0.00000     0.00000     0.00000     0.00000     0.00000     0.00000     0.00000     0.00000     0.00000     0.00000     0.00000     0.00000     0.00000     0.00000     0.00000
   -24.32470     0.00000     0.00000     0.00000     0.00000     0.00000     0.00000     0.00000     0.00000     0.00000     0.00000     0.00000     0.00000     0.00000     0.00000     0.00000     0.00000     0.00000
   -24.27170     0.00000     0.00000     0.00000     0.00000     0.00000     0.00000     0.00000     0.00000     0.00000     0.00000     0.00000     0.00000     0.00000     0.00000     0.00000     0.00000     0.00000
   -24.21770     0.00000     0.00000     0.00000     0.00000     0.00000     0.00000     0.00000     0.00000     0.00000     0.00000     0.00000     0.00000     0.00000     0.00000     0.00000     0.00000     0.00000
   -24.16470     0.00000     0.00000     0.00000     0.00000     0.00000     0.00000     0.00000     0.00000     0.00000     0.00000     0.00000     0.00000     0.00000     0.00000     0.00000     0.00000     0.00000
   -24.11170     0.00000     0.00000     0.00000     0.00000     0.00000     0.00000     0.00000     0.00000     0.00000     0.00000     0.00000     0.00000     0.00000     0.00000     0.00000     0.00000     0.00000
   -24.05770     0.00000     0.00000     0.00000     0.00000     0.00000     0.00000     0.00000     0.00000     0.00000     0.00000     0.00000     0.00000     0.00000     0.00000     0.00000     0.00000     0.00000
   -24.00470     0.00000     0.00000     0.00000     0.00000     0.00000     0.00000     0.00000     0.00000     0.00000     0.00000     0.00000     0.00000     0.00000     0.00000     0.00000     0.00000     0.00000
   -23.95170     0.00000     0.00000     0.00000     0.00000     0.00000     0.00000     0.00000     0.00000     0.00000     0.00000     0.00000     0.00000     0.00000     0.00000     0.00000     0.00000     0.00000
   -23.89770     0.00000     0.00000     0.00000     0.00000     0.00000     0.00000     0.00000     0.00000     0.00000     0.00000     0.00000     0.00000     0.00000     0.00000     0.00000     0.00000     0.00000
   -23.84470     0.00000     0.00000     0.00000     0.00000     0.00000     0.00000     0.00000     0.00000     0.00000     0.00000     0.00000     0.00000     0.00000     0.00000     0.00000     0.00000     0.00000
   -23.79170     0.00361     0.04246     1.56000     0.01428     0.00003     0.00006     0.00009     0.00001     0.00000     0.00000     0.00000     0.00000     0.00000     0.00000     0.00000     0.00000     1.62055
   -23.73770     0.01581     1.46200     4.81000     1.52800     0.00023     0.00039     0.00021     0.00012     0.00001     0.00000     0.00000     0.00000     0.00000     0.00000     0.00000     0.00000     7.81676
   -23.68470     0.00761     0.92210     2.62400     1.28500     0.00032     0.00023     0.00021     0.00005     0.00002     0.00000     0.00000     0.00000     0.00000     0.00000     0.00000     0.00000     4.83954
   -23.63170     0.00417     0.61830     2.66600     0.92630     0.00028     0.00022     0.00019     0.00005     0.00002     0.00000     0.00000     0.00000     0.00000     0.00000     0.00000     0.00000     4.21552
   -23.57770     0.00259     0.46480     2.22000     0.77360     0.00023     0.00022     0.00014     0.00004     0.00002     0.00000     0.00000     0.00000     0.00000     0.00000     0.00000     0.00000     3.46164
   -23.52470     0.00166     0.34490     1.86600     0.65860     0.00017     0.00019     0.00009     0.00003     0.00001     0.00000     0.00000     0.00000     0.00000     0.00000     0.00000     0.00000     2.87166
   -23.47170     0.00104     0.14750     1.15900     0.47870     0.00007     0.00012     0.00003     0.00001     0.00001     0.00000     0.00000     0.00000     0.00000     0.00000     0.00000     0.00000     1.78648
   -23.41770     0.00066     0.02846     0.07166     0.02375     0.00000     0.00000     0.00000     0.00000     0.00000     0.00000     0.00000     0.00000     0.00000     0.00000     0.00000     0.00000     0.12453
   -23.36470     0.00037     0.01965     0.05027     0.01799     0.00000     0.00000     0.00000     0.00000     0.00000     0.00000     0.00000     0.00000     0.00000     0.00000     0.00000     0.00000     0.08828
   -23.31170     0.00048     6.34400     4.72300     6.36500     0.00108     0.00079     0.00011     0.00045     0.00014     0.00000     0.00000     0.00000     0.00000     0.00000     0.00000     0.00000    17.43505
   -23.25770     0.00056     6.84700     2.84800     4.49000     0.00064     0.00036     0.00016     0.00041     0.00022     0.00000     0.00000     0.00000     0.00000     0.00000     0.00000     0.00000    14.18736
   -23.20470     0.00041     8.47000     2.74900     6.25100     0.00046     0.00039     0.00008     0.00045     0.00027     0.00000     0.00000     0.00000     0.00000     0.00000     0.00000     0.00000    17.47207
   -23.15170     0.00014     3.58500     0.03678     4.06800     0.00018     0.00021     0.00001     0.00018     0.00013     0.00000     0.00000     0.00000     0.00000     0.00000     0.00000     0.00000     7.69063
   -23.09770     0.00002     1.75000     0.00292     1.73400     0.00004     0.00008     0.00000     0.00008     0.00003     0.00000     0.00000     0.00000     0.00000     0.00000     0.00000     0.00000     3.48717
   -23.04470     0.00000     0.00000     0.00000     0.00000     0.00000     0.00000     0.00000     0.00000     0.00000     0.00000     0.00000     0.00000     0.00000     0.00000     0.00000     0.00000     0.00000
   -22.99170     0.00000     0.00000     0.00000     0.00000     0.00000     0.00000     0.00000     0.00000     0.00000     0.00000     0.00000     0.00000     0.00000     0.00000     0.00000     0.00000     0.00000
   -22.93770     0.00000     0.00000     0.00000     0.00000     0.00000     0.00000     0.00000     0.00000     0.00000     0.00000     0.00000     0.00000     0.00000     0.00000     0.00000     0.00000     0.00000
   -22.88470     0.00000     0.00000     0.00000     0.00000     0.00000     0.00000     0.00000     0.00000     0.00000     0.00000     0.00000     0.00000     0.00000     0.00000     0.00000     0.00000     0.00000
   -22.83170     0.00000     0.00000     0.00000     0.00000     0.00000     0.00000     0.00000     0.00000     0.00000     0.00000     0.00000     0.00000     0.00000     0.00000     0.00000     0.00000     0.00000
   -22.77770     0.00000     0.00000     0.00000     0.00000     0.00000     0.00000     0.00000     0.00000     0.00000     0.00000     0.00000     0.00000     0.00000     0.00000     0.00000     0.00000     0.00000
   -22.72470     0.00000     0.00000     0.00000     0.00000     0.00000     0.00000     0.00000     0.00000     0.00000     0.00000     0.00000     0.00000     0.00000     0.00000     0.00000     0.00000     0.00000
   -22.67170     0.00000     0.00000     0.00000     0.00000     0.00000     0.00000     0.00000     0.00000     0.00000     0.00000     0.00000     0.00000     0.00000     0.00000     0.00000     0.00000     0.00000
   -22.61770     0.00000     0.00000     0.00000     0.00000     0.00000     0.00000     0.00000     0.00000     0.00000     0.00000     0.00000     0.00000     0.00000     0.00000     0.00000     0.00000     0.00000
   -22.56470     0.00000     0.00000     0.00000     0.00000     0.00000     0.00000     0.00000     0.00000     0.00000     0.00000     0.00000     0.00000     0.00000     0.00000     0.00000     0.00000     0.00000
   -22.51070     0.00000     0.00000     0.00000     0.00000     0.00000     0.00000     0.00000     0.00000     0.00000     0.00000     0.00000     0.00000     0.00000     0.00000     0.00000     0.00000     0.00000
   -22.45770     0.00000     0.00000     0.00000     0.00000     0.00000     0.00000     0.00000     0.00000     0.00000     0.00000     0.00000     0.00000     0.00000     0.00000     0.00000     0.00000     0.00000
   -22.40470     0.00000     0.00000     0.00000     0.00000     0.00000     0.00000     0.00000     0.00000     0.00000     0.00000     0.00000     0.00000     0.00000     0.00000     0.00000     0.00000     0.00000
   -22.35070     0.00000     0.00000     0.00000     0.00000     0.00000     0.00000     0.00000     0.00000     0.00000     0.00000     0.00000     0.00000     0.00000     0.00000     0.00000     0.00000     0.00000
   -22.29770     0.00000     0.00000     0.00000     0.00000     0.00000     0.00000     0.00000     0.00000     0.00000     0.00000     0.00000     0.00000     0.00000     0.00000     0.00000     0.00000     0.00000
   -22.24470     0.00000     0.00000     0.00000     0.00000     0.00000     0.00000     0.00000     0.00000     0.00000     0.00000     0.00000     0.00000     0.00000     0.00000     0.00000     0.00000     0.00000
   -22.19070     0.00000     0.00000     0.00000     0.00000     0.00000     0.00000     0.00000     0.00000     0.00000     0.00000     0.00000     0.00000     0.00000     0.00000     0.00000     0.00000     0.00000
   -22.13770     0.00000     0.00000     0.00000     0.00000     0.00000     0.00000     0.00000     0.00000     0.00000     0.00000     0.00000     0.00000     0.00000     0.00000     0.00000     0.00000     0.00000
   -22.08470     0.00000     0.00000     0.00000     0.00000     0.00000     0.00000     0.00000     0.00000     0.00000     0.00000     0.00000     0.00000     0.00000     0.00000     0.00000     0.00000     0.00000
   -22.03070     0.00000     0.00000     0.00000     0.00000     0.00000     0.00000     0.00000     0.00000     0.00000     0.00000     0.00000     0.00000     0.00000     0.00000     0.00000     0.00000     0.00000
   -21.97770     0.00000     0.00000     0.00000     0.00000     0.00000     0.00000     0.00000     0.00000     0.00000     0.00000     0.00000     0.00000     0.00000     0.00000     0.00000     0.00000     0.00000
   -21.92470     0.00000     0.00000     0.00000     0.00000     0.00000     0.00000     0.00000     0.00000     0.00000     0.00000     0.00000     0.00000     0.00000     0.00000     0.00000     0.00000     0.00000
   -21.87070     0.00000     0.00000     0.00000     0.00000     0.00000     0.00000     0.00000     0.00000     0.00000     0.00000     0.00000     0.00000     0.00000     0.00000     0.00000     0.00000     0.00000
   -21.81770     0.00000     0.00000     0.00000     0.00000     0.00000     0.00000     0.00000     0.00000     0.00000     0.00000     0.00000     0.00000     0.00000     0.00000     0.00000     0.00000     0.00000
   -21.76470     0.00000     0.00000     0.00000     0.00000     0.00000     0.00000     0.00000     0.00000     0.00000     0.00000     0.00000     0.00000     0.00000     0.00000     0.00000     0.00000     0.00000
   -21.71070     0.00000     0.00000     0.00000     0.00000     0.00000     0.00000     0.00000     0.00000     0.00000     0.00000     0.00000     0.00000     0.00000     0.00000     0.00000     0.00000     0.00000
   -21.65770     0.00000     0.00000     0.00000     0.00000     0.00000     0.00000     0.00000     0.00000     0.00000     0.00000     0.00000     0.00000     0.00000     0.00000     0.00000     0.00000     0.00000
   -21.60470     0.00000     0.00000     0.00000     0.00000     0.00000     0.00000     0.00000     0.00000     0.00000     0.00000     0.00000     0.00000     0.00000     0.00000     0.00000     0.00000     0.00000
   -21.55070     0.00000     0.00000     0.00000     0.00000     0.00000     0.00000     0.00000     0.00000     0.00000     0.00000     0.00000     0.00000     0.00000     0.00000     0.00000     0.00000     0.00000
   -21.49770     0.00000     0.00000     0.00000     0.00000     0.00000     0.00000     0.00000     0.00000     0.00000     0.00000     0.00000     0.00000     0.00000     0.00000     0.00000     0.00000     0.00000
   -21.44470     0.00000     0.00000     0.00000     0.00000     0.00000     0.00000     0.00000     0.00000     0.00000     0.00000     0.00000     0.00000     0.00000     0.00000     0.00000     0.00000     0.00000
   -21.39070     0.00000     0.00000     0.00000     0.00000     0.00000     0.00000     0.00000     0.00000     0.00000     0.00000     0.00000     0.00000     0.00000     0.00000     0.00000     0.00000     0.00000
   -21.33770     0.00000     0.00000     0.00000     0.00000     0.00000     0.00000     0.00000     0.00000     0.00000     0.00000     0.00000     0.00000     0.00000     0.00000     0.00000     0.00000     0.00000
   -21.28470     0.00000     0.00000     0.00000     0.00000     0.00000     0.00000     0.00000     0.00000     0.00000     0.00000     0.00000     0.00000     0.00000     0.00000     0.00000     0.00000     0.00000
   -21.23070     0.00000     0.00000     0.00000     0.00000     0.00000     0.00000     0.00000     0.00000     0.00000     0.00000     0.00000     0.00000     0.00000     0.00000     0.00000     0.00000     0.00000
   -21.17770     0.00000     0.00000     0.00000     0.00000     0.00000     0.00000     0.00000     0.00000     0.00000     0.00000     0.00000     0.00000     0.00000     0.00000     0.00000     0.00000     0.00000
   -21.12470     0.00000     0.00000     0.00000     0.00000     0.00000     0.00000     0.00000     0.00000     0.00000     0.00000     0.00000     0.00000     0.00000     0.00000     0.00000     0.00000     0.00000
   -21.07070     0.00000     0.00000     0.00000     0.00000     0.00000     0.00000     0.00000     0.00000     0.00000     0.00000     0.00000     0.00000     0.00000     0.00000     0.00000     0.00000     0.00000
   -21.01770     0.00000     0.00000     0.00000     0.00000     0.00000     0.00000     0.00000     0.00000     0.00000     0.00000     0.00000     0.00000     0.00000     0.00000     0.00000     0.00000     0.00000
   -20.96470     0.00000     0.00000     0.00000     0.00000     0.00000     0.00000     0.00000     0.00000     0.00000     0.00000     0.00000     0.00000     0.00000     0.00000     0.00000     0.00000     0.00000
   -20.91070     0.00000     0.00000     0.00000     0.00000     0.00000     0.00000     0.00000     0.00000     0.00000     0.00000     0.00000     0.00000     0.00000     0.00000     0.00000     0.00000     0.00000
   -20.85770     0.00000     0.00000     0.00000     0.00000     0.00000     0.00000     0.00000     0.00000     0.00000     0.00000     0.00000     0.00000     0.00000     0.00000     0.00000     0.00000     0.00000
   -20.80470     0.00001     0.00000     0.00000     0.00000     0.00000     0.00000     0.00000     0.00000     0.00000     0.00000     0.00000     0.00000     0.00000     0.00000     0.00000     0.00000     0.00001
   -20.75070     0.00220     0.00003     0.00009     0.00003     0.00000     0.00000     0.00000     0.00000     0.00000     0.00000     0.00000     0.00000     0.00000     0.00000     0.00000     0.00000     0.00235
   -20.69770     0.00281     0.00012     0.00023     0.00012     0.00000     0.00000     0.00000     0.00000     0.00000     0.00000     0.00000     0.00000     0.00000     0.00000     0.00000     0.00000     0.00329
   -20.64470     0.00388     0.00019     0.00044     0.00019     0.00000     0.00000     0.00000     0.00000     0.00000     0.00000     0.00000     0.00000     0.00000     0.00000     0.00000     0.00000     0.00470
   -20.59070     0.00458     0.00034     0.00067     0.00030     0.00000     0.00000     0.00000     0.00000     0.00000     0.00000     0.00000     0.00000     0.00000     0.00000     0.00000     0.00000     0.00589
   -20.53770     0.00524     0.00046     0.00097     0.00038     0.00000     0.00000     0.00000     0.00000     0.00000     0.00000     0.00000     0.00000     0.00000     0.00000     0.00000     0.00000     0.00706
   -20.48470     0.00600     0.00055     0.00131     0.00045     0.00000     0.00000     0.00000     0.00000     0.00000     0.00000     0.00000     0.00000     0.00000     0.00000     0.00000     0.00000     0.00831
   -20.43070     0.00671     0.00069     0.00165     0.00056     0.00000     0.00000     0.00000     0.00000     0.00000     0.00000     0.00000     0.00000     0.00000     0.00000     0.00000     0.00000     0.00961
   -20.37770     0.00733     0.00088     0.00204     0.00065     0.00000     0.00000     0.00000     0.00000     0.00000     0.00000     0.00000     0.00000     0.00000     0.00000     0.00000     0.00000     0.01091
   -20.32470     0.00796     0.00108     0.00242     0.00075     0.00000     0.00000     0.00000     0.00000     0.00000     0.00000     0.00000     0.00000     0.00000     0.00000     0.00000     0.00000     0.01222
   -20.27070     0.00864     0.00120     0.00287     0.00083     0.00000     0.00000     0.00000     0.00000     0.00000     0.00000     0.00000     0.00000     0.00000     0.00000     0.00000     0.00000     0.01354
   -20.21770     0.00933     0.00132     0.00332     0.00092     0.00000     0.00000     0.00000     0.00000     0.00000     0.00000     0.00000     0.00000     0.00000     0.00000     0.00000     0.00000     0.01490
   -20.16470     0.00997     0.00154     0.00364     0.00122     0.00000     0.00000     0.00001     0.00000     0.00000     0.00000     0.00000     0.00000     0.00000     0.00000     0.00000     0.00000     0.01639
   -20.11070     0.01063     0.00176     0.00404     0.00141     0.00000     0.00000     0.00001     0.00000     0.00000     0.00000     0.00000     0.00000     0.00000     0.00000     0.00000     0.00000     0.01785
   -20.05770     0.01129     0.00200     0.00446     0.00156     0.00000     0.00000     0.00001     0.00000     0.00000     0.00000     0.00000     0.00000     0.00000     0.00000     0.00000     0.00000     0.01932
   -20.00470     0.01196     0.00219     0.00489     0.00173     0.00000     0.00000     0.00001     0.00000     0.00000     0.00000     0.00000     0.00000     0.00000     0.00000     0.00000     0.00000     0.02078
   -19.95070     0.01264     0.00233     0.00536     0.00188     0.00000     0.00000     0.00001     0.00000     0.00000     0.00000     0.00000     0.00000     0.00000     0.00000     0.00000     0.00000     0.02225
   -19.89770     0.01334     0.00256     0.00570     0.00226     0.00001     0.00000     0.00002     0.00000     0.00000     0.00000     0.00000     0.00000     0.00000     0.00000     0.00000     0.00000     0.02388
   -19.84370     0.01404     0.00281     0.00601     0.00266     0.00001     0.00000     0.00002     0.00000     0.00000     0.00000     0.00000     0.00000     0.00000     0.00000     0.00000     0.00000     0.02556
   -19.79070     0.01474     0.00305     0.00656     0.00279     0.00001     0.00001     0.00002     0.00000     0.00000     0.00000     0.00000     0.00000     0.00000     0.00000     0.00000     0.00000     0.02718
   -19.73770     0.01545     0.00330     0.00711     0.00290     0.00001     0.00001     0.00003     0.00000     0.00000     0.00000     0.00000     0.00000     0.00000     0.00000     0.00000     0.00000     0.02880
   -19.68370     0.01616     0.00353     0.00763     0.00304     0.00001     0.00001     0.00003     0.00000     0.00000     0.00000     0.00000     0.00000     0.00000     0.00000     0.00000     0.00000     0.03042
   -19.63070     0.01688     0.00373     0.00817     0.00321     0.00001     0.00001     0.00004     0.00000     0.00000     0.00000     0.00000     0.00000     0.00000     0.00000     0.00000     0.00000     0.03206
   -19.57770     0.01765     0.00401     0.00864     0.00355     0.00001     0.00001     0.00004     0.00001     0.00000     0.00000     0.00000     0.00000     0.00000     0.00000     0.00000     0.00000     0.03392
   -19.52370     0.01842     0.00427     0.00905     0.00393     0.00001     0.00001     0.00005     0.00001     0.00000     0.00000     0.00000     0.00000     0.00000     0.00000     0.00000     0.00000     0.03575
   -19.47070     0.01918     0.00453     0.00961     0.00414     0.00002     0.00001     0.00005     0.00001     0.00000     0.00000     0.00000     0.00000     0.00000     0.00000     0.00000     0.00000     0.03755
   -19.41770     0.01994     0.00479     0.01026     0.00422     0.00002     0.00002     0.00006     0.00001     0.00000     0.00000     0.00000     0.00000     0.00000     0.00000     0.00000     0.00000     0.03932
   -19.36370     0.02071     0.00505     0.01089     0.00432     0.00002     0.00002     0.00007     0.00001     0.00000     0.00000     0.00000     0.00000     0.00000     0.00000     0.00000     0.00000     0.04108
   -19.31070     0.02150     0.00531     0.01150     0.00447     0.00002     0.00002     0.00008     0.00001     0.00000     0.00000     0.00000     0.00000     0.00000     0.00000     0.00000     0.00000     0.04292
   -19.25770     0.02235     0.00562     0.01205     0.00478     0.00003     0.00002     0.00009     0.00001     0.00000     0.00000     0.00000     0.00000     0.00000     0.00000     0.00000     0.00000     0.04494
   -19.20370     0.02319     0.00590     0.01244     0.00523     0.00003     0.00002     0.00010     0.00001     0.00001     0.00000     0.00000     0.00000     0.00000     0.00000     0.00000     0.00000     0.04693
   -19.15070     0.02404     0.00617     0.01286     0.00566     0.00003     0.00003     0.00011     0.00001     0.00001     0.00000     0.00000     0.00000     0.00000     0.00000     0.00000     0.00000     0.04892
   -19.09770     0.02488     0.00643     0.01342     0.00592     0.00004     0.00003     0.00012     0.00002     0.00001     0.00000     0.00000     0.00000     0.00000     0.00000     0.00000     0.00000     0.05087
   -19.04370     0.02571     0.00670     0.01406     0.00608     0.00004     0.00003     0.00013     0.00002     0.00001     0.00000     0.00000     0.00000     0.00000     0.00000     0.00000     0.00000     0.05278
   -18.99070     0.02655     0.00697     0.01471     0.00622     0.00004     0.00004     0.00015     0.00002     0.00001     0.00000     0.00000     0.00000     0.00000     0.00000     0.00000     0.00000     0.05470
   -18.93770     0.02750     0.00733     0.01529     0.00653     0.00005     0.00004     0.00016     0.00002     0.00001     0.00000     0.00000     0.00000     0.00000     0.00000     0.00000     0.00000     0.05693
   -18.88370     0.02845     0.00765     0.01567     0.00704     0.00006     0.00005     0.00018     0.00002     0.00001     0.00000     0.00000     0.00000     0.00000     0.00000     0.00000     0.00000     0.05913
   -18.83070     0.02939     0.00794     0.01612     0.00748     0.00006     0.00005     0.00020     0.00003     0.00001     0.00000     0.00000     0.00000     0.00000     0.00000     0.00000     0.00000     0.06129
   -18.77770     0.03032     0.00822     0.01666     0.00783     0.00007     0.00006     0.00022     0.00003     0.00001     0.00000     0.00000     0.00000     0.00000     0.00000     0.00000     0.00000     0.06342
   -18.72370     0.03126     0.00849     0.01724     0.00812     0.00007     0.00006     0.00024     0.00003     0.00001     0.00000     0.00000     0.00000     0.00000     0.00000     0.00000     0.00000     0.06553
   -18.67070     0.03219     0.00875     0.01795     0.00826     0.00008     0.00007     0.00026     0.00004     0.00002     0.00000     0.00000     0.00000     0.00000     0.00000     0.00000     0.00000     0.06762
   -18.61770     0.03322     0.00909     0.01867     0.00845     0.00009     0.00008     0.00029     0.00004     0.00002     0.00000     0.00000     0.00000     0.00000     0.00000     0.00000     0.00000     0.06994
   -18.56370     0.03430     0.00947     0.01927     0.00878     0.00010     0.00009     0.00032     0.00004     0.00002     0.00000     0.00000     0.00000     0.00000     0.00000     0.00000     0.00000     0.07238
   -18.51070     0.03537     0.00980     0.01977     0.00920     0.00011     0.00009     0.00035     0.00005     0.00002     0.00000     0.00000     0.00000     0.00000     0.00000     0.00000     0.00000     0.07476
   -18.45770     0.03643     0.01010     0.02037     0.00953     0.00012     0.00010     0.00038     0.00005     0.00002     0.00000     0.00000     0.00000     0.00000     0.00000     0.00000     0.00000     0.07711
   -18.40370     0.03749     0.01038     0.02102     0.00978     0.00013     0.00011     0.00042     0.00006     0.00003     0.00000     0.00000     0.00000     0.00000     0.00000     0.00000     0.00000     0.07941
   -18.35070     0.03855     0.01065     0.02166     0.01005     0.00014     0.00013     0.00045     0.00006     0.00003     0.00000     0.00000     0.00000     0.00000     0.00000     0.00000     0.00000     0.08172
   -18.29770     0.03967     0.01094     0.02236     0.01029     0.00015     0.00014     0.00049     0.00007     0.00003     0.00000     0.00000     0.00000     0.00000     0.00000     0.00000     0.00000     0.08414
   -18.24370     0.04091     0.01131     0.02312     0.01051     0.00017     0.00015     0.00054     0.00007     0.00003     0.00000     0.00000     0.00000     0.00000     0.00000     0.00000     0.00000     0.08682
   -18.19070     0.04216     0.01167     0.02373     0.01086     0.00019     0.00016     0.00060     0.00008     0.00003     0.00000     0.00000     0.00000     0.00000     0.00000     0.00000     0.00000     0.08948
   -18.13770     0.04340     0.01201     0.02419     0.01133     0.00021     0.00018     0.00065     0.00009     0.00004     0.00000     0.00000     0.00000     0.00000     0.00000     0.00000     0.00000     0.09209
   -18.08370     0.04464     0.01230     0.02475     0.01170     0.00022     0.00019     0.00070     0.00010     0.00004     0.00000     0.00000     0.00000     0.00000     0.00000     0.00000     0.00000     0.09465
   -18.03070     0.04587     0.01257     0.02545     0.01192     0.00024     0.00021     0.00076     0.00010     0.00005     0.00000     0.00000     0.00000     0.00000     0.00000     0.00000     0.00000     0.09717
   -17.97770     0.04712     0.01283     0.02607     0.01220     0.00025     0.00023     0.00082     0.00011     0.00005     0.00000     0.00000     0.00000     0.00000     0.00000     0.00000     0.00000     0.09969
   -17.92370     0.04864     0.01320     0.02670     0.01263     0.00029     0.00025     0.00091     0.00012     0.00006     0.00000     0.00000     0.00000     0.00000     0.00000     0.00000     0.00000     0.10279
   -17.87070     0.05014     0.01353     0.02733     0.01298     0.00032     0.00027     0.00099     0.00014     0.00006     0.00000     0.00000     0.00000     0.00000     0.00000     0.00000     0.00000     0.10575
   -17.81770     0.05165     0.01386     0.02779     0.01347     0.00035     0.00029     0.00108     0.00015     0.00007     0.00000     0.00000     0.00000     0.00000     0.00000     0.00000     0.00000     0.10871
   -17.76370     0.05317     0.01417     0.02824     0.01393     0.00038     0.00031     0.00118     0.00016     0.00007     0.00000     0.00000     0.00000     0.00000     0.00000     0.00000     0.00000     0.11162
   -17.71070     0.05472     0.01444     0.02884     0.01422     0.00041     0.00034     0.00128     0.00017     0.00008     0.00000     0.00000     0.00000     0.00000     0.00000     0.00000     0.00000     0.11450
   -17.65770     0.05629     0.01467     0.02962     0.01431     0.00044     0.00037     0.00139     0.00019     0.00009     0.00000     0.00000     0.00000     0.00000     0.00000     0.00000     0.00000     0.11736
   -17.60370     0.05819     0.01501     0.03031     0.01462     0.00049     0.00041     0.00153     0.00021     0.00009     0.00000     0.00000     0.00000     0.00000     0.00000     0.00000     0.00000     0.12085
   -17.55070     0.06018     0.01533     0.03093     0.01498     0.00054     0.00044     0.00168     0.00023     0.00010     0.00000     0.00000     0.00000     0.00000     0.00000     0.00000     0.00000     0.12441
   -17.49770     0.06221     0.01560     0.03141     0.01541     0.00060     0.00047     0.00184     0.00025     0.00011     0.00000     0.00000     0.00000     0.00000     0.00000     0.00000     0.00000     0.12790
   -17.44370     0.06433     0.01585     0.03191     0.01576     0.00065     0.00051     0.00202     0.00027     0.00012     0.00000     0.00000     0.00000     0.00000     0.00000     0.00000     0.00000     0.13142
   -17.39070     0.06655     0.01608     0.03246     0.01598     0.00071     0.00056     0.00221     0.00030     0.00013     0.00000     0.00000     0.00000     0.00000     0.00000     0.00000     0.00000     0.13497
   -17.33770     0.06894     0.01627     0.03307     0.01611     0.00076     0.00061     0.00242     0.00033     0.00014     0.00000     0.00000     0.00000     0.00000     0.00000     0.00000     0.00000     0.13865
   -17.28370     0.07199     0.01658     0.03380     0.01629     0.00085     0.00068     0.00269     0.00036     0.00016     0.00000     0.00000     0.00000     0.00000     0.00000     0.00000     0.00000     0.14340
   -17.23070     0.07534     0.01681     0.03442     0.01649     0.00096     0.00074     0.00299     0.00040     0.00017     0.00000     0.00000     0.00000     0.00000     0.00000     0.00000     0.00000     0.14833
   -17.17670     0.07916     0.01700     0.03485     0.01681     0.00107     0.00082     0.00333     0.00045     0.00019     0.00000     0.00000     0.00000     0.00000     0.00000     0.00000     0.00000     0.15368
   -17.12370     0.08395     0.01714     0.03520     0.01715     0.00121     0.00091     0.00371     0.00052     0.00021     0.00000     0.00000     0.00000     0.00000     0.00000     0.00000     0.00000     0.16000
   -17.07070     0.09087     0.01731     0.03559     0.01747     0.00139     0.00105     0.00415     0.00063     0.00023     0.00000     0.00000     0.00000     0.00000     0.00000     0.00000     0.00000     0.16869
   -17.01670     0.10660     0.01785     0.03646     0.01811     0.00176     0.00136     0.00470     0.00089     0.00025     0.00000     0.00000     0.00000     0.00000     0.00000     0.00000     0.00000     0.18798
   -16.96370     0.10740     0.01758     0.03643     0.01817     0.00189     0.00137     0.00540     0.00084     0.00028     0.00000     0.00000     0.00000     0.00000     0.00000     0.00000     0.00000     0.18938
   -16.91070     0.10020     0.01694     0.03579     0.01754     0.00183     0.00124     0.00622     0.00068     0.00031     0.00000     0.00000     0.00000     0.00000     0.00000     0.00000     0.00000     0.18075
   -16.85670     0.10170     0.01671     0.03552     0.01751     0.00197     0.00126     0.00729     0.00066     0.00034     0.00000     0.00000     0.00000     0.00000     0.00000     0.00000     0.00000     0.18296
   -16.80370     0.10010     0.01630     0.03443     0.01757     0.00202     0.00120     0.00874     0.00059     0.00039     0.00000     0.00000     0.00000     0.00000     0.00000     0.00000     0.00000     0.18134
   -16.75070     0.09746     0.01615     0.03319     0.01737     0.00203     0.00113     0.01105     0.00051     0.00044     0.00000     0.00000     0.00000     0.00000     0.00000     0.00000     0.00000     0.17933
   -16.69670     0.10020     0.01644     0.03212     0.01724     0.00214     0.00111     0.01656     0.00047     0.00050     0.00000     0.00000     0.00000     0.00000     0.00000     0.00000     0.00000     0.18678
   -16.64370     0.09576     0.01675     0.03002     0.01682     0.00224     0.00107     0.01704     0.00041     0.00058     0.00000     0.00000     0.00000     0.00000     0.00000     0.00000     0.00000     0.18069
   -16.59070     0.08854     0.01671     0.02737     0.01654     0.00223     0.00099     0.01696     0.00035     0.00067     0.00000     0.00000     0.00000     0.00000     0.00000     0.00000     0.00000     0.17035
   -16.53670     0.08267     0.01729     0.02461     0.01632     0.00221     0.00091     0.01833     0.00030     0.00084     0.00000     0.00000     0.00000     0.00000     0.00000     0.00000     0.00000     0.16348
   -16.48370     0.07644     0.01761     0.02200     0.01640     0.00238     0.00083     0.01815     0.00026     0.00099     0.00000     0.00000     0.00000     0.00000     0.00000     0.00000     0.00000     0.15506
   -16.43070     0.06863     0.01855     0.01934     0.01605     0.00234     0.00075     0.01988     0.00022     0.00130     0.00000     0.00000     0.00000     0.00000     0.00000     0.00000     0.00000     0.14706
   -16.37670     0.05872     0.01998     0.01649     0.01598     0.00224     0.00064     0.02160     0.00018     0.00168     0.00000     0.00000     0.00000     0.00000     0.00000     0.00000     0.00000     0.13752
   -16.32370     0.05125     0.02377     0.01368     0.01884     0.00249     0.00053     0.02530     0.00017     0.00219     0.00000     0.00000     0.00000     0.00000     0.00000     0.00000     0.00000     0.13822
   -16.27070     0.03155     0.02915     0.00969     0.01914     0.00176     0.00038     0.03600     0.00016     0.00729     0.00000     0.00000     0.00000     0.00000     0.00000     0.00000     0.00000     0.13512
   -16.21670     0.00161     0.00521     0.00140     0.00183     0.00009     0.00005     0.01179     0.00004     0.00806     0.00000     0.00000     0.00000     0.00000     0.00000     0.00000     0.00000     0.03006
   -16.16370     0.00054     0.00071     0.00079     0.00068     0.00009     0.00002     0.00805     0.00001     0.00973     0.00000     0.00000     0.00000     0.00000     0.00000     0.00000     0.00000     0.02062
   -16.11070     0.05731     0.03323     0.02559     0.03568     0.00717     0.00088     0.03475     0.00043     0.01285     0.00000     0.00000     0.00000     0.00000     0.00000     0.00000     0.00000     0.20790
   -16.05670     0.07441     0.05543     0.04937     0.06144     0.00951     0.00161     0.04401     0.00065     0.01627     0.00000     0.00000     0.00000     0.00000     0.00000     0.00000     0.00000     0.31270
   -16.00370     0.09502     0.07524     0.10710     0.08885     0.03539     0.00226     0.05077     0.00088     0.01765     0.00000     0.00000     0.00000     0.00000     0.00000     0.00000     0.00000     0.47316
   -15.95070     0.11110     0.08928     0.14170     0.11330     0.04246     0.00309     0.06305     0.00107     0.01949     0.00000     0.00000     0.00000     0.00000     0.00000     0.00000     0.00000     0.58454
   -15.89670     0.10170     0.06390     0.10560     0.08766     0.03000     0.00359     0.06908     0.00094     0.02096     0.00000     0.00000     0.00000     0.00000     0.00000     0.00000     0.00000     0.48342
   -15.84370     0.07593     0.05181     0.07767     0.06738     0.02012     0.00309     0.06662     0.00087     0.02264     0.00000     0.00000     0.00000     0.00000     0.00000     0.00000     0.00000     0.38613
   -15.79070     0.04421     0.04458     0.05876     0.05130     0.01458     0.00236     0.06487     0.00087     0.02357     0.00000     0.00000     0.00000     0.00000     0.00000     0.00000     0.00000     0.30510
   -15.73670     0.02917     0.03966     0.05376     0.04488     0.01339     0.00227     0.06682     0.00088     0.02506     0.00000     0.00000     0.00000     0.00000     0.00000     0.00000     0.00000     0.27589
   -15.68370     0.08806     0.03645     0.05915     0.04543     0.01728     0.00266     0.08264     0.00092     0.02749     0.00000     0.00000     0.00000     0.00000     0.00000     0.00000     0.00000     0.36008
   -15.63070     0.11630     0.03500     0.10290     0.06115     0.03304     0.00410     0.10710     0.00104     0.02827     0.00000     0.00000     0.00000     0.00000     0.00000     0.00000     0.00000     0.48890
   -15.57670     0.09200     0.03327     0.11810     0.06820     0.03478     0.00552     0.10620     0.00118     0.02978     0.00000     0.00000     0.00000     0.00000     0.00000     0.00000     0.00000     0.48903
   -15.52370     0.07746     0.03194     0.12620     0.07390     0.03458     0.00709     0.10190     0.00135     0.03265     0.00000     0.00000     0.00000     0.00000     0.00000     0.00000     0.00000     0.48707
   -15.47070     0.06527     0.03096     0.13290     0.07564     0.03345     0.00876     0.10210     0.00162     0.03559     0.00000     0.00000     0.00000     0.00000     0.00000     0.00000     0.00000     0.48628
   -15.41670     0.05559     0.02933     0.13080     0.07233     0.03080     0.00999     0.10170     0.00186     0.03572     0.00000     0.00000     0.00000     0.00000     0.00000     0.00000     0.00000     0.46812
   -15.36370     0.04799     0.02780     0.12690     0.06665     0.02846     0.00983     0.09640     0.00228     0.03472     0.00000     0.00000     0.00000     0.00000     0.00000     0.00000     0.00000     0.44103
   -15.31070     0.04018     0.02579     0.10650     0.05931     0.02400     0.00808     0.05962     0.00198     0.03426     0.00000     0.00000     0.00000     0.00000     0.00000     0.00000     0.00000     0.35972
   -15.25670     0.03547     0.02448     0.09513     0.05404     0.02167     0.00750     0.04717     0.00196     0.03402     0.00000     0.00000     0.00000     0.00000     0.00000     0.00000     0.00000     0.32143
   -15.20370     0.03151     0.02379     0.08423     0.04934     0.01985     0.00701     0.04067     0.00196     0.03501     0.00000     0.00000     0.00000     0.00000     0.00000     0.00000     0.00000     0.29337
   -15.15070     0.02885     0.02303     0.08925     0.04487     0.01889     0.00679     0.03565     0.00198     0.03588     0.00000     0.00000     0.00000     0.00000     0.00000     0.00000     0.00000     0.28519
   -15.09670     0.02936     0.02327     0.14940     0.04265     0.02047     0.00704     0.03407     0.00208     0.03748     0.00000     0.00000     0.00000     0.00000     0.00000     0.00000     0.00000     0.34582
   -15.04370     0.03307     0.02441     0.19670     0.05462     0.02387     0.00992     0.03473     0.00227     0.04012     0.00000     0.00000     0.00000     0.00000     0.00000     0.00000     0.00000     0.41971
   -14.99070     0.03831     0.02908     0.18770     0.05696     0.02468     0.01026     0.03979     0.00260     0.04626     0.00000     0.00000     0.00000     0.00000     0.00000     0.00000     0.00000     0.43564
   -14.93670     0.04637     0.04165     0.19640     0.06617     0.02746     0.01150     0.04814     0.00337     0.05681     0.00000     0.00000     0.00000     0.00000     0.00000     0.00000     0.00000     0.49787
   -14.88370     0.04360     0.04063     0.17870     0.06195     0.02085     0.01126     0.05137     0.00336     0.03830     0.00000     0.00000     0.00000     0.00000     0.00000     0.00000     0.00000     0.45002
   -14.83070     0.04036     0.03219     0.16570     0.05456     0.01523     0.01089     0.04014     0.00327     0.03287     0.00000     0.00000     0.00000     0.00000     0.00000     0.00000     0.00000     0.39521
   -14.77670     0.04225     0.02571     0.15940     0.05075     0.01784     0.00833     0.03337     0.00323     0.03322     0.00000     0.00000     0.00000     0.00000     0.00000     0.00000     0.00000     0.37411
   -14.72370     0.04678     0.03073     0.15770     0.05769     0.02094     0.00801     0.03151     0.00396     0.05149     0.00000     0.00000     0.00000     0.00000     0.00000     0.00000     0.00000     0.40881
   -14.67070     0.04900     0.03358     0.15200     0.05854     0.01979     0.00880     0.02725     0.00441     0.05474     0.00000     0.00000     0.00000     0.00000     0.00000     0.00000     0.00000     0.40812
   -14.61670     0.05535     0.04888     0.15960     0.06972     0.01867     0.01218     0.02275     0.00635     0.07569     0.00000     0.00000     0.00000     0.00000     0.00000     0.00000     0.00000     0.46919
   -14.56370     0.05666     0.04540     0.15940     0.05988     0.01884     0.01163     0.01737     0.00627     0.07821     0.00000     0.00000     0.00000     0.00000     0.00000     0.00000     0.00000     0.45366
   -14.51070     0.06670     0.04937     0.17810     0.05983     0.02096     0.01332     0.01787     0.00594     0.08605     0.00000     0.00000     0.00000     0.00000     0.00000     0.00000     0.00000     0.49814
   -14.45670     0.04509     0.04712     0.10870     0.05158     0.01781     0.01251     0.01641     0.00566     0.06384     0.00000     0.00000     0.00000     0.00000     0.00000     0.00000     0.00000     0.36872
   -14.40370     0.03362     0.03529     0.08193     0.04039     0.01579     0.01090     0.01290     0.00494     0.05100     0.00000     0.00000     0.00000     0.00000     0.00000     0.00000     0.00000     0.28676
   -14.34970     0.03835     0.02928     0.11080     0.03281     0.01567     0.00963     0.01077     0.00437     0.04832     0.00000     0.00000     0.00000     0.00000     0.00000     0.00000     0.00000     0.30001
   -14.29670     0.05001     0.02964     0.15510     0.05159     0.01675     0.00984     0.01149     0.00523     0.05373     0.00000     0.00000     0.00000     0.00000     0.00000     0.00000     0.00000     0.38339
   -14.24370     0.04422     0.02054     0.14110     0.06473     0.01366     0.00607     0.00795     0.00500     0.03609     0.00000     0.00000     0.00000     0.00000     0.00000     0.00000     0.00000     0.33936
   -14.18970     0.04338     0.01996     0.13860     0.06736     0.01385     0.00590     0.00852     0.00535     0.03799     0.00000     0.00000     0.00000     0.00000     0.00000     0.00000     0.00000     0.34091
   -14.13670     0.04443     0.02250     0.14350     0.07163     0.01434     0.00661     0.01008     0.00643     0.04602     0.00000     0.00000     0.00000     0.00000     0.00000     0.00000     0.00000     0.36554
   -14.08370     0.04800     0.02604     0.15830     0.08835     0.01487     0.00776     0.01335     0.00839     0.06034     0.00000     0.00000     0.00000     0.00000     0.00000     0.00000     0.00000     0.42540
   -14.02970     0.03966     0.02401     0.12790     0.06703     0.01407     0.00771     0.01077     0.00643     0.04911     0.00000     0.00000     0.00000     0.00000     0.00000     0.00000     0.00000     0.34669
   -13.97670     0.03636     0.02326     0.11570     0.06139     0.01379     0.00781     0.01018     0.00577     0.04495     0.00000     0.00000     0.00000     0.00000     0.00000     0.00000     0.00000     0.31921
   -13.92370     0.03206     0.02199     0.10200     0.05524     0.01352     0.00751     0.00942     0.00514     0.04178     0.00000     0.00000     0.00000     0.00000     0.00000     0.00000     0.00000     0.28865
   -13.86970     0.02973     0.02049     0.09505     0.05278     0.01339     0.00731     0.00904     0.00478     0.03899     0.00000     0.00000     0.00000     0.00000     0.00000     0.00000     0.00000     0.27156
   -13.81670     0.02746     0.01977     0.08915     0.04999     0.01318     0.00707     0.00873     0.00452     0.03669     0.00000     0.00000     0.00000     0.00000     0.00000     0.00000     0.00000     0.25656
   -13.76370     0.02504     0.01919     0.08335     0.04679     0.01286     0.00684     0.00838     0.00422     0.03426     0.00000     0.00000     0.00000     0.00000     0.00000     0.00000     0.00000     0.24094
   -13.70970     0.02232     0.01788     0.07757     0.04339     0.01225     0.00671     0.00805     0.00386     0.03147     0.00000     0.00000     0.00000     0.00000     0.00000     0.00000     0.00000     0.22350
   -13.65670     0.02048     0.01664     0.07321     0.04154     0.01181     0.00665     0.00767     0.00366     0.02913     0.00000     0.00000     0.00000     0.00000     0.00000     0.00000     0.00000     0.21079
   -13.60370     0.01862     0.01592     0.06941     0.03922     0.01143     0.00651     0.00735     0.00344     0.02670     0.00000     0.00000     0.00000     0.00000     0.00000     0.00000     0.00000     0.19860
   -13.54970     0.01654     0.01555     0.06555     0.03676     0.01093     0.00624     0.00708     0.00315     0.02380     0.00000     0.00000     0.00000     0.00000     0.00000     0.00000     0.00000     0.18560
   -13.49670     0.01477     0.01467     0.06100     0.03503     0.01045     0.00605     0.00656     0.00296     0.02130     0.00000     0.00000     0.00000     0.00000     0.00000     0.00000     0.00000     0.17279
   -13.44370     0.01316     0.01388     0.05753     0.03369     0.01028     0.00573     0.00611     0.00278     0.01883     0.00000     0.00000     0.00000     0.00000     0.00000     0.00000     0.00000     0.16198
   -13.38970     0.01146     0.01369     0.05495     0.02997     0.01013     0.00496     0.00580     0.00258     0.01524     0.00000     0.00000     0.00000     0.00000     0.00000     0.00000     0.00000     0.14877
   -13.33670     0.00997     0.01361     0.05026     0.02579     0.00975     0.00429     0.00516     0.00245     0.01235     0.00000     0.00000     0.00000     0.00000     0.00000     0.00000     0.00000     0.13363
   -13.28370     0.00846     0.01711     0.04297     0.02626     0.00942     0.00372     0.00411     0.00229     0.01086     0.00000     0.00000     0.00000     0.00000     0.00000     0.00000     0.00000     0.12520
   -13.22970     0.00719     0.06003     0.04044     0.04768     0.00914     0.00362     0.00394     0.00272     0.01737     0.00000     0.00000     0.00000     0.00000     0.00000     0.00000     0.00000     0.19215
   -13.17670     0.00614     0.08065     0.03737     0.05766     0.00867     0.00426     0.00383     0.00369     0.02177     0.00000     0.00000     0.00000     0.00000     0.00000     0.00000     0.00000     0.22404
   -13.12370     0.00530     0.09812     0.03619     0.06696     0.00881     0.00549     0.00485     0.00529     0.02961     0.00000     0.00000     0.00000     0.00000     0.00000     0.00000     0.00000     0.26062
   -13.06970     0.00448     0.11720     0.03654     0.08066     0.00895     0.00770     0.00636     0.00779     0.04115     0.00000     0.00000     0.00000     0.00000     0.00000     0.00000     0.00000     0.31082
   -13.01670     0.00365     0.13720     0.03765     0.09670     0.00910     0.01125     0.00803     0.01160     0.05483     0.00000     0.00000     0.00000     0.00000     0.00000     0.00000     0.00000     0.37001
   -12.96370     0.00311     0.17680     0.04852     0.13240     0.01221     0.01947     0.01450     0.01944     0.09147     0.00000     0.00000     0.00000     0.00000     0.00000     0.00000     0.00000     0.51792
   -12.90970     0.00221     0.18510     0.04559     0.15360     0.01337     0.03184     0.01249     0.03613     0.10420     0.00000     0.00000     0.00000     0.00000     0.00000     0.00000     0.00000     0.58453
   -12.85670     0.00065     0.18150     0.04355     0.17830     0.01217     0.07103     0.00932     0.10990     0.11200     0.00000     0.00000     0.00000     0.00000     0.00000     0.00000     0.00000     0.71842
   -12.80370     0.00008     0.12760     0.02446     0.18290     0.01016     0.01792     0.00609     0.05357     0.04815     0.00000     0.00000     0.00000     0.00000     0.00000     0.00000     0.00000     0.47093
   -12.74970     0.00006     0.09820     0.00364     0.18130     0.00721     0.00686     0.00366     0.03061     0.02759     0.00000     0.00000     0.00000     0.00000     0.00000     0.00000     0.00000     0.35913
   -12.69670     0.00036     0.08865     0.00342     0.16120     0.00321     0.00672     0.00179     0.01797     0.01501     0.00000     0.00000     0.00000     0.00000     0.00000     0.00000     0.00000     0.29834
   -12.64370     0.00087     0.08845     0.00788     0.12010     0.00120     0.00902     0.00127     0.00945     0.00757     0.00000     0.00000     0.00000     0.00000     0.00000     0.00000     0.00000     0.24582
   -12.58970     0.00157     0.12340     0.01466     0.08769     0.00119     0.01282     0.00222     0.00603     0.00332     0.00000     0.00000     0.00000     0.00000     0.00000     0.00000     0.00000     0.25290
   -12.53670     0.00263     0.20390     0.02510     0.08825     0.00299     0.01626     0.00645     0.00575     0.00071     0.00000     0.00000     0.00000     0.00000     0.00000     0.00000     0.00000     0.35204
   -12.48370     0.00368     0.23300     0.03670     0.10410     0.00680     0.01362     0.01328     0.00616     0.00238     0.00000     0.00000     0.00000     0.00000     0.00000     0.00000     0.00000     0.41971
   -12.42970     0.00440     0.22840     0.04470     0.10640     0.01032     0.01150     0.01666     0.00685     0.00696     0.00000     0.00000     0.00000     0.00000     0.00000     0.00000     0.00000     0.43619
   -12.37670     0.00498     0.24260     0.04897     0.12070     0.01259     0.01188     0.01684     0.00839     0.01593     0.00000     0.00000     0.00000     0.00000     0.00000     0.00000     0.00000     0.48289
   -12.32370     0.00562     0.27580     0.05552     0.16720     0.01499     0.01481     0.01724     0.01094     0.02975     0.00000     0.00000     0.00000     0.00000     0.00000     0.00000     0.00000     0.59187
   -12.26970     0.00706     0.24230     0.05043     0.16040     0.01586     0.01558     0.01529     0.01280     0.03448     0.00000     0.00000     0.00000     0.00000     0.00000     0.00000     0.00000     0.55420
   -12.21670     0.00798     0.17740     0.04108     0.10550     0.01610     0.01404     0.01377     0.01292     0.02698     0.00000     0.00000     0.00000     0.00000     0.00000     0.00000     0.00000     0.41577
   -12.16370     0.00478     0.15180     0.02725     0.07330     0.01136     0.01165     0.01426     0.01151     0.02431     0.00000     0.00000     0.00000     0.00000     0.00000     0.00000     0.00000     0.33022
   -12.10970     0.00393     0.13530     0.01963     0.06461     0.01132     0.01093     0.01372     0.01067     0.02247     0.00000     0.00000     0.00000     0.00000     0.00000     0.00000     0.00000     0.29258
   -12.05670     0.00439     0.15340     0.02526     0.08405     0.01304     0.01249     0.01359     0.01124     0.02233     0.00000     0.00000     0.00000     0.00000     0.00000     0.00000     0.00000     0.33979
   -12.00370     0.00462     0.13260     0.02717     0.06616     0.01470     0.01327     0.01322     0.01123     0.02101     0.00000     0.00000     0.00000     0.00000     0.00000     0.00000     0.00000     0.30398
   -11.94970     0.00503     0.11600     0.02476     0.06034     0.01580     0.01388     0.01293     0.01132     0.01999     0.00000     0.00000     0.00000     0.00000     0.00000     0.00000     0.00000     0.28005
   -11.89670     0.00523     0.10470     0.02328     0.05983     0.01623     0.01490     0.01281     0.01190     0.01977     0.00000     0.00000     0.00000     0.00000     0.00000     0.00000     0.00000     0.26865
   -11.84370     0.00530     0.09356     0.02384     0.05544     0.01662     0.01559     0.01255     0.01235     0.01952     0.00000     0.00000     0.00000     0.00000     0.00000     0.00000     0.00000     0.25477
   -11.78970     0.00555     0.08162     0.02319     0.05080     0.01666     0.01638     0.01182     0.01275     0.01886     0.00000     0.00000     0.00000     0.00000     0.00000     0.00000     0.00000     0.23763
   -11.73670     0.00568     0.07298     0.02303     0.04674     0.01631     0.01706     0.01128     0.01319     0.01833     0.00000     0.00000     0.00000     0.00000     0.00000     0.00000     0.00000     0.22460
   -11.68270     0.00588     0.06630     0.02324     0.04391     0.01641     0.01758     0.01113     0.01369     0.01783     0.00000     0.00000     0.00000     0.00000     0.00000     0.00000     0.00000     0.21598
   -11.62970     0.00608     0.06085     0.02230     0.04159     0.01663     0.01829     0.01104     0.01424     0.01749     0.00000     0.00000     0.00000     0.00000     0.00000     0.00000     0.00000     0.20851
   -11.57670     0.00621     0.05519     0.02169     0.03970     0.01651     0.01897     0.01061     0.01484     0.01726     0.00000     0.00000     0.00000     0.00000     0.00000     0.00000     0.00000     0.20098
   -11.52270     0.00638     0.04948     0.02060     0.03721     0.01641     0.01941     0.01014     0.01536     0.01699     0.00000     0.00000     0.00000     0.00000     0.00000     0.00000     0.00000     0.19198
   -11.46970     0.00660     0.04492     0.01967     0.03490     0.01617     0.01966     0.00974     0.01560     0.01635     0.00000     0.00000     0.00000     0.00000     0.00000     0.00000     0.00000     0.18361
   -11.41670     0.00678     0.04136     0.01961     0.03300     0.01611     0.02006     0.00947     0.01612     0.01594     0.00000     0.00000     0.00000     0.00000     0.00000     0.00000     0.00000     0.17845
   -11.36270     0.00691     0.03830     0.01898     0.03130     0.01606     0.02049     0.00925     0.01674     0.01573     0.00000     0.00000     0.00000     0.00000     0.00000     0.00000     0.00000     0.17376
   -11.30970     0.00707     0.03601     0.01846     0.03009     0.01623     0.02116     0.00926     0.01744     0.01577     0.00000     0.00000     0.00000     0.00000     0.00000     0.00000     0.00000     0.17148
   -11.25670     0.00732     0.03284     0.01855     0.02829     0.01609     0.02149     0.00911     0.01797     0.01538     0.00000     0.00000     0.00000     0.00000     0.00000     0.00000     0.00000     0.16704
   -11.20270     0.00765     0.02949     0.01818     0.02637     0.01544     0.02173     0.00860     0.01855     0.01500     0.00000     0.00000     0.00000     0.00000     0.00000     0.00000     0.00000     0.16101
   -11.14970     0.00790     0.02747     0.01688     0.02519     0.01504     0.02208     0.00836     0.01917     0.01479     0.00000     0.00000     0.00000     0.00000     0.00000     0.00000     0.00000     0.15688
   -11.09670     0.00811     0.02574     0.01640     0.02411     0.01470     0.02251     0.00818     0.01983     0.01462     0.00000     0.00000     0.00000     0.00000     0.00000     0.00000     0.00000     0.15420
   -11.04270     0.00841     0.02421     0.01631     0.02311     0.01453     0.02296     0.00812     0.02059     0.01452     0.00000     0.00000     0.00000     0.00000     0.00000     0.00000     0.00000     0.15275
   -10.98970     0.01036     0.02344     0.01645     0.02262     0.01546     0.02441     0.00902     0.02247     0.01472     0.00000     0.00000     0.00000     0.00000     0.00000     0.00000     0.00000     0.15895
   -10.93670     0.01381     0.02521     0.01641     0.02284     0.01829     0.02760     0.01211     0.02558     0.01570     0.00000     0.00000     0.00000     0.00000     0.00000     0.00000     0.00000     0.17755
   -10.88270     0.00910     0.02069     0.01483     0.02032     0.01498     0.02423     0.00845     0.02238     0.01443     0.00000     0.00000     0.00000     0.00000     0.00000     0.00000     0.00000     0.14941
   -10.82970     0.00700     0.01776     0.01372     0.01842     0.01194     0.02266     0.00625     0.02144     0.01366     0.00000     0.00000     0.00000     0.00000     0.00000     0.00000     0.00000     0.13285
   -10.77670     0.00552     0.01572     0.01308     0.01694     0.00995     0.02181     0.00496     0.02077     0.01276     0.00000     0.00000     0.00000     0.00000     0.00000     0.00000     0.00000     0.12152
   -10.72270     0.00450     0.01468     0.01297     0.01637     0.00900     0.02241     0.00458     0.02109     0.01268     0.00000     0.00000     0.00000     0.00000     0.00000     0.00000     0.00000     0.11829
   -10.66970     0.00432     0.01533     0.01257     0.01758     0.01007     0.02603     0.00552     0.02320     0.01443     0.00000     0.00000     0.00000     0.00000     0.00000     0.00000     0.00000     0.12905
   -10.61670     0.00464     0.01545     0.01316     0.01950     0.01279     0.03010     0.00642     0.02626     0.01689     0.00000     0.00000     0.00000     0.00000     0.00000     0.00000     0.00000     0.14521
   -10.56270     0.00455     0.01215     0.01266     0.01800     0.01266     0.02735     0.00560     0.02361     0.01483     0.00000     0.00000     0.00000     0.00000     0.00000     0.00000     0.00000     0.13141
   -10.50970     0.00503     0.01030     0.01222     0.01674     0.01424     0.02479     0.00566     0.02139     0.01330     0.00000     0.00000     0.00000     0.00000     0.00000     0.00000     0.00000     0.12366
   -10.45670     0.00508     0.00730     0.01031     0.01390     0.01432     0.01932     0.00468     0.01790     0.01018     0.00000     0.00000     0.00000     0.00000     0.00000     0.00000     0.00000     0.10299
   -10.40270     0.00577     0.00623     0.00788     0.01215     0.01684     0.01723     0.00409     0.01513     0.00785     0.00000     0.00000     0.00000     0.00000     0.00000     0.00000     0.00000     0.09316
   -10.34970     0.00580     0.00557     0.00793     0.01021     0.01681     0.01572     0.00414     0.01328     0.00518     0.00000     0.00000     0.00000     0.00000     0.00000     0.00000     0.00000     0.08463
   -10.29670     0.00576     0.00502     0.00957     0.00833     0.01770     0.01415     0.00446     0.01204     0.00281     0.00000     0.00000     0.00000     0.00000     0.00000     0.00000     0.00000     0.07985
   -10.24270     0.00660     0.00581     0.01275     0.00840     0.02021     0.01563     0.00538     0.01346     0.00231     0.00000     0.00000     0.00000     0.00000     0.00000     0.00000     0.00000     0.09055
   -10.18970     0.00809     0.00911     0.01553     0.01270     0.02265     0.02331     0.00640     0.02040     0.00591     0.00000     0.00000     0.00000     0.00000     0.00000     0.00000     0.00000     0.12410
   -10.13670     0.00877     0.01287     0.01526     0.01831     0.02299     0.03208     0.00685     0.02801     0.01120     0.00000     0.00000     0.00000     0.00000     0.00000     0.00000     0.00000     0.15634
   -10.08270     0.00886     0.01214     0.01333     0.01785     0.02100     0.03213     0.00601     0.03109     0.01373     0.00000     0.00000     0.00000     0.00000     0.00000     0.00000     0.00000     0.15614
   -10.02970     0.00946     0.01035     0.01160     0.01562     0.01955     0.03042     0.00547     0.02981     0.01265     0.00000     0.00000     0.00000     0.00000     0.00000     0.00000     0.00000     0.14494
    -9.97670     0.00995     0.00885     0.01035     0.01378     0.01837     0.02918     0.00515     0.02828     0.01093     0.00000     0.00000     0.00000     0.00000     0.00000     0.00000     0.00000     0.13484
    -9.92270     0.01051     0.00799     0.01023     0.01270     0.01834     0.02866     0.00516     0.02793     0.00962     0.00000     0.00000     0.00000     0.00000     0.00000     0.00000     0.00000     0.13114
    -9.86970     0.01092     0.00743     0.01014     0.01208     0.01838     0.02854     0.00513     0.02825     0.00901     0.00000     0.00000     0.00000     0.00000     0.00000     0.00000     0.00000     0.12988
    -9.81670     0.01112     0.00699     0.01005     0.01153     0.01835     0.02846     0.00511     0.02860     0.00867     0.00000     0.00000     0.00000     0.00000     0.00000     0.00000     0.00000     0.12889
    -9.76270     0.01112     0.00664     0.00976     0.01098     0.01819     0.02833     0.00507     0.02875     0.00843     0.00000     0.00000     0.00000     0.00000     0.00000     0.00000     0.00000     0.12726
    -9.70970     0.01136     0.00634     0.00938     0.01058     0.01810     0.02838     0.00501     0.02919     0.00827     0.00000     0.00000     0.00000     0.00000     0.00000     0.00000     0.00000     0.12662
    -9.65670     0.01148     0.00606     0.00915     0.01029     0.01798     0.02857     0.00495     0.02988     0.00818     0.00000     0.00000     0.00000     0.00000     0.00000     0.00000     0.00000     0.12654
    -9.60270     0.01190     0.00588     0.00909     0.01008     0.01810     0.02916     0.00489     0.03082     0.00815     0.00000     0.00000     0.00000     0.00000     0.00000     0.00000     0.00000     0.12806
    -9.54970     0.01234     0.00559     0.00900     0.00977     0.01799     0.02959     0.00474     0.03157     0.00804     0.00000     0.00000     0.00000     0.00000     0.00000     0.00000     0.00000     0.12863
    -9.49670     0.01287     0.00536     0.00915     0.00951     0.01816     0.03041     0.00464     0.03280     0.00795     0.00000     0.00000     0.00000     0.00000     0.00000     0.00000     0.00000     0.13087
    -9.44270     0.01292     0.00517     0.00908     0.00919     0.01815     0.03061     0.00462     0.03341     0.00779     0.00000     0.00000     0.00000     0.00000     0.00000     0.00000     0.00000     0.13095
    -9.38970     0.01306     0.00503     0.00893     0.00893     0.01818     0.03089     0.00460     0.03408     0.00764     0.00000     0.00000     0.00000     0.00000     0.00000     0.00000     0.00000     0.13133
    -9.33670     0.01324     0.00491     0.00868     0.00874     0.01811     0.03134     0.00456     0.03489     0.00751     0.00000     0.00000     0.00000     0.00000     0.00000     0.00000     0.00000     0.13199
    -9.28270     0.01328     0.00477     0.00850     0.00856     0.01788     0.03171     0.00451     0.03561     0.00737     0.00000     0.00000     0.00000     0.00000     0.00000     0.00000     0.00000     0.13220
    -9.22970     0.01358     0.00466     0.00855     0.00848     0.01799     0.03247     0.00449     0.03677     0.00725     0.00000     0.00000     0.00000     0.00000     0.00000     0.00000     0.00000     0.13425
    -9.17670     0.01386     0.00454     0.00864     0.00840     0.01813     0.03333     0.00449     0.03806     0.00712     0.00000     0.00000     0.00000     0.00000     0.00000     0.00000     0.00000     0.13657
    -9.12270     0.01415     0.00444     0.00864     0.00828     0.01825     0.03417     0.00443     0.03918     0.00700     0.00000     0.00000     0.00000     0.00000     0.00000     0.00000     0.00000     0.13854
    -9.06970     0.01465     0.00436     0.00877     0.00819     0.01859     0.03530     0.00436     0.04056     0.00691     0.00000     0.00000     0.00000     0.00000     0.00000     0.00000     0.00000     0.14170
    -9.01570     0.01507     0.00428     0.00888     0.00809     0.01885     0.03656     0.00427     0.04209     0.00682     0.00000     0.00000     0.00000     0.00000     0.00000     0.00000     0.00000     0.14492
    -8.96270     0.01517     0.00420     0.00883     0.00798     0.01883     0.03803     0.00418     0.04395     0.00671     0.00000     0.00000     0.00000     0.00000     0.00000     0.00000     0.00000     0.14788
    -8.90970     0.01525     0.00411     0.00873     0.00784     0.01875     0.03953     0.00416     0.04551     0.00656     0.00000     0.00000     0.00000     0.00000     0.00000     0.00000     0.00000     0.15045
    -8.85570     0.01542     0.00407     0.00870     0.00775     0.01870     0.04217     0.00415     0.04821     0.00643     0.00000     0.00000     0.00000     0.00000     0.00000     0.00000     0.00000     0.15560
    -8.80270     0.01567     0.00409     0.00879     0.00775     0.01877     0.04736     0.00413     0.05347     0.00634     0.00000     0.00000     0.00000     0.00000     0.00000     0.00000     0.00000     0.16637
    -8.74970     0.01592     0.00402     0.00887     0.00766     0.01880     0.04619     0.00410     0.05277     0.00624     0.00000     0.00000     0.00000     0.00000     0.00000     0.00000     0.00000     0.16457
    -8.69570     0.01617     0.00397     0.00898     0.00763     0.01898     0.04563     0.00408     0.05151     0.00615     0.00000     0.00000     0.00000     0.00000     0.00000     0.00000     0.00000     0.16310
    -8.64270     0.01650     0.00400     0.00918     0.00768     0.01949     0.04488     0.00408     0.05223     0.00607     0.00000     0.00000     0.00000     0.00000     0.00000     0.00000     0.00000     0.16411
    -8.58970     0.01674     0.00409     0.00928     0.00778     0.01993     0.04296     0.00406     0.05025     0.00596     0.00000     0.00000     0.00000     0.00000     0.00000     0.00000     0.00000     0.16105
    -8.53570     0.01664     0.00381     0.00925     0.00749     0.01970     0.04117     0.00400     0.04870     0.00586     0.00000     0.00000     0.00000     0.00000     0.00000     0.00000     0.00000     0.15661
    -8.48270     0.01647     0.00354     0.00895     0.00703     0.01934     0.03722     0.00390     0.04429     0.00570     0.00000     0.00000     0.00000     0.00000     0.00000     0.00000     0.00000     0.14645
    -8.42970     0.01645     0.00345     0.00881     0.00681     0.01910     0.03501     0.00381     0.04199     0.00558     0.00000     0.00000     0.00000     0.00000     0.00000     0.00000     0.00000     0.14101
    -8.37570     0.01659     0.00346     0.00880     0.00682     0.01933     0.03255     0.00380     0.03938     0.00545     0.00000     0.00000     0.00000     0.00000     0.00000     0.00000     0.00000     0.13617
    -8.32270     0.01675     0.00354     0.00884     0.00683     0.01945     0.03301     0.00384     0.03942     0.00534     0.00000     0.00000     0.00000     0.00000     0.00000     0.00000     0.00000     0.13701
    -8.26970     0.01700     0.00380     0.00907     0.00707     0.02005     0.03500     0.00388     0.04074     0.00523     0.00000     0.00000     0.00000     0.00000     0.00000     0.00000     0.00000     0.14185
    -8.21570     0.01716     0.00388     0.00910     0.00721     0.02028     0.03507     0.00392     0.04224     0.00511     0.00000     0.00000     0.00000     0.00000     0.00000     0.00000     0.00000     0.14397
    -8.16270     0.01733     0.00396     0.00901     0.00727     0.02024     0.03383     0.00395     0.04232     0.00504     0.00000     0.00000     0.00000     0.00000     0.00000     0.00000     0.00000     0.14295
    -8.10970     0.01753     0.00409     0.00872     0.00715     0.01985     0.03249     0.00399     0.04175     0.00494     0.00000     0.00000     0.00000     0.00000     0.00000     0.00000     0.00000     0.14050
    -8.05570     0.01774     0.00424     0.00879     0.00725     0.02009     0.03199     0.00404     0.04277     0.00481     0.00000     0.00000     0.00000     0.00000     0.00000     0.00000     0.00000     0.14173
    -8.00270     0.01802     0.00440     0.00899     0.00743     0.02055     0.03229     0.00414     0.04445     0.00473     0.00000     0.00000     0.00000     0.00000     0.00000     0.00000     0.00000     0.14499
    -7.94970     0.01828     0.00457     0.00915     0.00760     0.02099     0.03238     0.00426     0.04582     0.00463     0.00000     0.00000     0.00000     0.00000     0.00000     0.00000     0.00000     0.14768
    -7.89570     0.01861     0.00476     0.00939     0.00785     0.02153     0.03280     0.00435     0.04791     0.00456     0.00000     0.00000     0.00000     0.00000     0.00000     0.00000     0.00000     0.15176
    -7.84270     0.01899     0.00500     0.00972     0.00836     0.02267     0.03324     0.00443     0.05068     0.00452     0.00000     0.00000     0.00000     0.00000     0.00000     0.00000     0.00000     0.15760
    -7.78970     0.01946     0.00530     0.01038     0.00888     0.02356     0.03508     0.00451     0.05432     0.00448     0.00000     0.00000     0.00000     0.00000     0.00000     0.00000     0.00000     0.16597
    -7.73570     0.02019     0.00575     0.01206     0.00946     0.02445     0.03959     0.00466     0.06178     0.00443     0.00000     0.00000     0.00000     0.00000     0.00000     0.00000     0.00000     0.18237
    -7.68270     0.02053     0.00583     0.01073     0.00940     0.02408     0.03589     0.00488     0.05806     0.00436     0.00000     0.00000     0.00000     0.00000     0.00000     0.00000     0.00000     0.17376
    -7.62970     0.02187     0.00615     0.01123     0.01002     0.02559     0.03692     0.00530     0.06613     0.00436     0.00000     0.00000     0.00000     0.00000     0.00000     0.00000     0.00000     0.18756
    -7.57570     0.02202     0.00639     0.01004     0.01073     0.02668     0.03441     0.00543     0.06879     0.00430     0.00000     0.00000     0.00000     0.00000     0.00000     0.00000     0.00000     0.18879
    -7.52270     0.02127     0.00656     0.00838     0.01042     0.02483     0.03092     0.00527     0.06556     0.00419     0.00000     0.00000     0.00000     0.00000     0.00000     0.00000     0.00000     0.17740
    -7.46970     0.02095     0.00687     0.00708     0.01031     0.02381     0.02844     0.00518     0.05650     0.00409     0.00000     0.00000     0.00000     0.00000     0.00000     0.00000     0.00000     0.16323
    -7.41570     0.01967     0.00706     0.00612     0.01004     0.02188     0.02717     0.00484     0.05202     0.00399     0.00000     0.00000     0.00000     0.00000     0.00000     0.00000     0.00000     0.15279
    -7.36270     0.01849     0.00723     0.00528     0.01000     0.02016     0.02569     0.00444     0.04790     0.00391     0.00000     0.00000     0.00000     0.00000     0.00000     0.00000     0.00000     0.14311
    -7.30970     0.01769     0.00747     0.00463     0.01018     0.01885     0.02484     0.00420     0.04459     0.00384     0.00000     0.00000     0.00000     0.00000     0.00000     0.00000     0.00000     0.13629
    -7.25570     0.01770     0.00775     0.00433     0.01011     0.01806     0.02485     0.00419     0.04377     0.00380     0.00000     0.00000     0.00000     0.00000     0.00000     0.00000     0.00000     0.13456
    -7.20270     0.01666     0.00770     0.00415     0.00995     0.01679     0.02457     0.00395     0.04158     0.00374     0.00000     0.00000     0.00000     0.00000     0.00000     0.00000     0.00000     0.12908
    -7.14970     0.01609     0.00774     0.00404     0.00958     0.01545     0.02408     0.00389     0.03939     0.00362     0.00000     0.00000     0.00000     0.00000     0.00000     0.00000     0.00000     0.12389
    -7.09570     0.01612     0.00800     0.00418     0.01045     0.01558     0.02424     0.00406     0.04015     0.00354     0.00000     0.00000     0.00000     0.00000     0.00000     0.00000     0.00000     0.12632
    -7.04270     0.01634     0.00828     0.00437     0.01020     0.01483     0.02471     0.00431     0.03973     0.00347     0.00000     0.00000     0.00000     0.00000     0.00000     0.00000     0.00000     0.12625
    -6.98970     0.01650     0.00858     0.00455     0.00976     0.01416     0.02548     0.00454     0.03988     0.00349     0.00000     0.00000     0.00000     0.00000     0.00000     0.00000     0.00000     0.12694
    -6.93570     0.01669     0.00871     0.00461     0.00938     0.01386     0.02485     0.00482     0.03741     0.00338     0.00000     0.00000     0.00000     0.00000     0.00000     0.00000     0.00000     0.12372
    -6.88270     0.01651     0.00890     0.00498     0.01005     0.01362     0.02483     0.00493     0.03698     0.00340     0.00000     0.00000     0.00000     0.00000     0.00000     0.00000     0.00000     0.12420
    -6.82970     0.01705     0.00917     0.00551     0.01025     0.01390     0.02536     0.00532     0.03877     0.00349     0.00000     0.00000     0.00000     0.00000     0.00000     0.00000     0.00000     0.12882
    -6.77570     0.01663     0.00979     0.00548     0.01022     0.01295     0.02542     0.00520     0.03957     0.00366     0.00000     0.00000     0.00000     0.00000     0.00000     0.00000     0.00000     0.12892
    -6.72270     0.01679     0.01080     0.00533     0.01024     0.01267     0.02472     0.00536     0.03686     0.00393     0.00000     0.00000     0.00000     0.00000     0.00000     0.00000     0.00000     0.12671
    -6.66970     0.01777     0.01412     0.00568     0.01068     0.01272     0.02565     0.00559     0.03799     0.00481     0.00000     0.00000     0.00000     0.00000     0.00000     0.00000     0.00000     0.13501
    -6.61570     0.01753     0.01381     0.00608     0.01013     0.01253     0.02455     0.00568     0.03537     0.00527     0.00000     0.00000     0.00000     0.00000     0.00000     0.00000     0.00000     0.13095
    -6.56270     0.01876     0.01556     0.00639     0.00943     0.01280     0.02523     0.00590     0.03841     0.00668     0.00000     0.00000     0.00000     0.00000     0.00000     0.00000     0.00000     0.13916
    -6.50970     0.01912     0.01825     0.00682     0.01071     0.01351     0.03264     0.00620     0.04991     0.00710     0.00000     0.00000     0.00000     0.00000     0.00000     0.00000     0.00000     0.16425
    -6.45570     0.01909     0.01761     0.00723     0.01197     0.01413     0.03530     0.00647     0.05082     0.00729     0.00000     0.00000     0.00000     0.00000     0.00000     0.00000     0.00000     0.16990
    -6.40270     0.01764     0.01448     0.00779     0.01186     0.01380     0.03924     0.00649     0.04579     0.00659     0.00000     0.00000     0.00000     0.00000     0.00000     0.00000     0.00000     0.16368
    -6.34870     0.01569     0.01453     0.00895     0.01307     0.01305     0.04913     0.00591     0.04778     0.00678     0.00000     0.00000     0.00000     0.00000     0.00000     0.00000     0.00000     0.17489
    -6.29570     0.01520     0.01445     0.00908     0.01467     0.01380     0.05504     0.00624     0.04883     0.00706     0.00000     0.00000     0.00000     0.00000     0.00000     0.00000     0.00000     0.18437
    -6.24270     0.01466     0.01441     0.00892     0.01616     0.01280     0.06549     0.00622     0.05395     0.00718     0.00000     0.00000     0.00000     0.00000     0.00000     0.00000     0.00000     0.19979
    -6.18870     0.01501     0.01340     0.00891     0.01542     0.01298     0.05821     0.00666     0.04967     0.00812     0.00000     0.00000     0.00000     0.00000     0.00000     0.00000     0.00000     0.18839
    -6.13570     0.01427     0.01313     0.00897     0.01552     0.01280     0.05842     0.00666     0.05044     0.00830     0.00000     0.00000     0.00000     0.00000     0.00000     0.00000     0.00000     0.18850
    -6.08270     0.01389     0.01266     0.00918     0.01559     0.01290     0.05547     0.00704     0.05126     0.00874     0.00000     0.00000     0.00000     0.00000     0.00000     0.00000     0.00000     0.18673
    -6.02870     0.01338     0.01209     0.00913     0.01625     0.01342     0.05251     0.00719     0.05172     0.00906     0.00000     0.00000     0.00000     0.00000     0.00000     0.00000     0.00000     0.18475
    -5.97570     0.01299     0.01200     0.00908     0.01704     0.01380     0.05285     0.00747     0.05303     0.00956     0.00000     0.00000     0.00000     0.00000     0.00000     0.00000     0.00000     0.18782
    -5.92270     0.01252     0.01184     0.00899     0.01704     0.01373     0.05221     0.00765     0.05201     0.00995     0.00000     0.00000     0.00000     0.00000     0.00000     0.00000     0.00000     0.18595
    -5.86870     0.01216     0.01114     0.00890     0.01660     0.01379     0.04774     0.00786     0.04932     0.01014     0.00000     0.00000     0.00000     0.00000     0.00000     0.00000     0.00000     0.17764
    -5.81570     0.01180     0.01048     0.00882     0.01657     0.01381     0.04423     0.00796     0.04782     0.01036     0.00000     0.00000     0.00000     0.00000     0.00000     0.00000     0.00000     0.17185
    -5.76270     0.01179     0.01048     0.00902     0.01726     0.01410     0.04447     0.00831     0.04886     0.01107     0.00000     0.00000     0.00000     0.00000     0.00000     0.00000     0.00000     0.17536
    -5.70870     0.01196     0.01067     0.00908     0.01784     0.01464     0.04541     0.00873     0.04937     0.01196     0.00000     0.00000     0.00000     0.00000     0.00000     0.00000     0.00000     0.17966
    -5.65570     0.01170     0.01042     0.00909     0.01837     0.01485     0.04493     0.00897     0.04958     0.01277     0.00000     0.00000     0.00000     0.00000     0.00000     0.00000     0.00000     0.18068
    -5.60270     0.01134     0.01033     0.00899     0.01786     0.01479     0.04287     0.00897     0.04791     0.01360     0.00000     0.00000     0.00000     0.00000     0.00000     0.00000     0.00000     0.17666
    -5.54870     0.01090     0.01019     0.00886     0.01806     0.01460     0.04190     0.00892     0.04771     0.01421     0.00000     0.00000     0.00000     0.00000     0.00000     0.00000     0.00000     0.17535
    -5.49570     0.01044     0.01004     0.00915     0.01789     0.01451     0.04095     0.00887     0.04660     0.01487     0.00000     0.00000     0.00000     0.00000     0.00000     0.00000     0.00000     0.17332
    -5.44270     0.01005     0.00992     0.00914     0.01813     0.01453     0.04036     0.00893     0.04607     0.01599     0.00000     0.00000     0.00000     0.00000     0.00000     0.00000     0.00000     0.17312
    -5.38870     0.00972     0.00972     0.00905     0.01827     0.01435     0.03872     0.00894     0.04523     0.01690     0.00000     0.00000     0.00000     0.00000     0.00000     0.00000     0.00000     0.17090
    -5.33570     0.00953     0.00971     0.00890     0.01865     0.01443     0.03815     0.00909     0.04478     0.01838     0.00000     0.00000     0.00000     0.00000     0.00000     0.00000     0.00000     0.17162
    -5.28270     0.00933     0.00973     0.00868     0.01855     0.01420     0.03754     0.00917     0.04415     0.01931     0.00000     0.00000     0.00000     0.00000     0.00000     0.00000     0.00000     0.17066
    -5.22870     0.00909     0.00972     0.00869     0.01830     0.01411     0.03655     0.00915     0.04314     0.02075     0.00000     0.00000     0.00000     0.00000     0.00000     0.00000     0.00000     0.16949
    -5.17570     0.00878     0.00962     0.00879     0.01809     0.01351     0.03582     0.00916     0.04237     0.02005     0.00000     0.00000     0.00000     0.00000     0.00000     0.00000     0.00000     0.16619
    -5.12270     0.00835     0.00931     0.00865     0.01803     0.01332     0.03459     0.00919     0.04156     0.02016     0.00000     0.00000     0.00000     0.00000     0.00000     0.00000     0.00000     0.16316
    -5.06870     0.00811     0.00916     0.00849     0.01813     0.01328     0.03392     0.00927     0.04111     0.02076     0.00000     0.00000     0.00000     0.00000     0.00000     0.00000     0.00000     0.16223
    -5.01570     0.00796     0.00918     0.00833     0.01844     0.01337     0.03376     0.00941     0.04104     0.02129     0.00000     0.00000     0.00000     0.00000     0.00000     0.00000     0.00000     0.16278
    -4.96270     0.00779     0.00942     0.00822     0.01870     0.01302     0.03382     0.00947     0.04127     0.02091     0.00000     0.00000     0.00000     0.00000     0.00000     0.00000     0.00000     0.16263
    -4.90870     0.00754     0.00949     0.00850     0.01797     0.01262     0.03337     0.00945     0.04035     0.02101     0.00000     0.00000     0.00000     0.00000     0.00000     0.00000     0.00000     0.16031
    -4.85570     0.00723     0.00944     0.00854     0.01756     0.01236     0.03265     0.00943     0.03969     0.02116     0.00000     0.00000     0.00000     0.00000     0.00000     0.00000     0.00000     0.15807
    -4.80270     0.00692     0.00957     0.00847     0.01775     0.01217     0.03281     0.00945     0.03999     0.02160     0.00000     0.00000     0.00000     0.00000     0.00000     0.00000     0.00000     0.15874
    -4.74870     0.00651     0.01019     0.00830     0.01834     0.01187     0.03424     0.00946     0.04155     0.02219     0.00000     0.00000     0.00000     0.00000     0.00000     0.00000     0.00000     0.16265
    -4.69570     0.00611     0.00974     0.00833     0.01766     0.01157     0.03330     0.00941     0.04065     0.02225     0.00000     0.00000     0.00000     0.00000     0.00000     0.00000     0.00000     0.15903
    -4.64270     0.00580     0.00935     0.00855     0.01717     0.01107     0.03265     0.00933     0.03977     0.02126     0.00000     0.00000     0.00000     0.00000     0.00000     0.00000     0.00000     0.15494
    -4.58870     0.00550     0.00935     0.00836     0.01622     0.01074     0.03194     0.00925     0.03836     0.02113     0.00000     0.00000     0.00000     0.00000     0.00000     0.00000     0.00000     0.15085
    -4.53570     0.00523     0.00919     0.00797     0.01573     0.01044     0.03086     0.00911     0.03715     0.02102     0.00000     0.00000     0.00000     0.00000     0.00000     0.00000     0.00000     0.14670
    -4.48270     0.00502     0.00882     0.00760     0.01536     0.01016     0.02955     0.00901     0.03604     0.02094     0.00000     0.00000     0.00000     0.00000     0.00000     0.00000     0.00000     0.14249
    -4.42870     0.00509     0.00849     0.00741     0.01535     0.00995     0.02879     0.00913     0.03538     0.02063     0.00000     0.00000     0.00000     0.00000     0.00000     0.00000     0.00000     0.14022
    -4.37570     0.00535     0.00818     0.00730     0.01529     0.00976     0.02820     0.00936     0.03480     0.02044     0.00000     0.00000     0.00000     0.00000     0.00000     0.00000     0.00000     0.13868
    -4.32270     0.00576     0.00824     0.00731     0.01488     0.00951     0.02776     0.00963     0.03418     0.02033     0.00000     0.00000     0.00000     0.00000     0.00000     0.00000     0.00000     0.13760
    -4.26870     0.00613     0.00832     0.00739     0.01434     0.00919     0.02733     0.00986     0.03345     0.01990     0.00000     0.00000     0.00000     0.00000     0.00000     0.00000     0.00000     0.13591
    -4.21570     0.00643     0.00859     0.00784     0.01384     0.00907     0.02758     0.01025     0.03302     0.02004     0.00000     0.00000     0.00000     0.00000     0.00000     0.00000     0.00000     0.13665
    -4.16270     0.00658     0.00872     0.00856     0.01314     0.00877     0.02603     0.01023     0.03121     0.01953     0.00000     0.00000     0.00000     0.00000     0.00000     0.00000     0.00000     0.13276
    -4.10870     0.00670     0.00860     0.00888     0.01230     0.00854     0.02512     0.01036     0.03006     0.01929     0.00000     0.00000     0.00000     0.00000     0.00000     0.00000     0.00000     0.12986
    -4.05570     0.00688     0.00833     0.00936     0.01102     0.00828     0.02433     0.01055     0.02898     0.01902     0.00000     0.00000     0.00000     0.00000     0.00000     0.00000     0.00000     0.12675
    -4.00270     0.00715     0.00836     0.00996     0.01015     0.00805     0.02361     0.01078     0.02812     0.01869     0.00000     0.00000     0.00000     0.00000     0.00000     0.00000     0.00000     0.12488
    -3.94870     0.00747     0.00854     0.01121     0.00915     0.00783     0.02295     0.01103     0.02735     0.01833     0.00000     0.00000     0.00000     0.00000     0.00000     0.00000     0.00000     0.12387
    -3.89570     0.00780     0.00834     0.01114     0.00799     0.00762     0.02230     0.01143     0.02667     0.01788     0.00000     0.00000     0.00000     0.00000     0.00000     0.00000     0.00000     0.12118
    -3.84270     0.00827     0.00885     0.01085     0.00696     0.00756     0.02191     0.01218     0.02644     0.01788     0.00000     0.00000     0.00000     0.00000     0.00000     0.00000     0.00000     0.12089
    -3.78870     0.00896     0.01198     0.01394     0.00818     0.00790     0.02231     0.01365     0.02735     0.01826     0.00000     0.00000     0.00000     0.00000     0.00000     0.00000     0.00000     0.13253
    -3.73570     0.00904     0.01129     0.01271     0.00731     0.00769     0.02185     0.01408     0.02635     0.01794     0.00000     0.00000     0.00000     0.00000     0.00000     0.00000     0.00000     0.12826
    -3.68270     0.00888     0.01134     0.01239     0.00719     0.00772     0.02107     0.01449     0.02550     0.01789     0.00000     0.00000     0.00000     0.00000     0.00000     0.00000     0.00000     0.12646
    -3.62870     0.00885     0.01133     0.01181     0.00704     0.00768     0.02039     0.01482     0.02470     0.01781     0.00000     0.00000     0.00000     0.00000     0.00000     0.00000     0.00000     0.12443
    -3.57570     0.00833     0.01136     0.01132     0.00694     0.00765     0.01981     0.01495     0.02405     0.01779     0.00000     0.00000     0.00000     0.00000     0.00000     0.00000     0.00000     0.12219
    -3.52170     0.00809     0.01127     0.01088     0.00688     0.00759     0.01937     0.01507     0.02357     0.01782     0.00000     0.00000     0.00000     0.00000     0.00000     0.00000     0.00000     0.12054
    -3.46870     0.00787     0.01110     0.01041     0.00667     0.00757     0.01891     0.01532     0.02309     0.01773     0.00000     0.00000     0.00000     0.00000     0.00000     0.00000     0.00000     0.11867
    -3.41570     0.00800     0.01117     0.01017     0.00669     0.00753     0.01851     0.01585     0.02257     0.01786     0.00000     0.00000     0.00000     0.00000     0.00000     0.00000     0.00000     0.11836
    -3.36170     0.00820     0.01101     0.00975     0.00658     0.00757     0.01816     0.01636     0.02224     0.01793     0.00000     0.00000     0.00000     0.00000     0.00000     0.00000     0.00000     0.11780
    -3.30870     0.00816     0.01094     0.00926     0.00650     0.00758     0.01784     0.01677     0.02192     0.01803     0.00000     0.00000     0.00000     0.00000     0.00000     0.00000     0.00000     0.11700
    -3.25570     0.00801     0.01094     0.00908     0.00654     0.00761     0.01736     0.01710     0.02142     0.01808     0.00000     0.00000     0.00000     0.00000     0.00000     0.00000     0.00000     0.11614
    -3.20170     0.00834     0.01083     0.00879     0.00647     0.00774     0.01711     0.01784     0.02115     0.01811     0.00000     0.00000     0.00000     0.00000     0.00000     0.00000     0.00000     0.11638
    -3.14870     0.00894     0.01083     0.00851     0.00644     0.00789     0.01693     0.01879     0.02093     0.01824     0.00000     0.00000     0.00000     0.00000     0.00000     0.00000     0.00000     0.11749
    -3.09570     0.00907     0.01112     0.00864     0.00661     0.00851     0.01674     0.02032     0.02084     0.01883     0.00000     0.00000     0.00000     0.00000     0.00000     0.00000     0.00000     0.12067
    -3.04170     0.00926     0.01137     0.00886     0.00673     0.00932     0.01677     0.02228     0.02103     0.01974     0.00000     0.00000     0.00000     0.00000     0.00000     0.00000     0.00000     0.12536
    -2.98870     0.00919     0.01031     0.00688     0.00628     0.00732     0.01590     0.01821     0.01951     0.01900     0.00000     0.00000     0.00000     0.00000     0.00000     0.00000     0.00000     0.11261
    -2.93570     0.00869     0.00917     0.00491     0.00594     0.00537     0.01513     0.01376     0.01809     0.01825     0.00000     0.00000     0.00000     0.00000     0.00000     0.00000     0.00000     0.09932
    -2.88170     0.00851     0.00848     0.00411     0.00583     0.00485     0.01461     0.01242     0.01724     0.01760     0.00000     0.00000     0.00000     0.00000     0.00000     0.00000     0.00000     0.09366
    -2.82870     0.00833     0.00784     0.00332     0.00578     0.00438     0.01440     0.01117     0.01676     0.01803     0.00000     0.00000     0.00000     0.00000     0.00000     0.00000     0.00000     0.09001
    -2.77570     0.00834     0.00768     0.00295     0.00594     0.00416     0.01433     0.01065     0.01648     0.01869     0.00000     0.00000     0.00000     0.00000     0.00000     0.00000     0.00000     0.08922
    -2.72170     0.00834     0.00711     0.00277     0.00558     0.00413     0.01376     0.01066     0.01575     0.01815     0.00000     0.00000     0.00000     0.00000     0.00000     0.00000     0.00000     0.08626
    -2.66870     0.00828     0.00629     0.00265     0.00480     0.00414     0.01302     0.01099     0.01491     0.01679     0.00000     0.00000     0.00000     0.00000     0.00000     0.00000     0.00000     0.08187
    -2.61570     0.00833     0.00561     0.00273     0.00401     0.00429     0.01237     0.01191     0.01413     0.01519     0.00000     0.00000     0.00000     0.00000     0.00000     0.00000     0.00000     0.07857
    -2.56170     0.00882     0.00518     0.00314     0.00333     0.00482     0.01210     0.01407     0.01362     0.01367     0.00000     0.00000     0.00000     0.00000     0.00000     0.00000     0.00000     0.07875
    -2.50870     0.00875     0.00473     0.00346     0.00264     0.00540     0.01181     0.01588     0.01316     0.01227     0.00000     0.00000     0.00000     0.00000     0.00000     0.00000     0.00000     0.07810
    -2.45570     0.00932     0.00454     0.00392     0.00217     0.00650     0.01201     0.01877     0.01305     0.01123     0.00000     0.00000     0.00000     0.00000     0.00000     0.00000     0.00000     0.08151
    -2.40170     0.00952     0.00457     0.00434     0.00191     0.00785     0.01239     0.02128     0.01298     0.01073     0.00000     0.00000     0.00000     0.00000     0.00000     0.00000     0.00000     0.08558
    -2.34870     0.00987     0.00528     0.00503     0.00230     0.00971     0.01335     0.02470     0.01367     0.01216     0.00000     0.00000     0.00000     0.00000     0.00000     0.00000     0.00000     0.09607
    -2.29570     0.01007     0.00684     0.00642     0.00357     0.01329     0.01530     0.03032     0.01548     0.01652     0.00000     0.00000     0.00000     0.00000     0.00000     0.00000     0.00000     0.11781
    -2.24170     0.00953     0.00636     0.00496     0.00356     0.01257     0.01527     0.02736     0.01452     0.01643     0.00000     0.00000     0.00000     0.00000     0.00000     0.00000     0.00000     0.11056
    -2.18870     0.00922     0.00701     0.00419     0.00459     0.01316     0.01670     0.02648     0.01518     0.01904     0.00000     0.00000     0.00000     0.00000     0.00000     0.00000     0.00000     0.11556
    -2.13570     0.00893     0.00770     0.00358     0.00548     0.01364     0.01750     0.02641     0.01554     0.02178     0.00000     0.00000     0.00000     0.00000     0.00000     0.00000     0.00000     0.12056
    -2.08170     0.00867     0.00590     0.00358     0.00341     0.01513     0.01661     0.02757     0.01386     0.01531     0.00000     0.00000     0.00000     0.00000     0.00000     0.00000     0.00000     0.11004
    -2.02870     0.00892     0.00628     0.00399     0.00346     0.01753     0.01659     0.03057     0.01417     0.01511     0.00000     0.00000     0.00000     0.00000     0.00000     0.00000     0.00000     0.11662
    -1.97570     0.00861     0.00573     0.00341     0.00316     0.01951     0.01675     0.02945     0.01414     0.01429     0.00000     0.00000     0.00000     0.00000     0.00000     0.00000     0.00000     0.11505
    -1.92170     0.00844     0.00553     0.00302     0.00303     0.02382     0.01783     0.02875     0.01514     0.01369     0.00000     0.00000     0.00000     0.00000     0.00000     0.00000     0.00000     0.11925
    -1.86870     0.00842     0.00601     0.00298     0.00350     0.02708     0.01946     0.02974     0.01710     0.01539     0.00000     0.00000     0.00000     0.00000     0.00000     0.00000     0.00000     0.12968
    -1.81570     0.00843     0.00677     0.00300     0.00425     0.03041     0.02192     0.03157     0.01989     0.01840     0.00000     0.00000     0.00000     0.00000     0.00000     0.00000     0.00000     0.14464
    -1.76170     0.00812     0.00802     0.00301     0.00548     0.03345     0.02606     0.03330     0.02378     0.02281     0.00000     0.00000     0.00000     0.00000     0.00000     0.00000     0.00000     0.16403
    -1.70870     0.00784     0.00814     0.00271     0.00568     0.03468     0.02835     0.03328     0.02471     0.02306     0.00000     0.00000     0.00000     0.00000     0.00000     0.00000     0.00000     0.16845
    -1.65570     0.00748     0.00718     0.00238     0.00487     0.03700     0.02698     0.03311     0.02253     0.02142     0.00000     0.00000     0.00000     0.00000     0.00000     0.00000     0.00000     0.16296
    -1.60170     0.00703     0.00637     0.00212     0.00429     0.03973     0.02695     0.03367     0.02192     0.02093     0.00000     0.00000     0.00000     0.00000     0.00000     0.00000     0.00000     0.16301
    -1.54870     0.00705     0.00659     0.00228     0.00443     0.04444     0.03012     0.03716     0.02485     0.02252     0.00000     0.00000     0.00000     0.00000     0.00000     0.00000     0.00000     0.17944
    -1.49570     0.00682     0.00621     0.00209     0.00416     0.04561     0.02991     0.03622     0.02416     0.02237     0.00000     0.00000     0.00000     0.00000     0.00000     0.00000     0.00000     0.17755
    -1.44170     0.00636     0.00586     0.00182     0.00389     0.04416     0.02636     0.03132     0.02290     0.02135     0.00000     0.00000     0.00000     0.00000     0.00000     0.00000     0.00000     0.16403
    -1.38870     0.00611     0.00568     0.00160     0.00376     0.03421     0.02223     0.02326     0.02151     0.01976     0.00000     0.00000     0.00000     0.00000     0.00000     0.00000     0.00000     0.13812
    -1.33570     0.00572     0.00562     0.00160     0.00370     0.02977     0.02307     0.02305     0.02261     0.02053     0.00000     0.00000     0.00000     0.00000     0.00000     0.00000     0.00000     0.13566
    -1.28170     0.00568     0.00577     0.00192     0.00388     0.03600     0.02874     0.03287     0.02602     0.02484     0.00000     0.00000     0.00000     0.00000     0.00000     0.00000     0.00000     0.16572
    -1.22870     0.00531     0.00523     0.00173     0.00359     0.04284     0.03024     0.03556     0.02791     0.02715     0.00000     0.00000     0.00000     0.00000     0.00000     0.00000     0.00000     0.17955
    -1.17570     0.00510     0.00484     0.00139     0.00319     0.03328     0.02443     0.02624     0.02468     0.02355     0.00000     0.00000     0.00000     0.00000     0.00000     0.00000     0.00000     0.14669
    -1.12170     0.00480     0.00458     0.00125     0.00298     0.03274     0.02127     0.02146     0.02273     0.02180     0.00000     0.00000     0.00000     0.00000     0.00000     0.00000     0.00000     0.13361
    -1.06870     0.00457     0.00447     0.00128     0.00292     0.03544     0.02109     0.02187     0.02201     0.02100     0.00000     0.00000     0.00000     0.00000     0.00000     0.00000     0.00000     0.13465
    -1.01570     0.00449     0.00468     0.00164     0.00317     0.04857     0.02747     0.03273     0.02627     0.02477     0.00000     0.00000     0.00000     0.00000     0.00000     0.00000     0.00000     0.17380
    -0.96170     0.00423     0.00499     0.00188     0.00344     0.05305     0.03330     0.04035     0.02907     0.02966     0.00000     0.00000     0.00000     0.00000     0.00000     0.00000     0.00000     0.19997
    -0.90870     0.00455     0.00496     0.00188     0.00334     0.04679     0.03299     0.03938     0.02820     0.03044     0.00000     0.00000     0.00000     0.00000     0.00000     0.00000     0.00000     0.19254
    -0.85470     0.00494     0.00406     0.00168     0.00272     0.04184     0.02883     0.03501     0.02553     0.02556     0.00000     0.00000     0.00000     0.00000     0.00000     0.00000     0.00000     0.17017
    -0.80170     0.00738     0.00400     0.00162     0.00261     0.04094     0.02173     0.03415     0.01898     0.02329     0.00000     0.00000     0.00000     0.00000     0.00000     0.00000     0.00000     0.15470
    -0.74870     0.00662     0.00407     0.00171     0.00264     0.04448     0.02150     0.03400     0.01879     0.02411     0.00000     0.00000     0.00000     0.00000     0.00000     0.00000     0.00000     0.15792
    -0.69470     0.00729     0.00383     0.00163     0.00255     0.04527     0.02200     0.03250     0.01905     0.02324     0.00000     0.00000     0.00000     0.00000     0.00000     0.00000     0.00000     0.15736
    -0.64170     0.00866     0.00394     0.00170     0.00264     0.04855     0.02316     0.03320     0.02045     0.02423     0.00000     0.00000     0.00000     0.00000     0.00000     0.00000     0.00000     0.16654
    -0.58870     0.00903     0.00420     0.00182     0.00280     0.05154     0.02604     0.03451     0.02292     0.02672     0.00000     0.00000     0.00000     0.00000     0.00000     0.00000     0.00000     0.17958
    -0.53470     0.01027     0.00423     0.00196     0.00281     0.04915     0.03130     0.03252     0.02705     0.02903     0.00000     0.00000     0.00000     0.00000     0.00000     0.00000     0.00000     0.18832
    -0.48170     0.01042     0.00422     0.00201     0.00282     0.04982     0.03132     0.03194     0.02762     0.02889     0.00000     0.00000     0.00000     0.00000     0.00000     0.00000     0.00000     0.18906
    -0.42870     0.01089     0.00424     0.00204     0.00281     0.04653     0.02884     0.03110     0.02577     0.02888     0.00000     0.00000     0.00000     0.00000     0.00000     0.00000     0.00000     0.18110
    -0.37470     0.01155     0.00440     0.00216     0.00291     0.04711     0.02875     0.03328     0.02592     0.02956     0.00000     0.00000     0.00000     0.00000     0.00000     0.00000     0.00000     0.18563
    -0.32170     0.01256     0.00419     0.00219     0.00269     0.04395     0.02653     0.03282     0.02372     0.02775     0.00000     0.00000     0.00000     0.00000     0.00000     0.00000     0.00000     0.17641
    -0.26870     0.01238     0.00406     0.00232     0.00259     0.04344     0.02659     0.03322     0.02336     0.02674     0.00000     0.00000     0.00000     0.00000     0.00000     0.00000     0.00000     0.17470
    -0.21470     0.01253     0.00408     0.00255     0.00264     0.04425     0.02903     0.03424     0.02551     0.02745     0.00000     0.00000     0.00000     0.00000     0.00000     0.00000     0.00000     0.18228
    -0.16170     0.01282     0.00406     0.00261     0.00264     0.04234     0.02796     0.03422     0.02461     0.02764     0.00000     0.00000     0.00000     0.00000     0.00000     0.00000     0.00000     0.17890
    -0.10870     0.01411     0.00430     0.00277     0.00293     0.04149     0.02548     0.03487     0.02282     0.03012     0.00000     0.00000     0.00000     0.00000     0.00000     0.00000     0.00000     0.17889
    -0.05470     0.01590     0.00428     0.00311     0.00297     0.03711     0.02109     0.03750     0.01956     0.02943     0.00000     0.00000     0.00000     0.00000     0.00000     0.00000     0.00000     0.17095
    -0.00170     0.01294     0.00318     0.00270     0.00223     0.03506     0.02332     0.03430     0.02302     0.02312     0.00000     0.00000     0.00000     0.00000     0.00000     0.00000     0.00000     0.15987
     0.05130     0.01743     0.00334     0.00258     0.00231     0.03513     0.02136     0.03977     0.02272     0.02317     0.00000     0.00000     0.00000     0.00000     0.00000     0.00000     0.00000     0.16781
     0.10530     0.01713     0.00403     0.00233     0.00233     0.03551     0.02263     0.03821     0.02405     0.02625     0.00000     0.00000     0.00000     0.00000     0.00000     0.00000     0.00000     0.17248
     0.15830     0.01200     0.00313     0.00233     0.00216     0.03880     0.03195     0.03412     0.03225     0.02835     0.00000     0.00000     0.00000     0.00000     0.00000     0.00000     0.00000     0.18509
     0.21130     0.01320     0.00297     0.00234     0.00227     0.04448     0.03147     0.03271     0.03403     0.02881     0.00000     0.00000     0.00000     0.00000     0.00000     0.00000     0.00000     0.19228
     0.26530     0.01342     0.00241     0.00177     0.00193     0.04090     0.02753     0.03329     0.02893     0.02416     0.00000     0.00000     0.00000     0.00000     0.00000     0.00000     0.00000     0.17433
     0.31830     0.01503     0.00232     0.00169     0.00177     0.04696     0.02938     0.03927     0.03242     0.02218     0.00000     0.00000     0.00000     0.00000     0.00000     0.00000     0.00000     0.19102
     0.37130     0.01739     0.00266     0.00204     0.00187     0.05446     0.03157     0.04442     0.03362     0.02585     0.00000     0.00000     0.00000     0.00000     0.00000     0.00000     0.00000     0.21389
     0.42530     0.01726     0.00245     0.00177     0.00154     0.06058     0.03282     0.04833     0.03277     0.02256     0.00000     0.00000     0.00000     0.00000     0.00000     0.00000     0.00000     0.22007
     0.47830     0.01848     0.00251     0.00180     0.00143     0.06815     0.03540     0.05494     0.03301     0.02127     0.00000     0.00000     0.00000     0.00000     0.00000     0.00000     0.00000     0.23699
     0.53130     0.02015     0.00261     0.00192     0.00130     0.07554     0.03450     0.05816     0.03112     0.02142     0.00000     0.00000     0.00000     0.00000     0.00000     0.00000     0.00000     0.24672
     0.58530     0.02171     0.00269     0.00214     0.00124     0.08289     0.03441     0.06026     0.03149     0.02422     0.00000     0.00000     0.00000     0.00000     0.00000     0.00000     0.00000     0.26105
     0.63830     0.02156     0.00272     0.00222     0.00116     0.08125     0.03225     0.05788     0.02909     0.02445     0.00000     0.00000     0.00000     0.00000     0.00000     0.00000     0.00000     0.25258
     0.69130     0.02048     0.00284     0.00219     0.00118     0.07903     0.03237     0.05996     0.02906     0.02342     0.00000     0.00000     0.00000     0.00000     0.00000     0.00000     0.00000     0.25052
     0.74530     0.02215     0.00323     0.00233     0.00136     0.08501     0.03361     0.07337     0.02943     0.02323     0.00000     0.00000     0.00000     0.00000     0.00000     0.00000     0.00000     0.27372
     0.79830     0.02312     0.00346     0.00227     0.00136     0.08351     0.03282     0.07987     0.02742     0.02333     0.00000     0.00000     0.00000     0.00000     0.00000     0.00000     0.00000     0.27715
     0.85130     0.02360     0.00362     0.00219     0.00126     0.08089     0.03232     0.07884     0.02604     0.02369     0.00000     0.00000     0.00000     0.00000     0.00000     0.00000     0.00000     0.27245
     0.90530     0.02364     0.00385     0.00215     0.00127     0.07905     0.03394     0.08003     0.02650     0.02379     0.00000     0.00000     0.00000     0.00000     0.00000     0.00000     0.00000     0.27423
     0.95830     0.02347     0.00433     0.00198     0.00122     0.07118     0.03164     0.07889     0.02459     0.02404     0.00000     0.00000     0.00000     0.00000     0.00000     0.00000     0.00000     0.26135
     1.01130     0.02041     0.00364     0.00190     0.00118     0.06549     0.03090     0.07302     0.02637     0.02749     0.00000     0.00000     0.00000     0.00000     0.00000     0.00000     0.00000     0.25040
     1.06530     0.01618     0.00316     0.00179     0.00115     0.06061     0.03110     0.06659     0.02798     0.02875     0.00000     0.00000     0.00000     0.00000     0.00000     0.00000     0.00000     0.23731
     1.11830     0.02417     0.00328     0.00183     0.00117     0.05738     0.03090     0.07438     0.02565     0.02724     0.00000     0.00000     0.00000     0.00000     0.00000     0.00000     0.00000     0.24600
     1.17130     0.02666     0.00345     0.00209     0.00129     0.05843     0.03483     0.08250     0.02801     0.02939     0.00000     0.00000     0.00000     0.00000     0.00000     0.00000     0.00000     0.26665
     1.22530     0.02554     0.00345     0.00227     0.00136     0.05458     0.03297     0.07920     0.02544     0.02570     0.00000     0.00000     0.00000     0.00000     0.00000     0.00000     0.00000     0.25051
     1.27830     0.02842     0.00361     0.00308     0.00161     0.05780     0.03691     0.08544     0.02732     0.02691     0.00000     0.00000     0.00000     0.00000     0.00000     0.00000     0.00000     0.27111
     1.33130     0.03133     0.00396     0.00318     0.00189     0.05623     0.03620     0.09458     0.02714     0.03684     0.00000     0.00000     0.00000     0.00000     0.00000     0.00000     0.00000     0.29134
     1.38530     0.03063     0.00350     0.00306     0.00194     0.05089     0.03323     0.09580     0.02561     0.04279     0.00000     0.00000     0.00000     0.00000     0.00000     0.00000     0.00000     0.28745
     1.43830     0.02931     0.00292     0.00233     0.00146     0.04614     0.02973     0.10430     0.02276     0.04190     0.00000     0.00000     0.00000     0.00000     0.00000     0.00000     0.00000     0.28084
     1.49130     0.03155     0.00308     0.00191     0.00137     0.04327     0.02761     0.12420     0.02215     0.04970     0.00000     0.00000     0.00000     0.00000     0.00000     0.00000     0.00000     0.30485
     1.54530     0.03099     0.00294     0.00121     0.00102     0.05626     0.02192     0.11960     0.01837     0.05599     0.00000     0.00000     0.00000     0.00000     0.00000     0.00000     0.00000     0.30830
     1.59830     0.03172     0.00263     0.00100     0.00074     0.05949     0.01638     0.11290     0.01513     0.05778     0.00000     0.00000     0.00000     0.00000     0.00000     0.00000     0.00000     0.29777
     1.65130     0.03529     0.00331     0.00115     0.00082     0.06660     0.01587     0.10950     0.01494     0.07485     0.00000     0.00000     0.00000     0.00000     0.00000     0.00000     0.00000     0.32233
     1.70530     0.03724     0.00364     0.00087     0.00085     0.07031     0.01778     0.10250     0.01149     0.08977     0.00000     0.00000     0.00000     0.00000     0.00000     0.00000     0.00000     0.33444
     1.75830     0.05578     0.00470     0.00256     0.00128     0.08480     0.03398     0.15070     0.01718     0.11810     0.00000     0.00000     0.00000     0.00000     0.00000     0.00000     0.00000     0.46908
     1.81230     0.05812     0.00508     0.00464     0.00187     0.08905     0.04356     0.16250     0.02066     0.12010     0.00000     0.00000     0.00000     0.00000     0.00000     0.00000     0.00000     0.50558
     1.86530     0.05183     0.00507     0.00595     0.00221     0.09066     0.05282     0.14960     0.02475     0.10740     0.00000     0.00000     0.00000     0.00000     0.00000     0.00000     0.00000     0.49030
     1.91830     0.03968     0.00451     0.00316     0.00185     0.09284     0.03774     0.11910     0.01875     0.12210     0.00000     0.00000     0.00000     0.00000     0.00000     0.00000     0.00000     0.43972
     1.97230     0.03768     0.00912     0.00223     0.00242     0.09449     0.03580     0.12010     0.01868     0.53760     0.00000     0.00000     0.00000     0.00000     0.00000     0.00000     0.00000     0.85811
     2.02530     0.03759     0.00861     0.00198     0.00273     0.08728     0.03782     0.11680     0.02178     0.38810     0.00000     0.00000     0.00000     0.00000     0.00000     0.00000     0.00000     0.70269
     2.07830     0.03547     0.00789     0.00166     0.00311     0.08839     0.04029     0.10460     0.02681     0.34080     0.00000     0.00000     0.00000     0.00000     0.00000     0.00000     0.00000     0.64902
     2.13230     0.03004     0.00674     0.00200     0.00355     0.08566     0.04163     0.08686     0.03478     0.29580     0.00000     0.00000     0.00000     0.00000     0.00000     0.00000     0.00000     0.58706
     2.18530     0.02862     0.00554     0.00196     0.00346     0.08236     0.03807     0.08787     0.03140     0.25170     0.00000     0.00000     0.00000     0.00000     0.00000     0.00000     0.00000     0.53098
     2.23830     0.02913     0.00488     0.00222     0.00348     0.08312     0.03745     0.10060     0.02307     0.24540     0.00000     0.00000     0.00000     0.00000     0.00000     0.00000     0.00000     0.52934
     2.29230     0.02798     0.00395     0.00220     0.00338     0.08177     0.03150     0.09933     0.02022     0.16940     0.00000     0.00000     0.00000     0.00000     0.00000     0.00000     0.00000     0.43974
     2.34530     0.02557     0.00348     0.00209     0.00345     0.08161     0.02832     0.07651     0.01946     0.12700     0.00000     0.00000     0.00000     0.00000     0.00000     0.00000     0.00000     0.36749
     2.39830     0.02473     0.00322     0.00207     0.00358     0.08235     0.02850     0.07452     0.02160     0.13400     0.00000     0.00000     0.00000     0.00000     0.00000     0.00000     0.00000     0.37457
     2.45230     0.02483     0.00315     0.00228     0.00388     0.08531     0.03264     0.07707     0.02721     0.13840     0.00000     0.00000     0.00000     0.00000     0.00000     0.00000     0.00000     0.39477
     2.50530     0.02490     0.00318     0.00275     0.00418     0.10300     0.03693     0.11420     0.03241     0.13720     0.00000     0.00000     0.00000     0.00000     0.00000     0.00000     0.00000     0.45875
     2.55830     0.02517     0.00333     0.00296     0.00426     0.10950     0.03820     0.12380     0.03661     0.12940     0.00000     0.00000     0.00000     0.00000     0.00000     0.00000     0.00000     0.47323
     2.61230     0.02657     0.00364     0.00331     0.00441     0.11100     0.04180     0.12770     0.04058     0.14080     0.00000     0.00000     0.00000     0.00000     0.00000     0.00000     0.00000     0.49981
     2.66530     0.02601     0.00386     0.00375     0.00460     0.11720     0.04327     0.13160     0.04257     0.13750     0.00000     0.00000     0.00000     0.00000     0.00000     0.00000     0.00000     0.51036
     2.71830     0.02227     0.00358     0.00381     0.00411     0.11480     0.03628     0.12060     0.03734     0.11830     0.00000     0.00000     0.00000     0.00000     0.00000     0.00000     0.00000     0.46109
     2.77230     0.02064     0.00370     0.00324     0.00402     0.11840     0.03393     0.13540     0.03640     0.13060     0.00000     0.00000     0.00000     0.00000     0.00000     0.00000     0.00000     0.48633
     2.82530     0.01876     0.00395     0.00240     0.00398     0.12030     0.03054     0.12720     0.03360     0.12130     0.00000     0.00000     0.00000     0.00000     0.00000     0.00000     0.00000     0.46203
     2.87830     0.01642     0.00412     0.00226     0.00355     0.13820     0.02722     0.14990     0.03193     0.09276     0.00000     0.00000     0.00000     0.00000     0.00000     0.00000     0.00000     0.46636
     2.93230     0.01552     0.00432     0.00211     0.00363     0.14170     0.02927     0.15350     0.03143     0.07849     0.00000     0.00000     0.00000     0.00000     0.00000     0.00000     0.00000     0.45997
     2.98530     0.01689     0.00489     0.00225     0.00359     0.14390     0.03132     0.16240     0.03261     0.09255     0.00000     0.00000     0.00000     0.00000     0.00000     0.00000     0.00000     0.49040
     3.03830     0.01390     0.00577     0.00237     0.00403     0.14650     0.03658     0.17420     0.03487     0.09962     0.00000     0.00000     0.00000     0.00000     0.00000     0.00000     0.00000     0.51784
     3.09230     0.01186     0.00706     0.00241     0.00457     0.16300     0.04027     0.15720     0.03406     0.08369     0.00000     0.00000     0.00000     0.00000     0.00000     0.00000     0.00000     0.50412
     3.14530     0.01183     0.00722     0.00247     0.00402     0.16110     0.04029     0.14440     0.03273     0.08121     0.00000     0.00000     0.00000     0.00000     0.00000     0.00000     0.00000     0.48526
     3.19830     0.01441     0.00805     0.00298     0.00393     0.15420     0.03920     0.14260     0.03352     0.09031     0.00000     0.00000     0.00000     0.00000     0.00000     0.00000     0.00000     0.48921
     3.25230     0.01993     0.00918     0.00328     0.00412     0.15480     0.04102     0.13330     0.03783     0.08656     0.00000     0.00000     0.00000     0.00000     0.00000     0.00000     0.00000     0.49001
     3.30530     0.01757     0.00822     0.00289     0.00403     0.14020     0.03903     0.11320     0.03847     0.06906     0.00000     0.00000     0.00000     0.00000     0.00000     0.00000     0.00000     0.43266
     3.35830     0.01542     0.00682     0.00259     0.00378     0.13880     0.03441     0.11190     0.03874     0.06782     0.00000     0.00000     0.00000     0.00000     0.00000     0.00000     0.00000     0.42028
     3.41230     0.01282     0.00607     0.00243     0.00346     0.12810     0.03211     0.10390     0.03615     0.06110     0.00000     0.00000     0.00000     0.00000     0.00000     0.00000     0.00000     0.38613
     3.46530     0.01038     0.00533     0.00230     0.00307     0.11490     0.03176     0.10150     0.03275     0.05435     0.00000     0.00000     0.00000     0.00000     0.00000     0.00000     0.00000     0.35634
     3.51830     0.00855     0.00456     0.00245     0.00302     0.10980     0.03323     0.10160     0.03217     0.04849     0.00000     0.00000     0.00000     0.00000     0.00000     0.00000     0.00000     0.34387
     3.57230     0.01009     0.00548     0.00318     0.00372     0.11570     0.04072     0.11440     0.03778     0.04790     0.00000     0.00000     0.00000     0.00000     0.00000     0.00000     0.00000     0.37897
     3.62530     0.01383     0.00644     0.00390     0.00423     0.12690     0.04438     0.13200     0.04134     0.04886     0.00000     0.00000     0.00000     0.00000     0.00000     0.00000     0.00000     0.42188
     3.67830     0.01432     0.00627     0.00384     0.00408     0.11720     0.04148     0.12530     0.03857     0.04476     0.00000     0.00000     0.00000     0.00000     0.00000     0.00000     0.00000     0.39582
     3.73230     0.01570     0.00640     0.00394     0.00435     0.11420     0.04238     0.12030     0.04018     0.04339     0.00000     0.00000     0.00000     0.00000     0.00000     0.00000     0.00000     0.39084
     3.78530     0.01571     0.00629     0.00398     0.00456     0.10450     0.04361     0.11540     0.04132     0.04321     0.00000     0.00000     0.00000     0.00000     0.00000     0.00000     0.00000     0.37858
     3.83830     0.01467     0.00579     0.00364     0.00477     0.09349     0.04166     0.09503     0.03776     0.04395     0.00000     0.00000     0.00000     0.00000     0.00000     0.00000     0.00000     0.34076
     3.89230     0.01306     0.00534     0.00331     0.00501     0.09056     0.04172     0.08835     0.03487     0.04149     0.00000     0.00000     0.00000     0.00000     0.00000     0.00000     0.00000     0.32372
     3.94530     0.01188     0.00526     0.00288     0.00541     0.09480     0.04551     0.08620     0.03611     0.03800     0.00000     0.00000     0.00000     0.00000     0.00000     0.00000     0.00000     0.32605
     3.99830     0.01146     0.00586     0.00343     0.00663     0.11150     0.07859     0.13240     0.04468     0.04880     0.00000     0.00000     0.00000     0.00000     0.00000     0.00000     0.00000     0.44335
     4.05230     0.01208     0.00594     0.00435     0.00783     0.13340     0.11480     0.14870     0.04998     0.05036     0.00000     0.00000     0.00000     0.00000     0.00000     0.00000     0.00000     0.52744
     4.10530     0.01383     0.00767     0.00688     0.01057     0.17460     0.19220     0.19700     0.06279     0.05815     0.00000     0.00000     0.00000     0.00000     0.00000     0.00000     0.00000     0.72369
     4.15830     0.01289     0.00755     0.00866     0.01419     0.20150     0.28310     0.23420     0.06597     0.07055     0.00000     0.00000     0.00000     0.00000     0.00000     0.00000     0.00000     0.89861
     4.21230     0.01186     0.00697     0.00666     0.01022     0.14270     0.21500     0.15720     0.05550     0.05632     0.00000     0.00000     0.00000     0.00000     0.00000     0.00000     0.00000     0.66243
     4.26530     0.01009     0.00594     0.00562     0.00756     0.10270     0.17390     0.10790     0.05719     0.05010     0.00000     0.00000     0.00000     0.00000     0.00000     0.00000     0.00000     0.52099
     4.31830     0.01086     0.00781     0.00492     0.00720     0.08741     0.14870     0.09643     0.07250     0.05537     0.00000     0.00000     0.00000     0.00000     0.00000     0.00000     0.00000     0.49120
     4.37230     0.01307     0.00823     0.00492     0.00788     0.09290     0.12410     0.11480     0.06498     0.05088     0.00000     0.00000     0.00000     0.00000     0.00000     0.00000     0.00000     0.48176
     4.42530     0.01555     0.00887     0.00636     0.00965     0.10730     0.08982     0.15500     0.06422     0.05189     0.00000     0.00000     0.00000     0.00000     0.00000     0.00000     0.00000     0.50866
     4.47930     0.03181     0.01023     0.00897     0.01181     0.11470     0.09867     0.22140     0.07720     0.05271     0.00000     0.00000     0.00000     0.00000     0.00000     0.00000     0.00000     0.62750
     4.53230     0.03591     0.00842     0.00838     0.00785     0.08067     0.08500     0.23250     0.07779     0.04202     0.00000     0.00000     0.00000     0.00000     0.00000     0.00000     0.00000     0.57854
     4.58530     0.04636     0.00695     0.00669     0.00634     0.06715     0.07605     0.15740     0.05245     0.03771     0.00000     0.00000     0.00000     0.00000     0.00000     0.00000     0.00000     0.45710
     4.63930     0.05850     0.00617     0.00606     0.00552     0.06497     0.08589     0.13820     0.04737     0.04385     0.00000     0.00000     0.00000     0.00000     0.00000     0.00000     0.00000     0.45654
     4.69230     0.06498     0.00589     0.00604     0.00531     0.06577     0.10430     0.13340     0.04686     0.05265     0.00000     0.00000     0.00000     0.00000     0.00000     0.00000     0.00000     0.48520
     4.74530     0.02549     0.00675     0.00632     0.00573     0.06914     0.12470     0.13710     0.05015     0.06086     0.00000     0.00000     0.00000     0.00000     0.00000     0.00000     0.00000     0.48623
     4.79930     0.02074     0.00743     0.00633     0.00580     0.07298     0.13340     0.14520     0.05342     0.06403     0.00000     0.00000     0.00000     0.00000     0.00000     0.00000     0.00000     0.50933
     4.85230     0.01897     0.00555     0.00562     0.00500     0.06215     0.10800     0.12660     0.04960     0.05229     0.00000     0.00000     0.00000     0.00000     0.00000     0.00000     0.00000     0.43378
     4.90530     0.03444     0.00488     0.00527     0.00462     0.05725     0.09561     0.11180     0.04737     0.05923     0.00000     0.00000     0.00000     0.00000     0.00000     0.00000     0.00000     0.42047
     4.95930     0.05407     0.00481     0.00556     0.00447     0.05682     0.09397     0.10210     0.05044     0.07017     0.00000     0.00000     0.00000     0.00000     0.00000     0.00000     0.00000     0.44241
     5.01230     0.08718     0.00510     0.00634     0.00445     0.06355     0.09748     0.10220     0.05587     0.07512     0.00000     0.00000     0.00000     0.00000     0.00000     0.00000     0.00000     0.49728
     5.06530     0.06264     0.00481     0.00661     0.00450     0.06557     0.09985     0.09718     0.05522     0.06955     0.00000     0.00000     0.00000     0.00000     0.00000     0.00000     0.00000     0.46594
     5.11930     0.05336     0.00521     0.00753     0.00506     0.06992     0.12360     0.09766     0.06262     0.08335     0.00000     0.00000     0.00000     0.00000     0.00000     0.00000     0.00000     0.50831
     5.17230     0.05544     0.00572     0.00794     0.00523     0.07241     0.13150     0.09594     0.07134     0.09045     0.00000     0.00000     0.00000     0.00000     0.00000     0.00000     0.00000     0.53597
     5.22530     0.05958     0.00593     0.00837     0.00521     0.07544     0.12330     0.09383     0.07811     0.08823     0.00000     0.00000     0.00000     0.00000     0.00000     0.00000     0.00000     0.53800
     5.27930     0.06222     0.00689     0.00896     0.00635     0.08187     0.12770     0.09888     0.09650     0.09135     0.00000     0.00000     0.00000     0.00000     0.00000     0.00000     0.00000     0.58072
     5.33230     0.06316     0.00844     0.00869     0.00807     0.07640     0.13400     0.09661     0.10260     0.09084     0.00000     0.00000     0.00000     0.00000     0.00000     0.00000     0.00000     0.58882
     5.38530     0.06626     0.00440     0.00797     0.00401     0.07152     0.09265     0.09339     0.06306     0.06094     0.00000     0.00000     0.00000     0.00000     0.00000     0.00000     0.00000     0.46420
     5.43930     0.06794     0.00355     0.00681     0.00379     0.07354     0.07988     0.08038     0.06301     0.05297     0.00000     0.00000     0.00000     0.00000     0.00000     0.00000     0.00000     0.43187
     5.49230     0.07173     0.00397     0.01134     0.00617     0.10330     0.09296     0.08020     0.10790     0.05562     0.00000     0.00000     0.00000     0.00000     0.00000     0.00000     0.00000     0.53318
     5.54530     0.07183     0.00402     0.01211     0.00774     0.11720     0.10080     0.08299     0.11730     0.05919     0.00000     0.00000     0.00000     0.00000     0.00000     0.00000     0.00000     0.57319
     5.59930     0.07157     0.00392     0.01231     0.00994     0.11510     0.10300     0.08528     0.11810     0.06445     0.00000     0.00000     0.00000     0.00000     0.00000     0.00000     0.00000     0.58367
     5.65230     0.06577     0.00282     0.00849     0.00660     0.08735     0.07811     0.06023     0.08531     0.04770     0.00000     0.00000     0.00000     0.00000     0.00000     0.00000     0.00000     0.44239
     5.70530     0.06903     0.00242     0.00671     0.00490     0.08061     0.07217     0.04588     0.07307     0.04323     0.00000     0.00000     0.00000     0.00000     0.00000     0.00000     0.00000     0.39802
     5.75930     0.08834     0.00239     0.00672     0.00458     0.10200     0.09115     0.04463     0.08389     0.04256     0.00000     0.00000     0.00000     0.00000     0.00000     0.00000     0.00000     0.46626
     5.81230     0.08897     0.00217     0.00581     0.00405     0.09272     0.08437     0.03762     0.07903     0.04045     0.00000     0.00000     0.00000     0.00000     0.00000     0.00000     0.00000     0.43518
     5.86530     0.10310     0.00234     0.00573     0.00412     0.10070     0.09215     0.03608     0.08634     0.04014     0.00000     0.00000     0.00000     0.00000     0.00000     0.00000     0.00000     0.47070
     5.91930     0.09963     0.00218     0.00533     0.00342     0.08956     0.08400     0.02942     0.07852     0.03704     0.00000     0.00000     0.00000     0.00000     0.00000     0.00000     0.00000     0.42910
     5.97230     0.09619     0.00223     0.00548     0.00329     0.08541     0.07824     0.02821     0.07431     0.03866     0.00000     0.00000     0.00000     0.00000     0.00000     0.00000     0.00000     0.41202
     6.02530     0.10670     0.00282     0.00629     0.00378     0.09430     0.08293     0.03119     0.08231     0.04287     0.00000     0.00000     0.00000     0.00000     0.00000     0.00000     0.00000     0.45319
     6.07930     0.12100     0.00359     0.00766     0.00453     0.11430     0.09219     0.04042     0.09750     0.05136     0.00000     0.00000     0.00000     0.00000     0.00000     0.00000     0.00000     0.53255
     6.13230     0.11240     0.00345     0.00810     0.00475     0.11770     0.09684     0.04162     0.10380     0.05385     0.00000     0.00000     0.00000     0.00000     0.00000     0.00000     0.00000     0.54251
     6.18530     0.10810     0.00323     0.00834     0.00494     0.11710     0.10590     0.04906     0.10890     0.06058     0.00000     0.00000     0.00000     0.00000     0.00000     0.00000     0.00000     0.56614
     6.23930     0.10660     0.00308     0.00926     0.00528     0.12400     0.12100     0.06198     0.11990     0.06649     0.00000     0.00000     0.00000     0.00000     0.00000     0.00000     0.00000     0.61759
     6.29230     0.10150     0.00273     0.00882     0.00552     0.12770     0.12590     0.05728     0.12310     0.06876     0.00000     0.00000     0.00000     0.00000     0.00000     0.00000     0.00000     0.62131
     6.34530     0.10300     0.00293     0.01039     0.00593     0.13910     0.15470     0.07010     0.14110     0.08610     0.00000     0.00000     0.00000     0.00000     0.00000     0.00000     0.00000     0.71335
     6.39930     0.11300     0.00306     0.01158     0.00515     0.15290     0.19160     0.07001     0.15090     0.09361     0.00000     0.00000     0.00000     0.00000     0.00000     0.00000     0.00000     0.79180
     6.45230     0.10870     0.00239     0.01047     0.00439     0.15140     0.17560     0.05131     0.12870     0.07502     0.00000     0.00000     0.00000     0.00000     0.00000     0.00000     0.00000     0.70799
     6.50530     0.10560     0.00211     0.01067     0.00398     0.14770     0.15770     0.04601     0.11430     0.06004     0.00000     0.00000     0.00000     0.00000     0.00000     0.00000     0.00000     0.64811
     6.55930     0.10500     0.00201     0.01091     0.00386     0.13180     0.14130     0.04023     0.10380     0.05290     0.00000     0.00000     0.00000     0.00000     0.00000     0.00000     0.00000     0.59181
     6.61230     0.11080     0.00215     0.01119     0.00449     0.13580     0.14060     0.04103     0.10350     0.05108     0.00000     0.00000     0.00000     0.00000     0.00000     0.00000     0.00000     0.60065
     6.66530     0.11970     0.00229     0.01207     0.00472     0.15080     0.14750     0.04354     0.10480     0.05720     0.00000     0.00000     0.00000     0.00000     0.00000     0.00000     0.00000     0.64263
     6.71930     0.12600     0.00268     0.01198     0.00490     0.17460     0.15030     0.04868     0.10510     0.08144     0.00000     0.00000     0.00000     0.00000     0.00000     0.00000     0.00000     0.70568
     6.77230     0.10780     0.00307     0.01218     0.00467     0.18060     0.14700     0.05313     0.10430     0.07387     0.00000     0.00000     0.00000     0.00000     0.00000     0.00000     0.00000     0.68662
     6.82530     0.09979     0.00268     0.01279     0.00395     0.19030     0.14520     0.06081     0.10500     0.06016     0.00000     0.00000     0.00000     0.00000     0.00000     0.00000     0.00000     0.68068
     6.87930     0.09352     0.00239     0.01238     0.00400     0.18630     0.13940     0.05981     0.10900     0.05598     0.00000     0.00000     0.00000     0.00000     0.00000     0.00000     0.00000     0.66277
     6.93230     0.08307     0.00213     0.01101     0.00365     0.17120     0.13280     0.05788     0.10760     0.05744     0.00000     0.00000     0.00000     0.00000     0.00000     0.00000     0.00000     0.62678
     6.98530     0.07594     0.00207     0.00983     0.00287     0.15750     0.13050     0.05973     0.10810     0.05590     0.00000     0.00000     0.00000     0.00000     0.00000     0.00000     0.00000     0.60245
     7.03930     0.07299     0.00205     0.00896     0.00258     0.14900     0.12760     0.06200     0.10600     0.05438     0.00000     0.00000     0.00000     0.00000     0.00000     0.00000     0.00000     0.58556
     7.09230     0.07698     0.00217     0.00839     0.00246     0.15140     0.13330     0.07065     0.10960     0.05596     0.00000     0.00000     0.00000     0.00000     0.00000     0.00000     0.00000     0.61091
     7.14530     0.07751     0.00229     0.00782     0.00246     0.15090     0.14170     0.08297     0.11270     0.05792     0.00000     0.00000     0.00000     0.00000     0.00000     0.00000     0.00000     0.63627
     7.19930     0.08231     0.00251     0.00746     0.00262     0.15760     0.15020     0.09662     0.11920     0.06596     0.00000     0.00000     0.00000     0.00000     0.00000     0.00000     0.00000     0.68448
     7.25230     0.08818     0.00294     0.00754     0.00259     0.19070     0.16700     0.12090     0.14290     0.07528     0.00000     0.00000     0.00000     0.00000     0.00000     0.00000     0.00000     0.79804
     7.30630     0.10220     0.00365     0.00759     0.00273     0.19910     0.18380     0.14350     0.15490     0.07980     0.00000     0.00000     0.00000     0.00000     0.00000     0.00000     0.00000     0.87728
     7.35930     0.09444     0.00366     0.00694     0.00250     0.19510     0.17170     0.14610     0.15050     0.06693     0.00000     0.00000     0.00000     0.00000     0.00000     0.00000     0.00000     0.83786
     7.41230     0.09277     0.00408     0.00683     0.00260     0.23300     0.18150     0.16630     0.16400     0.06375     0.00000     0.00000     0.00000     0.00000     0.00000     0.00000     0.00000     0.91482
     7.46630     0.09579     0.00432     0.00709     0.00287     0.22120     0.19660     0.19840     0.18520     0.06907     0.00000     0.00000     0.00000     0.00000     0.00000     0.00000     0.00000     0.98053
     7.51930     0.09866     0.00428     0.00675     0.00289     0.20300     0.18580     0.21770     0.17500     0.06671     0.00000     0.00000     0.00000     0.00000     0.00000     0.00000     0.00000     0.96079
     7.57230     0.11490     0.00436     0.00664     0.00277     0.19610     0.17800     0.24380     0.16680     0.06241     0.00000     0.00000     0.00000     0.00000     0.00000     0.00000     0.00000     0.97579
     7.62630     0.12740     0.00465     0.00630     0.00305     0.21760     0.19430     0.23670     0.18840     0.08653     0.00000     0.00000     0.00000     0.00000     0.00000     0.00000     0.00000     1.06493
     7.67930     0.14030     0.00509     0.00676     0.00340     0.23060     0.20020     0.25310     0.20660     0.10110     0.00000     0.00000     0.00000     0.00000     0.00000     0.00000     0.00000     1.14714
     7.73230     0.13490     0.00543     0.00566     0.00357     0.24410     0.17310     0.24650     0.18540     0.10060     0.00000     0.00000     0.00000     0.00000     0.00000     0.00000     0.00000     1.09926
     7.78630     0.12350     0.00538     0.00492     0.00370     0.26040     0.15800     0.22710     0.17380     0.10100     0.00000     0.00000     0.00000     0.00000     0.00000     0.00000     0.00000     1.05779
     7.83930     0.11310     0.00481     0.00450     0.00369     0.26540     0.15540     0.20220     0.16870     0.10360     0.00000     0.00000     0.00000     0.00000     0.00000     0.00000     0.00000     1.02140
     7.89230     0.10660     0.00501     0.00447     0.00386     0.28570     0.16840     0.20030     0.16360     0.10660     0.00000     0.00000     0.00000     0.00000     0.00000     0.00000     0.00000     1.04454
     7.94630     0.09654     0.00475     0.00424     0.00367     0.29430     0.16190     0.21240     0.16300     0.11700     0.00000     0.00000     0.00000     0.00000     0.00000     0.00000     0.00000     1.05781
     7.99930     0.08747     0.00498     0.00441     0.00376     0.32010     0.16770     0.23090     0.16270     0.14650     0.00000     0.00000     0.00000     0.00000     0.00000     0.00000     0.00000     1.12853
     8.05230     0.08313     0.00496     0.00411     0.00394     0.34800     0.16120     0.19140     0.15470     0.11680     0.00000     0.00000     0.00000     0.00000     0.00000     0.00000     0.00000     1.06825
     8.10630     0.08068     0.00517     0.00440     0.00417     0.40240     0.16920     0.18180     0.15990     0.10570     0.00000     0.00000     0.00000     0.00000     0.00000     0.00000     0.00000     1.11341
     8.15930     0.07327     0.00609     0.00496     0.00477     0.35980     0.18330     0.19380     0.16640     0.10670     0.00000     0.00000     0.00000     0.00000     0.00000     0.00000     0.00000     1.09909
     8.21230     0.07200     0.00646     0.00604     0.00511     0.33790     0.18350     0.20460     0.18380     0.11340     0.00000     0.00000     0.00000     0.00000     0.00000     0.00000     0.00000     1.11281
     8.26630     0.07074     0.00602     0.00602     0.00470     0.26370     0.18080     0.19310     0.17900     0.12370     0.00000     0.00000     0.00000     0.00000     0.00000     0.00000     0.00000     1.02778
     8.31930     0.06937     0.00587     0.00594     0.00442     0.24310     0.17710     0.18510     0.17300     0.13760     0.00000     0.00000     0.00000     0.00000     0.00000     0.00000     0.00000     1.00150
     8.37230     0.06536     0.00577     0.00572     0.00421     0.22110     0.16920     0.18140     0.16170     0.14380     0.00000     0.00000     0.00000     0.00000     0.00000     0.00000     0.00000     0.95827
     8.42630     0.05841     0.00515     0.00561     0.00400     0.20290     0.16550     0.16690     0.15370     0.13500     0.00000     0.00000     0.00000     0.00000     0.00000     0.00000     0.00000     0.89718
     8.47930     0.05175     0.00491     0.00529     0.00378     0.18970     0.16240     0.15360     0.14290     0.13240     0.00000     0.00000     0.00000     0.00000     0.00000     0.00000     0.00000     0.84673
     8.53230     0.05020     0.00510     0.00559     0.00392     0.18220     0.16430     0.15930     0.15130     0.14260     0.00000     0.00000     0.00000     0.00000     0.00000     0.00000     0.00000     0.86452
     8.58630     0.04710     0.00540     0.00577     0.00422     0.16570     0.16990     0.16060     0.16900     0.16310     0.00000     0.00000     0.00000     0.00000     0.00000     0.00000     0.00000     0.89078
     8.63930     0.04781     0.00652     0.00560     0.00524     0.14270     0.18990     0.17980     0.20280     0.20160     0.00000     0.00000     0.00000     0.00000     0.00000     0.00000     0.00000     0.98197
     8.69230     0.04956     0.00672     0.00569     0.00462     0.13870     0.20020     0.16900     0.20850     0.20560     0.00000     0.00000     0.00000     0.00000     0.00000     0.00000     0.00000     0.98860
     8.74630     0.04723     0.00656     0.00534     0.00374     0.12620     0.19950     0.15110     0.19680     0.19280     0.00000     0.00000     0.00000     0.00000     0.00000     0.00000     0.00000     0.92927
     8.79930     0.03758     0.00573     0.00461     0.00312     0.10410     0.18940     0.12790     0.17380     0.17710     0.00000     0.00000     0.00000     0.00000     0.00000     0.00000     0.00000     0.82334
     8.85230     0.02681     0.00478     0.00399     0.00257     0.06703     0.16170     0.09316     0.15570     0.14160     0.00000     0.00000     0.00000     0.00000     0.00000     0.00000     0.00000     0.65733
     8.90630     0.02503     0.00460     0.00385     0.00228     0.05552     0.16160     0.08378     0.15630     0.12680     0.00000     0.00000     0.00000     0.00000     0.00000     0.00000     0.00000     0.61976
     8.95930     0.03159     0.00583     0.00450     0.00273     0.06540     0.18280     0.10030     0.18770     0.16350     0.00000     0.00000     0.00000     0.00000     0.00000     0.00000     0.00000     0.74435
     9.01230     0.03234     0.00544     0.00487     0.00239     0.07347     0.24330     0.08857     0.17490     0.16150     0.00000     0.00000     0.00000     0.00000     0.00000     0.00000     0.00000     0.78678
     9.06630     0.01812     0.00320     0.00411     0.00187     0.04909     0.19120     0.04869     0.13490     0.11970     0.00000     0.00000     0.00000     0.00000     0.00000     0.00000     0.00000     0.57088
     9.11930     0.01348     0.00247     0.00361     0.00170     0.03585     0.15120     0.03356     0.12740     0.10970     0.00000     0.00000     0.00000     0.00000     0.00000     0.00000     0.00000     0.47896
     9.17230     0.01004     0.00228     0.00313     0.00164     0.02619     0.12580     0.02484     0.13080     0.10250     0.00000     0.00000     0.00000     0.00000     0.00000     0.00000     0.00000     0.42722
     9.22630     0.01130     0.00292     0.00293     0.00173     0.02515     0.12780     0.02769     0.15540     0.12570     0.00000     0.00000     0.00000     0.00000     0.00000     0.00000     0.00000     0.48062
     9.27930     0.01695     0.00510     0.00332     0.00232     0.03093     0.19200     0.03735     0.22640     0.21390     0.00000     0.00000     0.00000     0.00000     0.00000     0.00000     0.00000     0.72827
     9.33230     0.01356     0.00450     0.00302     0.00171     0.02353     0.15590     0.02540     0.16400     0.18830     0.00000     0.00000     0.00000     0.00000     0.00000     0.00000     0.00000     0.57993
     9.38630     0.00747     0.00266     0.00235     0.00101     0.01309     0.10840     0.01334     0.12260     0.11400     0.00000     0.00000     0.00000     0.00000     0.00000     0.00000     0.00000     0.38493
     9.43930     0.00407     0.00151     0.00168     0.00054     0.00760     0.07235     0.00665     0.09636     0.06696     0.00000     0.00000     0.00000     0.00000     0.00000     0.00000     0.00000     0.25773
     9.49230     0.00307     0.00117     0.00141     0.00042     0.00398     0.04894     0.00411     0.08237     0.05418     0.00000     0.00000     0.00000     0.00000     0.00000     0.00000     0.00000     0.19964
     9.54630     0.00246     0.00100     0.00107     0.00035     0.00328     0.03164     0.00292     0.06727     0.04768     0.00000     0.00000     0.00000     0.00000     0.00000     0.00000     0.00000     0.15766
     9.59930     0.00223     0.00095     0.00095     0.00031     0.00302     0.02594     0.00229     0.06330     0.04574     0.00000     0.00000     0.00000     0.00000     0.00000     0.00000     0.00000     0.14473
     9.65230     0.00191     0.00088     0.00076     0.00029     0.00272     0.02207     0.00185     0.06054     0.04187     0.00000     0.00000     0.00000     0.00000     0.00000     0.00000     0.00000     0.13288
     9.70630     0.00168     0.00084     0.00064     0.00030     0.00261     0.02167     0.00153     0.05893     0.04320     0.00000     0.00000     0.00000     0.00000     0.00000     0.00000     0.00000     0.13140
     9.75930     0.00146     0.00075     0.00053     0.00026     0.00243     0.01920     0.00125     0.05305     0.03898     0.00000     0.00000     0.00000     0.00000     0.00000     0.00000     0.00000     0.11791
     9.81230     0.00121     0.00065     0.00041     0.00021     0.00209     0.01391     0.00100     0.04426     0.03220     0.00000     0.00000     0.00000     0.00000     0.00000     0.00000     0.00000     0.09595
     9.86630     0.00109     0.00058     0.00033     0.00015     0.00189     0.01065     0.00083     0.03802     0.02869     0.00000     0.00000     0.00000     0.00000     0.00000     0.00000     0.00000     0.08223
     9.91930     0.00066     0.00037     0.00024     0.00010     0.00115     0.00763     0.00047     0.02213     0.01913     0.00000     0.00000     0.00000     0.00000     0.00000     0.00000     0.00000     0.05188
     9.97330     0.00027     0.00016     0.00016     0.00006     0.00050     0.00489     0.00020     0.00873     0.00937     0.00000     0.00000     0.00000     0.00000     0.00000     0.00000     0.00000     0.02433
    10.02630     0.00015     0.00007     0.00011     0.00003     0.00030     0.00283     0.00011     0.00431     0.00481     0.00000     0.00000     0.00000     0.00000     0.00000     0.00000     0.00000     0.01273
    10.07930     0.00009     0.00003     0.00008     0.00002     0.00019     0.00165     0.00007     0.00227     0.00218     0.00000     0.00000     0.00000     0.00000     0.00000     0.00000     0.00000     0.00657
    10.13330     0.00006     0.00002     0.00006     0.00001     0.00013     0.00116     0.00004     0.00156     0.00156     0.00000     0.00000     0.00000     0.00000     0.00000     0.00000     0.00000     0.00461
    10.18630     0.00003     0.00001     0.00004     0.00001     0.00008     0.00082     0.00002     0.00105     0.00110     0.00000     0.00000     0.00000     0.00000     0.00000     0.00000     0.00000     0.00317
    10.23930     0.00002     0.00001     0.00003     0.00001     0.00005     0.00055     0.00001     0.00066     0.00074     0.00000     0.00000     0.00000     0.00000     0.00000     0.00000     0.00000     0.00207
    10.29330     0.00001     0.00000     0.00002     0.00000     0.00002     0.00035     0.00000     0.00039     0.00047     0.00000     0.00000     0.00000     0.00000     0.00000     0.00000     0.00000     0.00128
    10.34630     0.00000     0.00000     0.00001     0.00000     0.00001     0.00023     0.00000     0.00024     0.00030     0.00000     0.00000     0.00000     0.00000     0.00000     0.00000     0.00000     0.00081
    10.39930     0.00000     0.00000     0.00001     0.00000     0.00001     0.00013     0.00000     0.00014     0.00018     0.00000     0.00000     0.00000     0.00000     0.00000     0.00000     0.00000     0.00047
    10.45330     0.00000     0.00000     0.00000     0.00000     0.00000     0.00006     0.00000     0.00006     0.00007     0.00000     0.00000     0.00000     0.00000     0.00000     0.00000     0.00000     0.00020
    10.50630     0.00000     0.00000     0.00000     0.00000     0.00000     0.00001     0.00000     0.00001     0.00002     0.00000     0.00000     0.00000     0.00000     0.00000     0.00000     0.00000     0.00004
    10.55930     0.00000     0.00000     0.00000     0.00000     0.00000     0.00000     0.00000     0.00000     0.00000     0.00000     0.00000     0.00000     0.00000     0.00000     0.00000     0.00000     0.00000
    10.61330     0.00000     0.00000     0.00000     0.00000     0.00000     0.00000     0.00000     0.00000     0.00000     0.00000     0.00000     0.00000     0.00000     0.00000     0.00000     0.00000     0.00000
    10.66630     0.00000     0.00000     0.00000     0.00000     0.00000     0.00000     0.00000     0.00000     0.00000     0.00000     0.00000     0.00000     0.00000     0.00000     0.00000     0.00000     0.00000
    10.71930     0.00000     0.00000     0.00000     0.00000     0.00000     0.00000     0.00000     0.00000     0.00000     0.00000     0.00000     0.00000     0.00000     0.00000     0.00000     0.00000     0.00000
    10.77330     0.00000     0.00000     0.00000     0.00000     0.00000     0.00000     0.00000     0.00000     0.00000     0.00000     0.00000     0.00000     0.00000     0.00000     0.00000     0.00000     0.00000
    10.82630     0.00000     0.00000     0.00000     0.00000     0.00000     0.00000     0.00000     0.00000     0.00000     0.00000     0.00000     0.00000     0.00000     0.00000     0.00000     0.00000     0.00000
    10.87930     0.00000     0.00000     0.00000     0.00000     0.00000     0.00000     0.00000     0.00000     0.00000     0.00000     0.00000     0.00000     0.00000     0.00000     0.00000     0.00000     0.00000
    10.93330     0.00000     0.00000     0.00000     0.00000     0.00000     0.00000     0.00000     0.00000     0.00000     0.00000     0.00000     0.00000     0.00000     0.00000     0.00000     0.00000     0.00000
    10.98630     0.00000     0.00000     0.00000     0.00000     0.00000     0.00000     0.00000     0.00000     0.00000     0.00000     0.00000     0.00000     0.00000     0.00000     0.00000     0.00000     0.00000
    11.03930     0.00000     0.00000     0.00000     0.00000     0.00000     0.00000     0.00000     0.00000     0.00000     0.00000     0.00000     0.00000     0.00000     0.00000     0.00000     0.00000     0.00000
    11.09330     0.00000     0.00000     0.00000     0.00000     0.00000     0.00000     0.00000     0.00000     0.00000     0.00000     0.00000     0.00000     0.00000     0.00000     0.00000     0.00000     0.00000
    11.14630     0.00000     0.00000     0.00000     0.00000     0.00000     0.00000     0.00000     0.00000     0.00000     0.00000     0.00000     0.00000     0.00000     0.00000     0.00000     0.00000     0.00000
    11.19930     0.00000     0.00000     0.00000     0.00000     0.00000     0.00000     0.00000     0.00000     0.00000     0.00000     0.00000     0.00000     0.00000     0.00000     0.00000     0.00000     0.00000
    11.25330     0.00000     0.00000     0.00000     0.00000     0.00000     0.00000     0.00000     0.00000     0.00000     0.00000     0.00000     0.00000     0.00000     0.00000     0.00000     0.00000     0.00000
    11.30630     0.00000     0.00000     0.00000     0.00000     0.00000     0.00000     0.00000     0.00000     0.00000     0.00000     0.00000     0.00000     0.00000     0.00000     0.00000     0.00000     0.00000
    11.35930     0.00000     0.00000     0.00000     0.00000     0.00000     0.00000     0.00000     0.00000     0.00000     0.00000     0.00000     0.00000     0.00000     0.00000     0.00000     0.00000     0.00000
    11.41330     0.00000     0.00000     0.00000     0.00000     0.00000     0.00000     0.00000     0.00000     0.00000     0.00000     0.00000     0.00000     0.00000     0.00000     0.00000     0.00000     0.00000
    11.46630     0.00000     0.00000     0.00000     0.00000     0.00000     0.00000     0.00000     0.00000     0.00000     0.00000     0.00000     0.00000     0.00000     0.00000     0.00000     0.00000     0.00000
    11.51930     0.00000     0.00000     0.00000     0.00000     0.00000     0.00000     0.00000     0.00000     0.00000     0.00000     0.00000     0.00000     0.00000     0.00000     0.00000     0.00000     0.00000
    11.57330     0.00000     0.00000     0.00000     0.00000     0.00000     0.00000     0.00000     0.00000     0.00000     0.00000     0.00000     0.00000     0.00000     0.00000     0.00000     0.00000     0.00000
    11.62630     0.00000     0.00000     0.00000     0.00000     0.00000     0.00000     0.00000     0.00000     0.00000     0.00000     0.00000     0.00000     0.00000     0.00000     0.00000     0.00000     0.00000
    11.67930     0.00000     0.00000     0.00000     0.00000     0.00000     0.00000     0.00000     0.00000     0.00000     0.00000     0.00000     0.00000     0.00000     0.00000     0.00000     0.00000     0.00000
    11.73330     0.00000     0.00000     0.00000     0.00000     0.00000     0.00000     0.00000     0.00000     0.00000     0.00000     0.00000     0.00000     0.00000     0.00000     0.00000     0.00000     0.00000
    11.78630     0.00000     0.00000     0.00000     0.00000     0.00000     0.00000     0.00000     0.00000     0.00000     0.00000     0.00000     0.00000     0.00000     0.00000     0.00000     0.00000     0.00000
    11.83930     0.00000     0.00000     0.00000     0.00000     0.00000     0.00000     0.00000     0.00000     0.00000     0.00000     0.00000     0.00000     0.00000     0.00000     0.00000     0.00000     0.00000
    11.89330     0.00000     0.00000     0.00000     0.00000     0.00000     0.00000     0.00000     0.00000     0.00000     0.00000     0.00000     0.00000     0.00000     0.00000     0.00000     0.00000     0.00000
    11.94630     0.00000     0.00000     0.00000     0.00000     0.00000     0.00000     0.00000     0.00000     0.00000     0.00000     0.00000     0.00000     0.00000     0.00000     0.00000     0.00000     0.00000
    11.99930     0.00000     0.00000     0.00000     0.00000     0.00000     0.00000     0.00000     0.00000     0.00000     0.00000     0.00000     0.00000     0.00000     0.00000     0.00000     0.00000     0.00000
    12.05330     0.00000     0.00000     0.00000     0.00000     0.00000     0.00000     0.00000     0.00000     0.00000     0.00000     0.00000     0.00000     0.00000     0.00000     0.00000     0.00000     0.00000
    12.10630     0.00000     0.00000     0.00000     0.00000     0.00000     0.00000     0.00000     0.00000     0.00000     0.00000     0.00000     0.00000     0.00000     0.00000     0.00000     0.00000     0.00000
    12.15930     0.00000     0.00000     0.00000     0.00000     0.00000     0.00000     0.00000     0.00000     0.00000     0.00000     0.00000     0.00000     0.00000     0.00000     0.00000     0.00000     0.00000
    12.21330     0.00000     0.00000     0.00000     0.00000     0.00000     0.00000     0.00000     0.00000     0.00000     0.00000     0.00000     0.00000     0.00000     0.00000     0.00000     0.00000     0.00000
    12.26630     0.00000     0.00000     0.00000     0.00000     0.00000     0.00000     0.00000     0.00000     0.00000     0.00000     0.00000     0.00000     0.00000     0.00000     0.00000     0.00000     0.00000
    12.31930     0.00000     0.00000     0.00000     0.00000     0.00000     0.00000     0.00000     0.00000     0.00000     0.00000     0.00000     0.00000     0.00000     0.00000     0.00000     0.00000     0.00000
    12.37330     0.00000     0.00000     0.00000     0.00000     0.00000     0.00000     0.00000     0.00000     0.00000     0.00000     0.00000     0.00000     0.00000     0.00000     0.00000     0.00000     0.00000
    12.42630     0.00000     0.00000     0.00000     0.00000     0.00000     0.00000     0.00000     0.00000     0.00000     0.00000     0.00000     0.00000     0.00000     0.00000     0.00000     0.00000     0.00000
    12.47930     0.00000     0.00000     0.00000     0.00000     0.00000     0.00000     0.00000     0.00000     0.00000     0.00000     0.00000     0.00000     0.00000     0.00000     0.00000     0.00000     0.00000
    12.53330     0.00000     0.00000     0.00000     0.00000     0.00000     0.00000     0.00000     0.00000     0.00000     0.00000     0.00000     0.00000     0.00000     0.00000     0.00000     0.00000     0.00000
    12.58630     0.00000     0.00000     0.00000     0.00000     0.00000     0.00000     0.00000     0.00000     0.00000     0.00000     0.00000     0.00000     0.00000     0.00000     0.00000     0.00000     0.00000
    12.64030     0.00000     0.00000     0.00000     0.00000     0.00000     0.00000     0.00000     0.00000     0.00000     0.00000     0.00000     0.00000     0.00000     0.00000     0.00000     0.00000     0.00000
    12.69330     0.00000     0.00000     0.00000     0.00000     0.00000     0.00000     0.00000     0.00000     0.00000     0.00000     0.00000     0.00000     0.00000     0.00000     0.00000     0.00000     0.00000
    12.74630     0.00000     0.00000     0.00000     0.00000     0.00000     0.00000     0.00000     0.00000     0.00000     0.00000     0.00000     0.00000     0.00000     0.00000     0.00000     0.00000     0.00000
    12.80030     0.00000     0.00000     0.00000     0.00000     0.00000     0.00000     0.00000     0.00000     0.00000     0.00000     0.00000     0.00000     0.00000     0.00000     0.00000     0.00000     0.00000
    12.85330     0.00000     0.00000     0.00000     0.00000     0.00000     0.00000     0.00000     0.00000     0.00000     0.00000     0.00000     0.00000     0.00000     0.00000     0.00000     0.00000     0.00000
    12.90630     0.00000     0.00000     0.00000     0.00000     0.00000     0.00000     0.00000     0.00000     0.00000     0.00000     0.00000     0.00000     0.00000     0.00000     0.00000     0.00000     0.00000
    12.96030     0.00000     0.00000     0.00000     0.00000     0.00000     0.00000     0.00000     0.00000     0.00000     0.00000     0.00000     0.00000     0.00000     0.00000     0.00000     0.00000     0.00000
    13.01330     0.00000     0.00000     0.00000     0.00000     0.00000     0.00000     0.00000     0.00000     0.00000     0.00000     0.00000     0.00000     0.00000     0.00000     0.00000     0.00000     0.00000
    13.06630     0.00000     0.00000     0.00000     0.00000     0.00000     0.00000     0.00000     0.00000     0.00000     0.00000     0.00000     0.00000     0.00000     0.00000     0.00000     0.00000     0.00000
    13.12030     0.00000     0.00000     0.00000     0.00000     0.00000     0.00000     0.00000     0.00000     0.00000     0.00000     0.00000     0.00000     0.00000     0.00000     0.00000     0.00000     0.00000
    13.17330     0.00000     0.00000     0.00000     0.00000     0.00000     0.00000     0.00000     0.00000     0.00000     0.00000     0.00000     0.00000     0.00000     0.00000     0.00000     0.00000     0.00000
    13.22630     0.00000     0.00000     0.00000     0.00000     0.00000     0.00000     0.00000     0.00000     0.00000     0.00000     0.00000     0.00000     0.00000     0.00000     0.00000     0.00000     0.00000
    13.28030     0.00000     0.00000     0.00000     0.00000     0.00000     0.00000     0.00000     0.00000     0.00000     0.00000     0.00000     0.00000     0.00000     0.00000     0.00000     0.00000     0.00000
    13.33330     0.00000     0.00000     0.00000     0.00000     0.00000     0.00000     0.00000     0.00000     0.00000     0.00000     0.00000     0.00000     0.00000     0.00000     0.00000     0.00000     0.00000
    13.38630     0.00000     0.00000     0.00000     0.00000     0.00000     0.00000     0.00000     0.00000     0.00000     0.00000     0.00000     0.00000     0.00000     0.00000     0.00000     0.00000     0.00000
    13.44030     0.00000     0.00000     0.00000     0.00000     0.00000     0.00000     0.00000     0.00000     0.00000     0.00000     0.00000     0.00000     0.00000     0.00000     0.00000     0.00000     0.00000
    13.49330     0.00000     0.00000     0.00000     0.00000     0.00000     0.00000     0.00000     0.00000     0.00000     0.00000     0.00000     0.00000     0.00000     0.00000     0.00000     0.00000     0.00000
    13.54630     0.00000     0.00000     0.00000     0.00000     0.00000     0.00000     0.00000     0.00000     0.00000     0.00000     0.00000     0.00000     0.00000     0.00000     0.00000     0.00000     0.00000
    13.60030     0.00000     0.00000     0.00000     0.00000     0.00000     0.00000     0.00000     0.00000     0.00000     0.00000     0.00000     0.00000     0.00000     0.00000     0.00000     0.00000     0.00000
    13.65330     0.00000     0.00000     0.00000     0.00000     0.00000     0.00000     0.00000     0.00000     0.00000     0.00000     0.00000     0.00000     0.00000     0.00000     0.00000     0.00000     0.00000
    13.70630     0.00000     0.00000     0.00000     0.00000     0.00000     0.00000     0.00000     0.00000     0.00000     0.00000     0.00000     0.00000     0.00000     0.00000     0.00000     0.00000     0.00000
    13.76030     0.00000     0.00000     0.00000     0.00000     0.00000     0.00000     0.00000     0.00000     0.00000     0.00000     0.00000     0.00000     0.00000     0.00000     0.00000     0.00000     0.00000
    13.81330     0.00000     0.00000     0.00000     0.00000     0.00000     0.00000     0.00000     0.00000     0.00000     0.00000     0.00000     0.00000     0.00000     0.00000     0.00000     0.00000     0.00000
    13.86630     0.00000     0.00000     0.00000     0.00000     0.00000     0.00000     0.00000     0.00000     0.00000     0.00000     0.00000     0.00000     0.00000     0.00000     0.00000     0.00000     0.00000
    13.92030     0.00000     0.00000     0.00000     0.00000     0.00000     0.00000     0.00000     0.00000     0.00000     0.00000     0.00000     0.00000     0.00000     0.00000     0.00000     0.00000     0.00000
    13.97330     0.00000     0.00000     0.00000     0.00000     0.00000     0.00000     0.00000     0.00000     0.00000     0.00000     0.00000     0.00000     0.00000     0.00000     0.00000     0.00000     0.00000
    14.02630     0.00000     0.00000     0.00000     0.00000     0.00000     0.00000     0.00000     0.00000     0.00000     0.00000     0.00000     0.00000     0.00000     0.00000     0.00000     0.00000     0.00000
    14.08030     0.00000     0.00000     0.00000     0.00000     0.00000     0.00000     0.00000     0.00000     0.00000     0.00000     0.00000     0.00000     0.00000     0.00000     0.00000     0.00000     0.00000
    14.13330     0.00000     0.00000     0.00000     0.00000     0.00000     0.00000     0.00000     0.00000     0.00000     0.00000     0.00000     0.00000     0.00000     0.00000     0.00000     0.00000     0.00000
    14.18630     0.00000     0.00000     0.00000     0.00000     0.00000     0.00000     0.00000     0.00000     0.00000     0.00000     0.00000     0.00000     0.00000     0.00000     0.00000     0.00000     0.00000
