     #Energy           s          py          pz          px         dxy         dyz         dz2         dxz         dx2       fy3x2        fxyz        fyz2         fz3        fxz2        fzx2         fx3       tot  
   -66.03350     0.00000     0.00000     0.00000     0.00000     0.00000     0.00000     0.00000     0.00000     0.00000     0.00000     0.00000     0.00000     0.00000     0.00000     0.00000     0.00000     0.00000
   -65.98050     0.00000     0.00000     0.00000     0.00000     0.00000     0.00000     0.00000     0.00000     0.00000     0.00000     0.00000     0.00000     0.00000     0.00000     0.00000     0.00000     0.00000
   -65.92650     0.00000     0.00000     0.00000     0.00000     0.00000     0.00000     0.00000     0.00000     0.00000     0.00000     0.00000     0.00000     0.00000     0.00000     0.00000     0.00000     0.00000
   -65.87250     0.00000     0.00000     0.00000     0.00000     0.00000     0.00000     0.00000     0.00000     0.00000     0.00000     0.00000     0.00000     0.00000     0.00000     0.00000     0.00000     0.00000
   -65.81850     0.00000     0.00000     0.00000     0.00000     0.00000     0.00000     0.00000     0.00000     0.00000     0.00000     0.00000     0.00000     0.00000     0.00000     0.00000     0.00000     0.00000
   -65.76450     0.00000     0.00000     0.00000     0.00000     0.00000     0.00000     0.00000     0.00000     0.00000     0.00000     0.00000     0.00000     0.00000     0.00000     0.00000     0.00000     0.00000
   -65.71050     0.00000     0.00000     0.00000     0.00000     0.00000     0.00000     0.00000     0.00000     0.00000     0.00000     0.00000     0.00000     0.00000     0.00000     0.00000     0.00000     0.00000
   -65.65650     0.00000     0.00000     0.00000     0.00000     0.00000     0.00000     0.00000     0.00000     0.00000     0.00000     0.00000     0.00000     0.00000     0.00000     0.00000     0.00000     0.00000
   -65.60350     0.00000     0.00000     0.00000     0.00000     0.00000     0.00000     0.00000     0.00000     0.00000     0.00000     0.00000     0.00000     0.00000     0.00000     0.00000     0.00000     0.00000
   -65.54950     0.00000     0.00000     0.00000     0.00000     0.00000     0.00000     0.00000     0.00000     0.00000     0.00000     0.00000     0.00000     0.00000     0.00000     0.00000     0.00000     0.00000
   -65.49550     0.00000     0.00000     0.00000     0.00000     0.00000     0.00000     0.00000     0.00000     0.00000     0.00000     0.00000     0.00000     0.00000     0.00000     0.00000     0.00000     0.00000
   -65.44150     0.00000     0.00000     0.00000     0.00000     0.00000     0.00000     0.00000     0.00000     0.00000     0.00000     0.00000     0.00000     0.00000     0.00000     0.00000     0.00000     0.00000
   -65.38750     0.00000     0.00000     0.00000     0.00000     0.00000     0.00000     0.00000     0.00000     0.00000     0.00000     0.00000     0.00000     0.00000     0.00000     0.00000     0.00000     0.00000
   -65.33350     0.00000     0.00000     0.00000     0.00000     0.00000     0.00000     0.00000     0.00000     0.00000     0.00000     0.00000     0.00000     0.00000     0.00000     0.00000     0.00000     0.00000
   -65.28050     0.00000     0.00000     0.00000     0.00000     0.00000     0.00000     0.00000     0.00000     0.00000     0.00000     0.00000     0.00000     0.00000     0.00000     0.00000     0.00000     0.00000
   -65.22650     0.00000     0.00000     0.00000     0.00000     0.00000     0.00000     0.00000     0.00000     0.00000     0.00000     0.00000     0.00000     0.00000     0.00000     0.00000     0.00000     0.00000
   -65.17250     0.00000     0.00000     0.00000     0.00000     0.00000     0.00000     0.00000     0.00000     0.00000     0.00000     0.00000     0.00000     0.00000     0.00000     0.00000     0.00000     0.00000
   -65.11850     0.00000     0.00000     0.00000     0.00000     0.00000     0.00000     0.00000     0.00000     0.00000     0.00000     0.00000     0.00000     0.00000     0.00000     0.00000     0.00000     0.00000
   -65.06450     0.00000     0.00000     0.00000     0.00000     0.00000     0.00000     0.00000     0.00000     0.00000     0.00000     0.00000     0.00000     0.00000     0.00000     0.00000     0.00000     0.00000
   -65.01050     0.00000     0.00000     0.00000     0.00000     0.00000     0.00000     0.00000     0.00000     0.00000     0.00000     0.00000     0.00000     0.00000     0.00000     0.00000     0.00000     0.00000
   -64.95650     0.00000     0.00000     0.00000     0.00000     0.00000     0.00000     0.00000     0.00000     0.00000     0.00000     0.00000     0.00000     0.00000     0.00000     0.00000     0.00000     0.00000
   -64.90350     0.00000     0.00000     0.00000     0.00000     0.00000     0.00000     0.00000     0.00000     0.00000     0.00000     0.00000     0.00000     0.00000     0.00000     0.00000     0.00000     0.00000
   -64.84950     0.00000     0.00000     0.00000     0.00000     0.00000     0.00000     0.00000     0.00000     0.00000     0.00000     0.00000     0.00000     0.00000     0.00000     0.00000     0.00000     0.00000
   -64.79550     0.00000     0.00000     0.00000     0.00000     0.00000     0.00000     0.00000     0.00000     0.00000     0.00000     0.00000     0.00000     0.00000     0.00000     0.00000     0.00000     0.00000
   -64.74150     0.00000     0.00000     0.00000     0.00000     0.00000     0.00000     0.00000     0.00000     0.00000     0.00000     0.00000     0.00000     0.00000     0.00000     0.00000     0.00000     0.00000
   -64.68750     0.00000     0.00000     0.00000     0.00000     0.00000     0.00000     0.00000     0.00000     0.00000     0.00000     0.00000     0.00000     0.00000     0.00000     0.00000     0.00000     0.00000
   -64.63350     0.00000     0.00000     0.00000     0.00000     0.00000     0.00000     0.00000     0.00000     0.00000     0.00000     0.00000     0.00000     0.00000     0.00000     0.00000     0.00000     0.00000
   -64.57950     0.00000     0.00000     0.00000     0.00000     0.00000     0.00000     0.00000     0.00000     0.00000     0.00000     0.00000     0.00000     0.00000     0.00000     0.00000     0.00000     0.00000
   -64.52650     0.00000     0.00000     0.00000     0.00000     0.00000     0.00000     0.00000     0.00000     0.00000     0.00000     0.00000     0.00000     0.00000     0.00000     0.00000     0.00000     0.00000
   -64.47250     0.00000     0.00000     0.00000     0.00000     0.00000     0.00000     0.00000     0.00000     0.00000     0.00000     0.00000     0.00000     0.00000     0.00000     0.00000     0.00000     0.00000
   -64.41850     0.00000     0.00000     0.00000     0.00000     0.00000     0.00000     0.00000     0.00000     0.00000     0.00000     0.00000     0.00000     0.00000     0.00000     0.00000     0.00000     0.00000
   -64.36450     0.00000     0.00000     0.00000     0.00000     0.00000     0.00000     0.00000     0.00000     0.00000     0.00000     0.00000     0.00000     0.00000     0.00000     0.00000     0.00000     0.00000
   -64.31050     0.00000     0.00000     0.00000     0.00000     0.00000     0.00000     0.00000     0.00000     0.00000     0.00000     0.00000     0.00000     0.00000     0.00000     0.00000     0.00000     0.00000
   -64.25650     0.00000     0.00000     0.00000     0.00000     0.00000     0.00000     0.00000     0.00000     0.00000     0.00000     0.00000     0.00000     0.00000     0.00000     0.00000     0.00000     0.00000
   -64.20350     0.00000     0.00000     0.00000     0.00000     0.00000     0.00000     0.00000     0.00000     0.00000     0.00000     0.00000     0.00000     0.00000     0.00000     0.00000     0.00000     0.00000
   -64.14950     0.00000     0.00000     0.00000     0.00000     0.00000     0.00000     0.00000     0.00000     0.00000     0.00000     0.00000     0.00000     0.00000     0.00000     0.00000     0.00000     0.00000
   -64.09550     0.00000     0.00000     0.00000     0.00000     0.00000     0.00000     0.00000     0.00000     0.00000     0.00000     0.00000     0.00000     0.00000     0.00000     0.00000     0.00000     0.00000
   -64.04150     0.00000     0.00000     0.00000     0.00000     0.00000     0.00000     0.00000     0.00000     0.00000     0.00000     0.00000     0.00000     0.00000     0.00000     0.00000     0.00000     0.00000
   -63.98750     0.00000     0.00000     0.00000     0.00000     0.00000     0.00000     0.00000     0.00000     0.00000     0.00000     0.00000     0.00000     0.00000     0.00000     0.00000     0.00000     0.00000
   -63.93350     0.00000     0.00000     0.00000     0.00000     0.00000     0.00000     0.00000     0.00000     0.00000     0.00000     0.00000     0.00000     0.00000     0.00000     0.00000     0.00000     0.00000
   -63.87950     0.00000     0.00000     0.00000     0.00000     0.00000     0.00000     0.00000     0.00000     0.00000     0.00000     0.00000     0.00000     0.00000     0.00000     0.00000     0.00000     0.00000
   -63.82650     0.00000     0.00000     0.00000     0.00000     0.00000     0.00000     0.00000     0.00000     0.00000     0.00000     0.00000     0.00000     0.00000     0.00000     0.00000     0.00000     0.00000
   -63.77250     0.00000     0.00000     0.00000     0.00000     0.00000     0.00000     0.00000     0.00000     0.00000     0.00000     0.00000     0.00000     0.00000     0.00000     0.00000     0.00000     0.00000
   -63.71850     0.00000     0.00000     0.00000     0.00000     0.00000     0.00000     0.00000     0.00000     0.00000     0.00000     0.00000     0.00000     0.00000     0.00000     0.00000     0.00000     0.00000
   -63.66450     0.00000     0.00000     0.00000     0.00000     0.00000     0.00000     0.00000     0.00000     0.00000     0.00000     0.00000     0.00000     0.00000     0.00000     0.00000     0.00000     0.00000
   -63.61050     0.00000     0.00000     0.00000     0.00000     0.00000     0.00000     0.00000     0.00000     0.00000     0.00000     0.00000     0.00000     0.00000     0.00000     0.00000     0.00000     0.00000
   -63.55650     0.00000     0.00000     0.00000     0.00000     0.00000     0.00000     0.00000     0.00000     0.00000     0.00000     0.00000     0.00000     0.00000     0.00000     0.00000     0.00000     0.00000
   -63.50350     0.00000     0.00000     0.00000     0.00000     0.00000     0.00000     0.00000     0.00000     0.00000     0.00000     0.00000     0.00000     0.00000     0.00000     0.00000     0.00000     0.00000
   -63.44950     0.00000     0.00000     0.00000     0.00000     0.00000     0.00000     0.00000     0.00000     0.00000     0.00000     0.00000     0.00000     0.00000     0.00000     0.00000     0.00000     0.00000
   -63.39550     0.00000     0.00000     0.00000     0.00000     0.00000     0.00000     0.00000     0.00000     0.00000     0.00000     0.00000     0.00000     0.00000     0.00000     0.00000     0.00000     0.00000
   -63.34150     0.00000     0.00000     0.00000     0.00000     0.00000     0.00000     0.00000     0.00000     0.00000     0.00000     0.00000     0.00000     0.00000     0.00000     0.00000     0.00000     0.00000
   -63.28750     0.00000     0.00000     0.00000     0.00000     0.00000     0.00000     0.00000     0.00000     0.00000     0.00000     0.00000     0.00000     0.00000     0.00000     0.00000     0.00000     0.00000
   -63.23350     0.00000     0.00000     0.00000     0.00000     0.00000     0.00000     0.00000     0.00000     0.00000     0.00000     0.00000     0.00000     0.00000     0.00000     0.00000     0.00000     0.00000
   -63.17950     0.00000     0.00000     0.00000     0.00000     0.00000     0.00000     0.00000     0.00000     0.00000     0.00000     0.00000     0.00000     0.00000     0.00000     0.00000     0.00000     0.00000
   -63.12650     0.00000     0.00000     0.00000     0.00000     0.00000     0.00000     0.00000     0.00000     0.00000     0.00000     0.00000     0.00000     0.00000     0.00000     0.00000     0.00000     0.00000
   -63.07250     0.00000     0.00000     0.00000     0.00000     0.00000     0.00000     0.00000     0.00000     0.00000     0.00000     0.00000     0.00000     0.00000     0.00000     0.00000     0.00000     0.00000
   -63.01850     0.00000     0.00000     0.00000     0.00000     0.00000     0.00000     0.00000     0.00000     0.00000     0.00000     0.00000     0.00000     0.00000     0.00000     0.00000     0.00000     0.00000
   -62.96450     0.00000     0.00000     0.00000     0.00000     0.00000     0.00000     0.00000     0.00000     0.00000     0.00000     0.00000     0.00000     0.00000     0.00000     0.00000     0.00000     0.00000
   -62.91050     0.00000     0.00000     0.00000     0.00000     0.00000     0.00000     0.00000     0.00000     0.00000     0.00000     0.00000     0.00000     0.00000     0.00000     0.00000     0.00000     0.00000
   -62.85650     0.00000     0.00000     0.00000     0.00000     0.00000     0.00000     0.00000     0.00000     0.00000     0.00000     0.00000     0.00000     0.00000     0.00000     0.00000     0.00000     0.00000
   -62.80350     0.00000     0.00000     0.00000     0.00000     0.00000     0.00000     0.00000     0.00000     0.00000     0.00000     0.00000     0.00000     0.00000     0.00000     0.00000     0.00000     0.00000
   -62.74950     0.00000     0.00000     0.00000     0.00000     0.00000     0.00000     0.00000     0.00000     0.00000     0.00000     0.00000     0.00000     0.00000     0.00000     0.00000     0.00000     0.00000
   -62.69550     0.00000     0.00000     0.00000     0.00000     0.00000     0.00000     0.00000     0.00000     0.00000     0.00000     0.00000     0.00000     0.00000     0.00000     0.00000     0.00000     0.00000
   -62.64150     0.00000     0.00000     0.00000     0.00000     0.00000     0.00000     0.00000     0.00000     0.00000     0.00000     0.00000     0.00000     0.00000     0.00000     0.00000     0.00000     0.00000
   -62.58750     0.00000     0.00000     0.00000     0.00000     0.00000     0.00000     0.00000     0.00000     0.00000     0.00000     0.00000     0.00000     0.00000     0.00000     0.00000     0.00000     0.00000
   -62.53350     0.00000     0.00000     0.00000     0.00000     0.00000     0.00000     0.00000     0.00000     0.00000     0.00000     0.00000     0.00000     0.00000     0.00000     0.00000     0.00000     0.00000
   -62.47950     0.00000     0.00000     0.00000     0.00000     0.00000     0.00000     0.00000     0.00000     0.00000     0.00000     0.00000     0.00000     0.00000     0.00000     0.00000     0.00000     0.00000
   -62.42650     0.00000     0.00000     0.00000     0.00000     0.00000     0.00000     0.00000     0.00000     0.00000     0.00000     0.00000     0.00000     0.00000     0.00000     0.00000     0.00000     0.00000
   -62.37250     0.00000     0.00000     0.00000     0.00000     0.00000     0.00000     0.00000     0.00000     0.00000     0.00000     0.00000     0.00000     0.00000     0.00000     0.00000     0.00000     0.00000
   -62.31850     0.00000     0.00000     0.00000     0.00000     0.00000     0.00000     0.00000     0.00000     0.00000     0.00000     0.00000     0.00000     0.00000     0.00000     0.00000     0.00000     0.00000
   -62.26450     0.00000     0.00000     0.00000     0.00000     0.00000     0.00000     0.00000     0.00000     0.00000     0.00000     0.00000     0.00000     0.00000     0.00000     0.00000     0.00000     0.00000
   -62.21050     0.00000     0.00000     0.00000     0.00000     0.00000     0.00000     0.00000     0.00000     0.00000     0.00000     0.00000     0.00000     0.00000     0.00000     0.00000     0.00000     0.00000
   -62.15650     0.00000     0.00000     0.00000     0.00000     0.00000     0.00000     0.00000     0.00000     0.00000     0.00000     0.00000     0.00000     0.00000     0.00000     0.00000     0.00000     0.00000
   -62.10250     0.00000     0.00000     0.00000     0.00000     0.00000     0.00000     0.00000     0.00000     0.00000     0.00000     0.00000     0.00000     0.00000     0.00000     0.00000     0.00000     0.00000
   -62.04950     0.00000     0.00000     0.00000     0.00000     0.00000     0.00000     0.00000     0.00000     0.00000     0.00000     0.00000     0.00000     0.00000     0.00000     0.00000     0.00000     0.00000
   -61.99550     0.00000     0.00000     0.00000     0.00000     0.00000     0.00000     0.00000     0.00000     0.00000     0.00000     0.00000     0.00000     0.00000     0.00000     0.00000     0.00000     0.00000
   -61.94150     0.00000     0.00000     0.00000     0.00000     0.00000     0.00000     0.00000     0.00000     0.00000     0.00000     0.00000     0.00000     0.00000     0.00000     0.00000     0.00000     0.00000
   -61.88750     0.00000     0.00000     0.00000     0.00000     0.00000     0.00000     0.00000     0.00000     0.00000     0.00000     0.00000     0.00000     0.00000     0.00000     0.00000     0.00000     0.00000
   -61.83350     0.00000     0.00000     0.00000     0.00000     0.00000     0.00000     0.00000     0.00000     0.00000     0.00000     0.00000     0.00000     0.00000     0.00000     0.00000     0.00000     0.00000
   -61.77950     0.00000     0.00000     0.00000     0.00000     0.00000     0.00000     0.00000     0.00000     0.00000     0.00000     0.00000     0.00000     0.00000     0.00000     0.00000     0.00000     0.00000
   -61.72650     0.00000     0.00000     0.00000     0.00000     0.00000     0.00000     0.00000     0.00000     0.00000     0.00000     0.00000     0.00000     0.00000     0.00000     0.00000     0.00000     0.00000
   -61.67250     0.00000     0.00000     0.00000     0.00000     0.00000     0.00000     0.00000     0.00000     0.00000     0.00000     0.00000     0.00000     0.00000     0.00000     0.00000     0.00000     0.00000
   -61.61850     0.00000     0.00000     0.00000     0.00000     0.00000     0.00000     0.00000     0.00000     0.00000     0.00000     0.00000     0.00000     0.00000     0.00000     0.00000     0.00000     0.00000
   -61.56450     0.00000     0.00000     0.00000     0.00000     0.00000     0.00000     0.00000     0.00000     0.00000     0.00000     0.00000     0.00000     0.00000     0.00000     0.00000     0.00000     0.00000
   -61.51050     0.00000     0.00000     0.00000     0.00000     0.00000     0.00000     0.00000     0.00000     0.00000     0.00000     0.00000     0.00000     0.00000     0.00000     0.00000     0.00000     0.00000
   -61.45650     0.00000     0.00000     0.00000     0.00000     0.00000     0.00000     0.00000     0.00000     0.00000     0.00000     0.00000     0.00000     0.00000     0.00000     0.00000     0.00000     0.00000
   -61.40250     0.00000     0.00000     0.00000     0.00000     0.00000     0.00000     0.00000     0.00000     0.00000     0.00000     0.00000     0.00000     0.00000     0.00000     0.00000     0.00000     0.00000
   -61.34950     0.00000     0.00000     0.00000     0.00000     0.00000     0.00000     0.00000     0.00000     0.00000     0.00000     0.00000     0.00000     0.00000     0.00000     0.00000     0.00000     0.00000
   -61.29550     0.00000     0.00000     0.00000     0.00000     0.00000     0.00000     0.00000     0.00000     0.00000     0.00000     0.00000     0.00000     0.00000     0.00000     0.00000     0.00000     0.00000
   -61.24150     0.00000     0.00000     0.00000     0.00000     0.00000     0.00000     0.00000     0.00000     0.00000     0.00000     0.00000     0.00000     0.00000     0.00000     0.00000     0.00000     0.00000
   -61.18750     0.00000     0.00000     0.00000     0.00000     0.00000     0.00000     0.00000     0.00000     0.00000     0.00000     0.00000     0.00000     0.00000     0.00000     0.00000     0.00000     0.00000
   -61.13350     0.00000     0.00000     0.00000     0.00000     0.00000     0.00000     0.00000     0.00000     0.00000     0.00000     0.00000     0.00000     0.00000     0.00000     0.00000     0.00000     0.00000
   -61.07950     0.00000     0.00000     0.00000     0.00000     0.00000     0.00000     0.00000     0.00000     0.00000     0.00000     0.00000     0.00000     0.00000     0.00000     0.00000     0.00000     0.00000
   -61.02650     0.00000     0.00000     0.00000     0.00000     0.00000     0.00000     0.00000     0.00000     0.00000     0.00000     0.00000     0.00000     0.00000     0.00000     0.00000     0.00000     0.00000
   -60.97250     0.00000     0.00000     0.00000     0.00000     0.00000     0.00000     0.00000     0.00000     0.00000     0.00000     0.00000     0.00000     0.00000     0.00000     0.00000     0.00000     0.00000
   -60.91850     0.00000     0.00000     0.00000     0.00000     0.00000     0.00000     0.00000     0.00000     0.00000     0.00000     0.00000     0.00000     0.00000     0.00000     0.00000     0.00000     0.00000
   -60.86450     0.00000     0.00000     0.00000     0.00000     0.00000     0.00000     0.00000     0.00000     0.00000     0.00000     0.00000     0.00000     0.00000     0.00000     0.00000     0.00000     0.00000
   -60.81050     0.00000     0.00000     0.00000     0.00000     0.00000     0.00000     0.00000     0.00000     0.00000     0.00000     0.00000     0.00000     0.00000     0.00000     0.00000     0.00000     0.00000
   -60.75650     0.00000     0.00000     0.00000     0.00000     0.00000     0.00000     0.00000     0.00000     0.00000     0.00000     0.00000     0.00000     0.00000     0.00000     0.00000     0.00000     0.00000
   -60.70250     0.00000     0.00000     0.00000     0.00000     0.00000     0.00000     0.00000     0.00000     0.00000     0.00000     0.00000     0.00000     0.00000     0.00000     0.00000     0.00000     0.00000
   -60.64950     0.00000     0.00000     0.00000     0.00000     0.00000     0.00000     0.00000     0.00000     0.00000     0.00000     0.00000     0.00000     0.00000     0.00000     0.00000     0.00000     0.00000
   -60.59550     0.00000     0.00000     0.00000     0.00000     0.00000     0.00000     0.00000     0.00000     0.00000     0.00000     0.00000     0.00000     0.00000     0.00000     0.00000     0.00000     0.00000
   -60.54150     0.00000     0.00000     0.00000     0.00000     0.00000     0.00000     0.00000     0.00000     0.00000     0.00000     0.00000     0.00000     0.00000     0.00000     0.00000     0.00000     0.00000
   -60.48750     0.00000     0.00000     0.00000     0.00000     0.00000     0.00000     0.00000     0.00000     0.00000     0.00000     0.00000     0.00000     0.00000     0.00000     0.00000     0.00000     0.00000
   -60.43350     0.00000     0.00000     0.00000     0.00000     0.00000     0.00000     0.00000     0.00000     0.00000     0.00000     0.00000     0.00000     0.00000     0.00000     0.00000     0.00000     0.00000
   -60.37950     0.00000     0.00000     0.00000     0.00000     0.00000     0.00000     0.00000     0.00000     0.00000     0.00000     0.00000     0.00000     0.00000     0.00000     0.00000     0.00000     0.00000
   -60.32550     0.00000     0.00000     0.00000     0.00000     0.00000     0.00000     0.00000     0.00000     0.00000     0.00000     0.00000     0.00000     0.00000     0.00000     0.00000     0.00000     0.00000
   -60.27250     0.00000     0.00000     0.00000     0.00000     0.00000     0.00000     0.00000     0.00000     0.00000     0.00000     0.00000     0.00000     0.00000     0.00000     0.00000     0.00000     0.00000
   -60.21850     0.00000     0.00000     0.00000     0.00000     0.00000     0.00000     0.00000     0.00000     0.00000     0.00000     0.00000     0.00000     0.00000     0.00000     0.00000     0.00000     0.00000
   -60.16450     0.00000     0.00000     0.00000     0.00000     0.00000     0.00000     0.00000     0.00000     0.00000     0.00000     0.00000     0.00000     0.00000     0.00000     0.00000     0.00000     0.00000
   -60.11050     0.00000     0.00000     0.00000     0.00000     0.00000     0.00000     0.00000     0.00000     0.00000     0.00000     0.00000     0.00000     0.00000     0.00000     0.00000     0.00000     0.00000
   -60.05650     0.00000     0.00000     0.00000     0.00000     0.00000     0.00000     0.00000     0.00000     0.00000     0.00000     0.00000     0.00000     0.00000     0.00000     0.00000     0.00000     0.00000
   -60.00250     0.00000     0.00000     0.00000     0.00000     0.00000     0.00000     0.00000     0.00000     0.00000     0.00000     0.00000     0.00000     0.00000     0.00000     0.00000     0.00000     0.00000
   -59.94950     0.00000     0.00000     0.00000     0.00000     0.00000     0.00000     0.00000     0.00000     0.00000     0.00000     0.00000     0.00000     0.00000     0.00000     0.00000     0.00000     0.00000
   -59.89550     0.00000     0.00000     0.00000     0.00000     0.00000     0.00000     0.00000     0.00000     0.00000     0.00000     0.00000     0.00000     0.00000     0.00000     0.00000     0.00000     0.00000
   -59.84150     0.00000     0.00000     0.00000     0.00000     0.00000     0.00000     0.00000     0.00000     0.00000     0.00000     0.00000     0.00000     0.00000     0.00000     0.00000     0.00000     0.00000
   -59.78750     0.00000     0.00000     0.00000     0.00000     0.00000     0.00000     0.00000     0.00000     0.00000     0.00000     0.00000     0.00000     0.00000     0.00000     0.00000     0.00000     0.00000
   -59.73350     0.00000     0.00000     0.00000     0.00000     0.00000     0.00000     0.00000     0.00000     0.00000     0.00000     0.00000     0.00000     0.00000     0.00000     0.00000     0.00000     0.00000
   -59.67950     0.00000     0.00000     0.00000     0.00000     0.00000     0.00000     0.00000     0.00000     0.00000     0.00000     0.00000     0.00000     0.00000     0.00000     0.00000     0.00000     0.00000
   -59.62550     0.00000     0.00000     0.00000     0.00000     0.00000     0.00000     0.00000     0.00000     0.00000     0.00000     0.00000     0.00000     0.00000     0.00000     0.00000     0.00000     0.00000
   -59.57250     0.00000     0.00000     0.00000     0.00000     0.00000     0.00000     0.00000     0.00000     0.00000     0.00000     0.00000     0.00000     0.00000     0.00000     0.00000     0.00000     0.00000
   -59.51850     0.00000     0.00000     0.00000     0.00000     0.00000     0.00000     0.00000     0.00000     0.00000     0.00000     0.00000     0.00000     0.00000     0.00000     0.00000     0.00000     0.00000
   -59.46450     0.00000     0.00000     0.00000     0.00000     0.00000     0.00000     0.00000     0.00000     0.00000     0.00000     0.00000     0.00000     0.00000     0.00000     0.00000     0.00000     0.00000
   -59.41050     0.00000     0.00000     0.00000     0.00000     0.00000     0.00000     0.00000     0.00000     0.00000     0.00000     0.00000     0.00000     0.00000     0.00000     0.00000     0.00000     0.00000
   -59.35650     0.00000     0.00000     0.00000     0.00000     0.00000     0.00000     0.00000     0.00000     0.00000     0.00000     0.00000     0.00000     0.00000     0.00000     0.00000     0.00000     0.00000
   -59.30250     0.00000     0.00000     0.00000     0.00000     0.00000     0.00000     0.00000     0.00000     0.00000     0.00000     0.00000     0.00000     0.00000     0.00000     0.00000     0.00000     0.00000
   -59.24950     0.00000     0.00000     0.00000     0.00000     0.00000     0.00000     0.00000     0.00000     0.00000     0.00000     0.00000     0.00000     0.00000     0.00000     0.00000     0.00000     0.00000
   -59.19550     0.00000     0.00000     0.00000     0.00000     0.00000     0.00000     0.00000     0.00000     0.00000     0.00000     0.00000     0.00000     0.00000     0.00000     0.00000     0.00000     0.00000
   -59.14150     0.00000     0.00000     0.00000     0.00000     0.00000     0.00000     0.00000     0.00000     0.00000     0.00000     0.00000     0.00000     0.00000     0.00000     0.00000     0.00000     0.00000
   -59.08750     0.00000     0.00000     0.00000     0.00000     0.00000     0.00000     0.00000     0.00000     0.00000     0.00000     0.00000     0.00000     0.00000     0.00000     0.00000     0.00000     0.00000
   -59.03350     0.00000     0.00000     0.00000     0.00000     0.00000     0.00000     0.00000     0.00000     0.00000     0.00000     0.00000     0.00000     0.00000     0.00000     0.00000     0.00000     0.00000
   -58.97950     0.00000     0.00000     0.00000     0.00000     0.00000     0.00000     0.00000     0.00000     0.00000     0.00000     0.00000     0.00000     0.00000     0.00000     0.00000     0.00000     0.00000
   -58.92550     0.00000     0.00000     0.00000     0.00000     0.00000     0.00000     0.00000     0.00000     0.00000     0.00000     0.00000     0.00000     0.00000     0.00000     0.00000     0.00000     0.00000
   -58.87250     0.00000     0.00000     0.00000     0.00000     0.00000     0.00000     0.00000     0.00000     0.00000     0.00000     0.00000     0.00000     0.00000     0.00000     0.00000     0.00000     0.00000
   -58.81850     0.00000     0.00000     0.00000     0.00000     0.00000     0.00000     0.00000     0.00000     0.00000     0.00000     0.00000     0.00000     0.00000     0.00000     0.00000     0.00000     0.00000
   -58.76450     0.00000     0.00000     0.00000     0.00000     0.00000     0.00000     0.00000     0.00000     0.00000     0.00000     0.00000     0.00000     0.00000     0.00000     0.00000     0.00000     0.00000
   -58.71050     0.00000     0.00000     0.00000     0.00000     0.00000     0.00000     0.00000     0.00000     0.00000     0.00000     0.00000     0.00000     0.00000     0.00000     0.00000     0.00000     0.00000
   -58.65650     0.00000     0.00000     0.00000     0.00000     0.00000     0.00000     0.00000     0.00000     0.00000     0.00000     0.00000     0.00000     0.00000     0.00000     0.00000     0.00000     0.00000
   -58.60250     0.00000     0.00000     0.00000     0.00000     0.00000     0.00000     0.00000     0.00000     0.00000     0.00000     0.00000     0.00000     0.00000     0.00000     0.00000     0.00000     0.00000
   -58.54950     0.00000     0.00000     0.00000     0.00000     0.00000     0.00000     0.00000     0.00000     0.00000     0.00000     0.00000     0.00000     0.00000     0.00000     0.00000     0.00000     0.00000
   -58.49550     0.00000     0.00000     0.00000     0.00000     0.00000     0.00000     0.00000     0.00000     0.00000     0.00000     0.00000     0.00000     0.00000     0.00000     0.00000     0.00000     0.00000
   -58.44150     0.00000     0.00000     0.00000     0.00000     0.00000     0.00000     0.00000     0.00000     0.00000     0.00000     0.00000     0.00000     0.00000     0.00000     0.00000     0.00000     0.00000
   -58.38750     0.00000     0.00000     0.00000     0.00000     0.00000     0.00000     0.00000     0.00000     0.00000     0.00000     0.00000     0.00000     0.00000     0.00000     0.00000     0.00000     0.00000
   -58.33350     0.00000     0.00000     0.00000     0.00000     0.00000     0.00000     0.00000     0.00000     0.00000     0.00000     0.00000     0.00000     0.00000     0.00000     0.00000     0.00000     0.00000
   -58.27950     0.00000     0.00000     0.00000     0.00000     0.00000     0.00000     0.00000     0.00000     0.00000     0.00000     0.00000     0.00000     0.00000     0.00000     0.00000     0.00000     0.00000
   -58.22550     0.00000     0.00000     0.00000     0.00000     0.00000     0.00000     0.00000     0.00000     0.00000     0.00000     0.00000     0.00000     0.00000     0.00000     0.00000     0.00000     0.00000
   -58.17250     0.00000     0.00000     0.00000     0.00000     0.00000     0.00000     0.00000     0.00000     0.00000     0.00000     0.00000     0.00000     0.00000     0.00000     0.00000     0.00000     0.00000
   -58.11850     0.00000     0.00000     0.00000     0.00000     0.00000     0.00000     0.00000     0.00000     0.00000     0.00000     0.00000     0.00000     0.00000     0.00000     0.00000     0.00000     0.00000
   -58.06450     0.00000     0.00000     0.00000     0.00000     0.00000     0.00000     0.00000     0.00000     0.00000     0.00000     0.00000     0.00000     0.00000     0.00000     0.00000     0.00000     0.00000
   -58.01050     0.00000     0.00000     0.00000     0.00000     0.00000     0.00000     0.00000     0.00000     0.00000     0.00000     0.00000     0.00000     0.00000     0.00000     0.00000     0.00000     0.00000
   -57.95650     0.00000     0.00000     0.00000     0.00000     0.00000     0.00000     0.00000     0.00000     0.00000     0.00000     0.00000     0.00000     0.00000     0.00000     0.00000     0.00000     0.00000
   -57.90250     0.00000     0.00000     0.00000     0.00000     0.00000     0.00000     0.00000     0.00000     0.00000     0.00000     0.00000     0.00000     0.00000     0.00000     0.00000     0.00000     0.00000
   -57.84850     0.00000     0.00000     0.00000     0.00000     0.00000     0.00000     0.00000     0.00000     0.00000     0.00000     0.00000     0.00000     0.00000     0.00000     0.00000     0.00000     0.00000
   -57.79550     0.00000     0.00000     0.00000     0.00000     0.00000     0.00000     0.00000     0.00000     0.00000     0.00000     0.00000     0.00000     0.00000     0.00000     0.00000     0.00000     0.00000
   -57.74150     0.00000     0.00000     0.00000     0.00000     0.00000     0.00000     0.00000     0.00000     0.00000     0.00000     0.00000     0.00000     0.00000     0.00000     0.00000     0.00000     0.00000
   -57.68750     0.00000     0.00000     0.00000     0.00000     0.00000     0.00000     0.00000     0.00000     0.00000     0.00000     0.00000     0.00000     0.00000     0.00000     0.00000     0.00000     0.00000
   -57.63350     0.00000     0.00000     0.00000     0.00000     0.00000     0.00000     0.00000     0.00000     0.00000     0.00000     0.00000     0.00000     0.00000     0.00000     0.00000     0.00000     0.00000
   -57.57950     0.00000     0.00000     0.00000     0.00000     0.00000     0.00000     0.00000     0.00000     0.00000     0.00000     0.00000     0.00000     0.00000     0.00000     0.00000     0.00000     0.00000
   -57.52550     0.00000     0.00000     0.00000     0.00000     0.00000     0.00000     0.00000     0.00000     0.00000     0.00000     0.00000     0.00000     0.00000     0.00000     0.00000     0.00000     0.00000
   -57.47250     0.00000     0.00000     0.00000     0.00000     0.00000     0.00000     0.00000     0.00000     0.00000     0.00000     0.00000     0.00000     0.00000     0.00000     0.00000     0.00000     0.00000
   -57.41850     0.00000     0.00000     0.00000     0.00000     0.00000     0.00000     0.00000     0.00000     0.00000     0.00000     0.00000     0.00000     0.00000     0.00000     0.00000     0.00000     0.00000
   -57.36450     0.00000     0.00000     0.00000     0.00000     0.00000     0.00000     0.00000     0.00000     0.00000     0.00000     0.00000     0.00000     0.00000     0.00000     0.00000     0.00000     0.00000
   -57.31050     0.00000     0.00000     0.00000     0.00000     0.00000     0.00000     0.00000     0.00000     0.00000     0.00000     0.00000     0.00000     0.00000     0.00000     0.00000     0.00000     0.00000
   -57.25650     0.00000     0.00000     0.00000     0.00000     0.00000     0.00000     0.00000     0.00000     0.00000     0.00000     0.00000     0.00000     0.00000     0.00000     0.00000     0.00000     0.00000
   -57.20250     0.00000     0.00000     0.00000     0.00000     0.00000     0.00000     0.00000     0.00000     0.00000     0.00000     0.00000     0.00000     0.00000     0.00000     0.00000     0.00000     0.00000
   -57.14850     0.00000     0.00000     0.00000     0.00000     0.00000     0.00000     0.00000     0.00000     0.00000     0.00000     0.00000     0.00000     0.00000     0.00000     0.00000     0.00000     0.00000
   -57.09550     0.00000     0.00000     0.00000     0.00000     0.00000     0.00000     0.00000     0.00000     0.00000     0.00000     0.00000     0.00000     0.00000     0.00000     0.00000     0.00000     0.00000
   -57.04150     0.00000     0.00000     0.00000     0.00000     0.00000     0.00000     0.00000     0.00000     0.00000     0.00000     0.00000     0.00000     0.00000     0.00000     0.00000     0.00000     0.00000
   -56.98750     0.00000     0.00000     0.00000     0.00000     0.00000     0.00000     0.00000     0.00000     0.00000     0.00000     0.00000     0.00000     0.00000     0.00000     0.00000     0.00000     0.00000
   -56.93350     0.00000     0.00000     0.00000     0.00000     0.00000     0.00000     0.00000     0.00000     0.00000     0.00000     0.00000     0.00000     0.00000     0.00000     0.00000     0.00000     0.00000
   -56.87950     0.00000     0.00000     0.00000     0.00000     0.00000     0.00000     0.00000     0.00000     0.00000     0.00000     0.00000     0.00000     0.00000     0.00000     0.00000     0.00000     0.00000
   -56.82550     0.00000     0.00000     0.00000     0.00000     0.00000     0.00000     0.00000     0.00000     0.00000     0.00000     0.00000     0.00000     0.00000     0.00000     0.00000     0.00000     0.00000
   -56.77250     0.00000     0.00000     0.00000     0.00000     0.00000     0.00000     0.00000     0.00000     0.00000     0.00000     0.00000     0.00000     0.00000     0.00000     0.00000     0.00000     0.00000
   -56.71850     0.00000     0.00000     0.00000     0.00000     0.00000     0.00000     0.00000     0.00000     0.00000     0.00000     0.00000     0.00000     0.00000     0.00000     0.00000     0.00000     0.00000
   -56.66450     0.00000     0.00000     0.00000     0.00000     0.00000     0.00000     0.00000     0.00000     0.00000     0.00000     0.00000     0.00000     0.00000     0.00000     0.00000     0.00000     0.00000
   -56.61050     0.00000     0.00000     0.00000     0.00000     0.00000     0.00000     0.00000     0.00000     0.00000     0.00000     0.00000     0.00000     0.00000     0.00000     0.00000     0.00000     0.00000
   -56.55650     0.00000     0.00000     0.00000     0.00000     0.00000     0.00000     0.00000     0.00000     0.00000     0.00000     0.00000     0.00000     0.00000     0.00000     0.00000     0.00000     0.00000
   -56.50250     0.00000     0.00000     0.00000     0.00000     0.00000     0.00000     0.00000     0.00000     0.00000     0.00000     0.00000     0.00000     0.00000     0.00000     0.00000     0.00000     0.00000
   -56.44850     0.00000     0.00000     0.00000     0.00000     0.00000     0.00000     0.00000     0.00000     0.00000     0.00000     0.00000     0.00000     0.00000     0.00000     0.00000     0.00000     0.00000
   -56.39550     0.00000     0.00000     0.00000     0.00000     0.00000     0.00000     0.00000     0.00000     0.00000     0.00000     0.00000     0.00000     0.00000     0.00000     0.00000     0.00000     0.00000
   -56.34150     0.00000     0.00000     0.00000     0.00000     0.00000     0.00000     0.00000     0.00000     0.00000     0.00000     0.00000     0.00000     0.00000     0.00000     0.00000     0.00000     0.00000
   -56.28750     0.00000     0.00000     0.00000     0.00000     0.00000     0.00000     0.00000     0.00000     0.00000     0.00000     0.00000     0.00000     0.00000     0.00000     0.00000     0.00000     0.00000
   -56.23350     0.00000     0.00000     0.00000     0.00000     0.00000     0.00000     0.00000     0.00000     0.00000     0.00000     0.00000     0.00000     0.00000     0.00000     0.00000     0.00000     0.00000
   -56.17950     0.00000     0.00000     0.00000     0.00000     0.00000     0.00000     0.00000     0.00000     0.00000     0.00000     0.00000     0.00000     0.00000     0.00000     0.00000     0.00000     0.00000
   -56.12550     0.00000     0.00000     0.00000     0.00000     0.00000     0.00000     0.00000     0.00000     0.00000     0.00000     0.00000     0.00000     0.00000     0.00000     0.00000     0.00000     0.00000
   -56.07250     0.00000     0.00000     0.00000     0.00000     0.00000     0.00000     0.00000     0.00000     0.00000     0.00000     0.00000     0.00000     0.00000     0.00000     0.00000     0.00000     0.00000
   -56.01850     0.00000     0.00000     0.00000     0.00000     0.00000     0.00000     0.00000     0.00000     0.00000     0.00000     0.00000     0.00000     0.00000     0.00000     0.00000     0.00000     0.00000
   -55.96450     0.00000     0.00000     0.00000     0.00000     0.00000     0.00000     0.00000     0.00000     0.00000     0.00000     0.00000     0.00000     0.00000     0.00000     0.00000     0.00000     0.00000
   -55.91050     0.00000     0.00000     0.00000     0.00000     0.00000     0.00000     0.00000     0.00000     0.00000     0.00000     0.00000     0.00000     0.00000     0.00000     0.00000     0.00000     0.00000
   -55.85650     0.00000     0.00000     0.00000     0.00000     0.00000     0.00000     0.00000     0.00000     0.00000     0.00000     0.00000     0.00000     0.00000     0.00000     0.00000     0.00000     0.00000
   -55.80250     0.00000     0.00000     0.00000     0.00000     0.00000     0.00000     0.00000     0.00000     0.00000     0.00000     0.00000     0.00000     0.00000     0.00000     0.00000     0.00000     0.00000
   -55.74850     0.00000     0.00000     0.00000     0.00000     0.00000     0.00000     0.00000     0.00000     0.00000     0.00000     0.00000     0.00000     0.00000     0.00000     0.00000     0.00000     0.00000
   -55.69550     0.00000     0.00000     0.00000     0.00000     0.00000     0.00000     0.00000     0.00000     0.00000     0.00000     0.00000     0.00000     0.00000     0.00000     0.00000     0.00000     0.00000
   -55.64150     0.00000     0.00000     0.00000     0.00000     0.00000     0.00000     0.00000     0.00000     0.00000     0.00000     0.00000     0.00000     0.00000     0.00000     0.00000     0.00000     0.00000
   -55.58750     0.00000     0.00000     0.00000     0.00000     0.00000     0.00000     0.00000     0.00000     0.00000     0.00000     0.00000     0.00000     0.00000     0.00000     0.00000     0.00000     0.00000
   -55.53350     0.00000     0.00000     0.00000     0.00000     0.00000     0.00000     0.00000     0.00000     0.00000     0.00000     0.00000     0.00000     0.00000     0.00000     0.00000     0.00000     0.00000
   -55.47950     0.00000     0.00000     0.00000     0.00000     0.00000     0.00000     0.00000     0.00000     0.00000     0.00000     0.00000     0.00000     0.00000     0.00000     0.00000     0.00000     0.00000
   -55.42550     0.00000     0.00000     0.00000     0.00000     0.00000     0.00000     0.00000     0.00000     0.00000     0.00000     0.00000     0.00000     0.00000     0.00000     0.00000     0.00000     0.00000
   -55.37150     0.00000     0.00000     0.00000     0.00000     0.00000     0.00000     0.00000     0.00000     0.00000     0.00000     0.00000     0.00000     0.00000     0.00000     0.00000     0.00000     0.00000
   -55.31850     0.00000     0.00000     0.00000     0.00000     0.00000     0.00000     0.00000     0.00000     0.00000     0.00000     0.00000     0.00000     0.00000     0.00000     0.00000     0.00000     0.00000
   -55.26450     0.00000     0.00000     0.00000     0.00000     0.00000     0.00000     0.00000     0.00000     0.00000     0.00000     0.00000     0.00000     0.00000     0.00000     0.00000     0.00000     0.00000
   -55.21050     0.00000     0.00000     0.00000     0.00000     0.00000     0.00000     0.00000     0.00000     0.00000     0.00000     0.00000     0.00000     0.00000     0.00000     0.00000     0.00000     0.00000
   -55.15650     0.00000     0.00000     0.00000     0.00000     0.00000     0.00000     0.00000     0.00000     0.00000     0.00000     0.00000     0.00000     0.00000     0.00000     0.00000     0.00000     0.00000
   -55.10250     0.00000     0.00000     0.00000     0.00000     0.00000     0.00000     0.00000     0.00000     0.00000     0.00000     0.00000     0.00000     0.00000     0.00000     0.00000     0.00000     0.00000
   -55.04850     0.00000     0.00000     0.00000     0.00000     0.00000     0.00000     0.00000     0.00000     0.00000     0.00000     0.00000     0.00000     0.00000     0.00000     0.00000     0.00000     0.00000
   -54.99550     0.00000     0.00000     0.00000     0.00000     0.00000     0.00000     0.00000     0.00000     0.00000     0.00000     0.00000     0.00000     0.00000     0.00000     0.00000     0.00000     0.00000
   -54.94150     0.00000     0.00000     0.00000     0.00000     0.00000     0.00000     0.00000     0.00000     0.00000     0.00000     0.00000     0.00000     0.00000     0.00000     0.00000     0.00000     0.00000
   -54.88750     0.00000     0.00000     0.00000     0.00000     0.00000     0.00000     0.00000     0.00000     0.00000     0.00000     0.00000     0.00000     0.00000     0.00000     0.00000     0.00000     0.00000
   -54.83350     0.00000     0.00000     0.00000     0.00000     0.00000     0.00000     0.00000     0.00000     0.00000     0.00000     0.00000     0.00000     0.00000     0.00000     0.00000     0.00000     0.00000
   -54.77950     0.00000     0.00000     0.00000     0.00000     0.00000     0.00000     0.00000     0.00000     0.00000     0.00000     0.00000     0.00000     0.00000     0.00000     0.00000     0.00000     0.00000
   -54.72550     0.00000     0.00000     0.00000     0.00000     0.00000     0.00000     0.00000     0.00000     0.00000     0.00000     0.00000     0.00000     0.00000     0.00000     0.00000     0.00000     0.00000
   -54.67150     0.00000     0.00000     0.00000     0.00000     0.00000     0.00000     0.00000     0.00000     0.00000     0.00000     0.00000     0.00000     0.00000     0.00000     0.00000     0.00000     0.00000
   -54.61850     0.00000     0.00000     0.00000     0.00000     0.00000     0.00000     0.00000     0.00000     0.00000     0.00000     0.00000     0.00000     0.00000     0.00000     0.00000     0.00000     0.00000
   -54.56450     0.00000     0.00000     0.00000     0.00000     0.00000     0.00000     0.00000     0.00000     0.00000     0.00000     0.00000     0.00000     0.00000     0.00000     0.00000     0.00000     0.00000
   -54.51050     0.00000     0.00000     0.00000     0.00000     0.00000     0.00000     0.00000     0.00000     0.00000     0.00000     0.00000     0.00000     0.00000     0.00000     0.00000     0.00000     0.00000
   -54.45650     0.00000     0.00000     0.00000     0.00000     0.00000     0.00000     0.00000     0.00000     0.00000     0.00000     0.00000     0.00000     0.00000     0.00000     0.00000     0.00000     0.00000
   -54.40250     0.00000     0.00000     0.00000     0.00000     0.00000     0.00000     0.00000     0.00000     0.00000     0.00000     0.00000     0.00000     0.00000     0.00000     0.00000     0.00000     0.00000
   -54.34850     0.00000     0.00000     0.00000     0.00000     0.00000     0.00000     0.00000     0.00000     0.00000     0.00000     0.00000     0.00000     0.00000     0.00000     0.00000     0.00000     0.00000
   -54.29550     0.00000     0.00000     0.00000     0.00000     0.00000     0.00000     0.00000     0.00000     0.00000     0.00000     0.00000     0.00000     0.00000     0.00000     0.00000     0.00000     0.00000
   -54.24150     0.00000     0.00000     0.00000     0.00000     0.00000     0.00000     0.00000     0.00000     0.00000     0.00000     0.00000     0.00000     0.00000     0.00000     0.00000     0.00000     0.00000
   -54.18750     0.00000     0.00000     0.00000     0.00000     0.00000     0.00000     0.00000     0.00000     0.00000     0.00000     0.00000     0.00000     0.00000     0.00000     0.00000     0.00000     0.00000
   -54.13350     0.00000     0.00000     0.00000     0.00000     0.00000     0.00000     0.00000     0.00000     0.00000     0.00000     0.00000     0.00000     0.00000     0.00000     0.00000     0.00000     0.00000
   -54.07950     0.00000     0.00000     0.00000     0.00000     0.00000     0.00000     0.00000     0.00000     0.00000     0.00000     0.00000     0.00000     0.00000     0.00000     0.00000     0.00000     0.00000
   -54.02550     0.00000     0.00000     0.00000     0.00000     0.00000     0.00000     0.00000     0.00000     0.00000     0.00000     0.00000     0.00000     0.00000     0.00000     0.00000     0.00000     0.00000
   -53.97150     0.00000     0.00000     0.00000     0.00000     0.00000     0.00000     0.00000     0.00000     0.00000     0.00000     0.00000     0.00000     0.00000     0.00000     0.00000     0.00000     0.00000
   -53.91850     0.00000     0.00000     0.00000     0.00000     0.00000     0.00000     0.00000     0.00000     0.00000     0.00000     0.00000     0.00000     0.00000     0.00000     0.00000     0.00000     0.00000
   -53.86450     0.00000     0.00000     0.00000     0.00000     0.00000     0.00000     0.00000     0.00000     0.00000     0.00000     0.00000     0.00000     0.00000     0.00000     0.00000     0.00000     0.00000
   -53.81050     0.00000     0.00000     0.00000     0.00000     0.00000     0.00000     0.00000     0.00000     0.00000     0.00000     0.00000     0.00000     0.00000     0.00000     0.00000     0.00000     0.00000
   -53.75650     0.00000     0.00000     0.00000     0.00000     0.00000     0.00000     0.00000     0.00000     0.00000     0.00000     0.00000     0.00000     0.00000     0.00000     0.00000     0.00000     0.00000
   -53.70250     0.00000     0.00000     0.00000     0.00000     0.00000     0.00000     0.00000     0.00000     0.00000     0.00000     0.00000     0.00000     0.00000     0.00000     0.00000     0.00000     0.00000
   -53.64850     0.00000     0.00000     0.00000     0.00000     0.00000     0.00000     0.00000     0.00000     0.00000     0.00000     0.00000     0.00000     0.00000     0.00000     0.00000     0.00000     0.00000
   -53.59450     0.00000     0.00000     0.00000     0.00000     0.00000     0.00000     0.00000     0.00000     0.00000     0.00000     0.00000     0.00000     0.00000     0.00000     0.00000     0.00000     0.00000
   -53.54150     0.00000     0.00000     0.00000     0.00000     0.00000     0.00000     0.00000     0.00000     0.00000     0.00000     0.00000     0.00000     0.00000     0.00000     0.00000     0.00000     0.00000
   -53.48750     0.00000     0.00000     0.00000     0.00000     0.00000     0.00000     0.00000     0.00000     0.00000     0.00000     0.00000     0.00000     0.00000     0.00000     0.00000     0.00000     0.00000
   -53.43350     0.00000     0.00000     0.00000     0.00000     0.00000     0.00000     0.00000     0.00000     0.00000     0.00000     0.00000     0.00000     0.00000     0.00000     0.00000     0.00000     0.00000
   -53.37950     0.00000     0.00000     0.00000     0.00000     0.00000     0.00000     0.00000     0.00000     0.00000     0.00000     0.00000     0.00000     0.00000     0.00000     0.00000     0.00000     0.00000
   -53.32550     0.00000     0.00000     0.00000     0.00000     0.00000     0.00000     0.00000     0.00000     0.00000     0.00000     0.00000     0.00000     0.00000     0.00000     0.00000     0.00000     0.00000
   -53.27150     0.00000     0.00000     0.00000     0.00000     0.00000     0.00000     0.00000     0.00000     0.00000     0.00000     0.00000     0.00000     0.00000     0.00000     0.00000     0.00000     0.00000
   -53.21850     0.00000     0.00000     0.00000     0.00000     0.00000     0.00000     0.00000     0.00000     0.00000     0.00000     0.00000     0.00000     0.00000     0.00000     0.00000     0.00000     0.00000
   -53.16450     0.00000     0.00000     0.00000     0.00000     0.00000     0.00000     0.00000     0.00000     0.00000     0.00000     0.00000     0.00000     0.00000     0.00000     0.00000     0.00000     0.00000
   -53.11050     0.00000     0.00000     0.00000     0.00000     0.00000     0.00000     0.00000     0.00000     0.00000     0.00000     0.00000     0.00000     0.00000     0.00000     0.00000     0.00000     0.00000
   -53.05650     0.00000     0.00000     0.00000     0.00000     0.00000     0.00000     0.00000     0.00000     0.00000     0.00000     0.00000     0.00000     0.00000     0.00000     0.00000     0.00000     0.00000
   -53.00250     0.00000     0.00000     0.00000     0.00000     0.00000     0.00000     0.00000     0.00000     0.00000     0.00000     0.00000     0.00000     0.00000     0.00000     0.00000     0.00000     0.00000
   -52.94850     0.00000     0.00000     0.00000     0.00000     0.00000     0.00000     0.00000     0.00000     0.00000     0.00000     0.00000     0.00000     0.00000     0.00000     0.00000     0.00000     0.00000
   -52.89450     0.00000     0.00000     0.00000     0.00000     0.00000     0.00000     0.00000     0.00000     0.00000     0.00000     0.00000     0.00000     0.00000     0.00000     0.00000     0.00000     0.00000
   -52.84150     0.00000     0.00000     0.00000     0.00000     0.00000     0.00000     0.00000     0.00000     0.00000     0.00000     0.00000     0.00000     0.00000     0.00000     0.00000     0.00000     0.00000
   -52.78750     0.00000     0.00000     0.00000     0.00000     0.00000     0.00000     0.00000     0.00000     0.00000     0.00000     0.00000     0.00000     0.00000     0.00000     0.00000     0.00000     0.00000
   -52.73350     0.00000     0.00000     0.00000     0.00000     0.00000     0.00000     0.00000     0.00000     0.00000     0.00000     0.00000     0.00000     0.00000     0.00000     0.00000     0.00000     0.00000
   -52.67950     0.00000     0.00000     0.00000     0.00000     0.00000     0.00000     0.00000     0.00000     0.00000     0.00000     0.00000     0.00000     0.00000     0.00000     0.00000     0.00000     0.00000
   -52.62550     0.00000     0.00000     0.00000     0.00000     0.00000     0.00000     0.00000     0.00000     0.00000     0.00000     0.00000     0.00000     0.00000     0.00000     0.00000     0.00000     0.00000
   -52.57150     0.00000     0.00000     0.00000     0.00000     0.00000     0.00000     0.00000     0.00000     0.00000     0.00000     0.00000     0.00000     0.00000     0.00000     0.00000     0.00000     0.00000
   -52.51850     0.00000     0.00000     0.00000     0.00000     0.00000     0.00000     0.00000     0.00000     0.00000     0.00000     0.00000     0.00000     0.00000     0.00000     0.00000     0.00000     0.00000
   -52.46450     0.00000     0.00000     0.00000     0.00000     0.00000     0.00000     0.00000     0.00000     0.00000     0.00000     0.00000     0.00000     0.00000     0.00000     0.00000     0.00000     0.00000
   -52.41050     0.00000     0.00000     0.00000     0.00000     0.00000     0.00000     0.00000     0.00000     0.00000     0.00000     0.00000     0.00000     0.00000     0.00000     0.00000     0.00000     0.00000
   -52.35650     0.00000     0.00000     0.00000     0.00000     0.00000     0.00000     0.00000     0.00000     0.00000     0.00000     0.00000     0.00000     0.00000     0.00000     0.00000     0.00000     0.00000
   -52.30250     0.00000     0.00000     0.00000     0.00000     0.00000     0.00000     0.00000     0.00000     0.00000     0.00000     0.00000     0.00000     0.00000     0.00000     0.00000     0.00000     0.00000
   -52.24850     0.00000     0.00000     0.00000     0.00000     0.00000     0.00000     0.00000     0.00000     0.00000     0.00000     0.00000     0.00000     0.00000     0.00000     0.00000     0.00000     0.00000
   -52.19450     0.00000     0.00000     0.00000     0.00000     0.00000     0.00000     0.00000     0.00000     0.00000     0.00000     0.00000     0.00000     0.00000     0.00000     0.00000     0.00000     0.00000
   -52.14150     0.00000     0.00000     0.00000     0.00000     0.00000     0.00000     0.00000     0.00000     0.00000     0.00000     0.00000     0.00000     0.00000     0.00000     0.00000     0.00000     0.00000
   -52.08750     0.00000     0.00000     0.00000     0.00000     0.00000     0.00000     0.00000     0.00000     0.00000     0.00000     0.00000     0.00000     0.00000     0.00000     0.00000     0.00000     0.00000
   -52.03350     0.00000     0.00000     0.00000     0.00000     0.00000     0.00000     0.00000     0.00000     0.00000     0.00000     0.00000     0.00000     0.00000     0.00000     0.00000     0.00000     0.00000
   -51.97950     0.00000     0.00000     0.00000     0.00000     0.00000     0.00000     0.00000     0.00000     0.00000     0.00000     0.00000     0.00000     0.00000     0.00000     0.00000     0.00000     0.00000
   -51.92550     0.00000     0.00000     0.00000     0.00000     0.00000     0.00000     0.00000     0.00000     0.00000     0.00000     0.00000     0.00000     0.00000     0.00000     0.00000     0.00000     0.00000
   -51.87150     0.00000     0.00000     0.00000     0.00000     0.00000     0.00000     0.00000     0.00000     0.00000     0.00000     0.00000     0.00000     0.00000     0.00000     0.00000     0.00000     0.00000
   -51.81850     0.00000     0.00000     0.00000     0.00000     0.00000     0.00000     0.00000     0.00000     0.00000     0.00000     0.00000     0.00000     0.00000     0.00000     0.00000     0.00000     0.00000
   -51.76450     0.00000     0.00000     0.00000     0.00000     0.00000     0.00000     0.00000     0.00000     0.00000     0.00000     0.00000     0.00000     0.00000     0.00000     0.00000     0.00000     0.00000
   -51.71050     0.00000     0.00000     0.00000     0.00000     0.00000     0.00000     0.00000     0.00000     0.00000     0.00000     0.00000     0.00000     0.00000     0.00000     0.00000     0.00000     0.00000
   -51.65650     0.00000     0.00000     0.00000     0.00000     0.00000     0.00000     0.00000     0.00000     0.00000     0.00000     0.00000     0.00000     0.00000     0.00000     0.00000     0.00000     0.00000
   -51.60250     0.00000     0.00000     0.00000     0.00000     0.00000     0.00000     0.00000     0.00000     0.00000     0.00000     0.00000     0.00000     0.00000     0.00000     0.00000     0.00000     0.00000
   -51.54850     0.00000     0.00000     0.00000     0.00000     0.00000     0.00000     0.00000     0.00000     0.00000     0.00000     0.00000     0.00000     0.00000     0.00000     0.00000     0.00000     0.00000
   -51.49450     0.00000     0.00000     0.00000     0.00000     0.00000     0.00000     0.00000     0.00000     0.00000     0.00000     0.00000     0.00000     0.00000     0.00000     0.00000     0.00000     0.00000
   -51.44150     0.00000     0.00000     0.00000     0.00000     0.00000     0.00000     0.00000     0.00000     0.00000     0.00000     0.00000     0.00000     0.00000     0.00000     0.00000     0.00000     0.00000
   -51.38750     0.00000     0.00000     0.00000     0.00000     0.00000     0.00000     0.00000     0.00000     0.00000     0.00000     0.00000     0.00000     0.00000     0.00000     0.00000     0.00000     0.00000
   -51.33350     0.00000     0.00000     0.00000     0.00000     0.00000     0.00000     0.00000     0.00000     0.00000     0.00000     0.00000     0.00000     0.00000     0.00000     0.00000     0.00000     0.00000
   -51.27950     0.00000     0.00000     0.00000     0.00000     0.00000     0.00000     0.00000     0.00000     0.00000     0.00000     0.00000     0.00000     0.00000     0.00000     0.00000     0.00000     0.00000
   -51.22550     0.00000     0.00000     0.00000     0.00000     0.00000     0.00000     0.00000     0.00000     0.00000     0.00000     0.00000     0.00000     0.00000     0.00000     0.00000     0.00000     0.00000
   -51.17150     0.00000     0.00000     0.00000     0.00000     0.00000     0.00000     0.00000     0.00000     0.00000     0.00000     0.00000     0.00000     0.00000     0.00000     0.00000     0.00000     0.00000
   -51.11750     0.00000     0.00000     0.00000     0.00000     0.00000     0.00000     0.00000     0.00000     0.00000     0.00000     0.00000     0.00000     0.00000     0.00000     0.00000     0.00000     0.00000
   -51.06450     0.00000     0.00000     0.00000     0.00000     0.00000     0.00000     0.00000     0.00000     0.00000     0.00000     0.00000     0.00000     0.00000     0.00000     0.00000     0.00000     0.00000
   -51.01050     0.00000     0.00000     0.00000     0.00000     0.00000     0.00000     0.00000     0.00000     0.00000     0.00000     0.00000     0.00000     0.00000     0.00000     0.00000     0.00000     0.00000
   -50.95650     0.00000     0.00000     0.00000     0.00000     0.00000     0.00000     0.00000     0.00000     0.00000     0.00000     0.00000     0.00000     0.00000     0.00000     0.00000     0.00000     0.00000
   -50.90250     0.00000     0.00000     0.00000     0.00000     0.00000     0.00000     0.00000     0.00000     0.00000     0.00000     0.00000     0.00000     0.00000     0.00000     0.00000     0.00000     0.00000
   -50.84850     0.00000     0.00000     0.00000     0.00000     0.00000     0.00000     0.00000     0.00000     0.00000     0.00000     0.00000     0.00000     0.00000     0.00000     0.00000     0.00000     0.00000
   -50.79450     0.00000     0.00000     0.00000     0.00000     0.00000     0.00000     0.00000     0.00000     0.00000     0.00000     0.00000     0.00000     0.00000     0.00000     0.00000     0.00000     0.00000
   -50.74150     0.00000     0.00000     0.00000     0.00000     0.00000     0.00000     0.00000     0.00000     0.00000     0.00000     0.00000     0.00000     0.00000     0.00000     0.00000     0.00000     0.00000
   -50.68750     0.00000     0.00000     0.00000     0.00000     0.00000     0.00000     0.00000     0.00000     0.00000     0.00000     0.00000     0.00000     0.00000     0.00000     0.00000     0.00000     0.00000
   -50.63350     0.00000     0.00000     0.00000     0.00000     0.00000     0.00000     0.00000     0.00000     0.00000     0.00000     0.00000     0.00000     0.00000     0.00000     0.00000     0.00000     0.00000
   -50.57950     0.00000     0.00000     0.00000     0.00000     0.00000     0.00000     0.00000     0.00000     0.00000     0.00000     0.00000     0.00000     0.00000     0.00000     0.00000     0.00000     0.00000
   -50.52550     0.00000     0.00000     0.00000     0.00000     0.00000     0.00000     0.00000     0.00000     0.00000     0.00000     0.00000     0.00000     0.00000     0.00000     0.00000     0.00000     0.00000
   -50.47150     0.00000     0.00000     0.00000     0.00000     0.00000     0.00000     0.00000     0.00000     0.00000     0.00000     0.00000     0.00000     0.00000     0.00000     0.00000     0.00000     0.00000
   -50.41750     0.00000     0.00000     0.00000     0.00000     0.00000     0.00000     0.00000     0.00000     0.00000     0.00000     0.00000     0.00000     0.00000     0.00000     0.00000     0.00000     0.00000
   -50.36450     0.00000     0.00000     0.00000     0.00000     0.00000     0.00000     0.00000     0.00000     0.00000     0.00000     0.00000     0.00000     0.00000     0.00000     0.00000     0.00000     0.00000
   -50.31050     0.00000     0.00000     0.00000     0.00000     0.00000     0.00000     0.00000     0.00000     0.00000     0.00000     0.00000     0.00000     0.00000     0.00000     0.00000     0.00000     0.00000
   -50.25650     0.00000     0.00000     0.00000     0.00000     0.00000     0.00000     0.00000     0.00000     0.00000     0.00000     0.00000     0.00000     0.00000     0.00000     0.00000     0.00000     0.00000
   -50.20250     0.00000     0.00000     0.00000     0.00000     0.00000     0.00000     0.00000     0.00000     0.00000     0.00000     0.00000     0.00000     0.00000     0.00000     0.00000     0.00000     0.00000
   -50.14850     0.00000     0.00000     0.00000     0.00000     0.00000     0.00000     0.00000     0.00000     0.00000     0.00000     0.00000     0.00000     0.00000     0.00000     0.00000     0.00000     0.00000
   -50.09450     0.00000     0.00000     0.00000     0.00000     0.00000     0.00000     0.00000     0.00000     0.00000     0.00000     0.00000     0.00000     0.00000     0.00000     0.00000     0.00000     0.00000
   -50.04150     0.00000     0.00000     0.00000     0.00000     0.00000     0.00000     0.00000     0.00000     0.00000     0.00000     0.00000     0.00000     0.00000     0.00000     0.00000     0.00000     0.00000
   -49.98750     0.00000     0.00000     0.00000     0.00000     0.00000     0.00000     0.00000     0.00000     0.00000     0.00000     0.00000     0.00000     0.00000     0.00000     0.00000     0.00000     0.00000
   -49.93350     0.00000     0.00000     0.00000     0.00000     0.00000     0.00000     0.00000     0.00000     0.00000     0.00000     0.00000     0.00000     0.00000     0.00000     0.00000     0.00000     0.00000
   -49.87950     0.00000     0.00000     0.00000     0.00000     0.00000     0.00000     0.00000     0.00000     0.00000     0.00000     0.00000     0.00000     0.00000     0.00000     0.00000     0.00000     0.00000
   -49.82550     0.00000     0.00000     0.00000     0.00000     0.00000     0.00000     0.00000     0.00000     0.00000     0.00000     0.00000     0.00000     0.00000     0.00000     0.00000     0.00000     0.00000
   -49.77150     0.00000     0.00000     0.00000     0.00000     0.00000     0.00000     0.00000     0.00000     0.00000     0.00000     0.00000     0.00000     0.00000     0.00000     0.00000     0.00000     0.00000
   -49.71750     0.00000     0.00000     0.00000     0.00000     0.00000     0.00000     0.00000     0.00000     0.00000     0.00000     0.00000     0.00000     0.00000     0.00000     0.00000     0.00000     0.00000
   -49.66450     0.00000     0.00000     0.00000     0.00000     0.00000     0.00000     0.00000     0.00000     0.00000     0.00000     0.00000     0.00000     0.00000     0.00000     0.00000     0.00000     0.00000
   -49.61050     0.00000     0.00000     0.00000     0.00000     0.00000     0.00000     0.00000     0.00000     0.00000     0.00000     0.00000     0.00000     0.00000     0.00000     0.00000     0.00000     0.00000
   -49.55650     0.00000     0.00000     0.00000     0.00000     0.00000     0.00000     0.00000     0.00000     0.00000     0.00000     0.00000     0.00000     0.00000     0.00000     0.00000     0.00000     0.00000
   -49.50250     0.00000     0.00000     0.00000     0.00000     0.00000     0.00000     0.00000     0.00000     0.00000     0.00000     0.00000     0.00000     0.00000     0.00000     0.00000     0.00000     0.00000
   -49.44850     0.00000     0.00000     0.00000     0.00000     0.00000     0.00000     0.00000     0.00000     0.00000     0.00000     0.00000     0.00000     0.00000     0.00000     0.00000     0.00000     0.00000
   -49.39450     0.00000     0.00000     0.00000     0.00000     0.00000     0.00000     0.00000     0.00000     0.00000     0.00000     0.00000     0.00000     0.00000     0.00000     0.00000     0.00000     0.00000
   -49.34050     0.00000     0.00000     0.00000     0.00000     0.00000     0.00000     0.00000     0.00000     0.00000     0.00000     0.00000     0.00000     0.00000     0.00000     0.00000     0.00000     0.00000
   -49.28750     0.00000     0.00000     0.00000     0.00000     0.00000     0.00000     0.00000     0.00000     0.00000     0.00000     0.00000     0.00000     0.00000     0.00000     0.00000     0.00000     0.00000
   -49.23350     0.00000     0.00000     0.00000     0.00000     0.00000     0.00000     0.00000     0.00000     0.00000     0.00000     0.00000     0.00000     0.00000     0.00000     0.00000     0.00000     0.00000
   -49.17950     0.00000     0.00000     0.00000     0.00000     0.00000     0.00000     0.00000     0.00000     0.00000     0.00000     0.00000     0.00000     0.00000     0.00000     0.00000     0.00000     0.00000
   -49.12550     0.00000     0.00000     0.00000     0.00000     0.00000     0.00000     0.00000     0.00000     0.00000     0.00000     0.00000     0.00000     0.00000     0.00000     0.00000     0.00000     0.00000
   -49.07150     0.00000     0.00000     0.00000     0.00000     0.00000     0.00000     0.00000     0.00000     0.00000     0.00000     0.00000     0.00000     0.00000     0.00000     0.00000     0.00000     0.00000
   -49.01750     0.00000     0.00000     0.00000     0.00000     0.00000     0.00000     0.00000     0.00000     0.00000     0.00000     0.00000     0.00000     0.00000     0.00000     0.00000     0.00000     0.00000
   -48.96450     0.00000     0.00000     0.00000     0.00000     0.00000     0.00000     0.00000     0.00000     0.00000     0.00000     0.00000     0.00000     0.00000     0.00000     0.00000     0.00000     0.00000
   -48.91050     0.00000     0.00000     0.00000     0.00000     0.00000     0.00000     0.00000     0.00000     0.00000     0.00000     0.00000     0.00000     0.00000     0.00000     0.00000     0.00000     0.00000
   -48.85650     0.00000     0.00000     0.00000     0.00000     0.00000     0.00000     0.00000     0.00000     0.00000     0.00000     0.00000     0.00000     0.00000     0.00000     0.00000     0.00000     0.00000
   -48.80250     0.00000     0.00000     0.00000     0.00000     0.00000     0.00000     0.00000     0.00000     0.00000     0.00000     0.00000     0.00000     0.00000     0.00000     0.00000     0.00000     0.00000
   -48.74850     0.00000     0.00000     0.00000     0.00000     0.00000     0.00000     0.00000     0.00000     0.00000     0.00000     0.00000     0.00000     0.00000     0.00000     0.00000     0.00000     0.00000
   -48.69450     0.00000     0.00000     0.00000     0.00000     0.00000     0.00000     0.00000     0.00000     0.00000     0.00000     0.00000     0.00000     0.00000     0.00000     0.00000     0.00000     0.00000
   -48.64050     0.00000     0.00000     0.00000     0.00000     0.00000     0.00000     0.00000     0.00000     0.00000     0.00000     0.00000     0.00000     0.00000     0.00000     0.00000     0.00000     0.00000
   -48.58750     0.00000     0.00000     0.00000     0.00000     0.00000     0.00000     0.00000     0.00000     0.00000     0.00000     0.00000     0.00000     0.00000     0.00000     0.00000     0.00000     0.00000
   -48.53350     0.00000     0.00000     0.00000     0.00000     0.00000     0.00000     0.00000     0.00000     0.00000     0.00000     0.00000     0.00000     0.00000     0.00000     0.00000     0.00000     0.00000
   -48.47950     0.00000     0.00000     0.00000     0.00000     0.00000     0.00000     0.00000     0.00000     0.00000     0.00000     0.00000     0.00000     0.00000     0.00000     0.00000     0.00000     0.00000
   -48.42550     0.00000     0.00000     0.00000     0.00000     0.00000     0.00000     0.00000     0.00000     0.00000     0.00000     0.00000     0.00000     0.00000     0.00000     0.00000     0.00000     0.00000
   -48.37150     0.00000     0.00000     0.00000     0.00000     0.00000     0.00000     0.00000     0.00000     0.00000     0.00000     0.00000     0.00000     0.00000     0.00000     0.00000     0.00000     0.00000
   -48.31750     0.00000     0.00000     0.00000     0.00000     0.00000     0.00000     0.00000     0.00000     0.00000     0.00000     0.00000     0.00000     0.00000     0.00000     0.00000     0.00000     0.00000
   -48.26450     0.00000     0.00000     0.00000     0.00000     0.00000     0.00000     0.00000     0.00000     0.00000     0.00000     0.00000     0.00000     0.00000     0.00000     0.00000     0.00000     0.00000
   -48.21050     0.00000     0.00000     0.00000     0.00000     0.00000     0.00000     0.00000     0.00000     0.00000     0.00000     0.00000     0.00000     0.00000     0.00000     0.00000     0.00000     0.00000
   -48.15650     0.00000     0.00000     0.00000     0.00000     0.00000     0.00000     0.00000     0.00000     0.00000     0.00000     0.00000     0.00000     0.00000     0.00000     0.00000     0.00000     0.00000
   -48.10250     0.00000     0.00000     0.00000     0.00000     0.00000     0.00000     0.00000     0.00000     0.00000     0.00000     0.00000     0.00000     0.00000     0.00000     0.00000     0.00000     0.00000
   -48.04850     0.00000     0.00000     0.00000     0.00000     0.00000     0.00000     0.00000     0.00000     0.00000     0.00000     0.00000     0.00000     0.00000     0.00000     0.00000     0.00000     0.00000
   -47.99450     0.00000     0.00000     0.00000     0.00000     0.00000     0.00000     0.00000     0.00000     0.00000     0.00000     0.00000     0.00000     0.00000     0.00000     0.00000     0.00000     0.00000
   -47.94050     0.00000     0.00000     0.00000     0.00000     0.00000     0.00000     0.00000     0.00000     0.00000     0.00000     0.00000     0.00000     0.00000     0.00000     0.00000     0.00000     0.00000
   -47.88750     0.00000     0.00000     0.00000     0.00000     0.00000     0.00000     0.00000     0.00000     0.00000     0.00000     0.00000     0.00000     0.00000     0.00000     0.00000     0.00000     0.00000
   -47.83350     0.00000     0.00000     0.00000     0.00000     0.00000     0.00000     0.00000     0.00000     0.00000     0.00000     0.00000     0.00000     0.00000     0.00000     0.00000     0.00000     0.00000
   -47.77950     0.00000     0.00000     0.00000     0.00000     0.00000     0.00000     0.00000     0.00000     0.00000     0.00000     0.00000     0.00000     0.00000     0.00000     0.00000     0.00000     0.00000
   -47.72550     0.00000     0.00000     0.00000     0.00000     0.00000     0.00000     0.00000     0.00000     0.00000     0.00000     0.00000     0.00000     0.00000     0.00000     0.00000     0.00000     0.00000
   -47.67150     0.00000     0.00000     0.00000     0.00000     0.00000     0.00000     0.00000     0.00000     0.00000     0.00000     0.00000     0.00000     0.00000     0.00000     0.00000     0.00000     0.00000
   -47.61750     0.00000     0.00000     0.00000     0.00000     0.00000     0.00000     0.00000     0.00000     0.00000     0.00000     0.00000     0.00000     0.00000     0.00000     0.00000     0.00000     0.00000
   -47.56450     0.00000     0.00000     0.00000     0.00000     0.00000     0.00000     0.00000     0.00000     0.00000     0.00000     0.00000     0.00000     0.00000     0.00000     0.00000     0.00000     0.00000
   -47.51050     0.00000     0.00000     0.00000     0.00000     0.00000     0.00000     0.00000     0.00000     0.00000     0.00000     0.00000     0.00000     0.00000     0.00000     0.00000     0.00000     0.00000
   -47.45650     0.00000     0.00000     0.00000     0.00000     0.00000     0.00000     0.00000     0.00000     0.00000     0.00000     0.00000     0.00000     0.00000     0.00000     0.00000     0.00000     0.00000
   -47.40250     0.00000     0.00000     0.00000     0.00000     0.00000     0.00000     0.00000     0.00000     0.00000     0.00000     0.00000     0.00000     0.00000     0.00000     0.00000     0.00000     0.00000
   -47.34850     0.00000     0.00000     0.00000     0.00000     0.00000     0.00000     0.00000     0.00000     0.00000     0.00000     0.00000     0.00000     0.00000     0.00000     0.00000     0.00000     0.00000
   -47.29450     0.00000     0.00000     0.00000     0.00000     0.00000     0.00000     0.00000     0.00000     0.00000     0.00000     0.00000     0.00000     0.00000     0.00000     0.00000     0.00000     0.00000
   -47.24050     0.00000     0.00000     0.00000     0.00000     0.00000     0.00000     0.00000     0.00000     0.00000     0.00000     0.00000     0.00000     0.00000     0.00000     0.00000     0.00000     0.00000
   -47.18750     0.00000     0.00000     0.00000     0.00000     0.00000     0.00000     0.00000     0.00000     0.00000     0.00000     0.00000     0.00000     0.00000     0.00000     0.00000     0.00000     0.00000
   -47.13350     0.00000     0.00000     0.00000     0.00000     0.00000     0.00000     0.00000     0.00000     0.00000     0.00000     0.00000     0.00000     0.00000     0.00000     0.00000     0.00000     0.00000
   -47.07950     0.00000     0.00000     0.00000     0.00000     0.00000     0.00000     0.00000     0.00000     0.00000     0.00000     0.00000     0.00000     0.00000     0.00000     0.00000     0.00000     0.00000
   -47.02550     0.00000     0.00000     0.00000     0.00000     0.00000     0.00000     0.00000     0.00000     0.00000     0.00000     0.00000     0.00000     0.00000     0.00000     0.00000     0.00000     0.00000
   -46.97150     0.00000     0.00000     0.00000     0.00000     0.00000     0.00000     0.00000     0.00000     0.00000     0.00000     0.00000     0.00000     0.00000     0.00000     0.00000     0.00000     0.00000
   -46.91750     0.00000     0.00000     0.00000     0.00000     0.00000     0.00000     0.00000     0.00000     0.00000     0.00000     0.00000     0.00000     0.00000     0.00000     0.00000     0.00000     0.00000
   -46.86350     0.00000     0.00000     0.00000     0.00000     0.00000     0.00000     0.00000     0.00000     0.00000     0.00000     0.00000     0.00000     0.00000     0.00000     0.00000     0.00000     0.00000
   -46.81050     0.00000     0.00000     0.00000     0.00000     0.00000     0.00000     0.00000     0.00000     0.00000     0.00000     0.00000     0.00000     0.00000     0.00000     0.00000     0.00000     0.00000
   -46.75650     0.00000     0.00000     0.00000     0.00000     0.00000     0.00000     0.00000     0.00000     0.00000     0.00000     0.00000     0.00000     0.00000     0.00000     0.00000     0.00000     0.00000
   -46.70250     0.00000     0.00000     0.00000     0.00000     0.00000     0.00000     0.00000     0.00000     0.00000     0.00000     0.00000     0.00000     0.00000     0.00000     0.00000     0.00000     0.00000
   -46.64850     0.00000     0.00000     0.00000     0.00000     0.00000     0.00000     0.00000     0.00000     0.00000     0.00000     0.00000     0.00000     0.00000     0.00000     0.00000     0.00000     0.00000
   -46.59450     0.00000     0.00000     0.00000     0.00000     0.00000     0.00000     0.00000     0.00000     0.00000     0.00000     0.00000     0.00000     0.00000     0.00000     0.00000     0.00000     0.00000
   -46.54050     0.00000     0.00000     0.00000     0.00000     0.00000     0.00000     0.00000     0.00000     0.00000     0.00000     0.00000     0.00000     0.00000     0.00000     0.00000     0.00000     0.00000
   -46.48750     0.00000     0.00000     0.00000     0.00000     0.00000     0.00000     0.00000     0.00000     0.00000     0.00000     0.00000     0.00000     0.00000     0.00000     0.00000     0.00000     0.00000
   -46.43350     0.00000     0.00000     0.00000     0.00000     0.00000     0.00000     0.00000     0.00000     0.00000     0.00000     0.00000     0.00000     0.00000     0.00000     0.00000     0.00000     0.00000
   -46.37950     0.00000     0.00000     0.00000     0.00000     0.00000     0.00000     0.00000     0.00000     0.00000     0.00000     0.00000     0.00000     0.00000     0.00000     0.00000     0.00000     0.00000
   -46.32550     0.00000     0.00000     0.00000     0.00000     0.00000     0.00000     0.00000     0.00000     0.00000     0.00000     0.00000     0.00000     0.00000     0.00000     0.00000     0.00000     0.00000
   -46.27150     0.00000     0.00000     0.00000     0.00000     0.00000     0.00000     0.00000     0.00000     0.00000     0.00000     0.00000     0.00000     0.00000     0.00000     0.00000     0.00000     0.00000
   -46.21750     0.00000     0.00000     0.00000     0.00000     0.00000     0.00000     0.00000     0.00000     0.00000     0.00000     0.00000     0.00000     0.00000     0.00000     0.00000     0.00000     0.00000
   -46.16350     0.00000     0.00000     0.00000     0.00000     0.00000     0.00000     0.00000     0.00000     0.00000     0.00000     0.00000     0.00000     0.00000     0.00000     0.00000     0.00000     0.00000
   -46.11050     0.00000     0.00000     0.00000     0.00000     0.00000     0.00000     0.00000     0.00000     0.00000     0.00000     0.00000     0.00000     0.00000     0.00000     0.00000     0.00000     0.00000
   -46.05650     0.00000     0.00000     0.00000     0.00000     0.00000     0.00000     0.00000     0.00000     0.00000     0.00000     0.00000     0.00000     0.00000     0.00000     0.00000     0.00000     0.00000
   -46.00250     0.00000     0.00000     0.00000     0.00000     0.00000     0.00000     0.00000     0.00000     0.00000     0.00000     0.00000     0.00000     0.00000     0.00000     0.00000     0.00000     0.00000
   -45.94850     0.00000     0.00000     0.00000     0.00000     0.00000     0.00000     0.00000     0.00000     0.00000     0.00000     0.00000     0.00000     0.00000     0.00000     0.00000     0.00000     0.00000
   -45.89450     0.00000     0.00000     0.00000     0.00000     0.00000     0.00000     0.00000     0.00000     0.00000     0.00000     0.00000     0.00000     0.00000     0.00000     0.00000     0.00000     0.00000
   -45.84050     0.00000     0.00000     0.00000     0.00000     0.00000     0.00000     0.00000     0.00000     0.00000     0.00000     0.00000     0.00000     0.00000     0.00000     0.00000     0.00000     0.00000
   -45.78750     0.00000     0.00000     0.00000     0.00000     0.00000     0.00000     0.00000     0.00000     0.00000     0.00000     0.00000     0.00000     0.00000     0.00000     0.00000     0.00000     0.00000
   -45.73350     0.00000     0.00000     0.00000     0.00000     0.00000     0.00000     0.00000     0.00000     0.00000     0.00000     0.00000     0.00000     0.00000     0.00000     0.00000     0.00000     0.00000
   -45.67950     0.00000     0.00000     0.00000     0.00000     0.00000     0.00000     0.00000     0.00000     0.00000     0.00000     0.00000     0.00000     0.00000     0.00000     0.00000     0.00000     0.00000
   -45.62550     0.00000     0.00000     0.00000     0.00000     0.00000     0.00000     0.00000     0.00000     0.00000     0.00000     0.00000     0.00000     0.00000     0.00000     0.00000     0.00000     0.00000
   -45.57150     0.00000     0.00000     0.00000     0.00000     0.00000     0.00000     0.00000     0.00000     0.00000     0.00000     0.00000     0.00000     0.00000     0.00000     0.00000     0.00000     0.00000
   -45.51750     0.00000     0.00000     0.00000     0.00000     0.00000     0.00000     0.00000     0.00000     0.00000     0.00000     0.00000     0.00000     0.00000     0.00000     0.00000     0.00000     0.00000
   -45.46350     0.00000     0.00000     0.00000     0.00000     0.00000     0.00000     0.00000     0.00000     0.00000     0.00000     0.00000     0.00000     0.00000     0.00000     0.00000     0.00000     0.00000
   -45.41050     0.00000     0.00000     0.00000     0.00000     0.00000     0.00000     0.00000     0.00000     0.00000     0.00000     0.00000     0.00000     0.00000     0.00000     0.00000     0.00000     0.00000
   -45.35650     0.00000     0.00000     0.00000     0.00000     0.00000     0.00000     0.00000     0.00000     0.00000     0.00000     0.00000     0.00000     0.00000     0.00000     0.00000     0.00000     0.00000
   -45.30250     0.00000     0.00000     0.00000     0.00000     0.00000     0.00000     0.00000     0.00000     0.00000     0.00000     0.00000     0.00000     0.00000     0.00000     0.00000     0.00000     0.00000
   -45.24850     0.00000     0.00000     0.00000     0.00000     0.00000     0.00000     0.00000     0.00000     0.00000     0.00000     0.00000     0.00000     0.00000     0.00000     0.00000     0.00000     0.00000
   -45.19450     0.00000     0.00000     0.00000     0.00000     0.00000     0.00000     0.00000     0.00000     0.00000     0.00000     0.00000     0.00000     0.00000     0.00000     0.00000     0.00000     0.00000
   -45.14050     0.00000     0.00000     0.00000     0.00000     0.00000     0.00000     0.00000     0.00000     0.00000     0.00000     0.00000     0.00000     0.00000     0.00000     0.00000     0.00000     0.00000
   -45.08750     0.00000     0.00000     0.00000     0.00000     0.00000     0.00000     0.00000     0.00000     0.00000     0.00000     0.00000     0.00000     0.00000     0.00000     0.00000     0.00000     0.00000
   -45.03350     0.00000     0.00000     0.00000     0.00000     0.00000     0.00000     0.00000     0.00000     0.00000     0.00000     0.00000     0.00000     0.00000     0.00000     0.00000     0.00000     0.00000
   -44.97950     0.00000     0.00000     0.00000     0.00000     0.00000     0.00000     0.00000     0.00000     0.00000     0.00000     0.00000     0.00000     0.00000     0.00000     0.00000     0.00000     0.00000
   -44.92550     0.00000     0.00000     0.00000     0.00000     0.00000     0.00000     0.00000     0.00000     0.00000     0.00000     0.00000     0.00000     0.00000     0.00000     0.00000     0.00000     0.00000
   -44.87150     0.00000     0.00000     0.00000     0.00000     0.00000     0.00000     0.00000     0.00000     0.00000     0.00000     0.00000     0.00000     0.00000     0.00000     0.00000     0.00000     0.00000
   -44.81750     0.00000     0.00000     0.00000     0.00000     0.00000     0.00000     0.00000     0.00000     0.00000     0.00000     0.00000     0.00000     0.00000     0.00000     0.00000     0.00000     0.00000
   -44.76350     0.00000     0.00000     0.00000     0.00000     0.00000     0.00000     0.00000     0.00000     0.00000     0.00000     0.00000     0.00000     0.00000     0.00000     0.00000     0.00000     0.00000
   -44.71050     0.00000     0.00000     0.00000     0.00000     0.00000     0.00000     0.00000     0.00000     0.00000     0.00000     0.00000     0.00000     0.00000     0.00000     0.00000     0.00000     0.00000
   -44.65650     0.00000     0.00000     0.00000     0.00000     0.00000     0.00000     0.00000     0.00000     0.00000     0.00000     0.00000     0.00000     0.00000     0.00000     0.00000     0.00000     0.00000
   -44.60250     0.00000     0.00000     0.00000     0.00000     0.00000     0.00000     0.00000     0.00000     0.00000     0.00000     0.00000     0.00000     0.00000     0.00000     0.00000     0.00000     0.00000
   -44.54850     0.00000     0.00000     0.00000     0.00000     0.00000     0.00000     0.00000     0.00000     0.00000     0.00000     0.00000     0.00000     0.00000     0.00000     0.00000     0.00000     0.00000
   -44.49450     0.00000     0.00000     0.00000     0.00000     0.00000     0.00000     0.00000     0.00000     0.00000     0.00000     0.00000     0.00000     0.00000     0.00000     0.00000     0.00000     0.00000
   -44.44050     0.00000     0.00000     0.00000     0.00000     0.00000     0.00000     0.00000     0.00000     0.00000     0.00000     0.00000     0.00000     0.00000     0.00000     0.00000     0.00000     0.00000
   -44.38650     0.00000     0.00000     0.00000     0.00000     0.00000     0.00000     0.00000     0.00000     0.00000     0.00000     0.00000     0.00000     0.00000     0.00000     0.00000     0.00000     0.00000
   -44.33350     0.00000     0.00000     0.00000     0.00000     0.00000     0.00000     0.00000     0.00000     0.00000     0.00000     0.00000     0.00000     0.00000     0.00000     0.00000     0.00000     0.00000
   -44.27950     0.00000     0.00000     0.00000     0.00000     0.00000     0.00000     0.00000     0.00000     0.00000     0.00000     0.00000     0.00000     0.00000     0.00000     0.00000     0.00000     0.00000
   -44.22550     0.00000     0.00000     0.00000     0.00000     0.00000     0.00000     0.00000     0.00000     0.00000     0.00000     0.00000     0.00000     0.00000     0.00000     0.00000     0.00000     0.00000
   -44.17150     0.00000     0.00000     0.00000     0.00000     0.00000     0.00000     0.00000     0.00000     0.00000     0.00000     0.00000     0.00000     0.00000     0.00000     0.00000     0.00000     0.00000
   -44.11750     0.00000     0.00000     0.00000     0.00000     0.00000     0.00000     0.00000     0.00000     0.00000     0.00000     0.00000     0.00000     0.00000     0.00000     0.00000     0.00000     0.00000
   -44.06350     0.00000     0.00000     0.00000     0.00000     0.00000     0.00000     0.00000     0.00000     0.00000     0.00000     0.00000     0.00000     0.00000     0.00000     0.00000     0.00000     0.00000
   -44.01050     0.00000     0.00000     0.00000     0.00000     0.00000     0.00000     0.00000     0.00000     0.00000     0.00000     0.00000     0.00000     0.00000     0.00000     0.00000     0.00000     0.00000
   -43.95650     0.00000     0.00000     0.00000     0.00000     0.00000     0.00000     0.00000     0.00000     0.00000     0.00000     0.00000     0.00000     0.00000     0.00000     0.00000     0.00000     0.00000
   -43.90250     0.00000     0.00000     0.00000     0.00000     0.00000     0.00000     0.00000     0.00000     0.00000     0.00000     0.00000     0.00000     0.00000     0.00000     0.00000     0.00000     0.00000
   -43.84850     0.00000     0.00000     0.00000     0.00000     0.00000     0.00000     0.00000     0.00000     0.00000     0.00000     0.00000     0.00000     0.00000     0.00000     0.00000     0.00000     0.00000
   -43.79450     0.00000     0.00000     0.00000     0.00000     0.00000     0.00000     0.00000     0.00000     0.00000     0.00000     0.00000     0.00000     0.00000     0.00000     0.00000     0.00000     0.00000
   -43.74050     0.00000     0.00000     0.00000     0.00000     0.00000     0.00000     0.00000     0.00000     0.00000     0.00000     0.00000     0.00000     0.00000     0.00000     0.00000     0.00000     0.00000
   -43.68650     0.00000     0.00000     0.00000     0.00000     0.00000     0.00000     0.00000     0.00000     0.00000     0.00000     0.00000     0.00000     0.00000     0.00000     0.00000     0.00000     0.00000
   -43.63350     0.00000     0.00000     0.00000     0.00000     0.00000     0.00000     0.00000     0.00000     0.00000     0.00000     0.00000     0.00000     0.00000     0.00000     0.00000     0.00000     0.00000
   -43.57950     0.00000     0.00000     0.00000     0.00000     0.00000     0.00000     0.00000     0.00000     0.00000     0.00000     0.00000     0.00000     0.00000     0.00000     0.00000     0.00000     0.00000
   -43.52550     0.00000     0.00000     0.00000     0.00000     0.00000     0.00000     0.00000     0.00000     0.00000     0.00000     0.00000     0.00000     0.00000     0.00000     0.00000     0.00000     0.00000
   -43.47150     0.00000     0.00000     0.00000     0.00000     0.00000     0.00000     0.00000     0.00000     0.00000     0.00000     0.00000     0.00000     0.00000     0.00000     0.00000     0.00000     0.00000
   -43.41750     0.00000     0.00000     0.00000     0.00000     0.00000     0.00000     0.00000     0.00000     0.00000     0.00000     0.00000     0.00000     0.00000     0.00000     0.00000     0.00000     0.00000
   -43.36350     0.00000     0.00000     0.00000     0.00000     0.00000     0.00000     0.00000     0.00000     0.00000     0.00000     0.00000     0.00000     0.00000     0.00000     0.00000     0.00000     0.00000
   -43.31050     0.00000     0.00000     0.00000     0.00000     0.00000     0.00000     0.00000     0.00000     0.00000     0.00000     0.00000     0.00000     0.00000     0.00000     0.00000     0.00000     0.00000
   -43.25650     0.00000     0.00000     0.00000     0.00000     0.00000     0.00000     0.00000     0.00000     0.00000     0.00000     0.00000     0.00000     0.00000     0.00000     0.00000     0.00000     0.00000
   -43.20250     0.00000     0.00000     0.00000     0.00000     0.00000     0.00000     0.00000     0.00000     0.00000     0.00000     0.00000     0.00000     0.00000     0.00000     0.00000     0.00000     0.00000
   -43.14850     0.00000     0.00000     0.00000     0.00000     0.00000     0.00000     0.00000     0.00000     0.00000     0.00000     0.00000     0.00000     0.00000     0.00000     0.00000     0.00000     0.00000
   -43.09450     0.00000     0.00000     0.00000     0.00000     0.00000     0.00000     0.00000     0.00000     0.00000     0.00000     0.00000     0.00000     0.00000     0.00000     0.00000     0.00000     0.00000
   -43.04050     0.00000     0.00000     0.00000     0.00000     0.00000     0.00000     0.00000     0.00000     0.00000     0.00000     0.00000     0.00000     0.00000     0.00000     0.00000     0.00000     0.00000
   -42.98650     0.00000     0.00000     0.00000     0.00000     0.00000     0.00000     0.00000     0.00000     0.00000     0.00000     0.00000     0.00000     0.00000     0.00000     0.00000     0.00000     0.00000
   -42.93350     0.00000     0.00000     0.00000     0.00000     0.00000     0.00000     0.00000     0.00000     0.00000     0.00000     0.00000     0.00000     0.00000     0.00000     0.00000     0.00000     0.00000
   -42.87950     0.00000     0.00000     0.00000     0.00000     0.00000     0.00000     0.00000     0.00000     0.00000     0.00000     0.00000     0.00000     0.00000     0.00000     0.00000     0.00000     0.00000
   -42.82550     0.00000     0.00000     0.00000     0.00000     0.00000     0.00000     0.00000     0.00000     0.00000     0.00000     0.00000     0.00000     0.00000     0.00000     0.00000     0.00000     0.00000
   -42.77150     0.00000     0.00000     0.00000     0.00000     0.00000     0.00000     0.00000     0.00000     0.00000     0.00000     0.00000     0.00000     0.00000     0.00000     0.00000     0.00000     0.00000
   -42.71750     0.00000     0.00000     0.00000     0.00000     0.00000     0.00000     0.00000     0.00000     0.00000     0.00000     0.00000     0.00000     0.00000     0.00000     0.00000     0.00000     0.00000
   -42.66350     0.00000     0.00000     0.00000     0.00000     0.00000     0.00000     0.00000     0.00000     0.00000     0.00000     0.00000     0.00000     0.00000     0.00000     0.00000     0.00000     0.00000
   -42.60950     0.00000     0.00000     0.00000     0.00000     0.00000     0.00000     0.00000     0.00000     0.00000     0.00000     0.00000     0.00000     0.00000     0.00000     0.00000     0.00000     0.00000
   -42.55650     0.00000     0.00000     0.00000     0.00000     0.00000     0.00000     0.00000     0.00000     0.00000     0.00000     0.00000     0.00000     0.00000     0.00000     0.00000     0.00000     0.00000
   -42.50250     0.00000     0.00000     0.00000     0.00000     0.00000     0.00000     0.00000     0.00000     0.00000     0.00000     0.00000     0.00000     0.00000     0.00000     0.00000     0.00000     0.00000
   -42.44850     0.00000     0.00000     0.00000     0.00000     0.00000     0.00000     0.00000     0.00000     0.00000     0.00000     0.00000     0.00000     0.00000     0.00000     0.00000     0.00000     0.00000
   -42.39450     0.00000     0.00000     0.00000     0.00000     0.00000     0.00000     0.00000     0.00000     0.00000     0.00000     0.00000     0.00000     0.00000     0.00000     0.00000     0.00000     0.00000
   -42.34050     0.00000     0.00000     0.00000     0.00000     0.00000     0.00000     0.00000     0.00000     0.00000     0.00000     0.00000     0.00000     0.00000     0.00000     0.00000     0.00000     0.00000
   -42.28650     0.00000     0.00000     0.00000     0.00000     0.00000     0.00000     0.00000     0.00000     0.00000     0.00000     0.00000     0.00000     0.00000     0.00000     0.00000     0.00000     0.00000
   -42.23350     0.00000     0.00000     0.00000     0.00000     0.00000     0.00000     0.00000     0.00000     0.00000     0.00000     0.00000     0.00000     0.00000     0.00000     0.00000     0.00000     0.00000
   -42.17950     0.00000     0.00000     0.00000     0.00000     0.00000     0.00000     0.00000     0.00000     0.00000     0.00000     0.00000     0.00000     0.00000     0.00000     0.00000     0.00000     0.00000
   -42.12550     0.00000     0.00000     0.00000     0.00000     0.00000     0.00000     0.00000     0.00000     0.00000     0.00000     0.00000     0.00000     0.00000     0.00000     0.00000     0.00000     0.00000
   -42.07150     0.00000     0.00000     0.00000     0.00000     0.00000     0.00000     0.00000     0.00000     0.00000     0.00000     0.00000     0.00000     0.00000     0.00000     0.00000     0.00000     0.00000
   -42.01750     0.00000     0.00000     0.00000     0.00000     0.00000     0.00000     0.00000     0.00000     0.00000     0.00000     0.00000     0.00000     0.00000     0.00000     0.00000     0.00000     0.00000
   -41.96350     0.00000     0.00000     0.00000     0.00000     0.00000     0.00000     0.00000     0.00000     0.00000     0.00000     0.00000     0.00000     0.00000     0.00000     0.00000     0.00000     0.00000
   -41.90950     0.00000     0.00000     0.00000     0.00000     0.00000     0.00000     0.00000     0.00000     0.00000     0.00000     0.00000     0.00000     0.00000     0.00000     0.00000     0.00000     0.00000
   -41.85650     0.00000     0.00000     0.00000     0.00000     0.00000     0.00000     0.00000     0.00000     0.00000     0.00000     0.00000     0.00000     0.00000     0.00000     0.00000     0.00000     0.00000
   -41.80250     0.00000     0.00000     0.00000     0.00000     0.00000     0.00000     0.00000     0.00000     0.00000     0.00000     0.00000     0.00000     0.00000     0.00000     0.00000     0.00000     0.00000
   -41.74850     0.00000     0.00000     0.00000     0.00000     0.00000     0.00000     0.00000     0.00000     0.00000     0.00000     0.00000     0.00000     0.00000     0.00000     0.00000     0.00000     0.00000
   -41.69450     0.00000     0.00000     0.00000     0.00000     0.00000     0.00000     0.00000     0.00000     0.00000     0.00000     0.00000     0.00000     0.00000     0.00000     0.00000     0.00000     0.00000
   -41.64050     0.00000     0.00000     0.00000     0.00000     0.00000     0.00000     0.00000     0.00000     0.00000     0.00000     0.00000     0.00000     0.00000     0.00000     0.00000     0.00000     0.00000
   -41.58650     0.00000     0.00000     0.00000     0.00000     0.00000     0.00000     0.00000     0.00000     0.00000     0.00000     0.00000     0.00000     0.00000     0.00000     0.00000     0.00000     0.00000
   -41.53350     0.00000     0.00000     0.00000     0.00000     0.00000     0.00000     0.00000     0.00000     0.00000     0.00000     0.00000     0.00000     0.00000     0.00000     0.00000     0.00000     0.00000
   -41.47950     0.00000     0.00000     0.00000     0.00000     0.00000     0.00000     0.00000     0.00000     0.00000     0.00000     0.00000     0.00000     0.00000     0.00000     0.00000     0.00000     0.00000
   -41.42550     0.00000     0.00000     0.00000     0.00000     0.00000     0.00000     0.00000     0.00000     0.00000     0.00000     0.00000     0.00000     0.00000     0.00000     0.00000     0.00000     0.00000
   -41.37150     0.00000     0.00000     0.00000     0.00000     0.00000     0.00000     0.00000     0.00000     0.00000     0.00000     0.00000     0.00000     0.00000     0.00000     0.00000     0.00000     0.00000
   -41.31750     0.00000     0.00000     0.00000     0.00000     0.00000     0.00000     0.00000     0.00000     0.00000     0.00000     0.00000     0.00000     0.00000     0.00000     0.00000     0.00000     0.00000
   -41.26350     0.00000     0.00000     0.00000     0.00000     0.00000     0.00000     0.00000     0.00000     0.00000     0.00000     0.00000     0.00000     0.00000     0.00000     0.00000     0.00000     0.00000
   -41.20950     0.00000     0.00000     0.00000     0.00000     0.00000     0.00000     0.00000     0.00000     0.00000     0.00000     0.00000     0.00000     0.00000     0.00000     0.00000     0.00000     0.00000
   -41.15650     0.00000     0.00000     0.00000     0.00000     0.00000     0.00000     0.00000     0.00000     0.00000     0.00000     0.00000     0.00000     0.00000     0.00000     0.00000     0.00000     0.00000
   -41.10250     0.00000     0.00000     0.00000     0.00000     0.00000     0.00000     0.00000     0.00000     0.00000     0.00000     0.00000     0.00000     0.00000     0.00000     0.00000     0.00000     0.00000
   -41.04850     0.00000     0.00000     0.00000     0.00000     0.00000     0.00000     0.00000     0.00000     0.00000     0.00000     0.00000     0.00000     0.00000     0.00000     0.00000     0.00000     0.00000
   -40.99450     0.00000     0.00000     0.00000     0.00000     0.00000     0.00000     0.00000     0.00000     0.00000     0.00000     0.00000     0.00000     0.00000     0.00000     0.00000     0.00000     0.00000
   -40.94050     0.00000     0.00000     0.00000     0.00000     0.00000     0.00000     0.00000     0.00000     0.00000     0.00000     0.00000     0.00000     0.00000     0.00000     0.00000     0.00000     0.00000
   -40.88650     0.00000     0.00000     0.00000     0.00000     0.00000     0.00000     0.00000     0.00000     0.00000     0.00000     0.00000     0.00000     0.00000     0.00000     0.00000     0.00000     0.00000
   -40.83350     0.00000     0.00000     0.00000     0.00000     0.00000     0.00000     0.00000     0.00000     0.00000     0.00000     0.00000     0.00000     0.00000     0.00000     0.00000     0.00000     0.00000
   -40.77950     0.00000     0.00000     0.00000     0.00000     0.00000     0.00000     0.00000     0.00000     0.00000     0.00000     0.00000     0.00000     0.00000     0.00000     0.00000     0.00000     0.00000
   -40.72550     0.00000     0.00000     0.00000     0.00000     0.00000     0.00000     0.00000     0.00000     0.00000     0.00000     0.00000     0.00000     0.00000     0.00000     0.00000     0.00000     0.00000
   -40.67150     0.00000     0.00000     0.00000     0.00000     0.00000     0.00000     0.00000     0.00000     0.00000     0.00000     0.00000     0.00000     0.00000     0.00000     0.00000     0.00000     0.00000
   -40.61750     0.00000     0.00000     0.00000     0.00000     0.00000     0.00000     0.00000     0.00000     0.00000     0.00000     0.00000     0.00000     0.00000     0.00000     0.00000     0.00000     0.00000
   -40.56350     0.00000     0.00000     0.00000     0.00000     0.00000     0.00000     0.00000     0.00000     0.00000     0.00000     0.00000     0.00000     0.00000     0.00000     0.00000     0.00000     0.00000
   -40.50950     0.00000     0.00000     0.00000     0.00000     0.00000     0.00000     0.00000     0.00000     0.00000     0.00000     0.00000     0.00000     0.00000     0.00000     0.00000     0.00000     0.00000
   -40.45650     0.00000     0.00000     0.00000     0.00000     0.00000     0.00000     0.00000     0.00000     0.00000     0.00000     0.00000     0.00000     0.00000     0.00000     0.00000     0.00000     0.00000
   -40.40250     0.00000     0.00000     0.00000     0.00000     0.00000     0.00000     0.00000     0.00000     0.00000     0.00000     0.00000     0.00000     0.00000     0.00000     0.00000     0.00000     0.00000
   -40.34850     0.00000     0.00000     0.00000     0.00000     0.00000     0.00000     0.00000     0.00000     0.00000     0.00000     0.00000     0.00000     0.00000     0.00000     0.00000     0.00000     0.00000
   -40.29450     0.00000     0.00000     0.00000     0.00000     0.00000     0.00000     0.00000     0.00000     0.00000     0.00000     0.00000     0.00000     0.00000     0.00000     0.00000     0.00000     0.00000
   -40.24050     0.00000     0.00000     0.00000     0.00000     0.00000     0.00000     0.00000     0.00000     0.00000     0.00000     0.00000     0.00000     0.00000     0.00000     0.00000     0.00000     0.00000
   -40.18650     0.00000     0.00000     0.00000     0.00000     0.00000     0.00000     0.00000     0.00000     0.00000     0.00000     0.00000     0.00000     0.00000     0.00000     0.00000     0.00000     0.00000
   -40.13250     0.00000     0.00000     0.00000     0.00000     0.00000     0.00000     0.00000     0.00000     0.00000     0.00000     0.00000     0.00000     0.00000     0.00000     0.00000     0.00000     0.00000
   -40.07950     0.00000     0.00000     0.00000     0.00000     0.00000     0.00000     0.00000     0.00000     0.00000     0.00000     0.00000     0.00000     0.00000     0.00000     0.00000     0.00000     0.00000
   -40.02550     0.00000     0.00000     0.00000     0.00000     0.00000     0.00000     0.00000     0.00000     0.00000     0.00000     0.00000     0.00000     0.00000     0.00000     0.00000     0.00000     0.00000
   -39.97150     0.00000     0.00000     0.00000     0.00000     0.00000     0.00000     0.00000     0.00000     0.00000     0.00000     0.00000     0.00000     0.00000     0.00000     0.00000     0.00000     0.00000
   -39.91750     0.00000     0.00000     0.00000     0.00000     0.00000     0.00000     0.00000     0.00000     0.00000     0.00000     0.00000     0.00000     0.00000     0.00000     0.00000     0.00000     0.00000
   -39.86350     0.00000     0.00000     0.00000     0.00000     0.00000     0.00000     0.00000     0.00000     0.00000     0.00000     0.00000     0.00000     0.00000     0.00000     0.00000     0.00000     0.00000
   -39.80950     0.00000     0.00000     0.00000     0.00000     0.00000     0.00000     0.00000     0.00000     0.00000     0.00000     0.00000     0.00000     0.00000     0.00000     0.00000     0.00000     0.00000
   -39.75650     0.00000     0.00000     0.00000     0.00000     0.00000     0.00000     0.00000     0.00000     0.00000     0.00000     0.00000     0.00000     0.00000     0.00000     0.00000     0.00000     0.00000
   -39.70250     0.00000     0.00000     0.00000     0.00000     0.00000     0.00000     0.00000     0.00000     0.00000     0.00000     0.00000     0.00000     0.00000     0.00000     0.00000     0.00000     0.00000
   -39.64850     0.00000     0.00000     0.00000     0.00000     0.00000     0.00000     0.00000     0.00000     0.00000     0.00000     0.00000     0.00000     0.00000     0.00000     0.00000     0.00000     0.00000
   -39.59450     0.00000     0.00000     0.00000     0.00000     0.00000     0.00000     0.00000     0.00000     0.00000     0.00000     0.00000     0.00000     0.00000     0.00000     0.00000     0.00000     0.00000
   -39.54050     0.00000     0.00000     0.00000     0.00000     0.00000     0.00000     0.00000     0.00000     0.00000     0.00000     0.00000     0.00000     0.00000     0.00000     0.00000     0.00000     0.00000
   -39.48650     0.00000     0.00000     0.00000     0.00000     0.00000     0.00000     0.00000     0.00000     0.00000     0.00000     0.00000     0.00000     0.00000     0.00000     0.00000     0.00000     0.00000
   -39.43250     0.00000     0.00000     0.00000     0.00000     0.00000     0.00000     0.00000     0.00000     0.00000     0.00000     0.00000     0.00000     0.00000     0.00000     0.00000     0.00000     0.00000
   -39.37950     0.00000     0.00000     0.00000     0.00000     0.00000     0.00000     0.00000     0.00000     0.00000     0.00000     0.00000     0.00000     0.00000     0.00000     0.00000     0.00000     0.00000
   -39.32550     0.00000     0.00000     0.00000     0.00000     0.00000     0.00000     0.00000     0.00000     0.00000     0.00000     0.00000     0.00000     0.00000     0.00000     0.00000     0.00000     0.00000
   -39.27150     0.00000     0.00000     0.00000     0.00000     0.00000     0.00000     0.00000     0.00000     0.00000     0.00000     0.00000     0.00000     0.00000     0.00000     0.00000     0.00000     0.00000
   -39.21750     0.00000     0.00000     0.00000     0.00000     0.00000     0.00000     0.00000     0.00000     0.00000     0.00000     0.00000     0.00000     0.00000     0.00000     0.00000     0.00000     0.00000
   -39.16350     0.00000     0.00000     0.00000     0.00000     0.00000     0.00000     0.00000     0.00000     0.00000     0.00000     0.00000     0.00000     0.00000     0.00000     0.00000     0.00000     0.00000
   -39.10950     0.00000     0.00000     0.00000     0.00000     0.00000     0.00000     0.00000     0.00000     0.00000     0.00000     0.00000     0.00000     0.00000     0.00000     0.00000     0.00000     0.00000
   -39.05650     0.00000     0.00000     0.00000     0.00000     0.00000     0.00000     0.00000     0.00000     0.00000     0.00000     0.00000     0.00000     0.00000     0.00000     0.00000     0.00000     0.00000
   -39.00250     0.00000     0.00000     0.00000     0.00000     0.00000     0.00000     0.00000     0.00000     0.00000     0.00000     0.00000     0.00000     0.00000     0.00000     0.00000     0.00000     0.00000
   -38.94850     0.00000     0.00000     0.00000     0.00000     0.00000     0.00000     0.00000     0.00000     0.00000     0.00000     0.00000     0.00000     0.00000     0.00000     0.00000     0.00000     0.00000
   -38.89450     0.00000     0.00000     0.00000     0.00000     0.00000     0.00000     0.00000     0.00000     0.00000     0.00000     0.00000     0.00000     0.00000     0.00000     0.00000     0.00000     0.00000
   -38.84050     0.00000     0.00000     0.00000     0.00000     0.00000     0.00000     0.00000     0.00000     0.00000     0.00000     0.00000     0.00000     0.00000     0.00000     0.00000     0.00000     0.00000
   -38.78650     0.00000     0.00000     0.00000     0.00000     0.00000     0.00000     0.00000     0.00000     0.00000     0.00000     0.00000     0.00000     0.00000     0.00000     0.00000     0.00000     0.00000
   -38.73250     0.00000     0.00000     0.00000     0.00000     0.00000     0.00000     0.00000     0.00000     0.00000     0.00000     0.00000     0.00000     0.00000     0.00000     0.00000     0.00000     0.00000
   -38.67950     0.00000     0.00000     0.00000     0.00000     0.00000     0.00000     0.00000     0.00000     0.00000     0.00000     0.00000     0.00000     0.00000     0.00000     0.00000     0.00000     0.00000
   -38.62550     0.00000     0.00000     0.00000     0.00000     0.00000     0.00000     0.00000     0.00000     0.00000     0.00000     0.00000     0.00000     0.00000     0.00000     0.00000     0.00000     0.00000
   -38.57150     0.00000     0.00000     0.00000     0.00000     0.00000     0.00000     0.00000     0.00000     0.00000     0.00000     0.00000     0.00000     0.00000     0.00000     0.00000     0.00000     0.00000
   -38.51750     0.00000     0.00000     0.00000     0.00000     0.00000     0.00000     0.00000     0.00000     0.00000     0.00000     0.00000     0.00000     0.00000     0.00000     0.00000     0.00000     0.00000
   -38.46350     0.00000     0.00000     0.00000     0.00000     0.00000     0.00000     0.00000     0.00000     0.00000     0.00000     0.00000     0.00000     0.00000     0.00000     0.00000     0.00000     0.00000
   -38.40950     0.00000     0.00000     0.00000     0.00000     0.00000     0.00000     0.00000     0.00000     0.00000     0.00000     0.00000     0.00000     0.00000     0.00000     0.00000     0.00000     0.00000
   -38.35650     0.00000     0.00000     0.00000     0.00000     0.00000     0.00000     0.00000     0.00000     0.00000     0.00000     0.00000     0.00000     0.00000     0.00000     0.00000     0.00000     0.00000
   -38.30250     0.00000     0.00000     0.00000     0.00000     0.00000     0.00000     0.00000     0.00000     0.00000     0.00000     0.00000     0.00000     0.00000     0.00000     0.00000     0.00000     0.00000
   -38.24850     0.00000     0.00000     0.00000     0.00000     0.00000     0.00000     0.00000     0.00000     0.00000     0.00000     0.00000     0.00000     0.00000     0.00000     0.00000     0.00000     0.00000
   -38.19450     0.00000     0.00000     0.00000     0.00000     0.00000     0.00000     0.00000     0.00000     0.00000     0.00000     0.00000     0.00000     0.00000     0.00000     0.00000     0.00000     0.00000
   -38.14050     0.00000     0.00000     0.00000     0.00000     0.00000     0.00000     0.00000     0.00000     0.00000     0.00000     0.00000     0.00000     0.00000     0.00000     0.00000     0.00000     0.00000
   -38.08650     0.00000     0.00000     0.00000     0.00000     0.00000     0.00000     0.00000     0.00000     0.00000     0.00000     0.00000     0.00000     0.00000     0.00000     0.00000     0.00000     0.00000
   -38.03250     0.00000     0.00000     0.00000     0.00000     0.00000     0.00000     0.00000     0.00000     0.00000     0.00000     0.00000     0.00000     0.00000     0.00000     0.00000     0.00000     0.00000
   -37.97950     0.00000     0.00000     0.00000     0.00000     0.00000     0.00000     0.00000     0.00000     0.00000     0.00000     0.00000     0.00000     0.00000     0.00000     0.00000     0.00000     0.00000
   -37.92550     0.00000     0.00000     0.00000     0.00000     0.00000     0.00000     0.00000     0.00000     0.00000     0.00000     0.00000     0.00000     0.00000     0.00000     0.00000     0.00000     0.00000
   -37.87150     0.00000     0.00000     0.00000     0.00000     0.00000     0.00000     0.00000     0.00000     0.00000     0.00000     0.00000     0.00000     0.00000     0.00000     0.00000     0.00000     0.00000
   -37.81750     0.00000     0.00000     0.00000     0.00000     0.00000     0.00000     0.00000     0.00000     0.00000     0.00000     0.00000     0.00000     0.00000     0.00000     0.00000     0.00000     0.00000
   -37.76350     0.00000     0.00000     0.00000     0.00000     0.00000     0.00000     0.00000     0.00000     0.00000     0.00000     0.00000     0.00000     0.00000     0.00000     0.00000     0.00000     0.00000
   -37.70950     0.00000     0.00000     0.00000     0.00000     0.00000     0.00000     0.00000     0.00000     0.00000     0.00000     0.00000     0.00000     0.00000     0.00000     0.00000     0.00000     0.00000
   -37.65550     0.00000     0.00000     0.00000     0.00000     0.00000     0.00000     0.00000     0.00000     0.00000     0.00000     0.00000     0.00000     0.00000     0.00000     0.00000     0.00000     0.00000
   -37.60250     0.00000     0.00000     0.00000     0.00000     0.00000     0.00000     0.00000     0.00000     0.00000     0.00000     0.00000     0.00000     0.00000     0.00000     0.00000     0.00000     0.00000
   -37.54850     0.00000     0.00000     0.00000     0.00000     0.00000     0.00000     0.00000     0.00000     0.00000     0.00000     0.00000     0.00000     0.00000     0.00000     0.00000     0.00000     0.00000
   -37.49450     0.00000     0.00000     0.00000     0.00000     0.00000     0.00000     0.00000     0.00000     0.00000     0.00000     0.00000     0.00000     0.00000     0.00000     0.00000     0.00000     0.00000
   -37.44050     0.00000     0.00000     0.00000     0.00000     0.00000     0.00000     0.00000     0.00000     0.00000     0.00000     0.00000     0.00000     0.00000     0.00000     0.00000     0.00000     0.00000
   -37.38650     0.00000     0.00000     0.00000     0.00000     0.00000     0.00000     0.00000     0.00000     0.00000     0.00000     0.00000     0.00000     0.00000     0.00000     0.00000     0.00000     0.00000
   -37.33250     0.00000     0.00000     0.00000     0.00000     0.00000     0.00000     0.00000     0.00000     0.00000     0.00000     0.00000     0.00000     0.00000     0.00000     0.00000     0.00000     0.00000
   -37.27950     0.00000     0.00000     0.00000     0.00000     0.00000     0.00000     0.00000     0.00000     0.00000     0.00000     0.00000     0.00000     0.00000     0.00000     0.00000     0.00000     0.00000
   -37.22550     0.00000     0.00000     0.00000     0.00000     0.00000     0.00000     0.00000     0.00000     0.00000     0.00000     0.00000     0.00000     0.00000     0.00000     0.00000     0.00000     0.00000
   -37.17150     0.00000     0.00000     0.00000     0.00000     0.00000     0.00000     0.00000     0.00000     0.00000     0.00000     0.00000     0.00000     0.00000     0.00000     0.00000     0.00000     0.00000
   -37.11750     0.00000     0.00000     0.00000     0.00000     0.00000     0.00000     0.00000     0.00000     0.00000     0.00000     0.00000     0.00000     0.00000     0.00000     0.00000     0.00000     0.00000
   -37.06350     0.00000     0.00000     0.00000     0.00000     0.00000     0.00000     0.00000     0.00000     0.00000     0.00000     0.00000     0.00000     0.00000     0.00000     0.00000     0.00000     0.00000
   -37.00950     0.00000     0.00000     0.00000     0.00000     0.00000     0.00000     0.00000     0.00000     0.00000     0.00000     0.00000     0.00000     0.00000     0.00000     0.00000     0.00000     0.00000
   -36.95550     0.00000     0.00000     0.00000     0.00000     0.00000     0.00000     0.00000     0.00000     0.00000     0.00000     0.00000     0.00000     0.00000     0.00000     0.00000     0.00000     0.00000
   -36.90250     0.00000     0.00000     0.00000     0.00000     0.00000     0.00000     0.00000     0.00000     0.00000     0.00000     0.00000     0.00000     0.00000     0.00000     0.00000     0.00000     0.00000
   -36.84850     0.00000     0.00000     0.00000     0.00000     0.00000     0.00000     0.00000     0.00000     0.00000     0.00000     0.00000     0.00000     0.00000     0.00000     0.00000     0.00000     0.00000
   -36.79450     0.00000     0.00000     0.00000     0.00000     0.00000     0.00000     0.00000     0.00000     0.00000     0.00000     0.00000     0.00000     0.00000     0.00000     0.00000     0.00000     0.00000
   -36.74050     0.00000     0.00000     0.00000     0.00000     0.00000     0.00000     0.00000     0.00000     0.00000     0.00000     0.00000     0.00000     0.00000     0.00000     0.00000     0.00000     0.00000
   -36.68650     0.00000     0.00000     0.00000     0.00000     0.00000     0.00000     0.00000     0.00000     0.00000     0.00000     0.00000     0.00000     0.00000     0.00000     0.00000     0.00000     0.00000
   -36.63250     0.00000     0.00000     0.00000     0.00000     0.00000     0.00000     0.00000     0.00000     0.00000     0.00000     0.00000     0.00000     0.00000     0.00000     0.00000     0.00000     0.00000
   -36.57950     0.00000     0.00000     0.00000     0.00000     0.00000     0.00000     0.00000     0.00000     0.00000     0.00000     0.00000     0.00000     0.00000     0.00000     0.00000     0.00000     0.00000
   -36.52550     0.00000     0.00000     0.00000     0.00000     0.00000     0.00000     0.00000     0.00000     0.00000     0.00000     0.00000     0.00000     0.00000     0.00000     0.00000     0.00000     0.00000
   -36.47150     0.00000     0.00000     0.00000     0.00000     0.00000     0.00000     0.00000     0.00000     0.00000     0.00000     0.00000     0.00000     0.00000     0.00000     0.00000     0.00000     0.00000
   -36.41750     0.00000     0.00000     0.00000     0.00000     0.00000     0.00000     0.00000     0.00000     0.00000     0.00000     0.00000     0.00000     0.00000     0.00000     0.00000     0.00000     0.00000
   -36.36350     0.00000     0.00000     0.00000     0.00000     0.00000     0.00000     0.00000     0.00000     0.00000     0.00000     0.00000     0.00000     0.00000     0.00000     0.00000     0.00000     0.00000
   -36.30950     0.00000     0.00000     0.00000     0.00000     0.00000     0.00000     0.00000     0.00000     0.00000     0.00000     0.00000     0.00000     0.00000     0.00000     0.00000     0.00000     0.00000
   -36.25550     0.00000     0.00000     0.00000     0.00000     0.00000     0.00000     0.00000     0.00000     0.00000     0.00000     0.00000     0.00000     0.00000     0.00000     0.00000     0.00000     0.00000
   -36.20250     0.00000     0.00000     0.00000     0.00000     0.00000     0.00000     0.00000     0.00000     0.00000     0.00000     0.00000     0.00000     0.00000     0.00000     0.00000     0.00000     0.00000
   -36.14850     0.00000     0.00000     0.00000     0.00000     0.00000     0.00000     0.00000     0.00000     0.00000     0.00000     0.00000     0.00000     0.00000     0.00000     0.00000     0.00000     0.00000
   -36.09450     0.00000     0.00000     0.00000     0.00000     0.00000     0.00000     0.00000     0.00000     0.00000     0.00000     0.00000     0.00000     0.00000     0.00000     0.00000     0.00000     0.00000
   -36.04050     0.00000     0.00000     0.00000     0.00000     0.00000     0.00000     0.00000     0.00000     0.00000     0.00000     0.00000     0.00000     0.00000     0.00000     0.00000     0.00000     0.00000
   -35.98650     0.00000     0.00000     0.00000     0.00000     0.00000     0.00000     0.00000     0.00000     0.00000     0.00000     0.00000     0.00000     0.00000     0.00000     0.00000     0.00000     0.00000
   -35.93250     0.00000     0.00000     0.00000     0.00000     0.00000     0.00000     0.00000     0.00000     0.00000     0.00000     0.00000     0.00000     0.00000     0.00000     0.00000     0.00000     0.00000
   -35.87850     0.00000     0.00000     0.00000     0.00000     0.00000     0.00000     0.00000     0.00000     0.00000     0.00000     0.00000     0.00000     0.00000     0.00000     0.00000     0.00000     0.00000
   -35.82550     0.00000     0.00000     0.00000     0.00000     0.00000     0.00000     0.00000     0.00000     0.00000     0.00000     0.00000     0.00000     0.00000     0.00000     0.00000     0.00000     0.00000
   -35.77150     0.00000     0.00000     0.00000     0.00000     0.00000     0.00000     0.00000     0.00000     0.00000     0.00000     0.00000     0.00000     0.00000     0.00000     0.00000     0.00000     0.00000
   -35.71750     0.00000     0.00000     0.00000     0.00000     0.00000     0.00000     0.00000     0.00000     0.00000     0.00000     0.00000     0.00000     0.00000     0.00000     0.00000     0.00000     0.00000
   -35.66350     0.00000     0.00000     0.00000     0.00000     0.00000     0.00000     0.00000     0.00000     0.00000     0.00000     0.00000     0.00000     0.00000     0.00000     0.00000     0.00000     0.00000
   -35.60950     0.00000     0.00000     0.00000     0.00000     0.00000     0.00000     0.00000     0.00000     0.00000     0.00000     0.00000     0.00000     0.00000     0.00000     0.00000     0.00000     0.00000
   -35.55550     0.00000     0.00000     0.00000     0.00000     0.00000     0.00000     0.00000     0.00000     0.00000     0.00000     0.00000     0.00000     0.00000     0.00000     0.00000     0.00000     0.00000
   -35.50250     0.00000     0.00000     0.00000     0.00000     0.00000     0.00000     0.00000     0.00000     0.00000     0.00000     0.00000     0.00000     0.00000     0.00000     0.00000     0.00000     0.00000
   -35.44850     0.00000     0.00000     0.00000     0.00000     0.00000     0.00000     0.00000     0.00000     0.00000     0.00000     0.00000     0.00000     0.00000     0.00000     0.00000     0.00000     0.00000
   -35.39450     0.00000     0.00000     0.00000     0.00000     0.00000     0.00000     0.00000     0.00000     0.00000     0.00000     0.00000     0.00000     0.00000     0.00000     0.00000     0.00000     0.00000
   -35.34050     0.00000     0.00000     0.00000     0.00000     0.00000     0.00000     0.00000     0.00000     0.00000     0.00000     0.00000     0.00000     0.00000     0.00000     0.00000     0.00000     0.00000
   -35.28650     0.00000     0.00000     0.00000     0.00000     0.00000     0.00000     0.00000     0.00000     0.00000     0.00000     0.00000     0.00000     0.00000     0.00000     0.00000     0.00000     0.00000
   -35.23250     0.00000     0.00000     0.00000     0.00000     0.00000     0.00000     0.00000     0.00000     0.00000     0.00000     0.00000     0.00000     0.00000     0.00000     0.00000     0.00000     0.00000
   -35.17850     0.00000     0.00000     0.00000     0.00000     0.00000     0.00000     0.00000     0.00000     0.00000     0.00000     0.00000     0.00000     0.00000     0.00000     0.00000     0.00000     0.00000
   -35.12550     0.00000     0.00000     0.00000     0.00000     0.00000     0.00000     0.00000     0.00000     0.00000     0.00000     0.00000     0.00000     0.00000     0.00000     0.00000     0.00000     0.00000
   -35.07150     0.00000     0.00000     0.00000     0.00000     0.00000     0.00000     0.00000     0.00000     0.00000     0.00000     0.00000     0.00000     0.00000     0.00000     0.00000     0.00000     0.00000
   -35.01750     0.00000     0.00000     0.00000     0.00000     0.00000     0.00000     0.00000     0.00000     0.00000     0.00000     0.00000     0.00000     0.00000     0.00000     0.00000     0.00000     0.00000
   -34.96350     0.00000     0.00000     0.00000     0.00000     0.00000     0.00000     0.00000     0.00000     0.00000     0.00000     0.00000     0.00000     0.00000     0.00000     0.00000     0.00000     0.00000
   -34.90950     0.00000     0.00000     0.00000     0.00000     0.00000     0.00000     0.00000     0.00000     0.00000     0.00000     0.00000     0.00000     0.00000     0.00000     0.00000     0.00000     0.00000
   -34.85550     0.00000     0.00000     0.00000     0.00000     0.00000     0.00000     0.00000     0.00000     0.00000     0.00000     0.00000     0.00000     0.00000     0.00000     0.00000     0.00000     0.00000
   -34.80250     0.00000     0.00000     0.00000     0.00000     0.00000     0.00000     0.00000     0.00000     0.00000     0.00000     0.00000     0.00000     0.00000     0.00000     0.00000     0.00000     0.00000
   -34.74850     0.00000     0.00000     0.00000     0.00000     0.00000     0.00000     0.00000     0.00000     0.00000     0.00000     0.00000     0.00000     0.00000     0.00000     0.00000     0.00000     0.00000
   -34.69450     0.00000     0.00000     0.00000     0.00000     0.00000     0.00000     0.00000     0.00000     0.00000     0.00000     0.00000     0.00000     0.00000     0.00000     0.00000     0.00000     0.00000
   -34.64050     0.00000     0.00000     0.00000     0.00000     0.00000     0.00000     0.00000     0.00000     0.00000     0.00000     0.00000     0.00000     0.00000     0.00000     0.00000     0.00000     0.00000
   -34.58650     0.00000     0.00000     0.00000     0.00000     0.00000     0.00000     0.00000     0.00000     0.00000     0.00000     0.00000     0.00000     0.00000     0.00000     0.00000     0.00000     0.00000
   -34.53250     0.00000     0.00000     0.00000     0.00000     0.00000     0.00000     0.00000     0.00000     0.00000     0.00000     0.00000     0.00000     0.00000     0.00000     0.00000     0.00000     0.00000
   -34.47850     0.00000     0.00000     0.00000     0.00000     0.00000     0.00000     0.00000     0.00000     0.00000     0.00000     0.00000     0.00000     0.00000     0.00000     0.00000     0.00000     0.00000
   -34.42550     0.00000     0.00000     0.00000     0.00000     0.00000     0.00000     0.00000     0.00000     0.00000     0.00000     0.00000     0.00000     0.00000     0.00000     0.00000     0.00000     0.00000
   -34.37150     0.00000     0.00000     0.00000     0.00000     0.00000     0.00000     0.00000     0.00000     0.00000     0.00000     0.00000     0.00000     0.00000     0.00000     0.00000     0.00000     0.00000
   -34.31750     0.00000     0.00000     0.00000     0.00000     0.00000     0.00000     0.00000     0.00000     0.00000     0.00000     0.00000     0.00000     0.00000     0.00000     0.00000     0.00000     0.00000
   -34.26350     0.00000     0.00000     0.00000     0.00000     0.00000     0.00000     0.00000     0.00000     0.00000     0.00000     0.00000     0.00000     0.00000     0.00000     0.00000     0.00000     0.00000
   -34.20950     0.00000     0.00000     0.00000     0.00000     0.00000     0.00000     0.00000     0.00000     0.00000     0.00000     0.00000     0.00000     0.00000     0.00000     0.00000     0.00000     0.00000
   -34.15550     0.00000     0.00000     0.00000     0.00000     0.00000     0.00000     0.00000     0.00000     0.00000     0.00000     0.00000     0.00000     0.00000     0.00000     0.00000     0.00000     0.00000
   -34.10250     0.00000     0.00000     0.00000     0.00000     0.00000     0.00000     0.00000     0.00000     0.00000     0.00000     0.00000     0.00000     0.00000     0.00000     0.00000     0.00000     0.00000
   -34.04850     0.00000     0.00000     0.00000     0.00000     0.00000     0.00000     0.00000     0.00000     0.00000     0.00000     0.00000     0.00000     0.00000     0.00000     0.00000     0.00000     0.00000
   -33.99450     0.00000     0.00000     0.00000     0.00000     0.00000     0.00000     0.00000     0.00000     0.00000     0.00000     0.00000     0.00000     0.00000     0.00000     0.00000     0.00000     0.00000
   -33.94050     0.00000     0.00000     0.00000     0.00000     0.00000     0.00000     0.00000     0.00000     0.00000     0.00000     0.00000     0.00000     0.00000     0.00000     0.00000     0.00000     0.00000
   -33.88650     0.00000     0.00000     0.00000     0.00000     0.00000     0.00000     0.00000     0.00000     0.00000     0.00000     0.00000     0.00000     0.00000     0.00000     0.00000     0.00000     0.00000
   -33.83250     0.00000     0.00000     0.00000     0.00000     0.00000     0.00000     0.00000     0.00000     0.00000     0.00000     0.00000     0.00000     0.00000     0.00000     0.00000     0.00000     0.00000
   -33.77850     0.00000     0.00000     0.00000     0.00000     0.00000     0.00000     0.00000     0.00000     0.00000     0.00000     0.00000     0.00000     0.00000     0.00000     0.00000     0.00000     0.00000
   -33.72550     0.00000     0.00000     0.00000     0.00000     0.00000     0.00000     0.00000     0.00000     0.00000     0.00000     0.00000     0.00000     0.00000     0.00000     0.00000     0.00000     0.00000
   -33.67150     0.00000     0.00000     0.00000     0.00000     0.00000     0.00000     0.00000     0.00000     0.00000     0.00000     0.00000     0.00000     0.00000     0.00000     0.00000     0.00000     0.00000
   -33.61750     0.00000     0.00000     0.00000     0.00000     0.00000     0.00000     0.00000     0.00000     0.00000     0.00000     0.00000     0.00000     0.00000     0.00000     0.00000     0.00000     0.00000
   -33.56350     0.00000     0.00000     0.00000     0.00000     0.00000     0.00000     0.00000     0.00000     0.00000     0.00000     0.00000     0.00000     0.00000     0.00000     0.00000     0.00000     0.00000
   -33.50950     0.00000     0.00000     0.00000     0.00000     0.00000     0.00000     0.00000     0.00000     0.00000     0.00000     0.00000     0.00000     0.00000     0.00000     0.00000     0.00000     0.00000
   -33.45550     0.00000     0.00000     0.00000     0.00000     0.00000     0.00000     0.00000     0.00000     0.00000     0.00000     0.00000     0.00000     0.00000     0.00000     0.00000     0.00000     0.00000
   -33.40150     0.00000     0.00000     0.00000     0.00000     0.00000     0.00000     0.00000     0.00000     0.00000     0.00000     0.00000     0.00000     0.00000     0.00000     0.00000     0.00000     0.00000
   -33.34850     0.00000     0.00000     0.00000     0.00000     0.00000     0.00000     0.00000     0.00000     0.00000     0.00000     0.00000     0.00000     0.00000     0.00000     0.00000     0.00000     0.00000
   -33.29450     0.00000     0.00000     0.00000     0.00000     0.00000     0.00000     0.00000     0.00000     0.00000     0.00000     0.00000     0.00000     0.00000     0.00000     0.00000     0.00000     0.00000
   -33.24050     0.00000     0.00000     0.00000     0.00000     0.00000     0.00000     0.00000     0.00000     0.00000     0.00000     0.00000     0.00000     0.00000     0.00000     0.00000     0.00000     0.00000
   -33.18650     0.00000     0.00000     0.00000     0.00000     0.00000     0.00000     0.00000     0.00000     0.00000     0.00000     0.00000     0.00000     0.00000     0.00000     0.00000     0.00000     0.00000
   -33.13250     0.00000     0.00000     0.00000     0.00000     0.00000     0.00000     0.00000     0.00000     0.00000     0.00000     0.00000     0.00000     0.00000     0.00000     0.00000     0.00000     0.00000
   -33.07850     0.00000     0.00000     0.00000     0.00000     0.00000     0.00000     0.00000     0.00000     0.00000     0.00000     0.00000     0.00000     0.00000     0.00000     0.00000     0.00000     0.00000
   -33.02550     0.00000     0.00000     0.00000     0.00000     0.00000     0.00000     0.00000     0.00000     0.00000     0.00000     0.00000     0.00000     0.00000     0.00000     0.00000     0.00000     0.00000
   -32.97150     0.00000     0.00000     0.00000     0.00000     0.00000     0.00000     0.00000     0.00000     0.00000     0.00000     0.00000     0.00000     0.00000     0.00000     0.00000     0.00000     0.00000
   -32.91750     0.00000     0.00000     0.00000     0.00000     0.00000     0.00000     0.00000     0.00000     0.00000     0.00000     0.00000     0.00000     0.00000     0.00000     0.00000     0.00000     0.00000
   -32.86350     0.00000     0.00000     0.00000     0.00000     0.00000     0.00000     0.00000     0.00000     0.00000     0.00000     0.00000     0.00000     0.00000     0.00000     0.00000     0.00000     0.00000
   -32.80950     0.00000     0.00000     0.00000     0.00000     0.00000     0.00000     0.00000     0.00000     0.00000     0.00000     0.00000     0.00000     0.00000     0.00000     0.00000     0.00000     0.00000
   -32.75550     0.00000     0.00000     0.00000     0.00000     0.00000     0.00000     0.00000     0.00000     0.00000     0.00000     0.00000     0.00000     0.00000     0.00000     0.00000     0.00000     0.00000
   -32.70150     0.00000     0.00000     0.00000     0.00000     0.00000     0.00000     0.00000     0.00000     0.00000     0.00000     0.00000     0.00000     0.00000     0.00000     0.00000     0.00000     0.00000
   -32.64850     0.00000     0.00000     0.00000     0.00000     0.00000     0.00000     0.00000     0.00000     0.00000     0.00000     0.00000     0.00000     0.00000     0.00000     0.00000     0.00000     0.00000
   -32.59450     0.00000     0.00000     0.00000     0.00000     0.00000     0.00000     0.00000     0.00000     0.00000     0.00000     0.00000     0.00000     0.00000     0.00000     0.00000     0.00000     0.00000
   -32.54050     0.00000     0.00000     0.00000     0.00000     0.00000     0.00000     0.00000     0.00000     0.00000     0.00000     0.00000     0.00000     0.00000     0.00000     0.00000     0.00000     0.00000
   -32.48650     0.00231     0.00436     0.04962     0.02292     0.00067     0.00036     0.00010     0.00020     0.00001     0.00000     0.00000     0.00000     0.00000     0.00000     0.00000     0.00000     0.08054
   -32.43250     0.00201     0.00214     0.02266     0.00660     0.00038     0.00017     0.00007     0.00014     0.00001     0.00000     0.00000     0.00000     0.00000     0.00000     0.00000     0.00000     0.03418
   -32.37850     0.00131     0.00084     0.00773     0.00271     0.00017     0.00009     0.00006     0.00008     0.00000     0.00000     0.00000     0.00000     0.00000     0.00000     0.00000     0.00000     0.01300
   -32.32550     0.00096     0.00040     0.00343     0.00124     0.00010     0.00005     0.00005     0.00005     0.00000     0.00000     0.00000     0.00000     0.00000     0.00000     0.00000     0.00000     0.00627
   -32.27150     0.00072     0.00019     0.00155     0.00059     0.00006     0.00003     0.00003     0.00003     0.00000     0.00000     0.00000     0.00000     0.00000     0.00000     0.00000     0.00000     0.00321
   -32.21750     0.00053     0.00010     0.00067     0.00027     0.00003     0.00002     0.00002     0.00002     0.00000     0.00000     0.00000     0.00000     0.00000     0.00000     0.00000     0.00000     0.00166
   -32.16350     0.00038     0.00005     0.00026     0.00012     0.00002     0.00001     0.00002     0.00001     0.00000     0.00000     0.00000     0.00000     0.00000     0.00000     0.00000     0.00000     0.00087
   -32.10950     0.00026     0.00003     0.00008     0.00005     0.00001     0.00001     0.00001     0.00001     0.00000     0.00000     0.00000     0.00000     0.00000     0.00000     0.00000     0.00000     0.00046
   -32.05550     0.00017     0.00002     0.00002     0.00003     0.00000     0.00000     0.00001     0.00000     0.00000     0.00000     0.00000     0.00000     0.00000     0.00000     0.00000     0.00000     0.00025
   -32.00150     0.00057     0.02092     0.00021     0.00671     0.00000     0.00001     0.00007     0.00001     0.00026     0.00000     0.00000     0.00000     0.00000     0.00000     0.00000     0.00000     0.02878
   -31.94850     0.00067     0.01029     0.00668     0.02147     0.00002     0.00011     0.00028     0.00009     0.00128     0.00000     0.00000     0.00000     0.00000     0.00000     0.00000     0.00000     0.04089
   -31.89450     0.00005     0.00458     0.00269     0.00495     0.00004     0.00005     0.00055     0.00005     0.00069     0.00000     0.00000     0.00000     0.00000     0.00000     0.00000     0.00000     0.01365
   -31.84050     0.00000     0.00000     0.00000     0.00000     0.00000     0.00000     0.00000     0.00000     0.00000     0.00000     0.00000     0.00000     0.00000     0.00000     0.00000     0.00000     0.00000
   -31.78650     0.00000     0.00000     0.00000     0.00000     0.00000     0.00000     0.00000     0.00000     0.00000     0.00000     0.00000     0.00000     0.00000     0.00000     0.00000     0.00000     0.00000
   -31.73250     0.00000     0.00000     0.00000     0.00000     0.00000     0.00000     0.00000     0.00000     0.00000     0.00000     0.00000     0.00000     0.00000     0.00000     0.00000     0.00000     0.00000
   -31.67850     0.00000     0.00000     0.00000     0.00000     0.00000     0.00000     0.00000     0.00000     0.00000     0.00000     0.00000     0.00000     0.00000     0.00000     0.00000     0.00000     0.00000
   -31.62450     0.00005     0.00001     0.00002     0.00001     0.00000     0.00000     0.00000     0.00000     0.00000     0.00000     0.00000     0.00000     0.00000     0.00000     0.00000     0.00000     0.00008
   -31.57150     0.00010     0.00006     0.00012     0.00005     0.00000     0.00000     0.00000     0.00000     0.00000     0.00000     0.00000     0.00000     0.00000     0.00000     0.00000     0.00000     0.00033
   -31.51750     0.00015     0.00016     0.00033     0.00011     0.00001     0.00000     0.00000     0.00000     0.00000     0.00000     0.00000     0.00000     0.00000     0.00000     0.00000     0.00000     0.00077
   -31.46350     0.00019     0.00036     0.00062     0.00028     0.00001     0.00000     0.00001     0.00000     0.00000     0.00000     0.00000     0.00000     0.00000     0.00000     0.00000     0.00000     0.00149
   -31.40950     0.00023     0.00070     0.00104     0.00056     0.00003     0.00001     0.00001     0.00001     0.00000     0.00000     0.00000     0.00000     0.00000     0.00000     0.00000     0.00000     0.00257
   -31.35550     0.00025     0.00122     0.00164     0.00095     0.00004     0.00001     0.00002     0.00001     0.00000     0.00000     0.00000     0.00000     0.00000     0.00000     0.00000     0.00000     0.00414
   -31.30150     0.00025     0.00199     0.00236     0.00158     0.00007     0.00002     0.00003     0.00001     0.00000     0.00000     0.00000     0.00000     0.00000     0.00000     0.00000     0.00000     0.00631
   -31.24850     0.00024     0.00309     0.00329     0.00248     0.00010     0.00003     0.00005     0.00002     0.00000     0.00000     0.00000     0.00000     0.00000     0.00000     0.00000     0.00000     0.00929
   -31.19450     0.00021     0.00470     0.00466     0.00377     0.00015     0.00005     0.00007     0.00003     0.00000     0.00000     0.00000     0.00000     0.00000     0.00000     0.00000     0.00000     0.01363
   -31.14050     0.00017     0.00773     0.00730     0.00640     0.00025     0.00009     0.00009     0.00005     0.00001     0.00000     0.00000     0.00000     0.00000     0.00000     0.00000     0.00000     0.02208
   -31.08650     0.00010     0.00965     0.00895     0.00792     0.00044     0.00016     0.00012     0.00006     0.00001     0.00000     0.00000     0.00000     0.00000     0.00000     0.00000     0.00000     0.02742
   -31.03250     0.00005     0.00555     0.00792     0.00516     0.00068     0.00022     0.00009     0.00003     0.00001     0.00000     0.00000     0.00000     0.00000     0.00000     0.00000     0.00000     0.01972
   -30.97850     0.00000     0.00000     0.00000     0.00000     0.00000     0.00000     0.00000     0.00000     0.00000     0.00000     0.00000     0.00000     0.00000     0.00000     0.00000     0.00000     0.00000
   -30.92450     0.00000     0.00000     0.00000     0.00000     0.00000     0.00000     0.00000     0.00000     0.00000     0.00000     0.00000     0.00000     0.00000     0.00000     0.00000     0.00000     0.00000
   -30.87150     0.00000     0.00000     0.00000     0.00000     0.00000     0.00000     0.00000     0.00000     0.00000     0.00000     0.00000     0.00000     0.00000     0.00000     0.00000     0.00000     0.00000
   -30.81750     0.00000     0.00000     0.00000     0.00000     0.00000     0.00000     0.00000     0.00000     0.00000     0.00000     0.00000     0.00000     0.00000     0.00000     0.00000     0.00000     0.00000
   -30.76350     0.00000     0.00000     0.00000     0.00000     0.00000     0.00000     0.00000     0.00000     0.00000     0.00000     0.00000     0.00000     0.00000     0.00000     0.00000     0.00000     0.00000
   -30.70950     0.00000     0.00000     0.00000     0.00000     0.00000     0.00000     0.00000     0.00000     0.00000     0.00000     0.00000     0.00000     0.00000     0.00000     0.00000     0.00000     0.00000
   -30.65550     0.00000     0.00000     0.00000     0.00000     0.00000     0.00000     0.00000     0.00000     0.00000     0.00000     0.00000     0.00000     0.00000     0.00000     0.00000     0.00000     0.00000
   -30.60150     0.00000     0.00000     0.00000     0.00000     0.00000     0.00000     0.00000     0.00000     0.00000     0.00000     0.00000     0.00000     0.00000     0.00000     0.00000     0.00000     0.00000
   -30.54850     0.00000     0.00000     0.00000     0.00000     0.00000     0.00000     0.00000     0.00000     0.00000     0.00000     0.00000     0.00000     0.00000     0.00000     0.00000     0.00000     0.00000
   -30.49450     0.00000     0.00000     0.00000     0.00000     0.00000     0.00000     0.00000     0.00000     0.00000     0.00000     0.00000     0.00000     0.00000     0.00000     0.00000     0.00000     0.00000
   -30.44050     0.00000     0.00000     0.00000     0.00000     0.00000     0.00000     0.00000     0.00000     0.00000     0.00000     0.00000     0.00000     0.00000     0.00000     0.00000     0.00000     0.00000
   -30.38650     0.00000     0.00000     0.00000     0.00000     0.00000     0.00000     0.00000     0.00000     0.00000     0.00000     0.00000     0.00000     0.00000     0.00000     0.00000     0.00000     0.00000
   -30.33250     0.00000     0.00000     0.00000     0.00000     0.00000     0.00000     0.00000     0.00000     0.00000     0.00000     0.00000     0.00000     0.00000     0.00000     0.00000     0.00000     0.00000
   -30.27850     0.00000     0.00000     0.00000     0.00000     0.00000     0.00000     0.00000     0.00000     0.00000     0.00000     0.00000     0.00000     0.00000     0.00000     0.00000     0.00000     0.00000
   -30.22450     0.00000     0.00000     0.00000     0.00000     0.00000     0.00000     0.00000     0.00000     0.00000     0.00000     0.00000     0.00000     0.00000     0.00000     0.00000     0.00000     0.00000
   -30.17150     0.00000     0.00000     0.00000     0.00000     0.00000     0.00000     0.00000     0.00000     0.00000     0.00000     0.00000     0.00000     0.00000     0.00000     0.00000     0.00000     0.00000
   -30.11750     0.00000     0.00000     0.00000     0.00000     0.00000     0.00000     0.00000     0.00000     0.00000     0.00000     0.00000     0.00000     0.00000     0.00000     0.00000     0.00000     0.00000
   -30.06350     0.00000     0.00000     0.00000     0.00000     0.00000     0.00000     0.00000     0.00000     0.00000     0.00000     0.00000     0.00000     0.00000     0.00000     0.00000     0.00000     0.00000
   -30.00950     0.00000     0.00000     0.00000     0.00000     0.00000     0.00000     0.00000     0.00000     0.00000     0.00000     0.00000     0.00000     0.00000     0.00000     0.00000     0.00000     0.00000
   -29.95550     0.00000     0.00000     0.00000     0.00000     0.00000     0.00000     0.00000     0.00000     0.00000     0.00000     0.00000     0.00000     0.00000     0.00000     0.00000     0.00000     0.00000
   -29.90150     0.00000     0.00000     0.00000     0.00000     0.00000     0.00000     0.00000     0.00000     0.00000     0.00000     0.00000     0.00000     0.00000     0.00000     0.00000     0.00000     0.00000
   -29.84850     0.00000     0.00000     0.00000     0.00000     0.00000     0.00000     0.00000     0.00000     0.00000     0.00000     0.00000     0.00000     0.00000     0.00000     0.00000     0.00000     0.00000
   -29.79450     0.00000     0.00000     0.00000     0.00000     0.00000     0.00000     0.00000     0.00000     0.00000     0.00000     0.00000     0.00000     0.00000     0.00000     0.00000     0.00000     0.00000
   -29.74050     0.00000     0.00000     0.00000     0.00000     0.00000     0.00000     0.00000     0.00000     0.00000     0.00000     0.00000     0.00000     0.00000     0.00000     0.00000     0.00000     0.00000
   -29.68650     0.00000     0.00000     0.00000     0.00000     0.00000     0.00000     0.00000     0.00000     0.00000     0.00000     0.00000     0.00000     0.00000     0.00000     0.00000     0.00000     0.00000
   -29.63250     0.00000     0.00000     0.00000     0.00000     0.00000     0.00000     0.00000     0.00000     0.00000     0.00000     0.00000     0.00000     0.00000     0.00000     0.00000     0.00000     0.00000
   -29.57850     0.00000     0.00000     0.00000     0.00000     0.00000     0.00000     0.00000     0.00000     0.00000     0.00000     0.00000     0.00000     0.00000     0.00000     0.00000     0.00000     0.00000
   -29.52450     0.00000     0.00000     0.00000     0.00000     0.00000     0.00000     0.00000     0.00000     0.00000     0.00000     0.00000     0.00000     0.00000     0.00000     0.00000     0.00000     0.00000
   -29.47150     0.00000     0.00000     0.00000     0.00000     0.00000     0.00000     0.00000     0.00000     0.00000     0.00000     0.00000     0.00000     0.00000     0.00000     0.00000     0.00000     0.00000
   -29.41750     0.00000     0.00000     0.00000     0.00000     0.00000     0.00000     0.00000     0.00000     0.00000     0.00000     0.00000     0.00000     0.00000     0.00000     0.00000     0.00000     0.00000
   -29.36350     0.00000     0.00000     0.00000     0.00000     0.00000     0.00000     0.00000     0.00000     0.00000     0.00000     0.00000     0.00000     0.00000     0.00000     0.00000     0.00000     0.00000
   -29.30950     0.00000     0.00000     0.00000     0.00000     0.00000     0.00000     0.00000     0.00000     0.00000     0.00000     0.00000     0.00000     0.00000     0.00000     0.00000     0.00000     0.00000
   -29.25550     0.00000     0.00000     0.00000     0.00000     0.00000     0.00000     0.00000     0.00000     0.00000     0.00000     0.00000     0.00000     0.00000     0.00000     0.00000     0.00000     0.00000
   -29.20150     0.00142     0.14860     0.00627     0.02187     0.00020     0.00013     0.00068     0.00047     0.00004     0.00000     0.00000     0.00000     0.00000     0.00000     0.00000     0.00000     0.17968
   -29.14750     0.00073     0.11720     0.01727     0.02697     0.00043     0.00024     0.00042     0.00043     0.00003     0.00000     0.00000     0.00000     0.00000     0.00000     0.00000     0.00000     0.16373
   -29.09450     0.00050     0.10200     0.04494     0.03650     0.00092     0.00047     0.00029     0.00051     0.00002     0.00000     0.00000     0.00000     0.00000     0.00000     0.00000     0.00000     0.18616
   -29.04050     0.00150     0.23210     0.10940     0.37400     0.00123     0.00346     0.00006     0.00260     0.00021     0.00000     0.00000     0.00000     0.00000     0.00000     0.00000     0.00000     0.72455
   -28.98650     0.01415     0.03824     0.20580     0.16310     0.00139     0.00091     0.00001     0.00042     0.00001     0.00000     0.00000     0.00000     0.00000     0.00000     0.00000     0.00000     0.42403
   -28.93250     0.00000     0.00000     0.00000     0.00000     0.00000     0.00000     0.00000     0.00000     0.00000     0.00000     0.00000     0.00000     0.00000     0.00000     0.00000     0.00000     0.00000
   -28.87850     0.00000     0.00000     0.00000     0.00000     0.00000     0.00000     0.00000     0.00000     0.00000     0.00000     0.00000     0.00000     0.00000     0.00000     0.00000     0.00000     0.00000
   -28.82450     0.00000     0.00000     0.00000     0.00000     0.00000     0.00000     0.00000     0.00000     0.00000     0.00000     0.00000     0.00000     0.00000     0.00000     0.00000     0.00000     0.00000
   -28.77150     0.00000     0.00000     0.00000     0.00000     0.00000     0.00000     0.00000     0.00000     0.00000     0.00000     0.00000     0.00000     0.00000     0.00000     0.00000     0.00000     0.00000
   -28.71750     0.00000     0.00000     0.00000     0.00000     0.00000     0.00000     0.00000     0.00000     0.00000     0.00000     0.00000     0.00000     0.00000     0.00000     0.00000     0.00000     0.00000
   -28.66350     0.00000     0.00000     0.00000     0.00000     0.00000     0.00000     0.00000     0.00000     0.00000     0.00000     0.00000     0.00000     0.00000     0.00000     0.00000     0.00000     0.00000
   -28.60950     0.00000     0.00000     0.00000     0.00000     0.00000     0.00000     0.00000     0.00000     0.00000     0.00000     0.00000     0.00000     0.00000     0.00000     0.00000     0.00000     0.00000
   -28.55550     0.00000     0.00000     0.00000     0.00000     0.00000     0.00000     0.00000     0.00000     0.00000     0.00000     0.00000     0.00000     0.00000     0.00000     0.00000     0.00000     0.00000
   -28.50150     0.00000     0.00000     0.00000     0.00000     0.00000     0.00000     0.00000     0.00000     0.00000     0.00000     0.00000     0.00000     0.00000     0.00000     0.00000     0.00000     0.00000
   -28.44750     0.00000     0.00000     0.00000     0.00000     0.00000     0.00000     0.00000     0.00000     0.00000     0.00000     0.00000     0.00000     0.00000     0.00000     0.00000     0.00000     0.00000
   -28.39450     0.00000     0.00000     0.00000     0.00000     0.00000     0.00000     0.00000     0.00000     0.00000     0.00000     0.00000     0.00000     0.00000     0.00000     0.00000     0.00000     0.00000
   -28.34050     0.00000     0.00000     0.00000     0.00000     0.00000     0.00000     0.00000     0.00000     0.00000     0.00000     0.00000     0.00000     0.00000     0.00000     0.00000     0.00000     0.00000
   -28.28650     0.00000     0.00000     0.00000     0.00000     0.00000     0.00000     0.00000     0.00000     0.00000     0.00000     0.00000     0.00000     0.00000     0.00000     0.00000     0.00000     0.00000
   -28.23250     0.00000     0.00000     0.00000     0.00000     0.00000     0.00000     0.00000     0.00000     0.00000     0.00000     0.00000     0.00000     0.00000     0.00000     0.00000     0.00000     0.00000
   -28.17850     0.00000     0.00000     0.00000     0.00000     0.00000     0.00000     0.00000     0.00000     0.00000     0.00000     0.00000     0.00000     0.00000     0.00000     0.00000     0.00000     0.00000
   -28.12450     0.00000     0.00000     0.00000     0.00000     0.00000     0.00000     0.00000     0.00000     0.00000     0.00000     0.00000     0.00000     0.00000     0.00000     0.00000     0.00000     0.00000
   -28.07150     0.00000     0.00000     0.00000     0.00000     0.00000     0.00000     0.00000     0.00000     0.00000     0.00000     0.00000     0.00000     0.00000     0.00000     0.00000     0.00000     0.00000
   -28.01750     0.00000     0.00000     0.00000     0.00000     0.00000     0.00000     0.00000     0.00000     0.00000     0.00000     0.00000     0.00000     0.00000     0.00000     0.00000     0.00000     0.00000
   -27.96350     0.00000     0.00000     0.00000     0.00000     0.00000     0.00000     0.00000     0.00000     0.00000     0.00000     0.00000     0.00000     0.00000     0.00000     0.00000     0.00000     0.00000
   -27.90950     0.00000     0.00000     0.00000     0.00000     0.00000     0.00000     0.00000     0.00000     0.00000     0.00000     0.00000     0.00000     0.00000     0.00000     0.00000     0.00000     0.00000
   -27.85550     0.00000     0.00000     0.00000     0.00000     0.00000     0.00000     0.00000     0.00000     0.00000     0.00000     0.00000     0.00000     0.00000     0.00000     0.00000     0.00000     0.00000
   -27.80150     0.00000     0.00000     0.00000     0.00000     0.00000     0.00000     0.00000     0.00000     0.00000     0.00000     0.00000     0.00000     0.00000     0.00000     0.00000     0.00000     0.00000
   -27.74750     0.00000     0.00000     0.00000     0.00000     0.00000     0.00000     0.00000     0.00000     0.00000     0.00000     0.00000     0.00000     0.00000     0.00000     0.00000     0.00000     0.00000
   -27.69450     0.00000     0.00000     0.00000     0.00000     0.00000     0.00000     0.00000     0.00000     0.00000     0.00000     0.00000     0.00000     0.00000     0.00000     0.00000     0.00000     0.00000
   -27.64050     0.00000     0.00000     0.00000     0.00000     0.00000     0.00000     0.00000     0.00000     0.00000     0.00000     0.00000     0.00000     0.00000     0.00000     0.00000     0.00000     0.00000
   -27.58650     0.00000     0.00000     0.00000     0.00000     0.00000     0.00000     0.00000     0.00000     0.00000     0.00000     0.00000     0.00000     0.00000     0.00000     0.00000     0.00000     0.00000
   -27.53250     0.00000     0.00000     0.00000     0.00000     0.00000     0.00000     0.00000     0.00000     0.00000     0.00000     0.00000     0.00000     0.00000     0.00000     0.00000     0.00000     0.00000
   -27.47850     0.00000     0.00000     0.00000     0.00000     0.00000     0.00000     0.00000     0.00000     0.00000     0.00000     0.00000     0.00000     0.00000     0.00000     0.00000     0.00000     0.00000
   -27.42450     0.00000     0.00000     0.00000     0.00000     0.00000     0.00000     0.00000     0.00000     0.00000     0.00000     0.00000     0.00000     0.00000     0.00000     0.00000     0.00000     0.00000
   -27.37150     0.00000     0.00000     0.00000     0.00000     0.00000     0.00000     0.00000     0.00000     0.00000     0.00000     0.00000     0.00000     0.00000     0.00000     0.00000     0.00000     0.00000
   -27.31750     0.00000     0.00000     0.00000     0.00000     0.00000     0.00000     0.00000     0.00000     0.00000     0.00000     0.00000     0.00000     0.00000     0.00000     0.00000     0.00000     0.00000
   -27.26350     0.00000     0.00000     0.00000     0.00000     0.00000     0.00000     0.00000     0.00000     0.00000     0.00000     0.00000     0.00000     0.00000     0.00000     0.00000     0.00000     0.00000
   -27.20950     0.00000     0.00000     0.00000     0.00000     0.00000     0.00000     0.00000     0.00000     0.00000     0.00000     0.00000     0.00000     0.00000     0.00000     0.00000     0.00000     0.00000
   -27.15550     0.00000     0.00000     0.00000     0.00000     0.00000     0.00000     0.00000     0.00000     0.00000     0.00000     0.00000     0.00000     0.00000     0.00000     0.00000     0.00000     0.00000
   -27.10150     0.00000     0.00000     0.00000     0.00000     0.00000     0.00000     0.00000     0.00000     0.00000     0.00000     0.00000     0.00000     0.00000     0.00000     0.00000     0.00000     0.00000
   -27.04750     0.00000     0.00000     0.00000     0.00000     0.00000     0.00000     0.00000     0.00000     0.00000     0.00000     0.00000     0.00000     0.00000     0.00000     0.00000     0.00000     0.00000
   -26.99450     0.00000     0.00000     0.00000     0.00000     0.00000     0.00000     0.00000     0.00000     0.00000     0.00000     0.00000     0.00000     0.00000     0.00000     0.00000     0.00000     0.00000
   -26.94050     0.00020     4.19800    20.44000    13.91000     0.00005     0.00002     0.00003     0.00001     0.00000     0.00000     0.00000     0.00000     0.00000     0.00000     0.00000     0.00000    38.54831
   -26.88650     0.00006    38.49000     6.16000    17.81000     0.00005     0.00013     0.00001     0.00030     0.00003     0.00000     0.00000     0.00000     0.00000     0.00000     0.00000     0.00000    62.46057
   -26.83250     0.00012     4.50300    11.54000    11.45000     0.00004     0.00004     0.00001     0.00001     0.00000     0.00000     0.00000     0.00000     0.00000     0.00000     0.00000     0.00000    27.49322
   -26.77850     0.00000     0.00000     0.00000     0.00000     0.00000     0.00000     0.00000     0.00000     0.00000     0.00000     0.00000     0.00000     0.00000     0.00000     0.00000     0.00000     0.00000
   -26.72450     0.00000     0.00000     0.00000     0.00000     0.00000     0.00000     0.00000     0.00000     0.00000     0.00000     0.00000     0.00000     0.00000     0.00000     0.00000     0.00000     0.00000
   -26.67050     0.00000     0.00000     0.00000     0.00000     0.00000     0.00000     0.00000     0.00000     0.00000     0.00000     0.00000     0.00000     0.00000     0.00000     0.00000     0.00000     0.00000
   -26.61750     0.00000     0.00000     0.00000     0.00000     0.00000     0.00000     0.00000     0.00000     0.00000     0.00000     0.00000     0.00000     0.00000     0.00000     0.00000     0.00000     0.00000
   -26.56350     0.00000     0.00000     0.00000     0.00000     0.00000     0.00000     0.00000     0.00000     0.00000     0.00000     0.00000     0.00000     0.00000     0.00000     0.00000     0.00000     0.00000
   -26.50950     0.00000     0.00000     0.00000     0.00000     0.00000     0.00000     0.00000     0.00000     0.00000     0.00000     0.00000     0.00000     0.00000     0.00000     0.00000     0.00000     0.00000
   -26.45550     0.00000     0.00000     0.00000     0.00000     0.00000     0.00000     0.00000     0.00000     0.00000     0.00000     0.00000     0.00000     0.00000     0.00000     0.00000     0.00000     0.00000
   -26.40150     0.00000     0.00000     0.00000     0.00000     0.00000     0.00000     0.00000     0.00000     0.00000     0.00000     0.00000     0.00000     0.00000     0.00000     0.00000     0.00000     0.00000
   -26.34750     0.00000     0.00000     0.00000     0.00000     0.00000     0.00000     0.00000     0.00000     0.00000     0.00000     0.00000     0.00000     0.00000     0.00000     0.00000     0.00000     0.00000
   -26.29450     0.00000     0.00000     0.00000     0.00000     0.00000     0.00000     0.00000     0.00000     0.00000     0.00000     0.00000     0.00000     0.00000     0.00000     0.00000     0.00000     0.00000
   -26.24050     0.00000     0.00000     0.00000     0.00000     0.00000     0.00000     0.00000     0.00000     0.00000     0.00000     0.00000     0.00000     0.00000     0.00000     0.00000     0.00000     0.00000
   -26.18650     0.00000     0.00000     0.00000     0.00000     0.00000     0.00000     0.00000     0.00000     0.00000     0.00000     0.00000     0.00000     0.00000     0.00000     0.00000     0.00000     0.00000
   -26.13250     0.00000     0.00000     0.00000     0.00000     0.00000     0.00000     0.00000     0.00000     0.00000     0.00000     0.00000     0.00000     0.00000     0.00000     0.00000     0.00000     0.00000
   -26.07850     0.00000     0.00000     0.00000     0.00000     0.00000     0.00000     0.00000     0.00000     0.00000     0.00000     0.00000     0.00000     0.00000     0.00000     0.00000     0.00000     0.00000
   -26.02450     0.00000     0.00000     0.00000     0.00000     0.00000     0.00000     0.00000     0.00000     0.00000     0.00000     0.00000     0.00000     0.00000     0.00000     0.00000     0.00000     0.00000
   -25.97050     0.00000     0.00000     0.00000     0.00000     0.00000     0.00000     0.00000     0.00000     0.00000     0.00000     0.00000     0.00000     0.00000     0.00000     0.00000     0.00000     0.00000
   -25.91750     0.00000     0.00000     0.00000     0.00000     0.00000     0.00000     0.00000     0.00000     0.00000     0.00000     0.00000     0.00000     0.00000     0.00000     0.00000     0.00000     0.00000
   -25.86350     0.00000     0.00000     0.00000     0.00000     0.00000     0.00000     0.00000     0.00000     0.00000     0.00000     0.00000     0.00000     0.00000     0.00000     0.00000     0.00000     0.00000
   -25.80950     0.00000     0.00000     0.00000     0.00000     0.00000     0.00000     0.00000     0.00000     0.00000     0.00000     0.00000     0.00000     0.00000     0.00000     0.00000     0.00000     0.00000
   -25.75550     0.00000     0.00000     0.00000     0.00000     0.00000     0.00000     0.00000     0.00000     0.00000     0.00000     0.00000     0.00000     0.00000     0.00000     0.00000     0.00000     0.00000
   -25.70150     0.00000     0.00000     0.00000     0.00000     0.00000     0.00000     0.00000     0.00000     0.00000     0.00000     0.00000     0.00000     0.00000     0.00000     0.00000     0.00000     0.00000
   -25.64750     0.00000     0.00000     0.00000     0.00000     0.00000     0.00000     0.00000     0.00000     0.00000     0.00000     0.00000     0.00000     0.00000     0.00000     0.00000     0.00000     0.00000
   -25.59450     0.00000     0.00000     0.00000     0.00000     0.00000     0.00000     0.00000     0.00000     0.00000     0.00000     0.00000     0.00000     0.00000     0.00000     0.00000     0.00000     0.00000
   -25.54050     0.00000     0.00000     0.00000     0.00000     0.00000     0.00000     0.00000     0.00000     0.00000     0.00000     0.00000     0.00000     0.00000     0.00000     0.00000     0.00000     0.00000
   -25.48650     0.00000     0.00000     0.00000     0.00000     0.00000     0.00000     0.00000     0.00000     0.00000     0.00000     0.00000     0.00000     0.00000     0.00000     0.00000     0.00000     0.00000
   -25.43250     0.00000     0.00000     0.00000     0.00000     0.00000     0.00000     0.00000     0.00000     0.00000     0.00000     0.00000     0.00000     0.00000     0.00000     0.00000     0.00000     0.00000
   -25.37850     0.00000     0.00000     0.00000     0.00000     0.00000     0.00000     0.00000     0.00000     0.00000     0.00000     0.00000     0.00000     0.00000     0.00000     0.00000     0.00000     0.00000
   -25.32450     0.00000     0.00000     0.00000     0.00000     0.00000     0.00000     0.00000     0.00000     0.00000     0.00000     0.00000     0.00000     0.00000     0.00000     0.00000     0.00000     0.00000
   -25.27050     0.00000     0.00000     0.00000     0.00000     0.00000     0.00000     0.00000     0.00000     0.00000     0.00000     0.00000     0.00000     0.00000     0.00000     0.00000     0.00000     0.00000
   -25.21750     0.00000     0.00000     0.00000     0.00000     0.00000     0.00000     0.00000     0.00000     0.00000     0.00000     0.00000     0.00000     0.00000     0.00000     0.00000     0.00000     0.00000
   -25.16350     0.00000     0.00000     0.00000     0.00000     0.00000     0.00000     0.00000     0.00000     0.00000     0.00000     0.00000     0.00000     0.00000     0.00000     0.00000     0.00000     0.00000
   -25.10950     0.00000     0.00000     0.00000     0.00000     0.00000     0.00000     0.00000     0.00000     0.00000     0.00000     0.00000     0.00000     0.00000     0.00000     0.00000     0.00000     0.00000
   -25.05550     0.00000     0.00000     0.00000     0.00000     0.00000     0.00000     0.00000     0.00000     0.00000     0.00000     0.00000     0.00000     0.00000     0.00000     0.00000     0.00000     0.00000
   -25.00150     0.00000     0.00000     0.00000     0.00000     0.00000     0.00000     0.00000     0.00000     0.00000     0.00000     0.00000     0.00000     0.00000     0.00000     0.00000     0.00000     0.00000
   -24.94750     0.00000     0.00000     0.00000     0.00000     0.00000     0.00000     0.00000     0.00000     0.00000     0.00000     0.00000     0.00000     0.00000     0.00000     0.00000     0.00000     0.00000
   -24.89350     0.00000     0.00000     0.00000     0.00000     0.00000     0.00000     0.00000     0.00000     0.00000     0.00000     0.00000     0.00000     0.00000     0.00000     0.00000     0.00000     0.00000
   -24.84050     0.00000     0.00000     0.00000     0.00000     0.00000     0.00000     0.00000     0.00000     0.00000     0.00000     0.00000     0.00000     0.00000     0.00000     0.00000     0.00000     0.00000
   -24.78650     0.00000     0.00000     0.00000     0.00000     0.00000     0.00000     0.00000     0.00000     0.00000     0.00000     0.00000     0.00000     0.00000     0.00000     0.00000     0.00000     0.00000
   -24.73250     0.00000     0.00000     0.00000     0.00000     0.00000     0.00000     0.00000     0.00000     0.00000     0.00000     0.00000     0.00000     0.00000     0.00000     0.00000     0.00000     0.00000
   -24.67850     0.00000     0.00000     0.00000     0.00000     0.00000     0.00000     0.00000     0.00000     0.00000     0.00000     0.00000     0.00000     0.00000     0.00000     0.00000     0.00000     0.00000
   -24.62450     0.00000     0.00000     0.00000     0.00000     0.00000     0.00000     0.00000     0.00000     0.00000     0.00000     0.00000     0.00000     0.00000     0.00000     0.00000     0.00000     0.00000
   -24.57050     0.00000     0.00000     0.00000     0.00000     0.00000     0.00000     0.00000     0.00000     0.00000     0.00000     0.00000     0.00000     0.00000     0.00000     0.00000     0.00000     0.00000
   -24.51750     0.00000     0.00000     0.00000     0.00000     0.00000     0.00000     0.00000     0.00000     0.00000     0.00000     0.00000     0.00000     0.00000     0.00000     0.00000     0.00000     0.00000
   -24.46350     0.00000     0.00000     0.00000     0.00000     0.00000     0.00000     0.00000     0.00000     0.00000     0.00000     0.00000     0.00000     0.00000     0.00000     0.00000     0.00000     0.00000
   -24.40950     0.00000     0.00000     0.00000     0.00000     0.00000     0.00000     0.00000     0.00000     0.00000     0.00000     0.00000     0.00000     0.00000     0.00000     0.00000     0.00000     0.00000
   -24.35550     0.00000     0.00000     0.00000     0.00000     0.00000     0.00000     0.00000     0.00000     0.00000     0.00000     0.00000     0.00000     0.00000     0.00000     0.00000     0.00000     0.00000
   -24.30150     0.00000     0.00000     0.00000     0.00000     0.00000     0.00000     0.00000     0.00000     0.00000     0.00000     0.00000     0.00000     0.00000     0.00000     0.00000     0.00000     0.00000
   -24.24750     0.00000     0.00000     0.00000     0.00000     0.00000     0.00000     0.00000     0.00000     0.00000     0.00000     0.00000     0.00000     0.00000     0.00000     0.00000     0.00000     0.00000
   -24.19350     0.00000     0.00000     0.00000     0.00000     0.00000     0.00000     0.00000     0.00000     0.00000     0.00000     0.00000     0.00000     0.00000     0.00000     0.00000     0.00000     0.00000
   -24.14050     0.00000     0.00000     0.00000     0.00000     0.00000     0.00000     0.00000     0.00000     0.00000     0.00000     0.00000     0.00000     0.00000     0.00000     0.00000     0.00000     0.00000
   -24.08650     0.00000     0.00000     0.00000     0.00000     0.00000     0.00000     0.00000     0.00000     0.00000     0.00000     0.00000     0.00000     0.00000     0.00000     0.00000     0.00000     0.00000
   -24.03250     0.00000     0.00000     0.00000     0.00000     0.00000     0.00000     0.00000     0.00000     0.00000     0.00000     0.00000     0.00000     0.00000     0.00000     0.00000     0.00000     0.00000
   -23.97850     0.00000     0.00000     0.00000     0.00000     0.00000     0.00000     0.00000     0.00000     0.00000     0.00000     0.00000     0.00000     0.00000     0.00000     0.00000     0.00000     0.00000
   -23.92450     0.00000     0.00000     0.00000     0.00000     0.00000     0.00000     0.00000     0.00000     0.00000     0.00000     0.00000     0.00000     0.00000     0.00000     0.00000     0.00000     0.00000
   -23.87050     0.00000     0.00000     0.00000     0.00000     0.00000     0.00000     0.00000     0.00000     0.00000     0.00000     0.00000     0.00000     0.00000     0.00000     0.00000     0.00000     0.00000
   -23.81750     0.00000     0.00000     0.00000     0.00000     0.00000     0.00000     0.00000     0.00000     0.00000     0.00000     0.00000     0.00000     0.00000     0.00000     0.00000     0.00000     0.00000
   -23.76350     0.00000     0.00000     0.00000     0.00000     0.00000     0.00000     0.00000     0.00000     0.00000     0.00000     0.00000     0.00000     0.00000     0.00000     0.00000     0.00000     0.00000
   -23.70950     0.00000     0.00000     0.00000     0.00000     0.00000     0.00000     0.00000     0.00000     0.00000     0.00000     0.00000     0.00000     0.00000     0.00000     0.00000     0.00000     0.00000
   -23.65550     0.00000     0.00000     0.00000     0.00000     0.00000     0.00000     0.00000     0.00000     0.00000     0.00000     0.00000     0.00000     0.00000     0.00000     0.00000     0.00000     0.00000
   -23.60150     0.00000     0.00000     0.00000     0.00000     0.00000     0.00000     0.00000     0.00000     0.00000     0.00000     0.00000     0.00000     0.00000     0.00000     0.00000     0.00000     0.00000
   -23.54750     0.00000     0.00000     0.00000     0.00000     0.00000     0.00000     0.00000     0.00000     0.00000     0.00000     0.00000     0.00000     0.00000     0.00000     0.00000     0.00000     0.00000
   -23.49350     0.00000     0.00000     0.00000     0.00000     0.00000     0.00000     0.00000     0.00000     0.00000     0.00000     0.00000     0.00000     0.00000     0.00000     0.00000     0.00000     0.00000
   -23.44050     0.00000     0.00000     0.00000     0.00000     0.00000     0.00000     0.00000     0.00000     0.00000     0.00000     0.00000     0.00000     0.00000     0.00000     0.00000     0.00000     0.00000
   -23.38650     0.00000     0.00000     0.00000     0.00000     0.00000     0.00000     0.00000     0.00000     0.00000     0.00000     0.00000     0.00000     0.00000     0.00000     0.00000     0.00000     0.00000
   -23.33250     0.00000     0.00000     0.00000     0.00000     0.00000     0.00000     0.00000     0.00000     0.00000     0.00000     0.00000     0.00000     0.00000     0.00000     0.00000     0.00000     0.00000
   -23.27850     0.00000     0.00000     0.00000     0.00000     0.00000     0.00000     0.00000     0.00000     0.00000     0.00000     0.00000     0.00000     0.00000     0.00000     0.00000     0.00000     0.00000
   -23.22450     0.00000     0.00000     0.00000     0.00000     0.00000     0.00000     0.00000     0.00000     0.00000     0.00000     0.00000     0.00000     0.00000     0.00000     0.00000     0.00000     0.00000
   -23.17050     0.00000     0.00000     0.00000     0.00000     0.00000     0.00000     0.00000     0.00000     0.00000     0.00000     0.00000     0.00000     0.00000     0.00000     0.00000     0.00000     0.00000
   -23.11750     0.00000     0.00000     0.00000     0.00000     0.00000     0.00000     0.00000     0.00000     0.00000     0.00000     0.00000     0.00000     0.00000     0.00000     0.00000     0.00000     0.00000
   -23.06350     0.00000     0.00000     0.00000     0.00000     0.00000     0.00000     0.00000     0.00000     0.00000     0.00000     0.00000     0.00000     0.00000     0.00000     0.00000     0.00000     0.00000
   -23.00950     0.00000     0.00000     0.00000     0.00000     0.00000     0.00000     0.00000     0.00000     0.00000     0.00000     0.00000     0.00000     0.00000     0.00000     0.00000     0.00000     0.00000
   -22.95550     0.00000     0.00000     0.00000     0.00000     0.00000     0.00000     0.00000     0.00000     0.00000     0.00000     0.00000     0.00000     0.00000     0.00000     0.00000     0.00000     0.00000
   -22.90150     0.00000     0.00000     0.00000     0.00000     0.00000     0.00000     0.00000     0.00000     0.00000     0.00000     0.00000     0.00000     0.00000     0.00000     0.00000     0.00000     0.00000
   -22.84750     0.00000     0.00000     0.00000     0.00000     0.00000     0.00000     0.00000     0.00000     0.00000     0.00000     0.00000     0.00000     0.00000     0.00000     0.00000     0.00000     0.00000
   -22.79350     0.00000     0.00000     0.00000     0.00000     0.00000     0.00000     0.00000     0.00000     0.00000     0.00000     0.00000     0.00000     0.00000     0.00000     0.00000     0.00000     0.00000
   -22.74050     0.00000     0.00000     0.00000     0.00000     0.00000     0.00000     0.00000     0.00000     0.00000     0.00000     0.00000     0.00000     0.00000     0.00000     0.00000     0.00000     0.00000
   -22.68650     0.00000     0.00000     0.00000     0.00000     0.00000     0.00000     0.00000     0.00000     0.00000     0.00000     0.00000     0.00000     0.00000     0.00000     0.00000     0.00000     0.00000
   -22.63250     0.00000     0.00000     0.00000     0.00000     0.00000     0.00000     0.00000     0.00000     0.00000     0.00000     0.00000     0.00000     0.00000     0.00000     0.00000     0.00000     0.00000
   -22.57850     0.00000     0.00000     0.00000     0.00000     0.00000     0.00000     0.00000     0.00000     0.00000     0.00000     0.00000     0.00000     0.00000     0.00000     0.00000     0.00000     0.00000
   -22.52450     0.00000     0.00000     0.00000     0.00000     0.00000     0.00000     0.00000     0.00000     0.00000     0.00000     0.00000     0.00000     0.00000     0.00000     0.00000     0.00000     0.00000
   -22.47050     0.00000     0.00000     0.00000     0.00000     0.00000     0.00000     0.00000     0.00000     0.00000     0.00000     0.00000     0.00000     0.00000     0.00000     0.00000     0.00000     0.00000
   -22.41650     0.00000     0.00000     0.00000     0.00000     0.00000     0.00000     0.00000     0.00000     0.00000     0.00000     0.00000     0.00000     0.00000     0.00000     0.00000     0.00000     0.00000
   -22.36350     0.00000     0.00000     0.00000     0.00000     0.00000     0.00000     0.00000     0.00000     0.00000     0.00000     0.00000     0.00000     0.00000     0.00000     0.00000     0.00000     0.00000
   -22.30950     0.00000     0.00000     0.00000     0.00000     0.00000     0.00000     0.00000     0.00000     0.00000     0.00000     0.00000     0.00000     0.00000     0.00000     0.00000     0.00000     0.00000
   -22.25550     0.00000     0.00000     0.00000     0.00000     0.00000     0.00000     0.00000     0.00000     0.00000     0.00000     0.00000     0.00000     0.00000     0.00000     0.00000     0.00000     0.00000
   -22.20150     0.00000     0.00000     0.00000     0.00000     0.00000     0.00000     0.00000     0.00000     0.00000     0.00000     0.00000     0.00000     0.00000     0.00000     0.00000     0.00000     0.00000
   -22.14750     0.00000     0.00000     0.00000     0.00000     0.00000     0.00000     0.00000     0.00000     0.00000     0.00000     0.00000     0.00000     0.00000     0.00000     0.00000     0.00000     0.00000
   -22.09350     0.00000     0.00000     0.00000     0.00000     0.00000     0.00000     0.00000     0.00000     0.00000     0.00000     0.00000     0.00000     0.00000     0.00000     0.00000     0.00000     0.00000
   -22.04050     0.00000     0.00000     0.00000     0.00000     0.00000     0.00000     0.00000     0.00000     0.00000     0.00000     0.00000     0.00000     0.00000     0.00000     0.00000     0.00000     0.00000
   -21.98650     0.00000     0.00000     0.00000     0.00000     0.00000     0.00000     0.00000     0.00000     0.00000     0.00000     0.00000     0.00000     0.00000     0.00000     0.00000     0.00000     0.00000
   -21.93250     0.00000     0.00000     0.00000     0.00000     0.00000     0.00000     0.00000     0.00000     0.00000     0.00000     0.00000     0.00000     0.00000     0.00000     0.00000     0.00000     0.00000
   -21.87850     0.00000     0.00000     0.00000     0.00000     0.00000     0.00000     0.00000     0.00000     0.00000     0.00000     0.00000     0.00000     0.00000     0.00000     0.00000     0.00000     0.00000
   -21.82450     0.00000     0.00000     0.00000     0.00000     0.00000     0.00000     0.00000     0.00000     0.00000     0.00000     0.00000     0.00000     0.00000     0.00000     0.00000     0.00000     0.00000
   -21.77050     0.00000     0.00000     0.00000     0.00000     0.00000     0.00000     0.00000     0.00000     0.00000     0.00000     0.00000     0.00000     0.00000     0.00000     0.00000     0.00000     0.00000
   -21.71650     0.00000     0.00000     0.00000     0.00000     0.00000     0.00000     0.00000     0.00000     0.00000     0.00000     0.00000     0.00000     0.00000     0.00000     0.00000     0.00000     0.00000
   -21.66350     0.00000     0.00000     0.00000     0.00000     0.00000     0.00000     0.00000     0.00000     0.00000     0.00000     0.00000     0.00000     0.00000     0.00000     0.00000     0.00000     0.00000
   -21.60950     0.00000     0.00000     0.00000     0.00000     0.00000     0.00000     0.00000     0.00000     0.00000     0.00000     0.00000     0.00000     0.00000     0.00000     0.00000     0.00000     0.00000
   -21.55550     0.00000     0.00000     0.00000     0.00000     0.00000     0.00000     0.00000     0.00000     0.00000     0.00000     0.00000     0.00000     0.00000     0.00000     0.00000     0.00000     0.00000
   -21.50150     0.00000     0.00000     0.00000     0.00000     0.00000     0.00000     0.00000     0.00000     0.00000     0.00000     0.00000     0.00000     0.00000     0.00000     0.00000     0.00000     0.00000
   -21.44750     0.00000     0.00000     0.00000     0.00000     0.00000     0.00000     0.00000     0.00000     0.00000     0.00000     0.00000     0.00000     0.00000     0.00000     0.00000     0.00000     0.00000
   -21.39350     0.00000     0.00000     0.00000     0.00000     0.00000     0.00000     0.00000     0.00000     0.00000     0.00000     0.00000     0.00000     0.00000     0.00000     0.00000     0.00000     0.00000
   -21.34050     0.00000     0.00000     0.00000     0.00000     0.00000     0.00000     0.00000     0.00000     0.00000     0.00000     0.00000     0.00000     0.00000     0.00000     0.00000     0.00000     0.00000
   -21.28650     0.00000     0.00000     0.00000     0.00000     0.00000     0.00000     0.00000     0.00000     0.00000     0.00000     0.00000     0.00000     0.00000     0.00000     0.00000     0.00000     0.00000
   -21.23250     0.00000     0.00000     0.00000     0.00000     0.00000     0.00000     0.00000     0.00000     0.00000     0.00000     0.00000     0.00000     0.00000     0.00000     0.00000     0.00000     0.00000
   -21.17850     0.00000     0.00000     0.00000     0.00000     0.00000     0.00000     0.00000     0.00000     0.00000     0.00000     0.00000     0.00000     0.00000     0.00000     0.00000     0.00000     0.00000
   -21.12450     0.00000     0.00000     0.00000     0.00000     0.00000     0.00000     0.00000     0.00000     0.00000     0.00000     0.00000     0.00000     0.00000     0.00000     0.00000     0.00000     0.00000
   -21.07050     0.00000     0.00000     0.00000     0.00000     0.00000     0.00000     0.00000     0.00000     0.00000     0.00000     0.00000     0.00000     0.00000     0.00000     0.00000     0.00000     0.00000
   -21.01650     0.00000     0.00000     0.00000     0.00000     0.00000     0.00000     0.00000     0.00000     0.00000     0.00000     0.00000     0.00000     0.00000     0.00000     0.00000     0.00000     0.00000
   -20.96350     0.00000     0.00000     0.00000     0.00000     0.00000     0.00000     0.00000     0.00000     0.00000     0.00000     0.00000     0.00000     0.00000     0.00000     0.00000     0.00000     0.00000
   -20.90950     0.00000     0.00000     0.00000     0.00000     0.00000     0.00000     0.00000     0.00000     0.00000     0.00000     0.00000     0.00000     0.00000     0.00000     0.00000     0.00000     0.00000
   -20.85550     0.00000     0.00000     0.00000     0.00000     0.00000     0.00000     0.00000     0.00000     0.00000     0.00000     0.00000     0.00000     0.00000     0.00000     0.00000     0.00000     0.00000
   -20.80150     0.00000     0.00000     0.00000     0.00000     0.00000     0.00000     0.00000     0.00000     0.00000     0.00000     0.00000     0.00000     0.00000     0.00000     0.00000     0.00000     0.00000
   -20.74750     0.00000     0.00000     0.00000     0.00000     0.00000     0.00000     0.00000     0.00000     0.00000     0.00000     0.00000     0.00000     0.00000     0.00000     0.00000     0.00000     0.00000
   -20.69350     0.00000     0.00000     0.00000     0.00000     0.00000     0.00000     0.00000     0.00000     0.00000     0.00000     0.00000     0.00000     0.00000     0.00000     0.00000     0.00000     0.00000
   -20.64050     0.00000     0.00000     0.00000     0.00000     0.00000     0.00000     0.00000     0.00000     0.00000     0.00000     0.00000     0.00000     0.00000     0.00000     0.00000     0.00000     0.00000
   -20.58650     0.00000     0.00000     0.00000     0.00000     0.00000     0.00000     0.00000     0.00000     0.00000     0.00000     0.00000     0.00000     0.00000     0.00000     0.00000     0.00000     0.00000
   -20.53250     0.00000     0.00000     0.00000     0.00000     0.00000     0.00000     0.00000     0.00000     0.00000     0.00000     0.00000     0.00000     0.00000     0.00000     0.00000     0.00000     0.00000
   -20.47850     0.00000     0.00000     0.00000     0.00000     0.00000     0.00000     0.00000     0.00000     0.00000     0.00000     0.00000     0.00000     0.00000     0.00000     0.00000     0.00000     0.00000
   -20.42450     0.00000     0.00000     0.00000     0.00000     0.00000     0.00000     0.00000     0.00000     0.00000     0.00000     0.00000     0.00000     0.00000     0.00000     0.00000     0.00000     0.00000
   -20.37050     0.00000     0.00000     0.00000     0.00000     0.00000     0.00000     0.00000     0.00000     0.00000     0.00000     0.00000     0.00000     0.00000     0.00000     0.00000     0.00000     0.00000
   -20.31650     0.00000     0.00000     0.00000     0.00000     0.00000     0.00000     0.00000     0.00000     0.00000     0.00000     0.00000     0.00000     0.00000     0.00000     0.00000     0.00000     0.00000
   -20.26350     0.00000     0.00000     0.00000     0.00000     0.00000     0.00000     0.00000     0.00000     0.00000     0.00000     0.00000     0.00000     0.00000     0.00000     0.00000     0.00000     0.00000
   -20.20950     0.00000     0.00000     0.00000     0.00000     0.00000     0.00000     0.00000     0.00000     0.00000     0.00000     0.00000     0.00000     0.00000     0.00000     0.00000     0.00000     0.00000
   -20.15550     0.00000     0.00000     0.00000     0.00000     0.00000     0.00000     0.00000     0.00000     0.00000     0.00000     0.00000     0.00000     0.00000     0.00000     0.00000     0.00000     0.00000
   -20.10150     0.00000     0.00000     0.00000     0.00000     0.00000     0.00000     0.00000     0.00000     0.00000     0.00000     0.00000     0.00000     0.00000     0.00000     0.00000     0.00000     0.00000
   -20.04750     0.00000     0.00000     0.00000     0.00000     0.00000     0.00000     0.00000     0.00000     0.00000     0.00000     0.00000     0.00000     0.00000     0.00000     0.00000     0.00000     0.00000
   -19.99350     0.00238     0.00594     0.00593     0.00594     0.00003     0.00003     0.00000     0.00003     0.00000     0.00000     0.00000     0.00000     0.00000     0.00000     0.00000     0.00000     0.02030
   -19.93950     0.00767     0.01489     0.01413     0.01554     0.00028     0.00014     0.00012     0.00015     0.00001     0.00000     0.00000     0.00000     0.00000     0.00000     0.00000     0.00000     0.05294
   -19.88650     0.03995     0.03600     0.02817     0.04310     0.00456     0.00055     0.00274     0.00057     0.00007     0.00000     0.00000     0.00000     0.00000     0.00000     0.00000     0.00000     0.15570
   -19.83250     0.02950     0.02627     0.02930     0.02858     0.00222     0.00093     0.00209     0.00057     0.00012     0.00000     0.00000     0.00000     0.00000     0.00000     0.00000     0.00000     0.11958
   -19.77850     0.02117     0.02042     0.02044     0.02095     0.00140     0.00049     0.00182     0.00029     0.00009     0.00000     0.00000     0.00000     0.00000     0.00000     0.00000     0.00000     0.08707
   -19.72450     0.01971     0.01772     0.01624     0.01706     0.00097     0.00032     0.00217     0.00019     0.00008     0.00000     0.00000     0.00000     0.00000     0.00000     0.00000     0.00000     0.07446
   -19.67050     0.01678     0.01663     0.01432     0.01503     0.00071     0.00025     0.00186     0.00015     0.00007     0.00000     0.00000     0.00000     0.00000     0.00000     0.00000     0.00000     0.06581
   -19.61650     0.01408     0.01506     0.01189     0.01259     0.00050     0.00016     0.00158     0.00011     0.00007     0.00000     0.00000     0.00000     0.00000     0.00000     0.00000     0.00000     0.05604
   -19.56350     0.01244     0.01395     0.01052     0.01096     0.00037     0.00013     0.00138     0.00009     0.00007     0.00000     0.00000     0.00000     0.00000     0.00000     0.00000     0.00000     0.04992
   -19.50950     0.01067     0.01224     0.00861     0.00884     0.00025     0.00009     0.00116     0.00008     0.00006     0.00000     0.00000     0.00000     0.00000     0.00000     0.00000     0.00000     0.04200
   -19.45550     0.00939     0.01082     0.00743     0.00739     0.00018     0.00007     0.00097     0.00007     0.00006     0.00000     0.00000     0.00000     0.00000     0.00000     0.00000     0.00000     0.03637
   -19.40150     0.00808     0.00855     0.00564     0.00529     0.00011     0.00005     0.00074     0.00006     0.00005     0.00000     0.00000     0.00000     0.00000     0.00000     0.00000     0.00000     0.02857
   -19.34750     0.00698     0.00663     0.00454     0.00380     0.00007     0.00004     0.00055     0.00005     0.00004     0.00000     0.00000     0.00000     0.00000     0.00000     0.00000     0.00000     0.02271
   -19.29350     0.00660     0.00447     0.00344     0.00224     0.00004     0.00004     0.00037     0.00004     0.00003     0.00000     0.00000     0.00000     0.00000     0.00000     0.00000     0.00000     0.01729
   -19.23950     0.00308     0.00132     0.00060     0.00048     0.00002     0.00001     0.00012     0.00002     0.00002     0.00000     0.00000     0.00000     0.00000     0.00000     0.00000     0.00000     0.00566
   -19.18650     0.00026     0.00000     0.00000     0.00000     0.00001     0.00000     0.00000     0.00000     0.00000     0.00000     0.00000     0.00000     0.00000     0.00000     0.00000     0.00000     0.00027
   -19.13250     0.00007     0.00000     0.00000     0.00000     0.00000     0.00000     0.00000     0.00000     0.00000     0.00000     0.00000     0.00000     0.00000     0.00000     0.00000     0.00000     0.00007
   -19.07850     0.00046     0.00433     0.00204     0.00302     0.00003     0.00001     0.00030     0.00002     0.00001     0.00000     0.00000     0.00000     0.00000     0.00000     0.00000     0.00000     0.01021
   -19.02450     0.00118     0.01185     0.00474     0.00573     0.00006     0.00002     0.00071     0.00007     0.00005     0.00000     0.00000     0.00000     0.00000     0.00000     0.00000     0.00000     0.02442
   -18.97050     0.00248     0.02668     0.00782     0.00844     0.00013     0.00007     0.00139     0.00022     0.00023     0.00000     0.00000     0.00000     0.00000     0.00000     0.00000     0.00000     0.04746
   -18.91650     0.00320     0.02596     0.00928     0.00922     0.00020     0.00011     0.00135     0.00022     0.00022     0.00000     0.00000     0.00000     0.00000     0.00000     0.00000     0.00000     0.04976
   -18.86350     0.00364     0.02570     0.01086     0.01019     0.00028     0.00016     0.00131     0.00023     0.00020     0.00000     0.00000     0.00000     0.00000     0.00000     0.00000     0.00000     0.05258
   -18.80950     0.00389     0.02622     0.01251     0.01127     0.00037     0.00023     0.00133     0.00024     0.00020     0.00000     0.00000     0.00000     0.00000     0.00000     0.00000     0.00000     0.05626
   -18.75550     0.00394     0.02636     0.01445     0.01214     0.00048     0.00031     0.00133     0.00026     0.00019     0.00000     0.00000     0.00000     0.00000     0.00000     0.00000     0.00000     0.05945
   -18.70150     0.00394     0.02703     0.01607     0.01335     0.00060     0.00039     0.00133     0.00029     0.00019     0.00000     0.00000     0.00000     0.00000     0.00000     0.00000     0.00000     0.06319
   -18.64750     0.00375     0.02689     0.01803     0.01439     0.00075     0.00051     0.00133     0.00031     0.00018     0.00000     0.00000     0.00000     0.00000     0.00000     0.00000     0.00000     0.06613
   -18.59350     0.00352     0.02681     0.01990     0.01545     0.00092     0.00062     0.00133     0.00035     0.00017     0.00000     0.00000     0.00000     0.00000     0.00000     0.00000     0.00000     0.06908
   -18.53950     0.00319     0.02670     0.02193     0.01665     0.00112     0.00079     0.00133     0.00041     0.00017     0.00000     0.00000     0.00000     0.00000     0.00000     0.00000     0.00000     0.07228
   -18.48650     0.00278     0.02703     0.03150     0.02730     0.00140     0.00103     0.00138     0.00054     0.00019     0.00000     0.00000     0.00000     0.00000     0.00000     0.00000     0.00000     0.09314
   -18.43250     0.00234     0.03071     0.04132     0.04076     0.00173     0.00137     0.00151     0.00092     0.00032     0.00000     0.00000     0.00000     0.00000     0.00000     0.00000     0.00000     0.12098
   -18.37850     0.00186     0.04907     0.05516     0.06989     0.00212     0.00233     0.00173     0.00255     0.00109     0.00000     0.00000     0.00000     0.00000     0.00000     0.00000     0.00000     0.18581
   -18.32450     0.00146     0.12560     0.05027     0.12290     0.00238     0.00600     0.00184     0.00909     0.00454     0.00000     0.00000     0.00000     0.00000     0.00000     0.00000     0.00000     0.32407
   -18.27050     0.00114     0.08960     0.03009     0.08781     0.00213     0.00450     0.00139     0.00649     0.00234     0.00000     0.00000     0.00000     0.00000     0.00000     0.00000     0.00000     0.22549
   -18.21650     0.00080     0.07648     0.01922     0.07293     0.00191     0.00415     0.00101     0.00565     0.00142     0.00000     0.00000     0.00000     0.00000     0.00000     0.00000     0.00000     0.18357
   -18.16250     0.00050     0.06675     0.01196     0.06383     0.00172     0.00435     0.00066     0.00515     0.00083     0.00000     0.00000     0.00000     0.00000     0.00000     0.00000     0.00000     0.15576
   -18.10950     0.00022     0.04192     0.00614     0.03369     0.00159     0.00446     0.00034     0.00451     0.00038     0.00000     0.00000     0.00000     0.00000     0.00000     0.00000     0.00000     0.09324
   -18.05550     0.00004     0.01184     0.00282     0.00946     0.00141     0.00394     0.00010     0.00260     0.00012     0.00000     0.00000     0.00000     0.00000     0.00000     0.00000     0.00000     0.03232
   -18.00150     0.00000     0.00000     0.00000     0.00000     0.00000     0.00000     0.00000     0.00000     0.00000     0.00000     0.00000     0.00000     0.00000     0.00000     0.00000     0.00000     0.00000
   -17.94750     0.00001     0.00001     0.00003     0.00001     0.00002     0.00001     0.00000     0.00001     0.00000     0.00000     0.00000     0.00000     0.00000     0.00000     0.00000     0.00000     0.00011
   -17.89350     0.00002     0.00003     0.00006     0.00003     0.00004     0.00002     0.00000     0.00002     0.00000     0.00000     0.00000     0.00000     0.00000     0.00000     0.00000     0.00000     0.00021
   -17.83950     0.00003     0.00004     0.00009     0.00004     0.00005     0.00002     0.00000     0.00002     0.00000     0.00000     0.00000     0.00000     0.00000     0.00000     0.00000     0.00000     0.00030
   -17.78650     0.00005     0.00005     0.00013     0.00005     0.00006     0.00003     0.00000     0.00003     0.00000     0.00000     0.00000     0.00000     0.00000     0.00000     0.00000     0.00000     0.00041
   -17.73250     0.00007     0.00008     0.00017     0.00008     0.00007     0.00003     0.00000     0.00004     0.00000     0.00000     0.00000     0.00000     0.00000     0.00000     0.00000     0.00000     0.00054
   -17.67850     0.00009     0.00009     0.00022     0.00010     0.00008     0.00004     0.00001     0.00004     0.00000     0.00000     0.00000     0.00000     0.00000     0.00000     0.00000     0.00000     0.00067
   -17.62450     0.00011     0.00010     0.00028     0.00011     0.00010     0.00004     0.00001     0.00004     0.00000     0.00000     0.00000     0.00000     0.00000     0.00000     0.00000     0.00000     0.00080
   -17.57050     0.00014     0.00013     0.00035     0.00014     0.00011     0.00004     0.00001     0.00005     0.00000     0.00000     0.00000     0.00000     0.00000     0.00000     0.00000     0.00000     0.00097
   -17.51650     0.00018     0.00015     0.00043     0.00018     0.00012     0.00004     0.00001     0.00006     0.00000     0.00000     0.00000     0.00000     0.00000     0.00000     0.00000     0.00000     0.00117
   -17.46250     0.00021     0.00018     0.00052     0.00022     0.00013     0.00004     0.00002     0.00006     0.00000     0.00000     0.00000     0.00000     0.00000     0.00000     0.00000     0.00000     0.00137
   -17.40950     0.00024     0.00020     0.00061     0.00025     0.00014     0.00004     0.00002     0.00006     0.00000     0.00000     0.00000     0.00000     0.00000     0.00000     0.00000     0.00000     0.00157
   -17.35550     0.00027     0.00023     0.00072     0.00029     0.00015     0.00005     0.00003     0.00006     0.00000     0.00000     0.00000     0.00000     0.00000     0.00000     0.00000     0.00000     0.00180
   -17.30150     0.00032     0.00027     0.00085     0.00036     0.00016     0.00005     0.00003     0.00007     0.00000     0.00000     0.00000     0.00000     0.00000     0.00000     0.00000     0.00000     0.00211
   -17.24750     0.00036     0.00030     0.00100     0.00044     0.00016     0.00006     0.00004     0.00007     0.00000     0.00000     0.00000     0.00000     0.00000     0.00000     0.00000     0.00000     0.00242
   -17.19350     0.00040     0.00034     0.00115     0.00049     0.00017     0.00006     0.00004     0.00008     0.00000     0.00000     0.00000     0.00000     0.00000     0.00000     0.00000     0.00000     0.00273
   -17.13950     0.00044     0.00038     0.00131     0.00055     0.00018     0.00007     0.00005     0.00008     0.00000     0.00000     0.00000     0.00000     0.00000     0.00000     0.00000     0.00000     0.00304
   -17.08650     0.00049     0.00043     0.00151     0.00065     0.00018     0.00008     0.00005     0.00008     0.00000     0.00000     0.00000     0.00000     0.00000     0.00000     0.00000     0.00000     0.00348
   -17.03250     0.00054     0.00048     0.00175     0.00076     0.00018     0.00008     0.00006     0.00008     0.00000     0.00000     0.00000     0.00000     0.00000     0.00000     0.00000     0.00000     0.00394
   -16.97850     0.00059     0.00053     0.00200     0.00086     0.00019     0.00008     0.00007     0.00009     0.00000     0.00000     0.00000     0.00000     0.00000     0.00000     0.00000     0.00000     0.00441
   -16.92450     0.00064     0.00058     0.00226     0.00095     0.00019     0.00008     0.00008     0.00009     0.00000     0.00000     0.00000     0.00000     0.00000     0.00000     0.00000     0.00000     0.00489
   -16.87050     0.00070     0.00065     0.00255     0.00104     0.00020     0.00009     0.00008     0.00009     0.00000     0.00000     0.00000     0.00000     0.00000     0.00000     0.00000     0.00000     0.00541
   -16.81650     0.00076     0.00073     0.00292     0.00120     0.00020     0.00009     0.00009     0.00009     0.00000     0.00000     0.00000     0.00000     0.00000     0.00000     0.00000     0.00000     0.00610
   -16.76250     0.00083     0.00080     0.00332     0.00135     0.00020     0.00010     0.00010     0.00009     0.00001     0.00000     0.00000     0.00000     0.00000     0.00000     0.00000     0.00000     0.00680
   -16.70950     0.00089     0.00087     0.00374     0.00151     0.00021     0.00010     0.00011     0.00010     0.00001     0.00000     0.00000     0.00000     0.00000     0.00000     0.00000     0.00000     0.00752
   -16.65550     0.00096     0.00095     0.00418     0.00165     0.00021     0.00010     0.00012     0.00010     0.00001     0.00000     0.00000     0.00000     0.00000     0.00000     0.00000     0.00000     0.00827
   -16.60150     0.00103     0.00105     0.00470     0.00181     0.00022     0.00010     0.00013     0.00010     0.00001     0.00000     0.00000     0.00000     0.00000     0.00000     0.00000     0.00000     0.00915
   -16.54750     0.00112     0.00116     0.00528     0.00206     0.00021     0.00011     0.00014     0.00010     0.00001     0.00000     0.00000     0.00000     0.00000     0.00000     0.00000     0.00000     0.01018
   -16.49350     0.00120     0.00127     0.00593     0.00229     0.00021     0.00011     0.00015     0.00010     0.00001     0.00000     0.00000     0.00000     0.00000     0.00000     0.00000     0.00000     0.01127
   -16.43950     0.00129     0.00137     0.00663     0.00253     0.00021     0.00012     0.00016     0.00010     0.00001     0.00000     0.00000     0.00000     0.00000     0.00000     0.00000     0.00000     0.01241
   -16.38650     0.00138     0.00149     0.00739     0.00275     0.00021     0.00012     0.00017     0.00010     0.00001     0.00000     0.00000     0.00000     0.00000     0.00000     0.00000     0.00000     0.01362
   -16.33250     0.00149     0.00165     0.00829     0.00305     0.00021     0.00012     0.00018     0.00010     0.00001     0.00000     0.00000     0.00000     0.00000     0.00000     0.00000     0.00000     0.01511
   -16.27850     0.00161     0.00181     0.00932     0.00340     0.00021     0.00013     0.00019     0.00010     0.00001     0.00000     0.00000     0.00000     0.00000     0.00000     0.00000     0.00000     0.01679
   -16.22450     0.00174     0.00197     0.01049     0.00375     0.00020     0.00014     0.00019     0.00010     0.00001     0.00000     0.00000     0.00000     0.00000     0.00000     0.00000     0.00000     0.01860
   -16.17050     0.00188     0.00214     0.01180     0.00409     0.00020     0.00015     0.00020     0.00010     0.00001     0.00000     0.00000     0.00000     0.00000     0.00000     0.00000     0.00000     0.02058
   -16.11650     0.00204     0.00235     0.01330     0.00443     0.00020     0.00016     0.00021     0.00010     0.00001     0.00000     0.00000     0.00000     0.00000     0.00000     0.00000     0.00000     0.02279
   -16.06250     0.00224     0.00262     0.01522     0.00498     0.00020     0.00016     0.00022     0.00009     0.00001     0.00000     0.00000     0.00000     0.00000     0.00000     0.00000     0.00000     0.02576
   -16.00950     0.00247     0.00290     0.01748     0.00553     0.00020     0.00018     0.00023     0.00009     0.00001     0.00000     0.00000     0.00000     0.00000     0.00000     0.00000     0.00000     0.02908
   -15.95550     0.00273     0.00321     0.02047     0.00609     0.00020     0.00020     0.00023     0.00009     0.00001     0.00000     0.00000     0.00000     0.00000     0.00000     0.00000     0.00000     0.03324
   -15.90150     0.00312     0.00367     0.02527     0.00683     0.00023     0.00022     0.00024     0.00009     0.00001     0.00000     0.00000     0.00000     0.00000     0.00000     0.00000     0.00000     0.03969
   -15.84750     0.00365     0.00432     0.04150     0.00781     0.00058     0.00024     0.00024     0.00010     0.00001     0.00000     0.00000     0.00000     0.00000     0.00000     0.00000     0.00000     0.05845
   -15.79350     0.00491     0.00584     0.04440     0.00990     0.00064     0.00029     0.00024     0.00010     0.00002     0.00000     0.00000     0.00000     0.00000     0.00000     0.00000     0.00000     0.06634
   -15.73950     0.00463     0.00533     0.04589     0.00991     0.00070     0.00034     0.00024     0.00011     0.00002     0.00000     0.00000     0.00000     0.00000     0.00000     0.00000     0.00000     0.06717
   -15.68550     0.00441     0.00489     0.04598     0.00994     0.00073     0.00038     0.00025     0.00011     0.00002     0.00000     0.00000     0.00000     0.00000     0.00000     0.00000     0.00000     0.06670
   -15.63250     0.00438     0.00474     0.04723     0.01013     0.00079     0.00042     0.00026     0.00011     0.00002     0.00000     0.00000     0.00000     0.00000     0.00000     0.00000     0.00000     0.06807
   -15.57850     0.00421     0.00439     0.04717     0.01032     0.00082     0.00047     0.00027     0.00011     0.00002     0.00000     0.00000     0.00000     0.00000     0.00000     0.00000     0.00000     0.06778
   -15.52450     0.00410     0.00409     0.04787     0.01043     0.00085     0.00053     0.00029     0.00011     0.00002     0.00000     0.00000     0.00000     0.00000     0.00000     0.00000     0.00000     0.06830
   -15.47050     0.00402     0.00386     0.04817     0.01044     0.00089     0.00058     0.00031     0.00012     0.00002     0.00000     0.00000     0.00000     0.00000     0.00000     0.00000     0.00000     0.06842
   -15.41650     0.00387     0.00354     0.04818     0.01036     0.00091     0.00063     0.00035     0.00012     0.00002     0.00000     0.00000     0.00000     0.00000     0.00000     0.00000     0.00000     0.06798
   -15.36250     0.00377     0.00326     0.04856     0.01039     0.00095     0.00069     0.00037     0.00012     0.00002     0.00000     0.00000     0.00000     0.00000     0.00000     0.00000     0.00000     0.06813
   -15.30950     0.00367     0.00302     0.04838     0.01028     0.00096     0.00075     0.00041     0.00012     0.00002     0.00000     0.00000     0.00000     0.00000     0.00000     0.00000     0.00000     0.06762
   -15.25550     0.00353     0.00274     0.04803     0.01004     0.00097     0.00081     0.00045     0.00013     0.00002     0.00000     0.00000     0.00000     0.00000     0.00000     0.00000     0.00000     0.06672
   -15.20150     0.00341     0.00247     0.04771     0.00984     0.00098     0.00087     0.00049     0.00013     0.00003     0.00000     0.00000     0.00000     0.00000     0.00000     0.00000     0.00000     0.06591
   -15.14750     0.00331     0.00221     0.04726     0.00968     0.00098     0.00094     0.00054     0.00012     0.00003     0.00000     0.00000     0.00000     0.00000     0.00000     0.00000     0.00000     0.06507
   -15.09350     0.00317     0.00200     0.04617     0.00941     0.00097     0.00099     0.00058     0.00012     0.00003     0.00000     0.00000     0.00000     0.00000     0.00000     0.00000     0.00000     0.06343
   -15.03950     0.00297     0.00169     0.04491     0.00906     0.00096     0.00105     0.00061     0.00012     0.00003     0.00000     0.00000     0.00000     0.00000     0.00000     0.00000     0.00000     0.06141
   -14.98550     0.00290     0.00150     0.04420     0.00872     0.00093     0.00112     0.00067     0.00012     0.00003     0.00000     0.00000     0.00000     0.00000     0.00000     0.00000     0.00000     0.06019
   -14.93250     0.00269     0.00127     0.04196     0.00826     0.00090     0.00118     0.00068     0.00011     0.00003     0.00000     0.00000     0.00000     0.00000     0.00000     0.00000     0.00000     0.05708
   -14.87850     0.00256     0.00106     0.04125     0.00781     0.00088     0.00127     0.00074     0.00011     0.00003     0.00000     0.00000     0.00000     0.00000     0.00000     0.00000     0.00000     0.05570
   -14.82450     0.00147     0.00041     0.02708     0.00641     0.00086     0.00121     0.00043     0.00004     0.00003     0.00000     0.00000     0.00000     0.00000     0.00000     0.00000     0.00000     0.03792
   -14.77050     0.00096     0.00021     0.02059     0.00563     0.00101     0.00131     0.00032     0.00002     0.00003     0.00000     0.00000     0.00000     0.00000     0.00000     0.00000     0.00000     0.03008
   -14.71650     0.00066     0.00012     0.01649     0.00613     0.00147     0.00166     0.00032     0.00001     0.00004     0.00000     0.00000     0.00000     0.00000     0.00000     0.00000     0.00000     0.02691
   -14.66250     0.00024     0.00004     0.00583     0.00268     0.00060     0.00065     0.00015     0.00000     0.00002     0.00000     0.00000     0.00000     0.00000     0.00000     0.00000     0.00000     0.01022
   -14.60950     0.00006     0.00000     0.00015     0.00008     0.00002     0.00002     0.00008     0.00000     0.00000     0.00000     0.00000     0.00000     0.00000     0.00000     0.00000     0.00000     0.00042
   -14.55550     0.00080     0.00003     0.00000     0.00001     0.00000     0.00000     0.00104     0.00000     0.00001     0.00000     0.00000     0.00000     0.00000     0.00000     0.00000     0.00000     0.00189
   -14.50150     0.00148     0.00024     0.00267     0.00324     0.00040     0.00021     0.00369     0.00001     0.00202     0.00000     0.00000     0.00000     0.00000     0.00000     0.00000     0.00000     0.01397
   -14.44750     0.00251     0.00080     0.00888     0.01288     0.00225     0.00103     0.00563     0.00004     0.00303     0.00000     0.00000     0.00000     0.00000     0.00000     0.00000     0.00000     0.03706
   -14.39350     0.00726     0.00196     0.01723     0.01913     0.00603     0.00147     0.00833     0.00010     0.00368     0.00000     0.00000     0.00000     0.00000     0.00000     0.00000     0.00000     0.06518
   -14.33950     0.01016     0.00541     0.03593     0.03042     0.01203     0.00206     0.01067     0.00025     0.00442     0.00000     0.00000     0.00000     0.00000     0.00000     0.00000     0.00000     0.11134
   -14.28550     0.01240     0.00772     0.04871     0.03817     0.01566     0.00246     0.01154     0.00035     0.00518     0.00000     0.00000     0.00000     0.00000     0.00000     0.00000     0.00000     0.14219
   -14.23250     0.01775     0.01189     0.05719     0.05312     0.02394     0.00344     0.01150     0.00048     0.00637     0.00000     0.00000     0.00000     0.00000     0.00000     0.00000     0.00000     0.18567
   -14.17850     0.01481     0.01475     0.05444     0.05091     0.02240     0.00357     0.01170     0.00064     0.00648     0.00000     0.00000     0.00000     0.00000     0.00000     0.00000     0.00000     0.17970
   -14.12450     0.00922     0.01076     0.04403     0.04163     0.01383     0.00339     0.01192     0.00061     0.00636     0.00000     0.00000     0.00000     0.00000     0.00000     0.00000     0.00000     0.14175
   -14.07050     0.00704     0.01041     0.03995     0.03855     0.01101     0.00334     0.01287     0.00070     0.00635     0.00000     0.00000     0.00000     0.00000     0.00000     0.00000     0.00000     0.13022
   -14.01650     0.00356     0.01036     0.03357     0.02747     0.00660     0.00239     0.01041     0.00076     0.00638     0.00000     0.00000     0.00000     0.00000     0.00000     0.00000     0.00000     0.10150
   -13.96250     0.00121     0.00982     0.02598     0.01849     0.00351     0.00178     0.00633     0.00070     0.00645     0.00000     0.00000     0.00000     0.00000     0.00000     0.00000     0.00000     0.07426
   -13.90850     0.00070     0.01069     0.02203     0.01583     0.00263     0.00141     0.00491     0.00073     0.00655     0.00000     0.00000     0.00000     0.00000     0.00000     0.00000     0.00000     0.06548
   -13.85550     0.00043     0.01155     0.01883     0.01486     0.00206     0.00126     0.00409     0.00077     0.00659     0.00000     0.00000     0.00000     0.00000     0.00000     0.00000     0.00000     0.06043
   -13.80150     0.00081     0.01349     0.01861     0.01754     0.00330     0.00114     0.00458     0.00083     0.00669     0.00000     0.00000     0.00000     0.00000     0.00000     0.00000     0.00000     0.06700
   -13.74750     0.00162     0.01890     0.02338     0.02595     0.01054     0.00110     0.00797     0.00093     0.00688     0.00000     0.00000     0.00000     0.00000     0.00000     0.00000     0.00000     0.09727
   -13.69350     0.00172     0.01950     0.01997     0.02168     0.01324     0.00106     0.00900     0.00102     0.00706     0.00000     0.00000     0.00000     0.00000     0.00000     0.00000     0.00000     0.09425
   -13.63950     0.00188     0.02131     0.01533     0.01878     0.00744     0.00107     0.00770     0.00114     0.00731     0.00000     0.00000     0.00000     0.00000     0.00000     0.00000     0.00000     0.08195
   -13.58550     0.00212     0.02429     0.01079     0.01844     0.00354     0.00112     0.00748     0.00129     0.00762     0.00000     0.00000     0.00000     0.00000     0.00000     0.00000     0.00000     0.07669
   -13.53250     0.00242     0.02899     0.00690     0.02009     0.00206     0.00124     0.00741     0.00151     0.00816     0.00000     0.00000     0.00000     0.00000     0.00000     0.00000     0.00000     0.07879
   -13.47850     0.00275     0.03614     0.00634     0.02333     0.00182     0.00149     0.00790     0.00187     0.00898     0.00000     0.00000     0.00000     0.00000     0.00000     0.00000     0.00000     0.09062
   -13.42450     0.00321     0.03630     0.00694     0.02282     0.00178     0.00151     0.00900     0.00178     0.00901     0.00000     0.00000     0.00000     0.00000     0.00000     0.00000     0.00000     0.09235
   -13.37050     0.00414     0.03814     0.00887     0.02466     0.00209     0.00165     0.01185     0.00169     0.01053     0.00000     0.00000     0.00000     0.00000     0.00000     0.00000     0.00000     0.10362
   -13.31650     0.00408     0.03543     0.00783     0.02192     0.00096     0.00156     0.00842     0.00154     0.00651     0.00000     0.00000     0.00000     0.00000     0.00000     0.00000     0.00000     0.08826
   -13.26250     0.00432     0.03259     0.00723     0.01972     0.00060     0.00148     0.00694     0.00137     0.00497     0.00000     0.00000     0.00000     0.00000     0.00000     0.00000     0.00000     0.07922
   -13.20850     0.00455     0.02987     0.00690     0.01823     0.00082     0.00143     0.00709     0.00122     0.00561     0.00000     0.00000     0.00000     0.00000     0.00000     0.00000     0.00000     0.07574
   -13.15550     0.00471     0.02686     0.00681     0.01703     0.00084     0.00135     0.00666     0.00109     0.00511     0.00000     0.00000     0.00000     0.00000     0.00000     0.00000     0.00000     0.07046
   -13.10150     0.00479     0.02438     0.00700     0.01609     0.00122     0.00131     0.00752     0.00099     0.00558     0.00000     0.00000     0.00000     0.00000     0.00000     0.00000     0.00000     0.06888
   -13.04750     0.00422     0.02141     0.00650     0.01495     0.00115     0.00122     0.00688     0.00089     0.00475     0.00000     0.00000     0.00000     0.00000     0.00000     0.00000     0.00000     0.06197
   -12.99350     0.00449     0.01886     0.00691     0.01466     0.00128     0.00115     0.00736     0.00083     0.00484     0.00000     0.00000     0.00000     0.00000     0.00000     0.00000     0.00000     0.06038
   -12.93950     0.00234     0.00823     0.00431     0.00620     0.00114     0.00053     0.00684     0.00050     0.00433     0.00000     0.00000     0.00000     0.00000     0.00000     0.00000     0.00000     0.03443
   -12.88550     0.00205     0.00711     0.00446     0.00450     0.00123     0.00048     0.00725     0.00050     0.00485     0.00000     0.00000     0.00000     0.00000     0.00000     0.00000     0.00000     0.03243
   -12.83250     0.00309     0.01136     0.00727     0.00749     0.00134     0.00076     0.00871     0.00075     0.00568     0.00000     0.00000     0.00000     0.00000     0.00000     0.00000     0.00000     0.04647
   -12.77850     0.00484     0.02119     0.01189     0.01222     0.00159     0.00140     0.01050     0.00117     0.00729     0.00000     0.00000     0.00000     0.00000     0.00000     0.00000     0.00000     0.07210
   -12.72450     0.00914     0.04323     0.02285     0.01590     0.00212     0.00289     0.01479     0.00170     0.01065     0.00000     0.00000     0.00000     0.00000     0.00000     0.00000     0.00000     0.12327
   -12.67050     0.00814     0.03295     0.03267     0.01573     0.00149     0.00224     0.01359     0.00126     0.00855     0.00000     0.00000     0.00000     0.00000     0.00000     0.00000     0.00000     0.11661
   -12.61650     0.00972     0.04792     0.05203     0.03617     0.00178     0.00215     0.01365     0.00134     0.00905     0.00000     0.00000     0.00000     0.00000     0.00000     0.00000     0.00000     0.17381
   -12.56250     0.00925     0.03755     0.02512     0.02808     0.00146     0.00163     0.00970     0.00114     0.00822     0.00000     0.00000     0.00000     0.00000     0.00000     0.00000     0.00000     0.12216
   -12.50850     0.00883     0.03309     0.02250     0.02662     0.00117     0.00137     0.00687     0.00099     0.00679     0.00000     0.00000     0.00000     0.00000     0.00000     0.00000     0.00000     0.10824
   -12.45550     0.00701     0.02872     0.01833     0.02411     0.00092     0.00119     0.00483     0.00083     0.00551     0.00000     0.00000     0.00000     0.00000     0.00000     0.00000     0.00000     0.09144
   -12.40150     0.00516     0.02592     0.01512     0.02178     0.00070     0.00105     0.00348     0.00071     0.00462     0.00000     0.00000     0.00000     0.00000     0.00000     0.00000     0.00000     0.07855
   -12.34750     0.00413     0.02420     0.01329     0.02133     0.00062     0.00097     0.00270     0.00065     0.00413     0.00000     0.00000     0.00000     0.00000     0.00000     0.00000     0.00000     0.07201
   -12.29350     0.00340     0.02439     0.01188     0.02097     0.00054     0.00093     0.00211     0.00062     0.00383     0.00000     0.00000     0.00000     0.00000     0.00000     0.00000     0.00000     0.06866
   -12.23950     0.00279     0.02309     0.01117     0.02025     0.00049     0.00088     0.00165     0.00059     0.00357     0.00000     0.00000     0.00000     0.00000     0.00000     0.00000     0.00000     0.06448
   -12.18550     0.00225     0.02266     0.01037     0.01998     0.00045     0.00084     0.00137     0.00057     0.00338     0.00000     0.00000     0.00000     0.00000     0.00000     0.00000     0.00000     0.06186
   -12.13250     0.00179     0.02330     0.00946     0.01925     0.00044     0.00084     0.00119     0.00058     0.00337     0.00000     0.00000     0.00000     0.00000     0.00000     0.00000     0.00000     0.06023
   -12.07850     0.00114     0.02233     0.00870     0.01857     0.00040     0.00078     0.00110     0.00054     0.00338     0.00000     0.00000     0.00000     0.00000     0.00000     0.00000     0.00000     0.05694
   -12.02450     0.00009     0.02120     0.00711     0.01758     0.00023     0.00061     0.00117     0.00038     0.00338     0.00000     0.00000     0.00000     0.00000     0.00000     0.00000     0.00000     0.05175
   -11.97050     0.00013     0.02197     0.00888     0.02065     0.00207     0.00258     0.00284     0.00064     0.00447     0.00000     0.00000     0.00000     0.00000     0.00000     0.00000     0.00000     0.06423
   -11.91650     0.00023     0.02279     0.00861     0.02037     0.00128     0.00177     0.00375     0.00071     0.00530     0.00000     0.00000     0.00000     0.00000     0.00000     0.00000     0.00000     0.06481
   -11.86250     0.00032     0.02347     0.00902     0.02120     0.00114     0.00158     0.00484     0.00081     0.00619     0.00000     0.00000     0.00000     0.00000     0.00000     0.00000     0.00000     0.06856
   -11.80850     0.00043     0.02453     0.00919     0.02159     0.00102     0.00140     0.00575     0.00087     0.00686     0.00000     0.00000     0.00000     0.00000     0.00000     0.00000     0.00000     0.07163
   -11.75550     0.00054     0.02598     0.00928     0.02244     0.00097     0.00133     0.00671     0.00096     0.00786     0.00000     0.00000     0.00000     0.00000     0.00000     0.00000     0.00000     0.07607
   -11.70150     0.00069     0.02703     0.01016     0.02288     0.00099     0.00129     0.00802     0.00108     0.00888     0.00000     0.00000     0.00000     0.00000     0.00000     0.00000     0.00000     0.08101
   -11.64750     0.00084     0.02804     0.01087     0.02366     0.00104     0.00129     0.00950     0.00120     0.00971     0.00000     0.00000     0.00000     0.00000     0.00000     0.00000     0.00000     0.08614
   -11.59350     0.00108     0.02977     0.01148     0.02484     0.00112     0.00136     0.01173     0.00139     0.01101     0.00000     0.00000     0.00000     0.00000     0.00000     0.00000     0.00000     0.09377
   -11.53950     0.00143     0.03139     0.01295     0.02619     0.00130     0.00151     0.01504     0.00161     0.01233     0.00000     0.00000     0.00000     0.00000     0.00000     0.00000     0.00000     0.10375
   -11.48550     0.00153     0.03322     0.01495     0.02772     0.00135     0.00163     0.01614     0.00164     0.01359     0.00000     0.00000     0.00000     0.00000     0.00000     0.00000     0.00000     0.11178
   -11.43150     0.00171     0.03747     0.01786     0.03076     0.00155     0.00190     0.01901     0.00182     0.01745     0.00000     0.00000     0.00000     0.00000     0.00000     0.00000     0.00000     0.12953
   -11.37850     0.00180     0.03668     0.01824     0.03316     0.00144     0.00194     0.01923     0.00170     0.01391     0.00000     0.00000     0.00000     0.00000     0.00000     0.00000     0.00000     0.12809
   -11.32450     0.00188     0.03712     0.02196     0.03741     0.00179     0.00232     0.02347     0.00183     0.01340     0.00000     0.00000     0.00000     0.00000     0.00000     0.00000     0.00000     0.14118
   -11.27050     0.00197     0.03829     0.03110     0.04208     0.00263     0.00291     0.03107     0.00208     0.01308     0.00000     0.00000     0.00000     0.00000     0.00000     0.00000     0.00000     0.16521
   -11.21650     0.00218     0.04019     0.01768     0.04658     0.00173     0.00338     0.02988     0.00213     0.01500     0.00000     0.00000     0.00000     0.00000     0.00000     0.00000     0.00000     0.15875
   -11.16250     0.00177     0.04194     0.00992     0.04410     0.00111     0.00342     0.02355     0.00189     0.01791     0.00000     0.00000     0.00000     0.00000     0.00000     0.00000     0.00000     0.14560
   -11.10850     0.00183     0.07776     0.00644     0.03847     0.00112     0.00365     0.01882     0.00414     0.02581     0.00000     0.00000     0.00000     0.00000     0.00000     0.00000     0.00000     0.17803
   -11.05550     0.00131     0.08183     0.00583     0.03332     0.00144     0.00369     0.01526     0.00402     0.02480     0.00000     0.00000     0.00000     0.00000     0.00000     0.00000     0.00000     0.17150
   -11.00150     0.00089     0.08940     0.00510     0.02917     0.00192     0.00318     0.01165     0.00420     0.02482     0.00000     0.00000     0.00000     0.00000     0.00000     0.00000     0.00000     0.17033
   -10.94750     0.00055     0.09575     0.00494     0.02665     0.00249     0.00220     0.00875     0.00419     0.02760     0.00000     0.00000     0.00000     0.00000     0.00000     0.00000     0.00000     0.17312
   -10.89350     0.00032     0.11330     0.00214     0.02975     0.00250     0.00161     0.00401     0.00430     0.04081     0.00000     0.00000     0.00000     0.00000     0.00000     0.00000     0.00000     0.19874
   -10.83950     0.00002     0.03100     0.00023     0.01067     0.00034     0.00035     0.00015     0.00128     0.00443     0.00000     0.00000     0.00000     0.00000     0.00000     0.00000     0.00000     0.04847
   -10.78550     0.00000     0.01677     0.00006     0.00703     0.00011     0.00023     0.00002     0.00073     0.00181     0.00000     0.00000     0.00000     0.00000     0.00000     0.00000     0.00000     0.02677
   -10.73150     0.00001     0.00823     0.00003     0.00445     0.00005     0.00016     0.00004     0.00038     0.00078     0.00000     0.00000     0.00000     0.00000     0.00000     0.00000     0.00000     0.01411
   -10.67850     0.00003     0.00483     0.00008     0.00451     0.00019     0.00019     0.00032     0.00022     0.00038     0.00000     0.00000     0.00000     0.00000     0.00000     0.00000     0.00000     0.01075
   -10.62450     0.00007     0.00316     0.00016     0.00511     0.00047     0.00025     0.00069     0.00014     0.00018     0.00000     0.00000     0.00000     0.00000     0.00000     0.00000     0.00000     0.01023
   -10.57050     0.00011     0.00423     0.00023     0.00761     0.00093     0.00038     0.00113     0.00021     0.00015     0.00000     0.00000     0.00000     0.00000     0.00000     0.00000     0.00000     0.01497
   -10.51650     0.00015     0.00743     0.00029     0.01224     0.00150     0.00065     0.00160     0.00038     0.00039     0.00000     0.00000     0.00000     0.00000     0.00000     0.00000     0.00000     0.02463
   -10.46250     0.00020     0.00942     0.00033     0.01469     0.00239     0.00079     0.00215     0.00059     0.00099     0.00000     0.00000     0.00000     0.00000     0.00000     0.00000     0.00000     0.03156
   -10.40850     0.00026     0.01027     0.00037     0.01628     0.00340     0.00090     0.00270     0.00078     0.00164     0.00000     0.00000     0.00000     0.00000     0.00000     0.00000     0.00000     0.03661
   -10.35550     0.00033     0.00992     0.00040     0.01675     0.00473     0.00097     0.00328     0.00103     0.00222     0.00000     0.00000     0.00000     0.00000     0.00000     0.00000     0.00000     0.03963
   -10.30150     0.00041     0.01009     0.00045     0.01755     0.00641     0.00109     0.00386     0.00146     0.00298     0.00000     0.00000     0.00000     0.00000     0.00000     0.00000     0.00000     0.04430
   -10.24750     0.00067     0.01049     0.00078     0.01871     0.00938     0.00224     0.00463     0.00296     0.00400     0.00000     0.00000     0.00000     0.00000     0.00000     0.00000     0.00000     0.05386
   -10.19350     0.00113     0.01036     0.00315     0.02009     0.01483     0.00579     0.00571     0.00727     0.00558     0.00000     0.00000     0.00000     0.00000     0.00000     0.00000     0.00000     0.07390
   -10.13950     0.00113     0.01010     0.00725     0.01813     0.01112     0.00956     0.00499     0.00903     0.00725     0.00000     0.00000     0.00000     0.00000     0.00000     0.00000     0.00000     0.07856
   -10.08550     0.00121     0.00981     0.00563     0.01675     0.00943     0.00656     0.00450     0.00609     0.00921     0.00000     0.00000     0.00000     0.00000     0.00000     0.00000     0.00000     0.06918
   -10.03150     0.00136     0.00909     0.00482     0.01538     0.00869     0.00518     0.00474     0.00472     0.01222     0.00000     0.00000     0.00000     0.00000     0.00000     0.00000     0.00000     0.06621
    -9.97850     0.00179     0.00843     0.00475     0.01460     0.00858     0.00495     0.00625     0.00418     0.01847     0.00000     0.00000     0.00000     0.00000     0.00000     0.00000     0.00000     0.07201
    -9.92450     0.00197     0.00656     0.00508     0.01333     0.00863     0.00526     0.00735     0.00386     0.02049     0.00000     0.00000     0.00000     0.00000     0.00000     0.00000     0.00000     0.07254
    -9.87050     0.00164     0.00567     0.00541     0.01205     0.00828     0.00520     0.00573     0.00352     0.01508     0.00000     0.00000     0.00000     0.00000     0.00000     0.00000     0.00000     0.06258
    -9.81650     0.00143     0.00507     0.00555     0.01093     0.00783     0.00513     0.00463     0.00324     0.01215     0.00000     0.00000     0.00000     0.00000     0.00000     0.00000     0.00000     0.05597
    -9.76250     0.00132     0.00447     0.00554     0.01008     0.00741     0.00512     0.00391     0.00303     0.01073     0.00000     0.00000     0.00000     0.00000     0.00000     0.00000     0.00000     0.05161
    -9.70850     0.00126     0.00410     0.00555     0.00950     0.00703     0.00510     0.00330     0.00291     0.00976     0.00000     0.00000     0.00000     0.00000     0.00000     0.00000     0.00000     0.04853
    -9.65550     0.00125     0.00377     0.00555     0.00918     0.00674     0.00522     0.00279     0.00288     0.00927     0.00000     0.00000     0.00000     0.00000     0.00000     0.00000     0.00000     0.04665
    -9.60150     0.00151     0.00348     0.00541     0.00935     0.00698     0.00564     0.00237     0.00324     0.00880     0.00000     0.00000     0.00000     0.00000     0.00000     0.00000     0.00000     0.04678
    -9.54750     0.00134     0.00336     0.00513     0.00975     0.00672     0.00538     0.00203     0.00303     0.00856     0.00000     0.00000     0.00000     0.00000     0.00000     0.00000     0.00000     0.04532
    -9.49350     0.00161     0.00375     0.00522     0.01105     0.00807     0.00590     0.00201     0.00368     0.00864     0.00000     0.00000     0.00000     0.00000     0.00000     0.00000     0.00000     0.04993
    -9.43950     0.00076     0.00201     0.00276     0.01021     0.00411     0.00285     0.00089     0.00201     0.00772     0.00000     0.00000     0.00000     0.00000     0.00000     0.00000     0.00000     0.03332
    -9.38550     0.00002     0.00130     0.00189     0.01122     0.00149     0.00077     0.00011     0.00071     0.00844     0.00000     0.00000     0.00000     0.00000     0.00000     0.00000     0.00000     0.02596
    -9.33150     0.00002     0.00138     0.00301     0.01439     0.00154     0.00075     0.00005     0.00071     0.01049     0.00000     0.00000     0.00000     0.00000     0.00000     0.00000     0.00000     0.03234
    -9.27850     0.00003     0.00268     0.00996     0.02202     0.00246     0.00214     0.00051     0.00156     0.01391     0.00000     0.00000     0.00000     0.00000     0.00000     0.00000     0.00000     0.05526
    -9.22450     0.00046     0.00406     0.00586     0.01176     0.00308     0.00968     0.00213     0.01380     0.02018     0.00000     0.00000     0.00000     0.00000     0.00000     0.00000     0.00000     0.07101
    -9.17050     0.00065     0.00428     0.00423     0.00714     0.01158     0.01433     0.00581     0.03169     0.01487     0.00000     0.00000     0.00000     0.00000     0.00000     0.00000     0.00000     0.09458
    -9.11650     0.00036     0.00242     0.00293     0.00454     0.00596     0.01147     0.00266     0.01755     0.00830     0.00000     0.00000     0.00000     0.00000     0.00000     0.00000     0.00000     0.05618
    -9.06250     0.00024     0.00166     0.00200     0.00326     0.00503     0.01084     0.00167     0.01355     0.00656     0.00000     0.00000     0.00000     0.00000     0.00000     0.00000     0.00000     0.04480
    -9.00850     0.00024     0.00173     0.00185     0.00313     0.00496     0.01040     0.00153     0.01159     0.00673     0.00000     0.00000     0.00000     0.00000     0.00000     0.00000     0.00000     0.04216
    -8.95450     0.00061     0.00370     0.00422     0.00549     0.00585     0.01191     0.00398     0.01337     0.01065     0.00000     0.00000     0.00000     0.00000     0.00000     0.00000     0.00000     0.05979
    -8.90150     0.00057     0.00259     0.00388     0.00545     0.00563     0.01089     0.00239     0.01262     0.00909     0.00000     0.00000     0.00000     0.00000     0.00000     0.00000     0.00000     0.05310
    -8.84750     0.00061     0.00208     0.00434     0.00541     0.00532     0.01027     0.00210     0.01232     0.00822     0.00000     0.00000     0.00000     0.00000     0.00000     0.00000     0.00000     0.05066
    -8.79350     0.00059     0.00163     0.00555     0.00416     0.00481     0.00952     0.00243     0.01078     0.00561     0.00000     0.00000     0.00000     0.00000     0.00000     0.00000     0.00000     0.04508
    -8.73950     0.00062     0.00250     0.01264     0.00455     0.00477     0.00989     0.00401     0.01216     0.00462     0.00000     0.00000     0.00000     0.00000     0.00000     0.00000     0.00000     0.05576
    -8.68550     0.00054     0.00103     0.00563     0.00250     0.00342     0.00759     0.00173     0.00790     0.00264     0.00000     0.00000     0.00000     0.00000     0.00000     0.00000     0.00000     0.03299
    -8.63150     0.00052     0.00078     0.00477     0.00206     0.00221     0.00658     0.00127     0.00728     0.00208     0.00000     0.00000     0.00000     0.00000     0.00000     0.00000     0.00000     0.02755
    -8.57850     0.00048     0.00046     0.00399     0.00175     0.00098     0.00463     0.00052     0.00606     0.00093     0.00000     0.00000     0.00000     0.00000     0.00000     0.00000     0.00000     0.01979
    -8.52450     0.00046     0.00037     0.00383     0.00177     0.00102     0.00359     0.00045     0.00591     0.00040     0.00000     0.00000     0.00000     0.00000     0.00000     0.00000     0.00000     0.01781
    -8.47050     0.00045     0.00031     0.00367     0.00180     0.00106     0.00316     0.00039     0.00593     0.00026     0.00000     0.00000     0.00000     0.00000     0.00000     0.00000     0.00000     0.01703
    -8.41650     0.00042     0.00027     0.00340     0.00182     0.00111     0.00289     0.00033     0.00583     0.00017     0.00000     0.00000     0.00000     0.00000     0.00000     0.00000     0.00000     0.01624
    -8.36250     0.00048     0.00091     0.00341     0.00269     0.00475     0.00282     0.00079     0.00578     0.00021     0.00000     0.00000     0.00000     0.00000     0.00000     0.00000     0.00000     0.02184
    -8.30850     0.00056     0.00153     0.00379     0.00362     0.00883     0.00497     0.00158     0.00624     0.00113     0.00000     0.00000     0.00000     0.00000     0.00000     0.00000     0.00000     0.03224
    -8.25450     0.00062     0.00175     0.00444     0.00383     0.00995     0.01147     0.00201     0.00790     0.00352     0.00000     0.00000     0.00000     0.00000     0.00000     0.00000     0.00000     0.04549
    -8.20150     0.00063     0.00165     0.00474     0.00381     0.01016     0.01436     0.00271     0.01036     0.00457     0.00000     0.00000     0.00000     0.00000     0.00000     0.00000     0.00000     0.05299
    -8.14750     0.00058     0.00158     0.00469     0.00380     0.00861     0.01740     0.00249     0.01302     0.00611     0.00000     0.00000     0.00000     0.00000     0.00000     0.00000     0.00000     0.05827
    -8.09350     0.00054     0.00149     0.00453     0.00375     0.00764     0.01540     0.00211     0.01223     0.00532     0.00000     0.00000     0.00000     0.00000     0.00000     0.00000     0.00000     0.05302
    -8.03950     0.00052     0.00142     0.00455     0.00372     0.00686     0.01300     0.00188     0.01080     0.00426     0.00000     0.00000     0.00000     0.00000     0.00000     0.00000     0.00000     0.04701
    -7.98550     0.00052     0.00141     0.00453     0.00375     0.00657     0.01223     0.00183     0.01029     0.00386     0.00000     0.00000     0.00000     0.00000     0.00000     0.00000     0.00000     0.04499
    -7.93150     0.00053     0.00140     0.00446     0.00379     0.00624     0.01175     0.00175     0.00998     0.00359     0.00000     0.00000     0.00000     0.00000     0.00000     0.00000     0.00000     0.04350
    -7.87850     0.00054     0.00139     0.00445     0.00380     0.00604     0.01131     0.00167     0.00968     0.00335     0.00000     0.00000     0.00000     0.00000     0.00000     0.00000     0.00000     0.04222
    -7.82450     0.00054     0.00138     0.00446     0.00380     0.00587     0.01102     0.00158     0.00948     0.00319     0.00000     0.00000     0.00000     0.00000     0.00000     0.00000     0.00000     0.04132
    -7.77050     0.00053     0.00137     0.00449     0.00380     0.00564     0.01087     0.00150     0.00938     0.00309     0.00000     0.00000     0.00000     0.00000     0.00000     0.00000     0.00000     0.04067
    -7.71650     0.00053     0.00138     0.00445     0.00384     0.00552     0.01075     0.00147     0.00930     0.00299     0.00000     0.00000     0.00000     0.00000     0.00000     0.00000     0.00000     0.04023
    -7.66250     0.00054     0.00142     0.00453     0.00390     0.00549     0.01090     0.00149     0.00937     0.00293     0.00000     0.00000     0.00000     0.00000     0.00000     0.00000     0.00000     0.04057
    -7.60850     0.00055     0.00143     0.00451     0.00391     0.00544     0.01083     0.00151     0.00924     0.00281     0.00000     0.00000     0.00000     0.00000     0.00000     0.00000     0.00000     0.04022
    -7.55450     0.00055     0.00144     0.00449     0.00392     0.00539     0.01075     0.00149     0.00914     0.00269     0.00000     0.00000     0.00000     0.00000     0.00000     0.00000     0.00000     0.03986
    -7.50150     0.00056     0.00146     0.00452     0.00395     0.00540     0.01083     0.00147     0.00920     0.00265     0.00000     0.00000     0.00000     0.00000     0.00000     0.00000     0.00000     0.04002
    -7.44750     0.00056     0.00147     0.00455     0.00395     0.00535     0.01097     0.00144     0.00924     0.00260     0.00000     0.00000     0.00000     0.00000     0.00000     0.00000     0.00000     0.04013
    -7.39350     0.00056     0.00147     0.00457     0.00393     0.00518     0.01119     0.00139     0.00938     0.00256     0.00000     0.00000     0.00000     0.00000     0.00000     0.00000     0.00000     0.04023
    -7.33950     0.00057     0.00149     0.00466     0.00394     0.00502     0.01164     0.00138     0.00967     0.00253     0.00000     0.00000     0.00000     0.00000     0.00000     0.00000     0.00000     0.04090
    -7.28550     0.00058     0.00152     0.00467     0.00394     0.00494     0.01205     0.00140     0.01003     0.00248     0.00000     0.00000     0.00000     0.00000     0.00000     0.00000     0.00000     0.04161
    -7.23150     0.00058     0.00157     0.00466     0.00396     0.00490     0.01277     0.00141     0.01058     0.00243     0.00000     0.00000     0.00000     0.00000     0.00000     0.00000     0.00000     0.04287
    -7.17750     0.00060     0.00176     0.00482     0.00429     0.00507     0.01517     0.00141     0.01172     0.00238     0.00000     0.00000     0.00000     0.00000     0.00000     0.00000     0.00000     0.04723
    -7.12450     0.00055     0.00133     0.00463     0.00345     0.00465     0.01178     0.00143     0.00968     0.00234     0.00000     0.00000     0.00000     0.00000     0.00000     0.00000     0.00000     0.03983
    -7.07050     0.00055     0.00129     0.00464     0.00325     0.00458     0.01125     0.00144     0.00974     0.00233     0.00000     0.00000     0.00000     0.00000     0.00000     0.00000     0.00000     0.03907
    -7.01650     0.00055     0.00119     0.00460     0.00292     0.00451     0.01005     0.00145     0.00896     0.00228     0.00000     0.00000     0.00000     0.00000     0.00000     0.00000     0.00000     0.03652
    -6.96250     0.00057     0.00119     0.00447     0.00242     0.00401     0.00899     0.00145     0.00877     0.00227     0.00000     0.00000     0.00000     0.00000     0.00000     0.00000     0.00000     0.03415
    -6.90850     0.00058     0.00114     0.00379     0.00198     0.00349     0.00779     0.00143     0.00858     0.00226     0.00000     0.00000     0.00000     0.00000     0.00000     0.00000     0.00000     0.03104
    -6.85450     0.00060     0.00111     0.00367     0.00192     0.00350     0.00753     0.00141     0.00849     0.00222     0.00000     0.00000     0.00000     0.00000     0.00000     0.00000     0.00000     0.03043
    -6.80150     0.00062     0.00110     0.00351     0.00185     0.00354     0.00711     0.00143     0.00820     0.00215     0.00000     0.00000     0.00000     0.00000     0.00000     0.00000     0.00000     0.02952
    -6.74750     0.00065     0.00109     0.00319     0.00177     0.00356     0.00629     0.00145     0.00805     0.00211     0.00000     0.00000     0.00000     0.00000     0.00000     0.00000     0.00000     0.02816
    -6.69350     0.00064     0.00103     0.00289     0.00170     0.00361     0.00505     0.00147     0.00762     0.00197     0.00000     0.00000     0.00000     0.00000     0.00000     0.00000     0.00000     0.02598
    -6.63950     0.00066     0.00106     0.00294     0.00173     0.00369     0.00503     0.00149     0.00831     0.00190     0.00000     0.00000     0.00000     0.00000     0.00000     0.00000     0.00000     0.02681
    -6.58550     0.00070     0.00122     0.00369     0.00190     0.00383     0.00604     0.00155     0.01024     0.00189     0.00000     0.00000     0.00000     0.00000     0.00000     0.00000     0.00000     0.03107
    -6.53150     0.00072     0.00121     0.00338     0.00184     0.00385     0.00553     0.00155     0.01013     0.00179     0.00000     0.00000     0.00000     0.00000     0.00000     0.00000     0.00000     0.03000
    -6.47750     0.00074     0.00127     0.00339     0.00194     0.00394     0.00569     0.00156     0.01104     0.00172     0.00000     0.00000     0.00000     0.00000     0.00000     0.00000     0.00000     0.03129
    -6.42450     0.00077     0.00133     0.00336     0.00199     0.00403     0.00578     0.00157     0.01135     0.00166     0.00000     0.00000     0.00000     0.00000     0.00000     0.00000     0.00000     0.03184
    -6.37050     0.00081     0.00138     0.00340     0.00206     0.00414     0.00577     0.00158     0.01142     0.00161     0.00000     0.00000     0.00000     0.00000     0.00000     0.00000     0.00000     0.03217
    -6.31650     0.00086     0.00144     0.00344     0.00216     0.00426     0.00600     0.00161     0.01208     0.00158     0.00000     0.00000     0.00000     0.00000     0.00000     0.00000     0.00000     0.03342
    -6.26250     0.00091     0.00150     0.00346     0.00223     0.00439     0.00606     0.00164     0.01213     0.00153     0.00000     0.00000     0.00000     0.00000     0.00000     0.00000     0.00000     0.03386
    -6.20850     0.00098     0.00159     0.00349     0.00235     0.00459     0.00615     0.00170     0.01221     0.00148     0.00000     0.00000     0.00000     0.00000     0.00000     0.00000     0.00000     0.03454
    -6.15450     0.00107     0.00177     0.00352     0.00264     0.00490     0.00626     0.00177     0.01209     0.00143     0.00000     0.00000     0.00000     0.00000     0.00000     0.00000     0.00000     0.03545
    -6.10150     0.00117     0.00193     0.00359     0.00300     0.00537     0.00639     0.00188     0.01347     0.00140     0.00000     0.00000     0.00000     0.00000     0.00000     0.00000     0.00000     0.03820
    -6.04750     0.00130     0.00208     0.00350     0.00323     0.00566     0.00645     0.00193     0.01114     0.00135     0.00000     0.00000     0.00000     0.00000     0.00000     0.00000     0.00000     0.03664
    -5.99350     0.00130     0.00219     0.00344     0.00346     0.00568     0.00657     0.00189     0.01059     0.00131     0.00000     0.00000     0.00000     0.00000     0.00000     0.00000     0.00000     0.03643
    -5.93950     0.00141     0.00242     0.00356     0.00420     0.00618     0.00723     0.00195     0.01090     0.00130     0.00000     0.00000     0.00000     0.00000     0.00000     0.00000     0.00000     0.03915
    -5.88550     0.00132     0.00259     0.00337     0.00451     0.00604     0.00692     0.00182     0.00985     0.00125     0.00000     0.00000     0.00000     0.00000     0.00000     0.00000     0.00000     0.03767
    -5.83150     0.00126     0.00273     0.00338     0.00504     0.00615     0.00724     0.00173     0.00971     0.00123     0.00000     0.00000     0.00000     0.00000     0.00000     0.00000     0.00000     0.03848
    -5.77750     0.00123     0.00283     0.00343     0.00567     0.00630     0.00755     0.00168     0.00940     0.00123     0.00000     0.00000     0.00000     0.00000     0.00000     0.00000     0.00000     0.03932
    -5.72450     0.00126     0.00312     0.00387     0.00713     0.00743     0.00850     0.00172     0.00949     0.00131     0.00000     0.00000     0.00000     0.00000     0.00000     0.00000     0.00000     0.04383
    -5.67050     0.00116     0.00321     0.00341     0.00726     0.00674     0.00810     0.00157     0.00906     0.00128     0.00000     0.00000     0.00000     0.00000     0.00000     0.00000     0.00000     0.04178
    -5.61650     0.00101     0.00315     0.00292     0.00605     0.00512     0.00684     0.00136     0.00878     0.00120     0.00000     0.00000     0.00000     0.00000     0.00000     0.00000     0.00000     0.03645
    -5.56250     0.00098     0.00346     0.00260     0.00609     0.00408     0.00666     0.00125     0.00881     0.00117     0.00000     0.00000     0.00000     0.00000     0.00000     0.00000     0.00000     0.03510
    -5.50850     0.00100     0.00354     0.00237     0.00513     0.00353     0.00590     0.00121     0.00878     0.00117     0.00000     0.00000     0.00000     0.00000     0.00000     0.00000     0.00000     0.03265
    -5.45450     0.00099     0.00454     0.00224     0.00527     0.00316     0.00569     0.00114     0.00927     0.00117     0.00000     0.00000     0.00000     0.00000     0.00000     0.00000     0.00000     0.03346
    -5.40150     0.00098     0.00715     0.00208     0.00516     0.00273     0.00541     0.00107     0.01110     0.00132     0.00000     0.00000     0.00000     0.00000     0.00000     0.00000     0.00000     0.03698
    -5.34750     0.00089     0.00625     0.00210     0.00491     0.00247     0.00524     0.00104     0.00985     0.00123     0.00000     0.00000     0.00000     0.00000     0.00000     0.00000     0.00000     0.03398
    -5.29350     0.00091     0.00661     0.00232     0.00513     0.00242     0.00557     0.00109     0.00975     0.00122     0.00000     0.00000     0.00000     0.00000     0.00000     0.00000     0.00000     0.03501
    -5.23950     0.00098     0.00693     0.00259     0.00475     0.00237     0.00584     0.00119     0.00972     0.00125     0.00000     0.00000     0.00000     0.00000     0.00000     0.00000     0.00000     0.03561
    -5.18550     0.00090     0.00495     0.00254     0.00388     0.00221     0.00516     0.00116     0.00750     0.00101     0.00000     0.00000     0.00000     0.00000     0.00000     0.00000     0.00000     0.02931
    -5.13150     0.00093     0.00481     0.00279     0.00384     0.00227     0.00522     0.00119     0.00728     0.00105     0.00000     0.00000     0.00000     0.00000     0.00000     0.00000     0.00000     0.02938
    -5.07750     0.00117     0.00627     0.00390     0.00536     0.00250     0.00668     0.00132     0.00769     0.00171     0.00000     0.00000     0.00000     0.00000     0.00000     0.00000     0.00000     0.03660
    -5.02450     0.00131     0.00715     0.00481     0.00694     0.00253     0.00794     0.00143     0.00838     0.00232     0.00000     0.00000     0.00000     0.00000     0.00000     0.00000     0.00000     0.04280
    -4.97050     0.00099     0.00603     0.00369     0.00628     0.00236     0.00695     0.00131     0.00756     0.00182     0.00000     0.00000     0.00000     0.00000     0.00000     0.00000     0.00000     0.03700
    -4.91650     0.00088     0.00558     0.00372     0.00605     0.00233     0.00687     0.00120     0.00715     0.00169     0.00000     0.00000     0.00000     0.00000     0.00000     0.00000     0.00000     0.03547
    -4.86250     0.00088     0.00498     0.00410     0.00594     0.00239     0.00704     0.00120     0.00721     0.00166     0.00000     0.00000     0.00000     0.00000     0.00000     0.00000     0.00000     0.03542
    -4.80850     0.00093     0.00464     0.00442     0.00609     0.00248     0.00722     0.00122     0.00752     0.00174     0.00000     0.00000     0.00000     0.00000     0.00000     0.00000     0.00000     0.03626
    -4.75450     0.00083     0.00436     0.00443     0.00627     0.00245     0.00720     0.00121     0.00747     0.00186     0.00000     0.00000     0.00000     0.00000     0.00000     0.00000     0.00000     0.03609
    -4.70050     0.00080     0.00429     0.00469     0.00630     0.00241     0.00751     0.00121     0.00721     0.00193     0.00000     0.00000     0.00000     0.00000     0.00000     0.00000     0.00000     0.03635
    -4.64750     0.00082     0.00465     0.00499     0.00720     0.00245     0.00832     0.00128     0.00744     0.00228     0.00000     0.00000     0.00000     0.00000     0.00000     0.00000     0.00000     0.03942
    -4.59350     0.00082     0.00452     0.00497     0.00721     0.00242     0.00826     0.00132     0.00768     0.00236     0.00000     0.00000     0.00000     0.00000     0.00000     0.00000     0.00000     0.03956
    -4.53950     0.00079     0.00434     0.00509     0.00750     0.00250     0.00836     0.00132     0.00759     0.00257     0.00000     0.00000     0.00000     0.00000     0.00000     0.00000     0.00000     0.04005
    -4.48550     0.00079     0.00436     0.00503     0.00723     0.00235     0.00867     0.00131     0.00741     0.00249     0.00000     0.00000     0.00000     0.00000     0.00000     0.00000     0.00000     0.03963
    -4.43150     0.00078     0.00439     0.00506     0.00740     0.00235     0.00868     0.00132     0.00757     0.00261     0.00000     0.00000     0.00000     0.00000     0.00000     0.00000     0.00000     0.04016
    -4.37750     0.00080     0.00441     0.00527     0.00768     0.00237     0.00958     0.00137     0.00823     0.00274     0.00000     0.00000     0.00000     0.00000     0.00000     0.00000     0.00000     0.04244
    -4.32450     0.00077     0.00439     0.00529     0.00797     0.00237     0.01016     0.00142     0.00863     0.00311     0.00000     0.00000     0.00000     0.00000     0.00000     0.00000     0.00000     0.04412
    -4.27050     0.00076     0.00429     0.00496     0.00755     0.00222     0.00953     0.00133     0.00854     0.00289     0.00000     0.00000     0.00000     0.00000     0.00000     0.00000     0.00000     0.04206
    -4.21650     0.00076     0.00436     0.00490     0.00761     0.00220     0.00945     0.00136     0.00915     0.00296     0.00000     0.00000     0.00000     0.00000     0.00000     0.00000     0.00000     0.04274
    -4.16250     0.00077     0.00455     0.00493     0.00788     0.00224     0.00899     0.00140     0.00920     0.00323     0.00000     0.00000     0.00000     0.00000     0.00000     0.00000     0.00000     0.04321
    -4.10850     0.00078     0.00462     0.00505     0.00835     0.00244     0.00888     0.00145     0.00966     0.00378     0.00000     0.00000     0.00000     0.00000     0.00000     0.00000     0.00000     0.04501
    -4.05450     0.00076     0.00455     0.00500     0.00788     0.00216     0.00869     0.00143     0.00991     0.00320     0.00000     0.00000     0.00000     0.00000     0.00000     0.00000     0.00000     0.04357
    -4.00050     0.00074     0.00458     0.00490     0.00792     0.00207     0.00844     0.00138     0.01006     0.00325     0.00000     0.00000     0.00000     0.00000     0.00000     0.00000     0.00000     0.04334
    -3.94750     0.00075     0.00459     0.00488     0.00790     0.00203     0.00834     0.00138     0.01013     0.00327     0.00000     0.00000     0.00000     0.00000     0.00000     0.00000     0.00000     0.04327
    -3.89350     0.00073     0.00456     0.00502     0.00787     0.00202     0.00797     0.00137     0.01016     0.00330     0.00000     0.00000     0.00000     0.00000     0.00000     0.00000     0.00000     0.04301
    -3.83950     0.00072     0.00462     0.00511     0.00794     0.00195     0.00794     0.00138     0.01038     0.00311     0.00000     0.00000     0.00000     0.00000     0.00000     0.00000     0.00000     0.04313
    -3.78550     0.00072     0.00469     0.00519     0.00805     0.00193     0.00794     0.00140     0.01048     0.00309     0.00000     0.00000     0.00000     0.00000     0.00000     0.00000     0.00000     0.04350
    -3.73150     0.00070     0.00471     0.00524     0.00801     0.00189     0.00769     0.00140     0.01032     0.00295     0.00000     0.00000     0.00000     0.00000     0.00000     0.00000     0.00000     0.04291
    -3.67750     0.00068     0.00477     0.00532     0.00799     0.00185     0.00733     0.00135     0.01022     0.00292     0.00000     0.00000     0.00000     0.00000     0.00000     0.00000     0.00000     0.04243
    -3.62450     0.00066     0.00485     0.00531     0.00812     0.00178     0.00705     0.00133     0.01034     0.00275     0.00000     0.00000     0.00000     0.00000     0.00000     0.00000     0.00000     0.04219
    -3.57050     0.00065     0.00486     0.00538     0.00825     0.00174     0.00691     0.00131     0.01035     0.00266     0.00000     0.00000     0.00000     0.00000     0.00000     0.00000     0.00000     0.04210
    -3.51650     0.00064     0.00490     0.00551     0.00834     0.00170     0.00694     0.00132     0.01037     0.00257     0.00000     0.00000     0.00000     0.00000     0.00000     0.00000     0.00000     0.04229
    -3.46250     0.00063     0.00498     0.00559     0.00838     0.00167     0.00690     0.00132     0.01033     0.00250     0.00000     0.00000     0.00000     0.00000     0.00000     0.00000     0.00000     0.04230
    -3.40850     0.00061     0.00509     0.00556     0.00840     0.00161     0.00685     0.00133     0.01028     0.00243     0.00000     0.00000     0.00000     0.00000     0.00000     0.00000     0.00000     0.04216
    -3.35450     0.00059     0.00524     0.00570     0.00850     0.00152     0.00680     0.00135     0.01033     0.00232     0.00000     0.00000     0.00000     0.00000     0.00000     0.00000     0.00000     0.04234
    -3.30050     0.00057     0.00542     0.00586     0.00866     0.00145     0.00669     0.00129     0.01038     0.00224     0.00000     0.00000     0.00000     0.00000     0.00000     0.00000     0.00000     0.04256
    -3.24750     0.00056     0.00551     0.00587     0.00870     0.00140     0.00666     0.00125     0.01036     0.00218     0.00000     0.00000     0.00000     0.00000     0.00000     0.00000     0.00000     0.04249
    -3.19350     0.00055     0.00556     0.00587     0.00866     0.00136     0.00661     0.00123     0.01032     0.00215     0.00000     0.00000     0.00000     0.00000     0.00000     0.00000     0.00000     0.04230
    -3.13950     0.00055     0.00567     0.00597     0.00881     0.00132     0.00718     0.00122     0.01111     0.00209     0.00000     0.00000     0.00000     0.00000     0.00000     0.00000     0.00000     0.04392
    -3.08550     0.00056     0.00581     0.00628     0.00898     0.00130     0.00748     0.00119     0.01141     0.00204     0.00000     0.00000     0.00000     0.00000     0.00000     0.00000     0.00000     0.04505
    -3.03150     0.00058     0.00605     0.00662     0.00903     0.00127     0.00719     0.00116     0.01079     0.00199     0.00000     0.00000     0.00000     0.00000     0.00000     0.00000     0.00000     0.04469
    -2.97750     0.00060     0.00647     0.00679     0.00922     0.00121     0.00680     0.00111     0.01023     0.00189     0.00000     0.00000     0.00000     0.00000     0.00000     0.00000     0.00000     0.04432
    -2.92450     0.00061     0.00672     0.00684     0.00947     0.00117     0.00653     0.00106     0.00985     0.00184     0.00000     0.00000     0.00000     0.00000     0.00000     0.00000     0.00000     0.04409
    -2.87050     0.00063     0.00686     0.00702     0.00966     0.00114     0.00629     0.00102     0.00952     0.00180     0.00000     0.00000     0.00000     0.00000     0.00000     0.00000     0.00000     0.04394
    -2.81650     0.00066     0.00705     0.00711     0.00975     0.00109     0.00607     0.00099     0.00915     0.00175     0.00000     0.00000     0.00000     0.00000     0.00000     0.00000     0.00000     0.04362
    -2.76250     0.00071     0.00726     0.00728     0.00984     0.00105     0.00585     0.00098     0.00878     0.00169     0.00000     0.00000     0.00000     0.00000     0.00000     0.00000     0.00000     0.04345
    -2.70850     0.00075     0.00774     0.00756     0.00984     0.00100     0.00567     0.00097     0.00851     0.00162     0.00000     0.00000     0.00000     0.00000     0.00000     0.00000     0.00000     0.04366
    -2.65450     0.00080     0.00823     0.00825     0.00975     0.00096     0.00547     0.00097     0.00818     0.00155     0.00000     0.00000     0.00000     0.00000     0.00000     0.00000     0.00000     0.04417
    -2.60050     0.00088     0.00872     0.00887     0.00955     0.00092     0.00528     0.00098     0.00783     0.00148     0.00000     0.00000     0.00000     0.00000     0.00000     0.00000     0.00000     0.04452
    -2.54750     0.00098     0.00919     0.00950     0.00939     0.00089     0.00506     0.00100     0.00753     0.00142     0.00000     0.00000     0.00000     0.00000     0.00000     0.00000     0.00000     0.04496
    -2.49350     0.00112     0.00956     0.01049     0.00908     0.00084     0.00483     0.00103     0.00722     0.00136     0.00000     0.00000     0.00000     0.00000     0.00000     0.00000     0.00000     0.04554
    -2.43950     0.00111     0.01018     0.01124     0.00893     0.00081     0.00463     0.00098     0.00693     0.00131     0.00000     0.00000     0.00000     0.00000     0.00000     0.00000     0.00000     0.04612
    -2.38550     0.00104     0.01085     0.01213     0.00849     0.00076     0.00441     0.00088     0.00660     0.00125     0.00000     0.00000     0.00000     0.00000     0.00000     0.00000     0.00000     0.04642
    -2.33150     0.00107     0.01176     0.01350     0.00816     0.00076     0.00425     0.00080     0.00643     0.00122     0.00000     0.00000     0.00000     0.00000     0.00000     0.00000     0.00000     0.04795
    -2.27750     0.00112     0.01332     0.01529     0.00805     0.00077     0.00399     0.00074     0.00617     0.00121     0.00000     0.00000     0.00000     0.00000     0.00000     0.00000     0.00000     0.05067
    -2.22350     0.00115     0.01643     0.01857     0.00855     0.00087     0.00378     0.00070     0.00595     0.00119     0.00000     0.00000     0.00000     0.00000     0.00000     0.00000     0.00000     0.05719
    -2.17050     0.00129     0.01814     0.02119     0.00871     0.00088     0.00361     0.00068     0.00569     0.00111     0.00000     0.00000     0.00000     0.00000     0.00000     0.00000     0.00000     0.06131
    -2.11650     0.00132     0.01959     0.02223     0.00953     0.00090     0.00346     0.00063     0.00540     0.00109     0.00000     0.00000     0.00000     0.00000     0.00000     0.00000     0.00000     0.06415
    -2.06250     0.00153     0.02126     0.02406     0.01049     0.00094     0.00340     0.00068     0.00530     0.00112     0.00000     0.00000     0.00000     0.00000     0.00000     0.00000     0.00000     0.06877
    -2.00850     0.00140     0.01866     0.01803     0.00891     0.00074     0.00299     0.00064     0.00483     0.00100     0.00000     0.00000     0.00000     0.00000     0.00000     0.00000     0.00000     0.05720
    -1.95450     0.00127     0.01507     0.01132     0.00764     0.00053     0.00269     0.00064     0.00445     0.00086     0.00000     0.00000     0.00000     0.00000     0.00000     0.00000     0.00000     0.04447
    -1.90050     0.00112     0.01453     0.00909     0.00825     0.00048     0.00247     0.00063     0.00423     0.00085     0.00000     0.00000     0.00000     0.00000     0.00000     0.00000     0.00000     0.04165
    -1.84750     0.00104     0.01509     0.00663     0.01040     0.00045     0.00232     0.00064     0.00408     0.00090     0.00000     0.00000     0.00000     0.00000     0.00000     0.00000     0.00000     0.04156
    -1.79350     0.00097     0.01429     0.00415     0.01135     0.00042     0.00213     0.00064     0.00381     0.00089     0.00000     0.00000     0.00000     0.00000     0.00000     0.00000     0.00000     0.03865
    -1.73950     0.00090     0.01227     0.00245     0.01051     0.00040     0.00198     0.00067     0.00359     0.00082     0.00000     0.00000     0.00000     0.00000     0.00000     0.00000     0.00000     0.03359
    -1.68550     0.00087     0.00979     0.00144     0.00867     0.00040     0.00185     0.00072     0.00341     0.00075     0.00000     0.00000     0.00000     0.00000     0.00000     0.00000     0.00000     0.02791
    -1.63150     0.00087     0.00734     0.00129     0.00619     0.00040     0.00177     0.00079     0.00327     0.00070     0.00000     0.00000     0.00000     0.00000     0.00000     0.00000     0.00000     0.02263
    -1.57750     0.00089     0.00329     0.00131     0.00209     0.00041     0.00172     0.00086     0.00316     0.00066     0.00000     0.00000     0.00000     0.00000     0.00000     0.00000     0.00000     0.01439
    -1.52350     0.00095     0.00204     0.00135     0.00072     0.00043     0.00167     0.00093     0.00307     0.00064     0.00000     0.00000     0.00000     0.00000     0.00000     0.00000     0.00000     0.01180
    -1.47050     0.00102     0.00216     0.00140     0.00069     0.00046     0.00162     0.00100     0.00298     0.00062     0.00000     0.00000     0.00000     0.00000     0.00000     0.00000     0.00000     0.01195
    -1.41650     0.00111     0.00232     0.00148     0.00068     0.00050     0.00158     0.00109     0.00290     0.00060     0.00000     0.00000     0.00000     0.00000     0.00000     0.00000     0.00000     0.01225
    -1.36250     0.00133     0.00253     0.00159     0.00069     0.00054     0.00154     0.00122     0.00282     0.00057     0.00000     0.00000     0.00000     0.00000     0.00000     0.00000     0.00000     0.01283
    -1.30850     0.00133     0.00272     0.00168     0.00070     0.00059     0.00150     0.00130     0.00276     0.00056     0.00000     0.00000     0.00000     0.00000     0.00000     0.00000     0.00000     0.01314
    -1.25450     0.00132     0.00293     0.00178     0.00072     0.00064     0.00147     0.00138     0.00271     0.00054     0.00000     0.00000     0.00000     0.00000     0.00000     0.00000     0.00000     0.01349
    -1.20050     0.00152     0.00323     0.00183     0.00073     0.00069     0.00145     0.00154     0.00266     0.00053     0.00000     0.00000     0.00000     0.00000     0.00000     0.00000     0.00000     0.01417
    -1.14750     0.00139     0.00351     0.00195     0.00075     0.00077     0.00145     0.00164     0.00263     0.00052     0.00000     0.00000     0.00000     0.00000     0.00000     0.00000     0.00000     0.01462
    -1.09350     0.00142     0.00381     0.00205     0.00076     0.00084     0.00144     0.00180     0.00259     0.00051     0.00000     0.00000     0.00000     0.00000     0.00000     0.00000     0.00000     0.01522
    -1.03950     0.00143     0.00407     0.00211     0.00080     0.00092     0.00143     0.00196     0.00255     0.00053     0.00000     0.00000     0.00000     0.00000     0.00000     0.00000     0.00000     0.01580
    -0.98550     0.00138     0.00432     0.00217     0.00082     0.00099     0.00145     0.00212     0.00250     0.00054     0.00000     0.00000     0.00000     0.00000     0.00000     0.00000     0.00000     0.01629
    -0.93150     0.00139     0.00461     0.00224     0.00085     0.00109     0.00147     0.00230     0.00247     0.00055     0.00000     0.00000     0.00000     0.00000     0.00000     0.00000     0.00000     0.01697
    -0.87750     0.00140     0.00494     0.00234     0.00091     0.00123     0.00151     0.00250     0.00245     0.00056     0.00000     0.00000     0.00000     0.00000     0.00000     0.00000     0.00000     0.01785
    -0.82350     0.00142     0.00530     0.00243     0.00097     0.00139     0.00156     0.00272     0.00244     0.00057     0.00000     0.00000     0.00000     0.00000     0.00000     0.00000     0.00000     0.01881
    -0.77050     0.00145     0.00571     0.00251     0.00104     0.00155     0.00164     0.00294     0.00244     0.00060     0.00000     0.00000     0.00000     0.00000     0.00000     0.00000     0.00000     0.01988
    -0.71650     0.00139     0.00606     0.00252     0.00111     0.00173     0.00171     0.00313     0.00245     0.00066     0.00000     0.00000     0.00000     0.00000     0.00000     0.00000     0.00000     0.02077
    -0.66250     0.00139     0.00645     0.00253     0.00122     0.00196     0.00180     0.00336     0.00247     0.00077     0.00000     0.00000     0.00000     0.00000     0.00000     0.00000     0.00000     0.02194
    -0.60850     0.00139     0.00687     0.00257     0.00134     0.00223     0.00192     0.00363     0.00249     0.00087     0.00000     0.00000     0.00000     0.00000     0.00000     0.00000     0.00000     0.02330
    -0.55450     0.00139     0.00730     0.00258     0.00147     0.00251     0.00210     0.00387     0.00251     0.00099     0.00000     0.00000     0.00000     0.00000     0.00000     0.00000     0.00000     0.02472
    -0.50050     0.00138     0.00775     0.00259     0.00159     0.00285     0.00228     0.00412     0.00254     0.00114     0.00000     0.00000     0.00000     0.00000     0.00000     0.00000     0.00000     0.02623
    -0.44650     0.00136     0.00826     0.00259     0.00172     0.00320     0.00248     0.00439     0.00258     0.00130     0.00000     0.00000     0.00000     0.00000     0.00000     0.00000     0.00000     0.02786
    -0.39350     0.00135     0.00889     0.00256     0.00193     0.00359     0.00271     0.00466     0.00264     0.00159     0.00000     0.00000     0.00000     0.00000     0.00000     0.00000     0.00000     0.02992
    -0.33950     0.00134     0.00965     0.00256     0.00216     0.00404     0.00300     0.00494     0.00268     0.00196     0.00000     0.00000     0.00000     0.00000     0.00000     0.00000     0.00000     0.03232
    -0.28550     0.00135     0.01053     0.00255     0.00238     0.00445     0.00332     0.00523     0.00271     0.00233     0.00000     0.00000     0.00000     0.00000     0.00000     0.00000     0.00000     0.03486
    -0.23150     0.00135     0.01168     0.00259     0.00261     0.00499     0.00375     0.00571     0.00280     0.00277     0.00000     0.00000     0.00000     0.00000     0.00000     0.00000     0.00000     0.03825
    -0.17750     0.00136     0.01396     0.00289     0.00307     0.00613     0.00464     0.00674     0.00320     0.00371     0.00000     0.00000     0.00000     0.00000     0.00000     0.00000     0.00000     0.04571
    -0.12350     0.00138     0.01389     0.00244     0.00367     0.00558     0.00499     0.00609     0.00329     0.00510     0.00000     0.00000     0.00000     0.00000     0.00000     0.00000     0.00000     0.04642
    -0.07050     0.00129     0.01473     0.00209     0.00406     0.00539     0.00470     0.00554     0.00313     0.00572     0.00000     0.00000     0.00000     0.00000     0.00000     0.00000     0.00000     0.04666
    -0.01650     0.00120     0.01413     0.00173     0.00357     0.00543     0.00447     0.00537     0.00313     0.00513     0.00000     0.00000     0.00000     0.00000     0.00000     0.00000     0.00000     0.04415
     0.03750     0.00108     0.01256     0.00132     0.00272     0.00488     0.00346     0.00473     0.00237     0.00363     0.00000     0.00000     0.00000     0.00000     0.00000     0.00000     0.00000     0.03677
     0.09150     0.00098     0.01180     0.00117     0.00250     0.00491     0.00284     0.00419     0.00232     0.00347     0.00000     0.00000     0.00000     0.00000     0.00000     0.00000     0.00000     0.03420
     0.14550     0.00093     0.01140     0.00121     0.00247     0.00552     0.00297     0.00391     0.00276     0.00363     0.00000     0.00000     0.00000     0.00000     0.00000     0.00000     0.00000     0.03480
     0.19950     0.00097     0.01218     0.00135     0.00253     0.00602     0.00289     0.00352     0.00272     0.00335     0.00000     0.00000     0.00000     0.00000     0.00000     0.00000     0.00000     0.03552
     0.25350     0.00100     0.01223     0.00165     0.00270     0.00605     0.00278     0.00373     0.00293     0.00350     0.00000     0.00000     0.00000     0.00000     0.00000     0.00000     0.00000     0.03657
     0.30650     0.00091     0.01095     0.00137     0.00210     0.00581     0.00277     0.00333     0.00288     0.00289     0.00000     0.00000     0.00000     0.00000     0.00000     0.00000     0.00000     0.03302
     0.36050     0.00092     0.01042     0.00165     0.00235     0.00608     0.00327     0.00364     0.00346     0.00321     0.00000     0.00000     0.00000     0.00000     0.00000     0.00000     0.00000     0.03500
     0.41450     0.00085     0.00814     0.00207     0.00274     0.00782     0.00392     0.00473     0.00353     0.00347     0.00000     0.00000     0.00000     0.00000     0.00000     0.00000     0.00000     0.03726
     0.46850     0.00072     0.00582     0.00232     0.00305     0.00898     0.00430     0.00502     0.00362     0.00347     0.00000     0.00000     0.00000     0.00000     0.00000     0.00000     0.00000     0.03730
     0.52250     0.00071     0.00589     0.00254     0.00339     0.00889     0.00443     0.00475     0.00376     0.00374     0.00000     0.00000     0.00000     0.00000     0.00000     0.00000     0.00000     0.03810
     0.57650     0.00070     0.00357     0.00279     0.00369     0.00783     0.00443     0.00411     0.00389     0.00383     0.00000     0.00000     0.00000     0.00000     0.00000     0.00000     0.00000     0.03483
     0.62950     0.00068     0.00251     0.00290     0.00343     0.00687     0.00391     0.00361     0.00356     0.00329     0.00000     0.00000     0.00000     0.00000     0.00000     0.00000     0.00000     0.03076
     0.68350     0.00084     0.00264     0.00320     0.00410     0.00727     0.00383     0.00363     0.00355     0.00362     0.00000     0.00000     0.00000     0.00000     0.00000     0.00000     0.00000     0.03267
     0.73750     0.00101     0.00299     0.00359     0.00470     0.00676     0.00374     0.00356     0.00348     0.00385     0.00000     0.00000     0.00000     0.00000     0.00000     0.00000     0.00000     0.03368
     0.79150     0.00112     0.00321     0.00398     0.00485     0.00659     0.00369     0.00361     0.00331     0.00389     0.00000     0.00000     0.00000     0.00000     0.00000     0.00000     0.00000     0.03424
     0.84550     0.00122     0.00333     0.00467     0.00503     0.00613     0.00372     0.00373     0.00316     0.00414     0.00000     0.00000     0.00000     0.00000     0.00000     0.00000     0.00000     0.03514
     0.89950     0.00138     0.00353     0.00490     0.00540     0.00576     0.00371     0.00405     0.00303     0.00475     0.00000     0.00000     0.00000     0.00000     0.00000     0.00000     0.00000     0.03651
     0.95350     0.00145     0.00381     0.00511     0.00551     0.00578     0.00374     0.00427     0.00322     0.00515     0.00000     0.00000     0.00000     0.00000     0.00000     0.00000     0.00000     0.03804
     1.00650     0.00149     0.00402     0.00536     0.00550     0.00578     0.00386     0.00449     0.00326     0.00521     0.00000     0.00000     0.00000     0.00000     0.00000     0.00000     0.00000     0.03896
     1.06050     0.00154     0.00381     0.00517     0.00522     0.00558     0.00291     0.00479     0.00205     0.00495     0.00000     0.00000     0.00000     0.00000     0.00000     0.00000     0.00000     0.03601
     1.11450     0.00155     0.00375     0.00509     0.00475     0.00552     0.00268     0.00534     0.00174     0.00479     0.00000     0.00000     0.00000     0.00000     0.00000     0.00000     0.00000     0.03522
     1.16850     0.00168     0.00386     0.00494     0.00464     0.00605     0.00277     0.00572     0.00175     0.00489     0.00000     0.00000     0.00000     0.00000     0.00000     0.00000     0.00000     0.03628
     1.22250     0.00189     0.00390     0.00400     0.00443     0.00665     0.00401     0.00528     0.00243     0.00513     0.00000     0.00000     0.00000     0.00000     0.00000     0.00000     0.00000     0.03770
     1.27650     0.00237     0.00452     0.00402     0.00482     0.00652     0.00470     0.00602     0.00299     0.00571     0.00000     0.00000     0.00000     0.00000     0.00000     0.00000     0.00000     0.04166
     1.32950     0.00247     0.00505     0.00393     0.00496     0.00595     0.00458     0.00591     0.00310     0.00615     0.00000     0.00000     0.00000     0.00000     0.00000     0.00000     0.00000     0.04211
     1.38350     0.00253     0.00564     0.00412     0.00504     0.00551     0.00421     0.00586     0.00302     0.00631     0.00000     0.00000     0.00000     0.00000     0.00000     0.00000     0.00000     0.04225
     1.43750     0.00259     0.00556     0.00445     0.00461     0.00509     0.00388     0.00535     0.00279     0.00588     0.00000     0.00000     0.00000     0.00000     0.00000     0.00000     0.00000     0.04021
     1.49150     0.00262     0.00544     0.00404     0.00424     0.00486     0.00370     0.00511     0.00274     0.00543     0.00000     0.00000     0.00000     0.00000     0.00000     0.00000     0.00000     0.03819
     1.54550     0.00260     0.00551     0.00399     0.00401     0.00446     0.00339     0.00480     0.00252     0.00538     0.00000     0.00000     0.00000     0.00000     0.00000     0.00000     0.00000     0.03666
     1.59950     0.00274     0.00585     0.00413     0.00403     0.00424     0.00333     0.00472     0.00253     0.00544     0.00000     0.00000     0.00000     0.00000     0.00000     0.00000     0.00000     0.03700
     1.65350     0.00388     0.00641     0.00415     0.00419     0.00400     0.00328     0.00446     0.00245     0.00590     0.00000     0.00000     0.00000     0.00000     0.00000     0.00000     0.00000     0.03873
     1.70650     0.00400     0.00692     0.00428     0.00450     0.00404     0.00348     0.00420     0.00248     0.00615     0.00000     0.00000     0.00000     0.00000     0.00000     0.00000     0.00000     0.04004
     1.76050     0.00420     0.00736     0.00437     0.00489     0.00401     0.00329     0.00395     0.00235     0.00634     0.00000     0.00000     0.00000     0.00000     0.00000     0.00000     0.00000     0.04076
     1.81450     0.00422     0.00760     0.00468     0.00538     0.00389     0.00348     0.00384     0.00250     0.00614     0.00000     0.00000     0.00000     0.00000     0.00000     0.00000     0.00000     0.04174
     1.86850     0.00442     0.00719     0.00485     0.00531     0.00341     0.00300     0.00358     0.00221     0.00523     0.00000     0.00000     0.00000     0.00000     0.00000     0.00000     0.00000     0.03920
     1.92250     0.00464     0.00728     0.00522     0.00552     0.00297     0.00263     0.00330     0.00196     0.00493     0.00000     0.00000     0.00000     0.00000     0.00000     0.00000     0.00000     0.03844
     1.97650     0.00475     0.00781     0.00588     0.00617     0.00282     0.00250     0.00327     0.00190     0.00500     0.00000     0.00000     0.00000     0.00000     0.00000     0.00000     0.00000     0.04011
     2.03050     0.00495     0.00935     0.00702     0.00740     0.00274     0.00248     0.00341     0.00185     0.00543     0.00000     0.00000     0.00000     0.00000     0.00000     0.00000     0.00000     0.04464
     2.08350     0.00541     0.01207     0.00957     0.00996     0.00263     0.00246     0.00349     0.00184     0.00615     0.00000     0.00000     0.00000     0.00000     0.00000     0.00000     0.00000     0.05358
     2.13750     0.00575     0.01179     0.00907     0.00957     0.00259     0.00244     0.00373     0.00186     0.00673     0.00000     0.00000     0.00000     0.00000     0.00000     0.00000     0.00000     0.05352
     2.19150     0.00611     0.01026     0.00865     0.00936     0.00249     0.00226     0.00385     0.00189     0.00602     0.00000     0.00000     0.00000     0.00000     0.00000     0.00000     0.00000     0.05089
     2.24550     0.00624     0.00984     0.00826     0.00988     0.00286     0.00271     0.00462     0.00239     0.00663     0.00000     0.00000     0.00000     0.00000     0.00000     0.00000     0.00000     0.05342
     2.29950     0.00654     0.00915     0.00770     0.00898     0.00278     0.00285     0.00538     0.00240     0.00546     0.00000     0.00000     0.00000     0.00000     0.00000     0.00000     0.00000     0.05124
     2.35350     0.00683     0.00892     0.00737     0.00870     0.00291     0.00280     0.00573     0.00234     0.00528     0.00000     0.00000     0.00000     0.00000     0.00000     0.00000     0.00000     0.05088
     2.40650     0.00696     0.00862     0.00647     0.00856     0.00287     0.00252     0.00540     0.00233     0.00467     0.00000     0.00000     0.00000     0.00000     0.00000     0.00000     0.00000     0.04840
     2.46050     0.00717     0.00840     0.00577     0.00791     0.00274     0.00222     0.00535     0.00212     0.00418     0.00000     0.00000     0.00000     0.00000     0.00000     0.00000     0.00000     0.04585
     2.51450     0.00713     0.00910     0.00544     0.00842     0.00267     0.00232     0.00535     0.00213     0.00653     0.00000     0.00000     0.00000     0.00000     0.00000     0.00000     0.00000     0.04908
     2.56850     0.00760     0.00997     0.00526     0.00864     0.00275     0.00258     0.00584     0.00228     0.00897     0.00000     0.00000     0.00000     0.00000     0.00000     0.00000     0.00000     0.05389
     2.62250     0.00649     0.00988     0.00492     0.00800     0.00256     0.00269     0.00545     0.00231     0.00976     0.00000     0.00000     0.00000     0.00000     0.00000     0.00000     0.00000     0.05206
     2.67650     0.00584     0.00910     0.00471     0.00761     0.00231     0.00255     0.00522     0.00219     0.00763     0.00000     0.00000     0.00000     0.00000     0.00000     0.00000     0.00000     0.04716
     2.73050     0.00551     0.00730     0.00396     0.00568     0.00189     0.00242     0.00454     0.00221     0.00714     0.00000     0.00000     0.00000     0.00000     0.00000     0.00000     0.00000     0.04065
     2.78350     0.00534     0.00511     0.00331     0.00395     0.00164     0.00218     0.00372     0.00209     0.00644     0.00000     0.00000     0.00000     0.00000     0.00000     0.00000     0.00000     0.03378
     2.83750     0.00547     0.00433     0.00326     0.00292     0.00169     0.00221     0.00363     0.00215     0.00583     0.00000     0.00000     0.00000     0.00000     0.00000     0.00000     0.00000     0.03150
     2.89150     0.00576     0.00413     0.00373     0.00259     0.00215     0.00209     0.00399     0.00218     0.00516     0.00000     0.00000     0.00000     0.00000     0.00000     0.00000     0.00000     0.03177
     2.94550     0.00654     0.00431     0.00505     0.00286     0.00289     0.00198     0.00458     0.00209     0.00450     0.00000     0.00000     0.00000     0.00000     0.00000     0.00000     0.00000     0.03480
     2.99950     0.00841     0.00586     0.00640     0.00379     0.00342     0.00225     0.00533     0.00233     0.00634     0.00000     0.00000     0.00000     0.00000     0.00000     0.00000     0.00000     0.04415
     3.05350     0.00957     0.00692     0.00754     0.00442     0.00416     0.00238     0.00624     0.00229     0.00747     0.00000     0.00000     0.00000     0.00000     0.00000     0.00000     0.00000     0.05100
     3.10650     0.01152     0.00795     0.00753     0.00492     0.00438     0.00255     0.00645     0.00237     0.01181     0.00000     0.00000     0.00000     0.00000     0.00000     0.00000     0.00000     0.05949
     3.16050     0.01069     0.00700     0.00753     0.00393     0.00487     0.00273     0.00684     0.00216     0.00929     0.00000     0.00000     0.00000     0.00000     0.00000     0.00000     0.00000     0.05502
     3.21450     0.01023     0.00654     0.00735     0.00410     0.00593     0.00310     0.00771     0.00203     0.01013     0.00000     0.00000     0.00000     0.00000     0.00000     0.00000     0.00000     0.05712
     3.26850     0.01031     0.00642     0.00763     0.00486     0.00704     0.00354     0.00858     0.00189     0.01054     0.00000     0.00000     0.00000     0.00000     0.00000     0.00000     0.00000     0.06081
     3.32250     0.01058     0.00667     0.00898     0.00598     0.01046     0.00531     0.01284     0.00261     0.01050     0.00000     0.00000     0.00000     0.00000     0.00000     0.00000     0.00000     0.07393
     3.37650     0.01180     0.00718     0.01048     0.00714     0.01071     0.00658     0.01263     0.00213     0.01143     0.00000     0.00000     0.00000     0.00000     0.00000     0.00000     0.00000     0.08009
     3.43050     0.00858     0.00565     0.00673     0.00482     0.00523     0.00359     0.00712     0.00165     0.00946     0.00000     0.00000     0.00000     0.00000     0.00000     0.00000     0.00000     0.05283
     3.48350     0.00866     0.00586     0.00655     0.00434     0.00405     0.00285     0.00626     0.00166     0.00968     0.00000     0.00000     0.00000     0.00000     0.00000     0.00000     0.00000     0.04993
     3.53750     0.00964     0.00765     0.00751     0.00498     0.00486     0.00339     0.00809     0.00209     0.01261     0.00000     0.00000     0.00000     0.00000     0.00000     0.00000     0.00000     0.06082
     3.59150     0.01048     0.01157     0.00817     0.00565     0.00524     0.00331     0.00848     0.00198     0.02743     0.00000     0.00000     0.00000     0.00000     0.00000     0.00000     0.00000     0.08231
     3.64550     0.01245     0.01316     0.00921     0.00670     0.00604     0.00406     0.01107     0.00234     0.03670     0.00000     0.00000     0.00000     0.00000     0.00000     0.00000     0.00000     0.10174
     3.69950     0.00918     0.01186     0.00774     0.00670     0.00548     0.00415     0.00843     0.00248     0.03460     0.00000     0.00000     0.00000     0.00000     0.00000     0.00000     0.00000     0.09062
     3.75350     0.00710     0.01103     0.00745     0.00649     0.00495     0.00388     0.00621     0.00227     0.02644     0.00000     0.00000     0.00000     0.00000     0.00000     0.00000     0.00000     0.07582
     3.80750     0.00629     0.00936     0.00641     0.00514     0.00419     0.00338     0.00467     0.00183     0.01791     0.00000     0.00000     0.00000     0.00000     0.00000     0.00000     0.00000     0.05919
     3.86050     0.00706     0.00995     0.00879     0.00595     0.00707     0.00357     0.00533     0.00184     0.01213     0.00000     0.00000     0.00000     0.00000     0.00000     0.00000     0.00000     0.06169
     3.91450     0.00759     0.01112     0.01125     0.00707     0.00864     0.00394     0.00600     0.00218     0.00785     0.00000     0.00000     0.00000     0.00000     0.00000     0.00000     0.00000     0.06564
     3.96850     0.01008     0.01499     0.01922     0.01063     0.01080     0.00464     0.00915     0.00271     0.00756     0.00000     0.00000     0.00000     0.00000     0.00000     0.00000     0.00000     0.08978
     4.02250     0.01013     0.01881     0.01890     0.01404     0.01123     0.00560     0.00863     0.00364     0.00839     0.00000     0.00000     0.00000     0.00000     0.00000     0.00000     0.00000     0.09937
     4.07650     0.00963     0.02298     0.01929     0.01786     0.01115     0.00709     0.00884     0.00560     0.00943     0.00000     0.00000     0.00000     0.00000     0.00000     0.00000     0.00000     0.11188
     4.13050     0.00951     0.02704     0.02045     0.02180     0.01151     0.00942     0.01017     0.00674     0.00907     0.00000     0.00000     0.00000     0.00000     0.00000     0.00000     0.00000     0.12572
     4.18350     0.00868     0.02559     0.01638     0.02164     0.01070     0.00794     0.00974     0.00667     0.00849     0.00000     0.00000     0.00000     0.00000     0.00000     0.00000     0.00000     0.11583
     4.23750     0.00769     0.01915     0.01221     0.01618     0.01024     0.00473     0.00733     0.00546     0.00773     0.00000     0.00000     0.00000     0.00000     0.00000     0.00000     0.00000     0.09071
     4.29150     0.00573     0.01099     0.01115     0.00821     0.01020     0.00344     0.00651     0.00499     0.00719     0.00000     0.00000     0.00000     0.00000     0.00000     0.00000     0.00000     0.06842
     4.34550     0.00584     0.01115     0.01126     0.00788     0.01057     0.00328     0.00740     0.00568     0.00755     0.00000     0.00000     0.00000     0.00000     0.00000     0.00000     0.00000     0.07061
     4.39950     0.00636     0.01207     0.01191     0.00843     0.01123     0.00332     0.00783     0.00506     0.00756     0.00000     0.00000     0.00000     0.00000     0.00000     0.00000     0.00000     0.07377
     4.45350     0.00732     0.01440     0.01342     0.00993     0.01239     0.00374     0.00913     0.00502     0.00757     0.00000     0.00000     0.00000     0.00000     0.00000     0.00000     0.00000     0.08292
     4.50750     0.00817     0.01612     0.01595     0.01123     0.01412     0.00444     0.01185     0.00483     0.00771     0.00000     0.00000     0.00000     0.00000     0.00000     0.00000     0.00000     0.09441
     4.56050     0.00799     0.01600     0.01674     0.01097     0.01391     0.00437     0.01090     0.00342     0.00730     0.00000     0.00000     0.00000     0.00000     0.00000     0.00000     0.00000     0.09161
     4.61450     0.00702     0.01631     0.01432     0.01026     0.01401     0.00379     0.00872     0.00287     0.00686     0.00000     0.00000     0.00000     0.00000     0.00000     0.00000     0.00000     0.08416
     4.66850     0.00564     0.01891     0.01516     0.01132     0.01617     0.00333     0.00782     0.00269     0.00610     0.00000     0.00000     0.00000     0.00000     0.00000     0.00000     0.00000     0.08715
     4.72250     0.00486     0.02245     0.01556     0.01245     0.01615     0.00355     0.00764     0.00331     0.00598     0.00000     0.00000     0.00000     0.00000     0.00000     0.00000     0.00000     0.09195
     4.77650     0.00435     0.03128     0.01551     0.01602     0.01271     0.00480     0.00806     0.00471     0.00730     0.00000     0.00000     0.00000     0.00000     0.00000     0.00000     0.00000     0.10474
     4.83050     0.00481     0.02976     0.01603     0.02238     0.01498     0.00704     0.01043     0.00831     0.00748     0.00000     0.00000     0.00000     0.00000     0.00000     0.00000     0.00000     0.12122
     4.88350     0.00453     0.01879     0.01421     0.01387     0.01246     0.00597     0.00848     0.00711     0.00547     0.00000     0.00000     0.00000     0.00000     0.00000     0.00000     0.00000     0.09089
     4.93750     0.00500     0.01542     0.01544     0.01235     0.01380     0.00717     0.00940     0.00864     0.00503     0.00000     0.00000     0.00000     0.00000     0.00000     0.00000     0.00000     0.09226
     4.99150     0.00522     0.01288     0.01267     0.00991     0.01075     0.00437     0.00915     0.00518     0.00410     0.00000     0.00000     0.00000     0.00000     0.00000     0.00000     0.00000     0.07422
     5.04550     0.00586     0.01313     0.01448     0.01095     0.01073     0.00353     0.00884     0.00381     0.00370     0.00000     0.00000     0.00000     0.00000     0.00000     0.00000     0.00000     0.07505
     5.09950     0.00658     0.01355     0.01523     0.01264     0.01129     0.00375     0.00862     0.00369     0.00363     0.00000     0.00000     0.00000     0.00000     0.00000     0.00000     0.00000     0.07898
     5.15350     0.00731     0.01345     0.01726     0.01353     0.01170     0.00453     0.00873     0.00342     0.00365     0.00000     0.00000     0.00000     0.00000     0.00000     0.00000     0.00000     0.08359
     5.20750     0.00810     0.01493     0.02071     0.01379     0.01237     0.00465     0.00861     0.00314     0.00358     0.00000     0.00000     0.00000     0.00000     0.00000     0.00000     0.00000     0.08987
     5.26050     0.00815     0.01461     0.02016     0.01394     0.01175     0.00494     0.00747     0.00290     0.00332     0.00000     0.00000     0.00000     0.00000     0.00000     0.00000     0.00000     0.08722
     5.31450     0.00837     0.01404     0.01976     0.01488     0.01183     0.00602     0.00675     0.00285     0.00301     0.00000     0.00000     0.00000     0.00000     0.00000     0.00000     0.00000     0.08751
     5.36850     0.00803     0.01259     0.01937     0.01490     0.01111     0.00717     0.00601     0.00283     0.00241     0.00000     0.00000     0.00000     0.00000     0.00000     0.00000     0.00000     0.08442
     5.42250     0.00780     0.01188     0.01854     0.01436     0.00965     0.00695     0.00579     0.00296     0.00216     0.00000     0.00000     0.00000     0.00000     0.00000     0.00000     0.00000     0.08010
     5.47650     0.00774     0.01174     0.01753     0.01515     0.00842     0.00690     0.00593     0.00329     0.00221     0.00000     0.00000     0.00000     0.00000     0.00000     0.00000     0.00000     0.07891
     5.53050     0.00811     0.01152     0.01739     0.01558     0.00808     0.00729     0.00602     0.00368     0.00257     0.00000     0.00000     0.00000     0.00000     0.00000     0.00000     0.00000     0.08023
     5.58350     0.00817     0.01069     0.01701     0.01186     0.00717     0.00715     0.00568     0.00390     0.00262     0.00000     0.00000     0.00000     0.00000     0.00000     0.00000     0.00000     0.07425
     5.63750     0.00826     0.01065     0.02031     0.01021     0.00631     0.00668     0.00492     0.00350     0.00243     0.00000     0.00000     0.00000     0.00000     0.00000     0.00000     0.00000     0.07328
     5.69150     0.00810     0.01093     0.02380     0.00940     0.00678     0.00721     0.00449     0.00300     0.00235     0.00000     0.00000     0.00000     0.00000     0.00000     0.00000     0.00000     0.07606
     5.74550     0.00850     0.01150     0.03097     0.00979     0.00815     0.00899     0.00468     0.00305     0.00236     0.00000     0.00000     0.00000     0.00000     0.00000     0.00000     0.00000     0.08800
     5.79950     0.00869     0.01142     0.03351     0.01130     0.00919     0.00888     0.00464     0.00333     0.00243     0.00000     0.00000     0.00000     0.00000     0.00000     0.00000     0.00000     0.09338
     5.85350     0.00834     0.01053     0.03434     0.01259     0.00999     0.00921     0.00458     0.00331     0.00216     0.00000     0.00000     0.00000     0.00000     0.00000     0.00000     0.00000     0.09505
     5.90750     0.00781     0.00953     0.03244     0.01199     0.00885     0.00785     0.00442     0.00343     0.00174     0.00000     0.00000     0.00000     0.00000     0.00000     0.00000     0.00000     0.08805
     5.96050     0.00764     0.00928     0.03084     0.01041     0.00694     0.00721     0.00407     0.00371     0.00153     0.00000     0.00000     0.00000     0.00000     0.00000     0.00000     0.00000     0.08164
     6.01450     0.00732     0.01040     0.02506     0.00988     0.00535     0.00577     0.00353     0.00355     0.00132     0.00000     0.00000     0.00000     0.00000     0.00000     0.00000     0.00000     0.07219
     6.06850     0.00664     0.00889     0.02154     0.00960     0.00468     0.00528     0.00300     0.00316     0.00101     0.00000     0.00000     0.00000     0.00000     0.00000     0.00000     0.00000     0.06379
     6.12250     0.00680     0.00965     0.02022     0.01083     0.00456     0.00492     0.00269     0.00301     0.00085     0.00000     0.00000     0.00000     0.00000     0.00000     0.00000     0.00000     0.06352
     6.17650     0.00670     0.00744     0.01921     0.00902     0.00402     0.00416     0.00292     0.00255     0.00064     0.00000     0.00000     0.00000     0.00000     0.00000     0.00000     0.00000     0.05665
     6.23050     0.00644     0.00584     0.01835     0.00692     0.00324     0.00376     0.00371     0.00259     0.00061     0.00000     0.00000     0.00000     0.00000     0.00000     0.00000     0.00000     0.05146
     6.28450     0.00622     0.00559     0.01983     0.00658     0.00304     0.00358     0.00470     0.00301     0.00136     0.00000     0.00000     0.00000     0.00000     0.00000     0.00000     0.00000     0.05390
     6.33750     0.00611     0.00583     0.02118     0.00701     0.00298     0.00378     0.00460     0.00346     0.00168     0.00000     0.00000     0.00000     0.00000     0.00000     0.00000     0.00000     0.05662
     6.39150     0.00608     0.00603     0.02222     0.00753     0.00296     0.00397     0.00391     0.00402     0.00183     0.00000     0.00000     0.00000     0.00000     0.00000     0.00000     0.00000     0.05855
     6.44550     0.00634     0.00604     0.02532     0.00805     0.00321     0.00287     0.00453     0.00283     0.00181     0.00000     0.00000     0.00000     0.00000     0.00000     0.00000     0.00000     0.06101
     6.49950     0.00694     0.00672     0.03138     0.01207     0.00401     0.00400     0.00714     0.00349     0.00327     0.00000     0.00000     0.00000     0.00000     0.00000     0.00000     0.00000     0.07902
     6.55350     0.00729     0.00722     0.03117     0.01437     0.00467     0.00468     0.00671     0.00339     0.00382     0.00000     0.00000     0.00000     0.00000     0.00000     0.00000     0.00000     0.08333
     6.60750     0.00640     0.00616     0.02848     0.01467     0.00421     0.00392     0.00645     0.00252     0.00368     0.00000     0.00000     0.00000     0.00000     0.00000     0.00000     0.00000     0.07650
     6.66050     0.00609     0.00595     0.02770     0.01362     0.00426     0.00378     0.00750     0.00244     0.00369     0.00000     0.00000     0.00000     0.00000     0.00000     0.00000     0.00000     0.07503
     6.71450     0.00591     0.00610     0.02713     0.01403     0.00445     0.00370     0.00821     0.00240     0.00504     0.00000     0.00000     0.00000     0.00000     0.00000     0.00000     0.00000     0.07698
     6.76850     0.00582     0.00596     0.02729     0.01280     0.00457     0.00356     0.01080     0.00250     0.00631     0.00000     0.00000     0.00000     0.00000     0.00000     0.00000     0.00000     0.07963
     6.82250     0.00581     0.00615     0.02687     0.01269     0.00458     0.00364     0.01134     0.00275     0.00841     0.00000     0.00000     0.00000     0.00000     0.00000     0.00000     0.00000     0.08224
     6.87650     0.00587     0.00620     0.02664     0.01287     0.00451     0.00386     0.01060     0.00299     0.01324     0.00000     0.00000     0.00000     0.00000     0.00000     0.00000     0.00000     0.08677
     6.93050     0.00585     0.00614     0.02609     0.01308     0.00436     0.00406     0.00915     0.00323     0.02757     0.00000     0.00000     0.00000     0.00000     0.00000     0.00000     0.00000     0.09952
     6.98450     0.00582     0.00562     0.02692     0.01270     0.00551     0.00385     0.00791     0.00308     0.01239     0.00000     0.00000     0.00000     0.00000     0.00000     0.00000     0.00000     0.08380
     7.03750     0.00595     0.00592     0.02872     0.01344     0.00734     0.00415     0.00800     0.00320     0.01029     0.00000     0.00000     0.00000     0.00000     0.00000     0.00000     0.00000     0.08702
     7.09150     0.00609     0.00620     0.03035     0.01408     0.00892     0.00449     0.00838     0.00332     0.00919     0.00000     0.00000     0.00000     0.00000     0.00000     0.00000     0.00000     0.09103
     7.14550     0.00659     0.00682     0.03251     0.01552     0.01032     0.00524     0.00930     0.00363     0.00842     0.00000     0.00000     0.00000     0.00000     0.00000     0.00000     0.00000     0.09834
     7.19950     0.00700     0.00853     0.03477     0.01765     0.01242     0.00623     0.01035     0.00409     0.00808     0.00000     0.00000     0.00000     0.00000     0.00000     0.00000     0.00000     0.10911
     7.25350     0.00710     0.01087     0.03761     0.01997     0.01418     0.00694     0.01131     0.00463     0.00801     0.00000     0.00000     0.00000     0.00000     0.00000     0.00000     0.00000     0.12063
     7.30750     0.00722     0.01175     0.03478     0.02018     0.01441     0.00787     0.01231     0.00534     0.00863     0.00000     0.00000     0.00000     0.00000     0.00000     0.00000     0.00000     0.12249
     7.36050     0.00934     0.01337     0.03889     0.02215     0.01567     0.01007     0.01284     0.00779     0.01041     0.00000     0.00000     0.00000     0.00000     0.00000     0.00000     0.00000     0.14054
     7.41450     0.00995     0.01413     0.04016     0.02258     0.01687     0.01075     0.01278     0.00857     0.01101     0.00000     0.00000     0.00000     0.00000     0.00000     0.00000     0.00000     0.14681
     7.46850     0.00947     0.01419     0.04027     0.02270     0.02073     0.01003     0.01360     0.00811     0.00963     0.00000     0.00000     0.00000     0.00000     0.00000     0.00000     0.00000     0.14873
     7.52250     0.00975     0.01415     0.04295     0.02443     0.02515     0.00998     0.01434     0.00824     0.00882     0.00000     0.00000     0.00000     0.00000     0.00000     0.00000     0.00000     0.15781
     7.57650     0.01076     0.01479     0.04567     0.02619     0.03267     0.01007     0.01701     0.00879     0.00794     0.00000     0.00000     0.00000     0.00000     0.00000     0.00000     0.00000     0.17389
     7.63050     0.01256     0.01433     0.04724     0.02708     0.02490     0.00945     0.01830     0.00931     0.00701     0.00000     0.00000     0.00000     0.00000     0.00000     0.00000     0.00000     0.17018
     7.68450     0.01417     0.01406     0.05416     0.02990     0.02880     0.00947     0.02113     0.01051     0.00702     0.00000     0.00000     0.00000     0.00000     0.00000     0.00000     0.00000     0.18922
     7.73750     0.01293     0.01221     0.06152     0.03150     0.03071     0.00910     0.02218     0.00913     0.00742     0.00000     0.00000     0.00000     0.00000     0.00000     0.00000     0.00000     0.19670
     7.79150     0.00746     0.01111     0.06030     0.02391     0.02859     0.00701     0.02062     0.00508     0.00765     0.00000     0.00000     0.00000     0.00000     0.00000     0.00000     0.00000     0.17174
     7.84550     0.00693     0.01206     0.07441     0.02319     0.03373     0.00826     0.02219     0.00476     0.01275     0.00000     0.00000     0.00000     0.00000     0.00000     0.00000     0.00000     0.19828
     7.89950     0.00637     0.01075     0.06716     0.02004     0.02823     0.00729     0.01853     0.00418     0.01021     0.00000     0.00000     0.00000     0.00000     0.00000     0.00000     0.00000     0.17277
     7.95350     0.00527     0.01028     0.04422     0.01644     0.01811     0.00561     0.01564     0.00345     0.01041     0.00000     0.00000     0.00000     0.00000     0.00000     0.00000     0.00000     0.12943
     8.00750     0.00483     0.00990     0.03990     0.01308     0.01544     0.00536     0.01478     0.00309     0.00988     0.00000     0.00000     0.00000     0.00000     0.00000     0.00000     0.00000     0.11625
     8.06050     0.00506     0.01085     0.05342     0.01180     0.01711     0.00709     0.01587     0.00302     0.00954     0.00000     0.00000     0.00000     0.00000     0.00000     0.00000     0.00000     0.13376
     8.11450     0.00509     0.01208     0.06710     0.01380     0.02652     0.01014     0.02099     0.00312     0.00981     0.00000     0.00000     0.00000     0.00000     0.00000     0.00000     0.00000     0.16865
     8.16850     0.00472     0.01297     0.06894     0.01366     0.02618     0.01102     0.02155     0.00296     0.00978     0.00000     0.00000     0.00000     0.00000     0.00000     0.00000     0.00000     0.17177
     8.22250     0.00416     0.01337     0.07228     0.01407     0.02514     0.01348     0.01987     0.00237     0.00976     0.00000     0.00000     0.00000     0.00000     0.00000     0.00000     0.00000     0.17450
     8.27650     0.00403     0.01485     0.07001     0.01632     0.02549     0.01644     0.01870     0.00197     0.00999     0.00000     0.00000     0.00000     0.00000     0.00000     0.00000     0.00000     0.17780
     8.33050     0.00368     0.01498     0.05855     0.02008     0.02647     0.01872     0.01950     0.00194     0.01057     0.00000     0.00000     0.00000     0.00000     0.00000     0.00000     0.00000     0.17449
     8.38450     0.00407     0.00955     0.04227     0.01687     0.02162     0.01256     0.02287     0.00227     0.01157     0.00000     0.00000     0.00000     0.00000     0.00000     0.00000     0.00000     0.14365
     8.43750     0.00412     0.00898     0.03413     0.01851     0.01683     0.01087     0.01959     0.00181     0.01035     0.00000     0.00000     0.00000     0.00000     0.00000     0.00000     0.00000     0.12518
     8.49150     0.00255     0.00649     0.02568     0.01302     0.00701     0.00502     0.01121     0.00140     0.00717     0.00000     0.00000     0.00000     0.00000     0.00000     0.00000     0.00000     0.07956
     8.54550     0.00210     0.00764     0.02295     0.01204     0.00597     0.00431     0.01174     0.00139     0.00739     0.00000     0.00000     0.00000     0.00000     0.00000     0.00000     0.00000     0.07553
     8.59950     0.00387     0.00946     0.02731     0.01381     0.00871     0.00619     0.01603     0.00206     0.00979     0.00000     0.00000     0.00000     0.00000     0.00000     0.00000     0.00000     0.09724
     8.65350     0.00617     0.01295     0.03310     0.01781     0.01086     0.00873     0.02504     0.00289     0.01281     0.00000     0.00000     0.00000     0.00000     0.00000     0.00000     0.00000     0.13037
     8.70750     0.00829     0.01703     0.03953     0.02404     0.01288     0.01132     0.02819     0.00332     0.01395     0.00000     0.00000     0.00000     0.00000     0.00000     0.00000     0.00000     0.15855
     8.76150     0.00765     0.01322     0.03667     0.01716     0.00741     0.00824     0.02996     0.00302     0.01110     0.00000     0.00000     0.00000     0.00000     0.00000     0.00000     0.00000     0.13444
     8.81450     0.00778     0.00884     0.02221     0.00906     0.00420     0.00501     0.02651     0.00257     0.00956     0.00000     0.00000     0.00000     0.00000     0.00000     0.00000     0.00000     0.09575
     8.86850     0.00605     0.00755     0.01730     0.00648     0.00260     0.00365     0.01593     0.00204     0.00547     0.00000     0.00000     0.00000     0.00000     0.00000     0.00000     0.00000     0.06708
     8.92250     0.00554     0.00747     0.01547     0.00623     0.00242     0.00351     0.01253     0.00192     0.00515     0.00000     0.00000     0.00000     0.00000     0.00000     0.00000     0.00000     0.06023
     8.97650     0.00562     0.00932     0.01557     0.00796     0.00245     0.00378     0.01381     0.00207     0.00507     0.00000     0.00000     0.00000     0.00000     0.00000     0.00000     0.00000     0.06564
     9.03050     0.00577     0.02166     0.01626     0.01545     0.00252     0.00470     0.03825     0.00274     0.00827     0.00000     0.00000     0.00000     0.00000     0.00000     0.00000     0.00000     0.11562
     9.08450     0.00563     0.02985     0.01804     0.01899     0.00281     0.00555     0.05703     0.00321     0.01366     0.00000     0.00000     0.00000     0.00000     0.00000     0.00000     0.00000     0.15477
     9.13750     0.00582     0.02890     0.01882     0.02183     0.00311     0.00660     0.04259     0.00295     0.00997     0.00000     0.00000     0.00000     0.00000     0.00000     0.00000     0.00000     0.14060
     9.19150     0.00572     0.02280     0.01775     0.01816     0.00342     0.00622     0.03281     0.00244     0.00945     0.00000     0.00000     0.00000     0.00000     0.00000     0.00000     0.00000     0.11877
     9.24550     0.00520     0.01882     0.01580     0.01323     0.00309     0.00444     0.02584     0.00204     0.00883     0.00000     0.00000     0.00000     0.00000     0.00000     0.00000     0.00000     0.09729
     9.29950     0.00604     0.01825     0.02048     0.01125     0.00408     0.00418     0.02666     0.00227     0.01084     0.00000     0.00000     0.00000     0.00000     0.00000     0.00000     0.00000     0.10404
     9.35350     0.00698     0.01051     0.02437     0.00894     0.00485     0.00391     0.01288     0.00217     0.00889     0.00000     0.00000     0.00000     0.00000     0.00000     0.00000     0.00000     0.08350
     9.40750     0.00810     0.00888     0.01930     0.00824     0.00366     0.00386     0.01100     0.00185     0.00709     0.00000     0.00000     0.00000     0.00000     0.00000     0.00000     0.00000     0.07198
     9.46150     0.00756     0.01046     0.01685     0.01026     0.00342     0.00413     0.01150     0.00174     0.00544     0.00000     0.00000     0.00000     0.00000     0.00000     0.00000     0.00000     0.07135
     9.51450     0.00766     0.01392     0.01878     0.01413     0.00360     0.00538     0.01430     0.00204     0.00501     0.00000     0.00000     0.00000     0.00000     0.00000     0.00000     0.00000     0.08483
     9.56850     0.00828     0.02631     0.02840     0.02305     0.00465     0.00671     0.02157     0.00341     0.00718     0.00000     0.00000     0.00000     0.00000     0.00000     0.00000     0.00000     0.12956
     9.62250     0.00686     0.02283     0.02141     0.02008     0.00351     0.00681     0.01772     0.00293     0.00630     0.00000     0.00000     0.00000     0.00000     0.00000     0.00000     0.00000     0.10845
     9.67650     0.00569     0.01525     0.01246     0.01229     0.00183     0.00581     0.01400     0.00192     0.00466     0.00000     0.00000     0.00000     0.00000     0.00000     0.00000     0.00000     0.07390
     9.73050     0.00533     0.01251     0.01002     0.00884     0.00136     0.00508     0.01230     0.00136     0.00363     0.00000     0.00000     0.00000     0.00000     0.00000     0.00000     0.00000     0.06043
     9.78450     0.00475     0.00908     0.00691     0.00604     0.00091     0.00323     0.01041     0.00100     0.00236     0.00000     0.00000     0.00000     0.00000     0.00000     0.00000     0.00000     0.04468
     9.83750     0.00407     0.00698     0.00546     0.00423     0.00055     0.00213     0.00992     0.00073     0.00166     0.00000     0.00000     0.00000     0.00000     0.00000     0.00000     0.00000     0.03573
     9.89150     0.00389     0.00602     0.00504     0.00347     0.00037     0.00144     0.00949     0.00059     0.00123     0.00000     0.00000     0.00000     0.00000     0.00000     0.00000     0.00000     0.03154
     9.94550     0.00402     0.00610     0.00543     0.00354     0.00034     0.00121     0.01008     0.00054     0.00102     0.00000     0.00000     0.00000     0.00000     0.00000     0.00000     0.00000     0.03228
     9.99950     0.00390     0.00482     0.00498     0.00277     0.00027     0.00086     0.00898     0.00041     0.00073     0.00000     0.00000     0.00000     0.00000     0.00000     0.00000     0.00000     0.02771
    10.05350     0.00364     0.00387     0.00463     0.00230     0.00022     0.00060     0.00822     0.00031     0.00047     0.00000     0.00000     0.00000     0.00000     0.00000     0.00000     0.00000     0.02425
    10.10750     0.00356     0.00346     0.00465     0.00199     0.00020     0.00045     0.00822     0.00026     0.00036     0.00000     0.00000     0.00000     0.00000     0.00000     0.00000     0.00000     0.02315
    10.16150     0.00362     0.00318     0.00498     0.00174     0.00020     0.00034     0.00875     0.00022     0.00032     0.00000     0.00000     0.00000     0.00000     0.00000     0.00000     0.00000     0.02335
    10.21450     0.00317     0.00249     0.00415     0.00133     0.00015     0.00024     0.00675     0.00017     0.00028     0.00000     0.00000     0.00000     0.00000     0.00000     0.00000     0.00000     0.01871
    10.26850     0.00241     0.00155     0.00290     0.00066     0.00008     0.00013     0.00422     0.00010     0.00022     0.00000     0.00000     0.00000     0.00000     0.00000     0.00000     0.00000     0.01226
    10.32250     0.00156     0.00121     0.00230     0.00045     0.00005     0.00010     0.00269     0.00007     0.00018     0.00000     0.00000     0.00000     0.00000     0.00000     0.00000     0.00000     0.00861
    10.37650     0.00105     0.00094     0.00190     0.00026     0.00003     0.00007     0.00190     0.00005     0.00014     0.00000     0.00000     0.00000     0.00000     0.00000     0.00000     0.00000     0.00634
    10.43050     0.00089     0.00083     0.00188     0.00021     0.00003     0.00006     0.00171     0.00004     0.00012     0.00000     0.00000     0.00000     0.00000     0.00000     0.00000     0.00000     0.00578
    10.48450     0.00076     0.00073     0.00193     0.00018     0.00003     0.00005     0.00156     0.00003     0.00010     0.00000     0.00000     0.00000     0.00000     0.00000     0.00000     0.00000     0.00537
    10.53850     0.00070     0.00077     0.00192     0.00016     0.00003     0.00005     0.00143     0.00003     0.00010     0.00000     0.00000     0.00000     0.00000     0.00000     0.00000     0.00000     0.00518
    10.59150     0.00047     0.00057     0.00159     0.00010     0.00002     0.00003     0.00121     0.00002     0.00006     0.00000     0.00000     0.00000     0.00000     0.00000     0.00000     0.00000     0.00407
    10.64550     0.00035     0.00046     0.00136     0.00008     0.00002     0.00002     0.00097     0.00001     0.00005     0.00000     0.00000     0.00000     0.00000     0.00000     0.00000     0.00000     0.00331
    10.69950     0.00023     0.00031     0.00104     0.00005     0.00001     0.00001     0.00068     0.00001     0.00003     0.00000     0.00000     0.00000     0.00000     0.00000     0.00000     0.00000     0.00236
    10.75350     0.00012     0.00014     0.00075     0.00002     0.00001     0.00001     0.00036     0.00000     0.00001     0.00000     0.00000     0.00000     0.00000     0.00000     0.00000     0.00000     0.00143
    10.80750     0.00006     0.00006     0.00044     0.00001     0.00001     0.00000     0.00018     0.00000     0.00000     0.00000     0.00000     0.00000     0.00000     0.00000     0.00000     0.00000     0.00076
    10.86150     0.00003     0.00003     0.00024     0.00000     0.00000     0.00000     0.00010     0.00000     0.00000     0.00000     0.00000     0.00000     0.00000     0.00000     0.00000     0.00000     0.00042
    10.91450     0.00001     0.00001     0.00010     0.00000     0.00000     0.00000     0.00004     0.00000     0.00000     0.00000     0.00000     0.00000     0.00000     0.00000     0.00000     0.00000     0.00018
    10.96850     0.00000     0.00000     0.00002     0.00000     0.00000     0.00000     0.00001     0.00000     0.00000     0.00000     0.00000     0.00000     0.00000     0.00000     0.00000     0.00000     0.00004
    11.02250     0.00000     0.00000     0.00000     0.00000     0.00000     0.00000     0.00000     0.00000     0.00000     0.00000     0.00000     0.00000     0.00000     0.00000     0.00000     0.00000     0.00000
    11.07650     0.00000     0.00000     0.00000     0.00000     0.00000     0.00000     0.00000     0.00000     0.00000     0.00000     0.00000     0.00000     0.00000     0.00000     0.00000     0.00000     0.00000
    11.13050     0.00000     0.00000     0.00000     0.00000     0.00000     0.00000     0.00000     0.00000     0.00000     0.00000     0.00000     0.00000     0.00000     0.00000     0.00000     0.00000     0.00000
    11.18450     0.00000     0.00000     0.00000     0.00000     0.00000     0.00000     0.00000     0.00000     0.00000     0.00000     0.00000     0.00000     0.00000     0.00000     0.00000     0.00000     0.00000
    11.23850     0.00000     0.00000     0.00000     0.00000     0.00000     0.00000     0.00000     0.00000     0.00000     0.00000     0.00000     0.00000     0.00000     0.00000     0.00000     0.00000     0.00000
    11.29150     0.00000     0.00000     0.00000     0.00000     0.00000     0.00000     0.00000     0.00000     0.00000     0.00000     0.00000     0.00000     0.00000     0.00000     0.00000     0.00000     0.00000
    11.34550     0.00000     0.00000     0.00000     0.00000     0.00000     0.00000     0.00000     0.00000     0.00000     0.00000     0.00000     0.00000     0.00000     0.00000     0.00000     0.00000     0.00000
    11.39950     0.00000     0.00000     0.00000     0.00000     0.00000     0.00000     0.00000     0.00000     0.00000     0.00000     0.00000     0.00000     0.00000     0.00000     0.00000     0.00000     0.00000
    11.45350     0.00000     0.00000     0.00000     0.00000     0.00000     0.00000     0.00000     0.00000     0.00000     0.00000     0.00000     0.00000     0.00000     0.00000     0.00000     0.00000     0.00000
    11.50750     0.00000     0.00000     0.00000     0.00000     0.00000     0.00000     0.00000     0.00000     0.00000     0.00000     0.00000     0.00000     0.00000     0.00000     0.00000     0.00000     0.00000
    11.56150     0.00000     0.00000     0.00000     0.00000     0.00000     0.00000     0.00000     0.00000     0.00000     0.00000     0.00000     0.00000     0.00000     0.00000     0.00000     0.00000     0.00000
    11.61450     0.00000     0.00000     0.00000     0.00000     0.00000     0.00000     0.00000     0.00000     0.00000     0.00000     0.00000     0.00000     0.00000     0.00000     0.00000     0.00000     0.00000
    11.66850     0.00000     0.00000     0.00000     0.00000     0.00000     0.00000     0.00000     0.00000     0.00000     0.00000     0.00000     0.00000     0.00000     0.00000     0.00000     0.00000     0.00000
    11.72250     0.00000     0.00000     0.00000     0.00000     0.00000     0.00000     0.00000     0.00000     0.00000     0.00000     0.00000     0.00000     0.00000     0.00000     0.00000     0.00000     0.00000
    11.77650     0.00000     0.00000     0.00000     0.00000     0.00000     0.00000     0.00000     0.00000     0.00000     0.00000     0.00000     0.00000     0.00000     0.00000     0.00000     0.00000     0.00000
    11.83050     0.00000     0.00000     0.00000     0.00000     0.00000     0.00000     0.00000     0.00000     0.00000     0.00000     0.00000     0.00000     0.00000     0.00000     0.00000     0.00000     0.00000
    11.88450     0.00000     0.00000     0.00000     0.00000     0.00000     0.00000     0.00000     0.00000     0.00000     0.00000     0.00000     0.00000     0.00000     0.00000     0.00000     0.00000     0.00000
    11.93850     0.00000     0.00000     0.00000     0.00000     0.00000     0.00000     0.00000     0.00000     0.00000     0.00000     0.00000     0.00000     0.00000     0.00000     0.00000     0.00000     0.00000
    11.99150     0.00000     0.00000     0.00000     0.00000     0.00000     0.00000     0.00000     0.00000     0.00000     0.00000     0.00000     0.00000     0.00000     0.00000     0.00000     0.00000     0.00000
    12.04550     0.00000     0.00000     0.00000     0.00000     0.00000     0.00000     0.00000     0.00000     0.00000     0.00000     0.00000     0.00000     0.00000     0.00000     0.00000     0.00000     0.00000
    12.09950     0.00000     0.00000     0.00000     0.00000     0.00000     0.00000     0.00000     0.00000     0.00000     0.00000     0.00000     0.00000     0.00000     0.00000     0.00000     0.00000     0.00000
    12.15350     0.00000     0.00000     0.00000     0.00000     0.00000     0.00000     0.00000     0.00000     0.00000     0.00000     0.00000     0.00000     0.00000     0.00000     0.00000     0.00000     0.00000
    12.20750     0.00000     0.00000     0.00000     0.00000     0.00000     0.00000     0.00000     0.00000     0.00000     0.00000     0.00000     0.00000     0.00000     0.00000     0.00000     0.00000     0.00000
    12.26150     0.00000     0.00000     0.00000     0.00000     0.00000     0.00000     0.00000     0.00000     0.00000     0.00000     0.00000     0.00000     0.00000     0.00000     0.00000     0.00000     0.00000
    12.31450     0.00000     0.00000     0.00000     0.00000     0.00000     0.00000     0.00000     0.00000     0.00000     0.00000     0.00000     0.00000     0.00000     0.00000     0.00000     0.00000     0.00000
    12.36850     0.00000     0.00000     0.00000     0.00000     0.00000     0.00000     0.00000     0.00000     0.00000     0.00000     0.00000     0.00000     0.00000     0.00000     0.00000     0.00000     0.00000
    12.42250     0.00000     0.00000     0.00000     0.00000     0.00000     0.00000     0.00000     0.00000     0.00000     0.00000     0.00000     0.00000     0.00000     0.00000     0.00000     0.00000     0.00000
    12.47650     0.00000     0.00000     0.00000     0.00000     0.00000     0.00000     0.00000     0.00000     0.00000     0.00000     0.00000     0.00000     0.00000     0.00000     0.00000     0.00000     0.00000
    12.53050     0.00000     0.00000     0.00000     0.00000     0.00000     0.00000     0.00000     0.00000     0.00000     0.00000     0.00000     0.00000     0.00000     0.00000     0.00000     0.00000     0.00000
    12.58450     0.00000     0.00000     0.00000     0.00000     0.00000     0.00000     0.00000     0.00000     0.00000     0.00000     0.00000     0.00000     0.00000     0.00000     0.00000     0.00000     0.00000
    12.63850     0.00000     0.00000     0.00000     0.00000     0.00000     0.00000     0.00000     0.00000     0.00000     0.00000     0.00000     0.00000     0.00000     0.00000     0.00000     0.00000     0.00000
    12.69150     0.00000     0.00000     0.00000     0.00000     0.00000     0.00000     0.00000     0.00000     0.00000     0.00000     0.00000     0.00000     0.00000     0.00000     0.00000     0.00000     0.00000
    12.74550     0.00000     0.00000     0.00000     0.00000     0.00000     0.00000     0.00000     0.00000     0.00000     0.00000     0.00000     0.00000     0.00000     0.00000     0.00000     0.00000     0.00000
    12.79950     0.00000     0.00000     0.00000     0.00000     0.00000     0.00000     0.00000     0.00000     0.00000     0.00000     0.00000     0.00000     0.00000     0.00000     0.00000     0.00000     0.00000
    12.85350     0.00000     0.00000     0.00000     0.00000     0.00000     0.00000     0.00000     0.00000     0.00000     0.00000     0.00000     0.00000     0.00000     0.00000     0.00000     0.00000     0.00000
    12.90750     0.00000     0.00000     0.00000     0.00000     0.00000     0.00000     0.00000     0.00000     0.00000     0.00000     0.00000     0.00000     0.00000     0.00000     0.00000     0.00000     0.00000
    12.96150     0.00000     0.00000     0.00000     0.00000     0.00000     0.00000     0.00000     0.00000     0.00000     0.00000     0.00000     0.00000     0.00000     0.00000     0.00000     0.00000     0.00000
    13.01550     0.00000     0.00000     0.00000     0.00000     0.00000     0.00000     0.00000     0.00000     0.00000     0.00000     0.00000     0.00000     0.00000     0.00000     0.00000     0.00000     0.00000
    13.06850     0.00000     0.00000     0.00000     0.00000     0.00000     0.00000     0.00000     0.00000     0.00000     0.00000     0.00000     0.00000     0.00000     0.00000     0.00000     0.00000     0.00000
    13.12250     0.00000     0.00000     0.00000     0.00000     0.00000     0.00000     0.00000     0.00000     0.00000     0.00000     0.00000     0.00000     0.00000     0.00000     0.00000     0.00000     0.00000
    13.17650     0.00000     0.00000     0.00000     0.00000     0.00000     0.00000     0.00000     0.00000     0.00000     0.00000     0.00000     0.00000     0.00000     0.00000     0.00000     0.00000     0.00000
    13.23050     0.00000     0.00000     0.00000     0.00000     0.00000     0.00000     0.00000     0.00000     0.00000     0.00000     0.00000     0.00000     0.00000     0.00000     0.00000     0.00000     0.00000
    13.28450     0.00000     0.00000     0.00000     0.00000     0.00000     0.00000     0.00000     0.00000     0.00000     0.00000     0.00000     0.00000     0.00000     0.00000     0.00000     0.00000     0.00000
    13.33850     0.00000     0.00000     0.00000     0.00000     0.00000     0.00000     0.00000     0.00000     0.00000     0.00000     0.00000     0.00000     0.00000     0.00000     0.00000     0.00000     0.00000
    13.39150     0.00000     0.00000     0.00000     0.00000     0.00000     0.00000     0.00000     0.00000     0.00000     0.00000     0.00000     0.00000     0.00000     0.00000     0.00000     0.00000     0.00000
    13.44550     0.00000     0.00000     0.00000     0.00000     0.00000     0.00000     0.00000     0.00000     0.00000     0.00000     0.00000     0.00000     0.00000     0.00000     0.00000     0.00000     0.00000
    13.49950     0.00000     0.00000     0.00000     0.00000     0.00000     0.00000     0.00000     0.00000     0.00000     0.00000     0.00000     0.00000     0.00000     0.00000     0.00000     0.00000     0.00000
    13.55350     0.00000     0.00000     0.00000     0.00000     0.00000     0.00000     0.00000     0.00000     0.00000     0.00000     0.00000     0.00000     0.00000     0.00000     0.00000     0.00000     0.00000
    13.60750     0.00000     0.00000     0.00000     0.00000     0.00000     0.00000     0.00000     0.00000     0.00000     0.00000     0.00000     0.00000     0.00000     0.00000     0.00000     0.00000     0.00000
    13.66150     0.00000     0.00000     0.00000     0.00000     0.00000     0.00000     0.00000     0.00000     0.00000     0.00000     0.00000     0.00000     0.00000     0.00000     0.00000     0.00000     0.00000
    13.71550     0.00000     0.00000     0.00000     0.00000     0.00000     0.00000     0.00000     0.00000     0.00000     0.00000     0.00000     0.00000     0.00000     0.00000     0.00000     0.00000     0.00000
    13.76850     0.00000     0.00000     0.00000     0.00000     0.00000     0.00000     0.00000     0.00000     0.00000     0.00000     0.00000     0.00000     0.00000     0.00000     0.00000     0.00000     0.00000
    13.82250     0.00000     0.00000     0.00000     0.00000     0.00000     0.00000     0.00000     0.00000     0.00000     0.00000     0.00000     0.00000     0.00000     0.00000     0.00000     0.00000     0.00000
    13.87650     0.00000     0.00000     0.00000     0.00000     0.00000     0.00000     0.00000     0.00000     0.00000     0.00000     0.00000     0.00000     0.00000     0.00000     0.00000     0.00000     0.00000
    13.93050     0.00000     0.00000     0.00000     0.00000     0.00000     0.00000     0.00000     0.00000     0.00000     0.00000     0.00000     0.00000     0.00000     0.00000     0.00000     0.00000     0.00000
    13.98450     0.00000     0.00000     0.00000     0.00000     0.00000     0.00000     0.00000     0.00000     0.00000     0.00000     0.00000     0.00000     0.00000     0.00000     0.00000     0.00000     0.00000
    14.03850     0.00000     0.00000     0.00000     0.00000     0.00000     0.00000     0.00000     0.00000     0.00000     0.00000     0.00000     0.00000     0.00000     0.00000     0.00000     0.00000     0.00000
    14.09150     0.00000     0.00000     0.00000     0.00000     0.00000     0.00000     0.00000     0.00000     0.00000     0.00000     0.00000     0.00000     0.00000     0.00000     0.00000     0.00000     0.00000
    14.14550     0.00000     0.00000     0.00000     0.00000     0.00000     0.00000     0.00000     0.00000     0.00000     0.00000     0.00000     0.00000     0.00000     0.00000     0.00000     0.00000     0.00000
    14.19950     0.00000     0.00000     0.00000     0.00000     0.00000     0.00000     0.00000     0.00000     0.00000     0.00000     0.00000     0.00000     0.00000     0.00000     0.00000     0.00000     0.00000
    14.25350     0.00000     0.00000     0.00000     0.00000     0.00000     0.00000     0.00000     0.00000     0.00000     0.00000     0.00000     0.00000     0.00000     0.00000     0.00000     0.00000     0.00000
    14.30750     0.00000     0.00000     0.00000     0.00000     0.00000     0.00000     0.00000     0.00000     0.00000     0.00000     0.00000     0.00000     0.00000     0.00000     0.00000     0.00000     0.00000
    14.36150     0.00000     0.00000     0.00000     0.00000     0.00000     0.00000     0.00000     0.00000     0.00000     0.00000     0.00000     0.00000     0.00000     0.00000     0.00000     0.00000     0.00000
    14.41550     0.00000     0.00000     0.00000     0.00000     0.00000     0.00000     0.00000     0.00000     0.00000     0.00000     0.00000     0.00000     0.00000     0.00000     0.00000     0.00000     0.00000
    14.46850     0.00000     0.00000     0.00000     0.00000     0.00000     0.00000     0.00000     0.00000     0.00000     0.00000     0.00000     0.00000     0.00000     0.00000     0.00000     0.00000     0.00000
    14.52250     0.00000     0.00000     0.00000     0.00000     0.00000     0.00000     0.00000     0.00000     0.00000     0.00000     0.00000     0.00000     0.00000     0.00000     0.00000     0.00000     0.00000
    14.57650     0.00000     0.00000     0.00000     0.00000     0.00000     0.00000     0.00000     0.00000     0.00000     0.00000     0.00000     0.00000     0.00000     0.00000     0.00000     0.00000     0.00000
    14.63050     0.00000     0.00000     0.00000     0.00000     0.00000     0.00000     0.00000     0.00000     0.00000     0.00000     0.00000     0.00000     0.00000     0.00000     0.00000     0.00000     0.00000
    14.68450     0.00000     0.00000     0.00000     0.00000     0.00000     0.00000     0.00000     0.00000     0.00000     0.00000     0.00000     0.00000     0.00000     0.00000     0.00000     0.00000     0.00000
