     #Energy           s          py          pz          px         dxy         dyz         dz2         dxz         dx2       fy3x2        fxyz        fyz2         fz3        fxz2        fzx2         fx3       tot  
   -65.85330     0.00000     0.00000     0.00000     0.00000     0.00000     0.00000     0.00000     0.00000     0.00000     0.00000     0.00000     0.00000     0.00000     0.00000     0.00000     0.00000     0.00000
   -65.80030     0.00000     0.00000     0.00000     0.00000     0.00000     0.00000     0.00000     0.00000     0.00000     0.00000     0.00000     0.00000     0.00000     0.00000     0.00000     0.00000     0.00000
   -65.74730     0.00000     0.00000     0.00000     0.00000     0.00000     0.00000     0.00000     0.00000     0.00000     0.00000     0.00000     0.00000     0.00000     0.00000     0.00000     0.00000     0.00000
   -65.69530     0.00000     0.00000     0.00000     0.00000     0.00000     0.00000     0.00000     0.00000     0.00000     0.00000     0.00000     0.00000     0.00000     0.00000     0.00000     0.00000     0.00000
   -65.64230     0.00000     0.00000     0.00000     0.00000     0.00000     0.00000     0.00000     0.00000     0.00000     0.00000     0.00000     0.00000     0.00000     0.00000     0.00000     0.00000     0.00000
   -65.58930     0.00000     0.00000     0.00000     0.00000     0.00000     0.00000     0.00000     0.00000     0.00000     0.00000     0.00000     0.00000     0.00000     0.00000     0.00000     0.00000     0.00000
   -65.53630     0.00000     0.00000     0.00000     0.00000     0.00000     0.00000     0.00000     0.00000     0.00000     0.00000     0.00000     0.00000     0.00000     0.00000     0.00000     0.00000     0.00000
   -65.48330     0.00000     0.00000     0.00000     0.00000     0.00000     0.00000     0.00000     0.00000     0.00000     0.00000     0.00000     0.00000     0.00000     0.00000     0.00000     0.00000     0.00000
   -65.43130     0.00000     0.00000     0.00000     0.00000     0.00000     0.00000     0.00000     0.00000     0.00000     0.00000     0.00000     0.00000     0.00000     0.00000     0.00000     0.00000     0.00000
   -65.37830     0.00000     0.00000     0.00000     0.00000     0.00000     0.00000     0.00000     0.00000     0.00000     0.00000     0.00000     0.00000     0.00000     0.00000     0.00000     0.00000     0.00000
   -65.32530     0.00000     0.00000     0.00000     0.00000     0.00000     0.00000     0.00000     0.00000     0.00000     0.00000     0.00000     0.00000     0.00000     0.00000     0.00000     0.00000     0.00000
   -65.27230     0.00000     0.00000     0.00000     0.00000     0.00000     0.00000     0.00000     0.00000     0.00000     0.00000     0.00000     0.00000     0.00000     0.00000     0.00000     0.00000     0.00000
   -65.22030     0.00000     0.00000     0.00000     0.00000     0.00000     0.00000     0.00000     0.00000     0.00000     0.00000     0.00000     0.00000     0.00000     0.00000     0.00000     0.00000     0.00000
   -65.16730     0.00000     0.00000     0.00000     0.00000     0.00000     0.00000     0.00000     0.00000     0.00000     0.00000     0.00000     0.00000     0.00000     0.00000     0.00000     0.00000     0.00000
   -65.11430     0.00000     0.00000     0.00000     0.00000     0.00000     0.00000     0.00000     0.00000     0.00000     0.00000     0.00000     0.00000     0.00000     0.00000     0.00000     0.00000     0.00000
   -65.06130     0.00000     0.00000     0.00000     0.00000     0.00000     0.00000     0.00000     0.00000     0.00000     0.00000     0.00000     0.00000     0.00000     0.00000     0.00000     0.00000     0.00000
   -65.00830     0.00000     0.00000     0.00000     0.00000     0.00000     0.00000     0.00000     0.00000     0.00000     0.00000     0.00000     0.00000     0.00000     0.00000     0.00000     0.00000     0.00000
   -64.95630     0.00000     0.00000     0.00000     0.00000     0.00000     0.00000     0.00000     0.00000     0.00000     0.00000     0.00000     0.00000     0.00000     0.00000     0.00000     0.00000     0.00000
   -64.90330     0.00000     0.00000     0.00000     0.00000     0.00000     0.00000     0.00000     0.00000     0.00000     0.00000     0.00000     0.00000     0.00000     0.00000     0.00000     0.00000     0.00000
   -64.85030     0.00000     0.00000     0.00000     0.00000     0.00000     0.00000     0.00000     0.00000     0.00000     0.00000     0.00000     0.00000     0.00000     0.00000     0.00000     0.00000     0.00000
   -64.79730     0.00000     0.00000     0.00000     0.00000     0.00000     0.00000     0.00000     0.00000     0.00000     0.00000     0.00000     0.00000     0.00000     0.00000     0.00000     0.00000     0.00000
   -64.74530     0.00000     0.00000     0.00000     0.00000     0.00000     0.00000     0.00000     0.00000     0.00000     0.00000     0.00000     0.00000     0.00000     0.00000     0.00000     0.00000     0.00000
   -64.69230     0.00000     0.00000     0.00000     0.00000     0.00000     0.00000     0.00000     0.00000     0.00000     0.00000     0.00000     0.00000     0.00000     0.00000     0.00000     0.00000     0.00000
   -64.63930     0.00000     0.00000     0.00000     0.00000     0.00000     0.00000     0.00000     0.00000     0.00000     0.00000     0.00000     0.00000     0.00000     0.00000     0.00000     0.00000     0.00000
   -64.58630     0.00000     0.00000     0.00000     0.00000     0.00000     0.00000     0.00000     0.00000     0.00000     0.00000     0.00000     0.00000     0.00000     0.00000     0.00000     0.00000     0.00000
   -64.53330     0.00000     0.00000     0.00000     0.00000     0.00000     0.00000     0.00000     0.00000     0.00000     0.00000     0.00000     0.00000     0.00000     0.00000     0.00000     0.00000     0.00000
   -64.48130     0.00000     0.00000     0.00000     0.00000     0.00000     0.00000     0.00000     0.00000     0.00000     0.00000     0.00000     0.00000     0.00000     0.00000     0.00000     0.00000     0.00000
   -64.42830     0.00000     0.00000     0.00000     0.00000     0.00000     0.00000     0.00000     0.00000     0.00000     0.00000     0.00000     0.00000     0.00000     0.00000     0.00000     0.00000     0.00000
   -64.37530     0.00000     0.00000     0.00000     0.00000     0.00000     0.00000     0.00000     0.00000     0.00000     0.00000     0.00000     0.00000     0.00000     0.00000     0.00000     0.00000     0.00000
   -64.32230     0.00000     0.00000     0.00000     0.00000     0.00000     0.00000     0.00000     0.00000     0.00000     0.00000     0.00000     0.00000     0.00000     0.00000     0.00000     0.00000     0.00000
   -64.27030     0.00000     0.00000     0.00000     0.00000     0.00000     0.00000     0.00000     0.00000     0.00000     0.00000     0.00000     0.00000     0.00000     0.00000     0.00000     0.00000     0.00000
   -64.21730     0.00000     0.00000     0.00000     0.00000     0.00000     0.00000     0.00000     0.00000     0.00000     0.00000     0.00000     0.00000     0.00000     0.00000     0.00000     0.00000     0.00000
   -64.16430     0.00000     0.00000     0.00000     0.00000     0.00000     0.00000     0.00000     0.00000     0.00000     0.00000     0.00000     0.00000     0.00000     0.00000     0.00000     0.00000     0.00000
   -64.11130     0.00000     0.00000     0.00000     0.00000     0.00000     0.00000     0.00000     0.00000     0.00000     0.00000     0.00000     0.00000     0.00000     0.00000     0.00000     0.00000     0.00000
   -64.05830     0.00000     0.00000     0.00000     0.00000     0.00000     0.00000     0.00000     0.00000     0.00000     0.00000     0.00000     0.00000     0.00000     0.00000     0.00000     0.00000     0.00000
   -64.00630     0.00000     0.00000     0.00000     0.00000     0.00000     0.00000     0.00000     0.00000     0.00000     0.00000     0.00000     0.00000     0.00000     0.00000     0.00000     0.00000     0.00000
   -63.95330     0.00000     0.00000     0.00000     0.00000     0.00000     0.00000     0.00000     0.00000     0.00000     0.00000     0.00000     0.00000     0.00000     0.00000     0.00000     0.00000     0.00000
   -63.90030     0.00000     0.00000     0.00000     0.00000     0.00000     0.00000     0.00000     0.00000     0.00000     0.00000     0.00000     0.00000     0.00000     0.00000     0.00000     0.00000     0.00000
   -63.84730     0.00000     0.00000     0.00000     0.00000     0.00000     0.00000     0.00000     0.00000     0.00000     0.00000     0.00000     0.00000     0.00000     0.00000     0.00000     0.00000     0.00000
   -63.79530     0.00000     0.00000     0.00000     0.00000     0.00000     0.00000     0.00000     0.00000     0.00000     0.00000     0.00000     0.00000     0.00000     0.00000     0.00000     0.00000     0.00000
   -63.74230     0.00000     0.00000     0.00000     0.00000     0.00000     0.00000     0.00000     0.00000     0.00000     0.00000     0.00000     0.00000     0.00000     0.00000     0.00000     0.00000     0.00000
   -63.68930     0.00000     0.00000     0.00000     0.00000     0.00000     0.00000     0.00000     0.00000     0.00000     0.00000     0.00000     0.00000     0.00000     0.00000     0.00000     0.00000     0.00000
   -63.63630     0.00000     0.00000     0.00000     0.00000     0.00000     0.00000     0.00000     0.00000     0.00000     0.00000     0.00000     0.00000     0.00000     0.00000     0.00000     0.00000     0.00000
   -63.58330     0.00000     0.00000     0.00000     0.00000     0.00000     0.00000     0.00000     0.00000     0.00000     0.00000     0.00000     0.00000     0.00000     0.00000     0.00000     0.00000     0.00000
   -63.53130     0.00000     0.00000     0.00000     0.00000     0.00000     0.00000     0.00000     0.00000     0.00000     0.00000     0.00000     0.00000     0.00000     0.00000     0.00000     0.00000     0.00000
   -63.47830     0.00000     0.00000     0.00000     0.00000     0.00000     0.00000     0.00000     0.00000     0.00000     0.00000     0.00000     0.00000     0.00000     0.00000     0.00000     0.00000     0.00000
   -63.42530     0.00000     0.00000     0.00000     0.00000     0.00000     0.00000     0.00000     0.00000     0.00000     0.00000     0.00000     0.00000     0.00000     0.00000     0.00000     0.00000     0.00000
   -63.37230     0.00000     0.00000     0.00000     0.00000     0.00000     0.00000     0.00000     0.00000     0.00000     0.00000     0.00000     0.00000     0.00000     0.00000     0.00000     0.00000     0.00000
   -63.32030     0.00000     0.00000     0.00000     0.00000     0.00000     0.00000     0.00000     0.00000     0.00000     0.00000     0.00000     0.00000     0.00000     0.00000     0.00000     0.00000     0.00000
   -63.26730     0.00000     0.00000     0.00000     0.00000     0.00000     0.00000     0.00000     0.00000     0.00000     0.00000     0.00000     0.00000     0.00000     0.00000     0.00000     0.00000     0.00000
   -63.21430     0.00000     0.00000     0.00000     0.00000     0.00000     0.00000     0.00000     0.00000     0.00000     0.00000     0.00000     0.00000     0.00000     0.00000     0.00000     0.00000     0.00000
   -63.16130     0.00000     0.00000     0.00000     0.00000     0.00000     0.00000     0.00000     0.00000     0.00000     0.00000     0.00000     0.00000     0.00000     0.00000     0.00000     0.00000     0.00000
   -63.10830     0.00000     0.00000     0.00000     0.00000     0.00000     0.00000     0.00000     0.00000     0.00000     0.00000     0.00000     0.00000     0.00000     0.00000     0.00000     0.00000     0.00000
   -63.05630     0.00000     0.00000     0.00000     0.00000     0.00000     0.00000     0.00000     0.00000     0.00000     0.00000     0.00000     0.00000     0.00000     0.00000     0.00000     0.00000     0.00000
   -63.00330     0.00000     0.00000     0.00000     0.00000     0.00000     0.00000     0.00000     0.00000     0.00000     0.00000     0.00000     0.00000     0.00000     0.00000     0.00000     0.00000     0.00000
   -62.95030     0.00000     0.00000     0.00000     0.00000     0.00000     0.00000     0.00000     0.00000     0.00000     0.00000     0.00000     0.00000     0.00000     0.00000     0.00000     0.00000     0.00000
   -62.89730     0.00000     0.00000     0.00000     0.00000     0.00000     0.00000     0.00000     0.00000     0.00000     0.00000     0.00000     0.00000     0.00000     0.00000     0.00000     0.00000     0.00000
   -62.84530     0.00000     0.00000     0.00000     0.00000     0.00000     0.00000     0.00000     0.00000     0.00000     0.00000     0.00000     0.00000     0.00000     0.00000     0.00000     0.00000     0.00000
   -62.79230     0.00000     0.00000     0.00000     0.00000     0.00000     0.00000     0.00000     0.00000     0.00000     0.00000     0.00000     0.00000     0.00000     0.00000     0.00000     0.00000     0.00000
   -62.73930     0.00000     0.00000     0.00000     0.00000     0.00000     0.00000     0.00000     0.00000     0.00000     0.00000     0.00000     0.00000     0.00000     0.00000     0.00000     0.00000     0.00000
   -62.68630     0.00000     0.00000     0.00000     0.00000     0.00000     0.00000     0.00000     0.00000     0.00000     0.00000     0.00000     0.00000     0.00000     0.00000     0.00000     0.00000     0.00000
   -62.63330     0.00000     0.00000     0.00000     0.00000     0.00000     0.00000     0.00000     0.00000     0.00000     0.00000     0.00000     0.00000     0.00000     0.00000     0.00000     0.00000     0.00000
   -62.58130     0.00000     0.00000     0.00000     0.00000     0.00000     0.00000     0.00000     0.00000     0.00000     0.00000     0.00000     0.00000     0.00000     0.00000     0.00000     0.00000     0.00000
   -62.52830     0.00000     0.00000     0.00000     0.00000     0.00000     0.00000     0.00000     0.00000     0.00000     0.00000     0.00000     0.00000     0.00000     0.00000     0.00000     0.00000     0.00000
   -62.47530     0.00000     0.00000     0.00000     0.00000     0.00000     0.00000     0.00000     0.00000     0.00000     0.00000     0.00000     0.00000     0.00000     0.00000     0.00000     0.00000     0.00000
   -62.42230     0.00000     0.00000     0.00000     0.00000     0.00000     0.00000     0.00000     0.00000     0.00000     0.00000     0.00000     0.00000     0.00000     0.00000     0.00000     0.00000     0.00000
   -62.37030     0.00000     0.00000     0.00000     0.00000     0.00000     0.00000     0.00000     0.00000     0.00000     0.00000     0.00000     0.00000     0.00000     0.00000     0.00000     0.00000     0.00000
   -62.31730     0.00000     0.00000     0.00000     0.00000     0.00000     0.00000     0.00000     0.00000     0.00000     0.00000     0.00000     0.00000     0.00000     0.00000     0.00000     0.00000     0.00000
   -62.26430     0.00000     0.00000     0.00000     0.00000     0.00000     0.00000     0.00000     0.00000     0.00000     0.00000     0.00000     0.00000     0.00000     0.00000     0.00000     0.00000     0.00000
   -62.21130     0.00000     0.00000     0.00000     0.00000     0.00000     0.00000     0.00000     0.00000     0.00000     0.00000     0.00000     0.00000     0.00000     0.00000     0.00000     0.00000     0.00000
   -62.15830     0.00000     0.00000     0.00000     0.00000     0.00000     0.00000     0.00000     0.00000     0.00000     0.00000     0.00000     0.00000     0.00000     0.00000     0.00000     0.00000     0.00000
   -62.10630     0.00000     0.00000     0.00000     0.00000     0.00000     0.00000     0.00000     0.00000     0.00000     0.00000     0.00000     0.00000     0.00000     0.00000     0.00000     0.00000     0.00000
   -62.05330     0.00000     0.00000     0.00000     0.00000     0.00000     0.00000     0.00000     0.00000     0.00000     0.00000     0.00000     0.00000     0.00000     0.00000     0.00000     0.00000     0.00000
   -62.00030     0.00000     0.00000     0.00000     0.00000     0.00000     0.00000     0.00000     0.00000     0.00000     0.00000     0.00000     0.00000     0.00000     0.00000     0.00000     0.00000     0.00000
   -61.94730     0.00000     0.00000     0.00000     0.00000     0.00000     0.00000     0.00000     0.00000     0.00000     0.00000     0.00000     0.00000     0.00000     0.00000     0.00000     0.00000     0.00000
   -61.89530     0.00000     0.00000     0.00000     0.00000     0.00000     0.00000     0.00000     0.00000     0.00000     0.00000     0.00000     0.00000     0.00000     0.00000     0.00000     0.00000     0.00000
   -61.84230     0.00000     0.00000     0.00000     0.00000     0.00000     0.00000     0.00000     0.00000     0.00000     0.00000     0.00000     0.00000     0.00000     0.00000     0.00000     0.00000     0.00000
   -61.78930     0.00000     0.00000     0.00000     0.00000     0.00000     0.00000     0.00000     0.00000     0.00000     0.00000     0.00000     0.00000     0.00000     0.00000     0.00000     0.00000     0.00000
   -61.73630     0.00000     0.00000     0.00000     0.00000     0.00000     0.00000     0.00000     0.00000     0.00000     0.00000     0.00000     0.00000     0.00000     0.00000     0.00000     0.00000     0.00000
   -61.68330     0.00000     0.00000     0.00000     0.00000     0.00000     0.00000     0.00000     0.00000     0.00000     0.00000     0.00000     0.00000     0.00000     0.00000     0.00000     0.00000     0.00000
   -61.63130     0.00000     0.00000     0.00000     0.00000     0.00000     0.00000     0.00000     0.00000     0.00000     0.00000     0.00000     0.00000     0.00000     0.00000     0.00000     0.00000     0.00000
   -61.57830     0.00000     0.00000     0.00000     0.00000     0.00000     0.00000     0.00000     0.00000     0.00000     0.00000     0.00000     0.00000     0.00000     0.00000     0.00000     0.00000     0.00000
   -61.52530     0.00000     0.00000     0.00000     0.00000     0.00000     0.00000     0.00000     0.00000     0.00000     0.00000     0.00000     0.00000     0.00000     0.00000     0.00000     0.00000     0.00000
   -61.47230     0.00000     0.00000     0.00000     0.00000     0.00000     0.00000     0.00000     0.00000     0.00000     0.00000     0.00000     0.00000     0.00000     0.00000     0.00000     0.00000     0.00000
   -61.42030     0.00000     0.00000     0.00000     0.00000     0.00000     0.00000     0.00000     0.00000     0.00000     0.00000     0.00000     0.00000     0.00000     0.00000     0.00000     0.00000     0.00000
   -61.36730     0.00000     0.00000     0.00000     0.00000     0.00000     0.00000     0.00000     0.00000     0.00000     0.00000     0.00000     0.00000     0.00000     0.00000     0.00000     0.00000     0.00000
   -61.31430     0.00000     0.00000     0.00000     0.00000     0.00000     0.00000     0.00000     0.00000     0.00000     0.00000     0.00000     0.00000     0.00000     0.00000     0.00000     0.00000     0.00000
   -61.26130     0.00000     0.00000     0.00000     0.00000     0.00000     0.00000     0.00000     0.00000     0.00000     0.00000     0.00000     0.00000     0.00000     0.00000     0.00000     0.00000     0.00000
   -61.20830     0.00000     0.00000     0.00000     0.00000     0.00000     0.00000     0.00000     0.00000     0.00000     0.00000     0.00000     0.00000     0.00000     0.00000     0.00000     0.00000     0.00000
   -61.15630     0.00000     0.00000     0.00000     0.00000     0.00000     0.00000     0.00000     0.00000     0.00000     0.00000     0.00000     0.00000     0.00000     0.00000     0.00000     0.00000     0.00000
   -61.10330     0.00000     0.00000     0.00000     0.00000     0.00000     0.00000     0.00000     0.00000     0.00000     0.00000     0.00000     0.00000     0.00000     0.00000     0.00000     0.00000     0.00000
   -61.05030     0.00000     0.00000     0.00000     0.00000     0.00000     0.00000     0.00000     0.00000     0.00000     0.00000     0.00000     0.00000     0.00000     0.00000     0.00000     0.00000     0.00000
   -60.99730     0.00000     0.00000     0.00000     0.00000     0.00000     0.00000     0.00000     0.00000     0.00000     0.00000     0.00000     0.00000     0.00000     0.00000     0.00000     0.00000     0.00000
   -60.94430     0.00000     0.00000     0.00000     0.00000     0.00000     0.00000     0.00000     0.00000     0.00000     0.00000     0.00000     0.00000     0.00000     0.00000     0.00000     0.00000     0.00000
   -60.89230     0.00000     0.00000     0.00000     0.00000     0.00000     0.00000     0.00000     0.00000     0.00000     0.00000     0.00000     0.00000     0.00000     0.00000     0.00000     0.00000     0.00000
   -60.83930     0.00000     0.00000     0.00000     0.00000     0.00000     0.00000     0.00000     0.00000     0.00000     0.00000     0.00000     0.00000     0.00000     0.00000     0.00000     0.00000     0.00000
   -60.78630     0.00000     0.00000     0.00000     0.00000     0.00000     0.00000     0.00000     0.00000     0.00000     0.00000     0.00000     0.00000     0.00000     0.00000     0.00000     0.00000     0.00000
   -60.73330     0.00000     0.00000     0.00000     0.00000     0.00000     0.00000     0.00000     0.00000     0.00000     0.00000     0.00000     0.00000     0.00000     0.00000     0.00000     0.00000     0.00000
   -60.68130     0.00000     0.00000     0.00000     0.00000     0.00000     0.00000     0.00000     0.00000     0.00000     0.00000     0.00000     0.00000     0.00000     0.00000     0.00000     0.00000     0.00000
   -60.62830     0.00000     0.00000     0.00000     0.00000     0.00000     0.00000     0.00000     0.00000     0.00000     0.00000     0.00000     0.00000     0.00000     0.00000     0.00000     0.00000     0.00000
   -60.57530     0.00000     0.00000     0.00000     0.00000     0.00000     0.00000     0.00000     0.00000     0.00000     0.00000     0.00000     0.00000     0.00000     0.00000     0.00000     0.00000     0.00000
   -60.52230     0.00000     0.00000     0.00000     0.00000     0.00000     0.00000     0.00000     0.00000     0.00000     0.00000     0.00000     0.00000     0.00000     0.00000     0.00000     0.00000     0.00000
   -60.46930     0.00000     0.00000     0.00000     0.00000     0.00000     0.00000     0.00000     0.00000     0.00000     0.00000     0.00000     0.00000     0.00000     0.00000     0.00000     0.00000     0.00000
   -60.41730     0.00000     0.00000     0.00000     0.00000     0.00000     0.00000     0.00000     0.00000     0.00000     0.00000     0.00000     0.00000     0.00000     0.00000     0.00000     0.00000     0.00000
   -60.36430     0.00000     0.00000     0.00000     0.00000     0.00000     0.00000     0.00000     0.00000     0.00000     0.00000     0.00000     0.00000     0.00000     0.00000     0.00000     0.00000     0.00000
   -60.31130     0.00000     0.00000     0.00000     0.00000     0.00000     0.00000     0.00000     0.00000     0.00000     0.00000     0.00000     0.00000     0.00000     0.00000     0.00000     0.00000     0.00000
   -60.25830     0.00000     0.00000     0.00000     0.00000     0.00000     0.00000     0.00000     0.00000     0.00000     0.00000     0.00000     0.00000     0.00000     0.00000     0.00000     0.00000     0.00000
   -60.20630     0.00000     0.00000     0.00000     0.00000     0.00000     0.00000     0.00000     0.00000     0.00000     0.00000     0.00000     0.00000     0.00000     0.00000     0.00000     0.00000     0.00000
   -60.15330     0.00000     0.00000     0.00000     0.00000     0.00000     0.00000     0.00000     0.00000     0.00000     0.00000     0.00000     0.00000     0.00000     0.00000     0.00000     0.00000     0.00000
   -60.10030     0.00000     0.00000     0.00000     0.00000     0.00000     0.00000     0.00000     0.00000     0.00000     0.00000     0.00000     0.00000     0.00000     0.00000     0.00000     0.00000     0.00000
   -60.04730     0.00000     0.00000     0.00000     0.00000     0.00000     0.00000     0.00000     0.00000     0.00000     0.00000     0.00000     0.00000     0.00000     0.00000     0.00000     0.00000     0.00000
   -59.99430     0.00000     0.00000     0.00000     0.00000     0.00000     0.00000     0.00000     0.00000     0.00000     0.00000     0.00000     0.00000     0.00000     0.00000     0.00000     0.00000     0.00000
   -59.94230     0.00000     0.00000     0.00000     0.00000     0.00000     0.00000     0.00000     0.00000     0.00000     0.00000     0.00000     0.00000     0.00000     0.00000     0.00000     0.00000     0.00000
   -59.88930     0.00000     0.00000     0.00000     0.00000     0.00000     0.00000     0.00000     0.00000     0.00000     0.00000     0.00000     0.00000     0.00000     0.00000     0.00000     0.00000     0.00000
   -59.83630     0.00000     0.00000     0.00000     0.00000     0.00000     0.00000     0.00000     0.00000     0.00000     0.00000     0.00000     0.00000     0.00000     0.00000     0.00000     0.00000     0.00000
   -59.78330     0.00000     0.00000     0.00000     0.00000     0.00000     0.00000     0.00000     0.00000     0.00000     0.00000     0.00000     0.00000     0.00000     0.00000     0.00000     0.00000     0.00000
   -59.73130     0.00000     0.00000     0.00000     0.00000     0.00000     0.00000     0.00000     0.00000     0.00000     0.00000     0.00000     0.00000     0.00000     0.00000     0.00000     0.00000     0.00000
   -59.67830     0.00000     0.00000     0.00000     0.00000     0.00000     0.00000     0.00000     0.00000     0.00000     0.00000     0.00000     0.00000     0.00000     0.00000     0.00000     0.00000     0.00000
   -59.62530     0.00000     0.00000     0.00000     0.00000     0.00000     0.00000     0.00000     0.00000     0.00000     0.00000     0.00000     0.00000     0.00000     0.00000     0.00000     0.00000     0.00000
   -59.57230     0.00000     0.00000     0.00000     0.00000     0.00000     0.00000     0.00000     0.00000     0.00000     0.00000     0.00000     0.00000     0.00000     0.00000     0.00000     0.00000     0.00000
   -59.51930     0.00000     0.00000     0.00000     0.00000     0.00000     0.00000     0.00000     0.00000     0.00000     0.00000     0.00000     0.00000     0.00000     0.00000     0.00000     0.00000     0.00000
   -59.46730     0.00000     0.00000     0.00000     0.00000     0.00000     0.00000     0.00000     0.00000     0.00000     0.00000     0.00000     0.00000     0.00000     0.00000     0.00000     0.00000     0.00000
   -59.41430     0.00000     0.00000     0.00000     0.00000     0.00000     0.00000     0.00000     0.00000     0.00000     0.00000     0.00000     0.00000     0.00000     0.00000     0.00000     0.00000     0.00000
   -59.36130     0.00000     0.00000     0.00000     0.00000     0.00000     0.00000     0.00000     0.00000     0.00000     0.00000     0.00000     0.00000     0.00000     0.00000     0.00000     0.00000     0.00000
   -59.30830     0.00000     0.00000     0.00000     0.00000     0.00000     0.00000     0.00000     0.00000     0.00000     0.00000     0.00000     0.00000     0.00000     0.00000     0.00000     0.00000     0.00000
   -59.25630     0.00000     0.00000     0.00000     0.00000     0.00000     0.00000     0.00000     0.00000     0.00000     0.00000     0.00000     0.00000     0.00000     0.00000     0.00000     0.00000     0.00000
   -59.20330     0.00000     0.00000     0.00000     0.00000     0.00000     0.00000     0.00000     0.00000     0.00000     0.00000     0.00000     0.00000     0.00000     0.00000     0.00000     0.00000     0.00000
   -59.15030     0.00000     0.00000     0.00000     0.00000     0.00000     0.00000     0.00000     0.00000     0.00000     0.00000     0.00000     0.00000     0.00000     0.00000     0.00000     0.00000     0.00000
   -59.09730     0.00000     0.00000     0.00000     0.00000     0.00000     0.00000     0.00000     0.00000     0.00000     0.00000     0.00000     0.00000     0.00000     0.00000     0.00000     0.00000     0.00000
   -59.04430     0.00000     0.00000     0.00000     0.00000     0.00000     0.00000     0.00000     0.00000     0.00000     0.00000     0.00000     0.00000     0.00000     0.00000     0.00000     0.00000     0.00000
   -58.99230     0.00000     0.00000     0.00000     0.00000     0.00000     0.00000     0.00000     0.00000     0.00000     0.00000     0.00000     0.00000     0.00000     0.00000     0.00000     0.00000     0.00000
   -58.93930     0.00000     0.00000     0.00000     0.00000     0.00000     0.00000     0.00000     0.00000     0.00000     0.00000     0.00000     0.00000     0.00000     0.00000     0.00000     0.00000     0.00000
   -58.88630     0.00000     0.00000     0.00000     0.00000     0.00000     0.00000     0.00000     0.00000     0.00000     0.00000     0.00000     0.00000     0.00000     0.00000     0.00000     0.00000     0.00000
   -58.83330     0.00000     0.00000     0.00000     0.00000     0.00000     0.00000     0.00000     0.00000     0.00000     0.00000     0.00000     0.00000     0.00000     0.00000     0.00000     0.00000     0.00000
   -58.78130     0.00000     0.00000     0.00000     0.00000     0.00000     0.00000     0.00000     0.00000     0.00000     0.00000     0.00000     0.00000     0.00000     0.00000     0.00000     0.00000     0.00000
   -58.72830     0.00000     0.00000     0.00000     0.00000     0.00000     0.00000     0.00000     0.00000     0.00000     0.00000     0.00000     0.00000     0.00000     0.00000     0.00000     0.00000     0.00000
   -58.67530     0.00000     0.00000     0.00000     0.00000     0.00000     0.00000     0.00000     0.00000     0.00000     0.00000     0.00000     0.00000     0.00000     0.00000     0.00000     0.00000     0.00000
   -58.62230     0.00000     0.00000     0.00000     0.00000     0.00000     0.00000     0.00000     0.00000     0.00000     0.00000     0.00000     0.00000     0.00000     0.00000     0.00000     0.00000     0.00000
   -58.56930     0.00000     0.00000     0.00000     0.00000     0.00000     0.00000     0.00000     0.00000     0.00000     0.00000     0.00000     0.00000     0.00000     0.00000     0.00000     0.00000     0.00000
   -58.51730     0.00000     0.00000     0.00000     0.00000     0.00000     0.00000     0.00000     0.00000     0.00000     0.00000     0.00000     0.00000     0.00000     0.00000     0.00000     0.00000     0.00000
   -58.46430     0.00000     0.00000     0.00000     0.00000     0.00000     0.00000     0.00000     0.00000     0.00000     0.00000     0.00000     0.00000     0.00000     0.00000     0.00000     0.00000     0.00000
   -58.41130     0.00000     0.00000     0.00000     0.00000     0.00000     0.00000     0.00000     0.00000     0.00000     0.00000     0.00000     0.00000     0.00000     0.00000     0.00000     0.00000     0.00000
   -58.35830     0.00000     0.00000     0.00000     0.00000     0.00000     0.00000     0.00000     0.00000     0.00000     0.00000     0.00000     0.00000     0.00000     0.00000     0.00000     0.00000     0.00000
   -58.30630     0.00000     0.00000     0.00000     0.00000     0.00000     0.00000     0.00000     0.00000     0.00000     0.00000     0.00000     0.00000     0.00000     0.00000     0.00000     0.00000     0.00000
   -58.25330     0.00000     0.00000     0.00000     0.00000     0.00000     0.00000     0.00000     0.00000     0.00000     0.00000     0.00000     0.00000     0.00000     0.00000     0.00000     0.00000     0.00000
   -58.20030     0.00000     0.00000     0.00000     0.00000     0.00000     0.00000     0.00000     0.00000     0.00000     0.00000     0.00000     0.00000     0.00000     0.00000     0.00000     0.00000     0.00000
   -58.14730     0.00000     0.00000     0.00000     0.00000     0.00000     0.00000     0.00000     0.00000     0.00000     0.00000     0.00000     0.00000     0.00000     0.00000     0.00000     0.00000     0.00000
   -58.09430     0.00000     0.00000     0.00000     0.00000     0.00000     0.00000     0.00000     0.00000     0.00000     0.00000     0.00000     0.00000     0.00000     0.00000     0.00000     0.00000     0.00000
   -58.04230     0.00000     0.00000     0.00000     0.00000     0.00000     0.00000     0.00000     0.00000     0.00000     0.00000     0.00000     0.00000     0.00000     0.00000     0.00000     0.00000     0.00000
   -57.98930     0.00000     0.00000     0.00000     0.00000     0.00000     0.00000     0.00000     0.00000     0.00000     0.00000     0.00000     0.00000     0.00000     0.00000     0.00000     0.00000     0.00000
   -57.93630     0.00000     0.00000     0.00000     0.00000     0.00000     0.00000     0.00000     0.00000     0.00000     0.00000     0.00000     0.00000     0.00000     0.00000     0.00000     0.00000     0.00000
   -57.88330     0.00000     0.00000     0.00000     0.00000     0.00000     0.00000     0.00000     0.00000     0.00000     0.00000     0.00000     0.00000     0.00000     0.00000     0.00000     0.00000     0.00000
   -57.83130     0.00000     0.00000     0.00000     0.00000     0.00000     0.00000     0.00000     0.00000     0.00000     0.00000     0.00000     0.00000     0.00000     0.00000     0.00000     0.00000     0.00000
   -57.77830     0.00000     0.00000     0.00000     0.00000     0.00000     0.00000     0.00000     0.00000     0.00000     0.00000     0.00000     0.00000     0.00000     0.00000     0.00000     0.00000     0.00000
   -57.72530     0.00000     0.00000     0.00000     0.00000     0.00000     0.00000     0.00000     0.00000     0.00000     0.00000     0.00000     0.00000     0.00000     0.00000     0.00000     0.00000     0.00000
   -57.67230     0.00000     0.00000     0.00000     0.00000     0.00000     0.00000     0.00000     0.00000     0.00000     0.00000     0.00000     0.00000     0.00000     0.00000     0.00000     0.00000     0.00000
   -57.61930     0.00000     0.00000     0.00000     0.00000     0.00000     0.00000     0.00000     0.00000     0.00000     0.00000     0.00000     0.00000     0.00000     0.00000     0.00000     0.00000     0.00000
   -57.56730     0.00000     0.00000     0.00000     0.00000     0.00000     0.00000     0.00000     0.00000     0.00000     0.00000     0.00000     0.00000     0.00000     0.00000     0.00000     0.00000     0.00000
   -57.51430     0.00000     0.00000     0.00000     0.00000     0.00000     0.00000     0.00000     0.00000     0.00000     0.00000     0.00000     0.00000     0.00000     0.00000     0.00000     0.00000     0.00000
   -57.46130     0.00000     0.00000     0.00000     0.00000     0.00000     0.00000     0.00000     0.00000     0.00000     0.00000     0.00000     0.00000     0.00000     0.00000     0.00000     0.00000     0.00000
   -57.40830     0.00000     0.00000     0.00000     0.00000     0.00000     0.00000     0.00000     0.00000     0.00000     0.00000     0.00000     0.00000     0.00000     0.00000     0.00000     0.00000     0.00000
   -57.35630     0.00000     0.00000     0.00000     0.00000     0.00000     0.00000     0.00000     0.00000     0.00000     0.00000     0.00000     0.00000     0.00000     0.00000     0.00000     0.00000     0.00000
   -57.30330     0.00000     0.00000     0.00000     0.00000     0.00000     0.00000     0.00000     0.00000     0.00000     0.00000     0.00000     0.00000     0.00000     0.00000     0.00000     0.00000     0.00000
   -57.25030     0.00000     0.00000     0.00000     0.00000     0.00000     0.00000     0.00000     0.00000     0.00000     0.00000     0.00000     0.00000     0.00000     0.00000     0.00000     0.00000     0.00000
   -57.19730     0.00000     0.00000     0.00000     0.00000     0.00000     0.00000     0.00000     0.00000     0.00000     0.00000     0.00000     0.00000     0.00000     0.00000     0.00000     0.00000     0.00000
   -57.14430     0.00000     0.00000     0.00000     0.00000     0.00000     0.00000     0.00000     0.00000     0.00000     0.00000     0.00000     0.00000     0.00000     0.00000     0.00000     0.00000     0.00000
   -57.09230     0.00000     0.00000     0.00000     0.00000     0.00000     0.00000     0.00000     0.00000     0.00000     0.00000     0.00000     0.00000     0.00000     0.00000     0.00000     0.00000     0.00000
   -57.03930     0.00000     0.00000     0.00000     0.00000     0.00000     0.00000     0.00000     0.00000     0.00000     0.00000     0.00000     0.00000     0.00000     0.00000     0.00000     0.00000     0.00000
   -56.98630     0.00000     0.00000     0.00000     0.00000     0.00000     0.00000     0.00000     0.00000     0.00000     0.00000     0.00000     0.00000     0.00000     0.00000     0.00000     0.00000     0.00000
   -56.93330     0.00000     0.00000     0.00000     0.00000     0.00000     0.00000     0.00000     0.00000     0.00000     0.00000     0.00000     0.00000     0.00000     0.00000     0.00000     0.00000     0.00000
   -56.88030     0.00000     0.00000     0.00000     0.00000     0.00000     0.00000     0.00000     0.00000     0.00000     0.00000     0.00000     0.00000     0.00000     0.00000     0.00000     0.00000     0.00000
   -56.82830     0.00000     0.00000     0.00000     0.00000     0.00000     0.00000     0.00000     0.00000     0.00000     0.00000     0.00000     0.00000     0.00000     0.00000     0.00000     0.00000     0.00000
   -56.77530     0.00000     0.00000     0.00000     0.00000     0.00000     0.00000     0.00000     0.00000     0.00000     0.00000     0.00000     0.00000     0.00000     0.00000     0.00000     0.00000     0.00000
   -56.72230     0.00000     0.00000     0.00000     0.00000     0.00000     0.00000     0.00000     0.00000     0.00000     0.00000     0.00000     0.00000     0.00000     0.00000     0.00000     0.00000     0.00000
   -56.66930     0.00000     0.00000     0.00000     0.00000     0.00000     0.00000     0.00000     0.00000     0.00000     0.00000     0.00000     0.00000     0.00000     0.00000     0.00000     0.00000     0.00000
   -56.61730     0.00000     0.00000     0.00000     0.00000     0.00000     0.00000     0.00000     0.00000     0.00000     0.00000     0.00000     0.00000     0.00000     0.00000     0.00000     0.00000     0.00000
   -56.56430     0.00000     0.00000     0.00000     0.00000     0.00000     0.00000     0.00000     0.00000     0.00000     0.00000     0.00000     0.00000     0.00000     0.00000     0.00000     0.00000     0.00000
   -56.51130     0.00000     0.00000     0.00000     0.00000     0.00000     0.00000     0.00000     0.00000     0.00000     0.00000     0.00000     0.00000     0.00000     0.00000     0.00000     0.00000     0.00000
   -56.45830     0.00000     0.00000     0.00000     0.00000     0.00000     0.00000     0.00000     0.00000     0.00000     0.00000     0.00000     0.00000     0.00000     0.00000     0.00000     0.00000     0.00000
   -56.40530     0.00000     0.00000     0.00000     0.00000     0.00000     0.00000     0.00000     0.00000     0.00000     0.00000     0.00000     0.00000     0.00000     0.00000     0.00000     0.00000     0.00000
   -56.35330     0.00000     0.00000     0.00000     0.00000     0.00000     0.00000     0.00000     0.00000     0.00000     0.00000     0.00000     0.00000     0.00000     0.00000     0.00000     0.00000     0.00000
   -56.30030     0.00000     0.00000     0.00000     0.00000     0.00000     0.00000     0.00000     0.00000     0.00000     0.00000     0.00000     0.00000     0.00000     0.00000     0.00000     0.00000     0.00000
   -56.24730     0.00000     0.00000     0.00000     0.00000     0.00000     0.00000     0.00000     0.00000     0.00000     0.00000     0.00000     0.00000     0.00000     0.00000     0.00000     0.00000     0.00000
   -56.19430     0.00000     0.00000     0.00000     0.00000     0.00000     0.00000     0.00000     0.00000     0.00000     0.00000     0.00000     0.00000     0.00000     0.00000     0.00000     0.00000     0.00000
   -56.14230     0.00000     0.00000     0.00000     0.00000     0.00000     0.00000     0.00000     0.00000     0.00000     0.00000     0.00000     0.00000     0.00000     0.00000     0.00000     0.00000     0.00000
   -56.08930     0.00000     0.00000     0.00000     0.00000     0.00000     0.00000     0.00000     0.00000     0.00000     0.00000     0.00000     0.00000     0.00000     0.00000     0.00000     0.00000     0.00000
   -56.03630     0.00000     0.00000     0.00000     0.00000     0.00000     0.00000     0.00000     0.00000     0.00000     0.00000     0.00000     0.00000     0.00000     0.00000     0.00000     0.00000     0.00000
   -55.98330     0.00000     0.00000     0.00000     0.00000     0.00000     0.00000     0.00000     0.00000     0.00000     0.00000     0.00000     0.00000     0.00000     0.00000     0.00000     0.00000     0.00000
   -55.93030     0.00000     0.00000     0.00000     0.00000     0.00000     0.00000     0.00000     0.00000     0.00000     0.00000     0.00000     0.00000     0.00000     0.00000     0.00000     0.00000     0.00000
   -55.87830     0.00000     0.00000     0.00000     0.00000     0.00000     0.00000     0.00000     0.00000     0.00000     0.00000     0.00000     0.00000     0.00000     0.00000     0.00000     0.00000     0.00000
   -55.82530     0.00000     0.00000     0.00000     0.00000     0.00000     0.00000     0.00000     0.00000     0.00000     0.00000     0.00000     0.00000     0.00000     0.00000     0.00000     0.00000     0.00000
   -55.77230     0.00000     0.00000     0.00000     0.00000     0.00000     0.00000     0.00000     0.00000     0.00000     0.00000     0.00000     0.00000     0.00000     0.00000     0.00000     0.00000     0.00000
   -55.71930     0.00000     0.00000     0.00000     0.00000     0.00000     0.00000     0.00000     0.00000     0.00000     0.00000     0.00000     0.00000     0.00000     0.00000     0.00000     0.00000     0.00000
   -55.66730     0.00000     0.00000     0.00000     0.00000     0.00000     0.00000     0.00000     0.00000     0.00000     0.00000     0.00000     0.00000     0.00000     0.00000     0.00000     0.00000     0.00000
   -55.61430     0.00000     0.00000     0.00000     0.00000     0.00000     0.00000     0.00000     0.00000     0.00000     0.00000     0.00000     0.00000     0.00000     0.00000     0.00000     0.00000     0.00000
   -55.56130     0.00000     0.00000     0.00000     0.00000     0.00000     0.00000     0.00000     0.00000     0.00000     0.00000     0.00000     0.00000     0.00000     0.00000     0.00000     0.00000     0.00000
   -55.50830     0.00000     0.00000     0.00000     0.00000     0.00000     0.00000     0.00000     0.00000     0.00000     0.00000     0.00000     0.00000     0.00000     0.00000     0.00000     0.00000     0.00000
   -55.45530     0.00000     0.00000     0.00000     0.00000     0.00000     0.00000     0.00000     0.00000     0.00000     0.00000     0.00000     0.00000     0.00000     0.00000     0.00000     0.00000     0.00000
   -55.40330     0.00000     0.00000     0.00000     0.00000     0.00000     0.00000     0.00000     0.00000     0.00000     0.00000     0.00000     0.00000     0.00000     0.00000     0.00000     0.00000     0.00000
   -55.35030     0.00000     0.00000     0.00000     0.00000     0.00000     0.00000     0.00000     0.00000     0.00000     0.00000     0.00000     0.00000     0.00000     0.00000     0.00000     0.00000     0.00000
   -55.29730     0.00000     0.00000     0.00000     0.00000     0.00000     0.00000     0.00000     0.00000     0.00000     0.00000     0.00000     0.00000     0.00000     0.00000     0.00000     0.00000     0.00000
   -55.24430     0.00000     0.00000     0.00000     0.00000     0.00000     0.00000     0.00000     0.00000     0.00000     0.00000     0.00000     0.00000     0.00000     0.00000     0.00000     0.00000     0.00000
   -55.19230     0.00000     0.00000     0.00000     0.00000     0.00000     0.00000     0.00000     0.00000     0.00000     0.00000     0.00000     0.00000     0.00000     0.00000     0.00000     0.00000     0.00000
   -55.13930     0.00000     0.00000     0.00000     0.00000     0.00000     0.00000     0.00000     0.00000     0.00000     0.00000     0.00000     0.00000     0.00000     0.00000     0.00000     0.00000     0.00000
   -55.08630     0.00000     0.00000     0.00000     0.00000     0.00000     0.00000     0.00000     0.00000     0.00000     0.00000     0.00000     0.00000     0.00000     0.00000     0.00000     0.00000     0.00000
   -55.03330     0.00000     0.00000     0.00000     0.00000     0.00000     0.00000     0.00000     0.00000     0.00000     0.00000     0.00000     0.00000     0.00000     0.00000     0.00000     0.00000     0.00000
   -54.98030     0.00000     0.00000     0.00000     0.00000     0.00000     0.00000     0.00000     0.00000     0.00000     0.00000     0.00000     0.00000     0.00000     0.00000     0.00000     0.00000     0.00000
   -54.92830     0.00000     0.00000     0.00000     0.00000     0.00000     0.00000     0.00000     0.00000     0.00000     0.00000     0.00000     0.00000     0.00000     0.00000     0.00000     0.00000     0.00000
   -54.87530     0.00000     0.00000     0.00000     0.00000     0.00000     0.00000     0.00000     0.00000     0.00000     0.00000     0.00000     0.00000     0.00000     0.00000     0.00000     0.00000     0.00000
   -54.82230     0.00000     0.00000     0.00000     0.00000     0.00000     0.00000     0.00000     0.00000     0.00000     0.00000     0.00000     0.00000     0.00000     0.00000     0.00000     0.00000     0.00000
   -54.76930     0.00000     0.00000     0.00000     0.00000     0.00000     0.00000     0.00000     0.00000     0.00000     0.00000     0.00000     0.00000     0.00000     0.00000     0.00000     0.00000     0.00000
   -54.71730     0.00000     0.00000     0.00000     0.00000     0.00000     0.00000     0.00000     0.00000     0.00000     0.00000     0.00000     0.00000     0.00000     0.00000     0.00000     0.00000     0.00000
   -54.66430     0.00000     0.00000     0.00000     0.00000     0.00000     0.00000     0.00000     0.00000     0.00000     0.00000     0.00000     0.00000     0.00000     0.00000     0.00000     0.00000     0.00000
   -54.61130     0.00000     0.00000     0.00000     0.00000     0.00000     0.00000     0.00000     0.00000     0.00000     0.00000     0.00000     0.00000     0.00000     0.00000     0.00000     0.00000     0.00000
   -54.55830     0.00000     0.00000     0.00000     0.00000     0.00000     0.00000     0.00000     0.00000     0.00000     0.00000     0.00000     0.00000     0.00000     0.00000     0.00000     0.00000     0.00000
   -54.50530     0.00000     0.00000     0.00000     0.00000     0.00000     0.00000     0.00000     0.00000     0.00000     0.00000     0.00000     0.00000     0.00000     0.00000     0.00000     0.00000     0.00000
   -54.45330     0.00000     0.00000     0.00000     0.00000     0.00000     0.00000     0.00000     0.00000     0.00000     0.00000     0.00000     0.00000     0.00000     0.00000     0.00000     0.00000     0.00000
   -54.40030     0.00000     0.00000     0.00000     0.00000     0.00000     0.00000     0.00000     0.00000     0.00000     0.00000     0.00000     0.00000     0.00000     0.00000     0.00000     0.00000     0.00000
   -54.34730     0.00000     0.00000     0.00000     0.00000     0.00000     0.00000     0.00000     0.00000     0.00000     0.00000     0.00000     0.00000     0.00000     0.00000     0.00000     0.00000     0.00000
   -54.29430     0.00000     0.00000     0.00000     0.00000     0.00000     0.00000     0.00000     0.00000     0.00000     0.00000     0.00000     0.00000     0.00000     0.00000     0.00000     0.00000     0.00000
   -54.24230     0.00000     0.00000     0.00000     0.00000     0.00000     0.00000     0.00000     0.00000     0.00000     0.00000     0.00000     0.00000     0.00000     0.00000     0.00000     0.00000     0.00000
   -54.18930     0.00000     0.00000     0.00000     0.00000     0.00000     0.00000     0.00000     0.00000     0.00000     0.00000     0.00000     0.00000     0.00000     0.00000     0.00000     0.00000     0.00000
   -54.13630     0.00000     0.00000     0.00000     0.00000     0.00000     0.00000     0.00000     0.00000     0.00000     0.00000     0.00000     0.00000     0.00000     0.00000     0.00000     0.00000     0.00000
   -54.08330     0.00000     0.00000     0.00000     0.00000     0.00000     0.00000     0.00000     0.00000     0.00000     0.00000     0.00000     0.00000     0.00000     0.00000     0.00000     0.00000     0.00000
   -54.03030     0.00000     0.00000     0.00000     0.00000     0.00000     0.00000     0.00000     0.00000     0.00000     0.00000     0.00000     0.00000     0.00000     0.00000     0.00000     0.00000     0.00000
   -53.97830     0.00000     0.00000     0.00000     0.00000     0.00000     0.00000     0.00000     0.00000     0.00000     0.00000     0.00000     0.00000     0.00000     0.00000     0.00000     0.00000     0.00000
   -53.92530     0.00000     0.00000     0.00000     0.00000     0.00000     0.00000     0.00000     0.00000     0.00000     0.00000     0.00000     0.00000     0.00000     0.00000     0.00000     0.00000     0.00000
   -53.87230     0.00000     0.00000     0.00000     0.00000     0.00000     0.00000     0.00000     0.00000     0.00000     0.00000     0.00000     0.00000     0.00000     0.00000     0.00000     0.00000     0.00000
   -53.81930     0.00000     0.00000     0.00000     0.00000     0.00000     0.00000     0.00000     0.00000     0.00000     0.00000     0.00000     0.00000     0.00000     0.00000     0.00000     0.00000     0.00000
   -53.76730     0.00000     0.00000     0.00000     0.00000     0.00000     0.00000     0.00000     0.00000     0.00000     0.00000     0.00000     0.00000     0.00000     0.00000     0.00000     0.00000     0.00000
   -53.71430     0.00000     0.00000     0.00000     0.00000     0.00000     0.00000     0.00000     0.00000     0.00000     0.00000     0.00000     0.00000     0.00000     0.00000     0.00000     0.00000     0.00000
   -53.66130     0.00000     0.00000     0.00000     0.00000     0.00000     0.00000     0.00000     0.00000     0.00000     0.00000     0.00000     0.00000     0.00000     0.00000     0.00000     0.00000     0.00000
   -53.60830     0.00000     0.00000     0.00000     0.00000     0.00000     0.00000     0.00000     0.00000     0.00000     0.00000     0.00000     0.00000     0.00000     0.00000     0.00000     0.00000     0.00000
   -53.55530     0.00000     0.00000     0.00000     0.00000     0.00000     0.00000     0.00000     0.00000     0.00000     0.00000     0.00000     0.00000     0.00000     0.00000     0.00000     0.00000     0.00000
   -53.50330     0.00000     0.00000     0.00000     0.00000     0.00000     0.00000     0.00000     0.00000     0.00000     0.00000     0.00000     0.00000     0.00000     0.00000     0.00000     0.00000     0.00000
   -53.45030     0.00000     0.00000     0.00000     0.00000     0.00000     0.00000     0.00000     0.00000     0.00000     0.00000     0.00000     0.00000     0.00000     0.00000     0.00000     0.00000     0.00000
   -53.39730     0.00000     0.00000     0.00000     0.00000     0.00000     0.00000     0.00000     0.00000     0.00000     0.00000     0.00000     0.00000     0.00000     0.00000     0.00000     0.00000     0.00000
   -53.34430     0.00000     0.00000     0.00000     0.00000     0.00000     0.00000     0.00000     0.00000     0.00000     0.00000     0.00000     0.00000     0.00000     0.00000     0.00000     0.00000     0.00000
   -53.29230     0.00000     0.00000     0.00000     0.00000     0.00000     0.00000     0.00000     0.00000     0.00000     0.00000     0.00000     0.00000     0.00000     0.00000     0.00000     0.00000     0.00000
   -53.23930     0.00000     0.00000     0.00000     0.00000     0.00000     0.00000     0.00000     0.00000     0.00000     0.00000     0.00000     0.00000     0.00000     0.00000     0.00000     0.00000     0.00000
   -53.18630     0.00000     0.00000     0.00000     0.00000     0.00000     0.00000     0.00000     0.00000     0.00000     0.00000     0.00000     0.00000     0.00000     0.00000     0.00000     0.00000     0.00000
   -53.13330     0.00000     0.00000     0.00000     0.00000     0.00000     0.00000     0.00000     0.00000     0.00000     0.00000     0.00000     0.00000     0.00000     0.00000     0.00000     0.00000     0.00000
   -53.08030     0.00000     0.00000     0.00000     0.00000     0.00000     0.00000     0.00000     0.00000     0.00000     0.00000     0.00000     0.00000     0.00000     0.00000     0.00000     0.00000     0.00000
   -53.02830     0.00000     0.00000     0.00000     0.00000     0.00000     0.00000     0.00000     0.00000     0.00000     0.00000     0.00000     0.00000     0.00000     0.00000     0.00000     0.00000     0.00000
   -52.97530     0.00000     0.00000     0.00000     0.00000     0.00000     0.00000     0.00000     0.00000     0.00000     0.00000     0.00000     0.00000     0.00000     0.00000     0.00000     0.00000     0.00000
   -52.92230     0.00000     0.00000     0.00000     0.00000     0.00000     0.00000     0.00000     0.00000     0.00000     0.00000     0.00000     0.00000     0.00000     0.00000     0.00000     0.00000     0.00000
   -52.86930     0.00000     0.00000     0.00000     0.00000     0.00000     0.00000     0.00000     0.00000     0.00000     0.00000     0.00000     0.00000     0.00000     0.00000     0.00000     0.00000     0.00000
   -52.81730     0.00000     0.00000     0.00000     0.00000     0.00000     0.00000     0.00000     0.00000     0.00000     0.00000     0.00000     0.00000     0.00000     0.00000     0.00000     0.00000     0.00000
   -52.76430     0.00000     0.00000     0.00000     0.00000     0.00000     0.00000     0.00000     0.00000     0.00000     0.00000     0.00000     0.00000     0.00000     0.00000     0.00000     0.00000     0.00000
   -52.71130     0.00000     0.00000     0.00000     0.00000     0.00000     0.00000     0.00000     0.00000     0.00000     0.00000     0.00000     0.00000     0.00000     0.00000     0.00000     0.00000     0.00000
   -52.65830     0.00000     0.00000     0.00000     0.00000     0.00000     0.00000     0.00000     0.00000     0.00000     0.00000     0.00000     0.00000     0.00000     0.00000     0.00000     0.00000     0.00000
   -52.60530     0.00000     0.00000     0.00000     0.00000     0.00000     0.00000     0.00000     0.00000     0.00000     0.00000     0.00000     0.00000     0.00000     0.00000     0.00000     0.00000     0.00000
   -52.55330     0.00000     0.00000     0.00000     0.00000     0.00000     0.00000     0.00000     0.00000     0.00000     0.00000     0.00000     0.00000     0.00000     0.00000     0.00000     0.00000     0.00000
   -52.50030     0.00000     0.00000     0.00000     0.00000     0.00000     0.00000     0.00000     0.00000     0.00000     0.00000     0.00000     0.00000     0.00000     0.00000     0.00000     0.00000     0.00000
   -52.44730     0.00000     0.00000     0.00000     0.00000     0.00000     0.00000     0.00000     0.00000     0.00000     0.00000     0.00000     0.00000     0.00000     0.00000     0.00000     0.00000     0.00000
   -52.39430     0.00000     0.00000     0.00000     0.00000     0.00000     0.00000     0.00000     0.00000     0.00000     0.00000     0.00000     0.00000     0.00000     0.00000     0.00000     0.00000     0.00000
   -52.34130     0.00000     0.00000     0.00000     0.00000     0.00000     0.00000     0.00000     0.00000     0.00000     0.00000     0.00000     0.00000     0.00000     0.00000     0.00000     0.00000     0.00000
   -52.28930     0.00000     0.00000     0.00000     0.00000     0.00000     0.00000     0.00000     0.00000     0.00000     0.00000     0.00000     0.00000     0.00000     0.00000     0.00000     0.00000     0.00000
   -52.23630     0.00000     0.00000     0.00000     0.00000     0.00000     0.00000     0.00000     0.00000     0.00000     0.00000     0.00000     0.00000     0.00000     0.00000     0.00000     0.00000     0.00000
   -52.18330     0.00000     0.00000     0.00000     0.00000     0.00000     0.00000     0.00000     0.00000     0.00000     0.00000     0.00000     0.00000     0.00000     0.00000     0.00000     0.00000     0.00000
   -52.13030     0.00000     0.00000     0.00000     0.00000     0.00000     0.00000     0.00000     0.00000     0.00000     0.00000     0.00000     0.00000     0.00000     0.00000     0.00000     0.00000     0.00000
   -52.07830     0.00000     0.00000     0.00000     0.00000     0.00000     0.00000     0.00000     0.00000     0.00000     0.00000     0.00000     0.00000     0.00000     0.00000     0.00000     0.00000     0.00000
   -52.02530     0.00000     0.00000     0.00000     0.00000     0.00000     0.00000     0.00000     0.00000     0.00000     0.00000     0.00000     0.00000     0.00000     0.00000     0.00000     0.00000     0.00000
   -51.97230     0.00000     0.00000     0.00000     0.00000     0.00000     0.00000     0.00000     0.00000     0.00000     0.00000     0.00000     0.00000     0.00000     0.00000     0.00000     0.00000     0.00000
   -51.91930     0.00000     0.00000     0.00000     0.00000     0.00000     0.00000     0.00000     0.00000     0.00000     0.00000     0.00000     0.00000     0.00000     0.00000     0.00000     0.00000     0.00000
   -51.86630     0.00000     0.00000     0.00000     0.00000     0.00000     0.00000     0.00000     0.00000     0.00000     0.00000     0.00000     0.00000     0.00000     0.00000     0.00000     0.00000     0.00000
   -51.81430     0.00000     0.00000     0.00000     0.00000     0.00000     0.00000     0.00000     0.00000     0.00000     0.00000     0.00000     0.00000     0.00000     0.00000     0.00000     0.00000     0.00000
   -51.76130     0.00000     0.00000     0.00000     0.00000     0.00000     0.00000     0.00000     0.00000     0.00000     0.00000     0.00000     0.00000     0.00000     0.00000     0.00000     0.00000     0.00000
   -51.70830     0.00000     0.00000     0.00000     0.00000     0.00000     0.00000     0.00000     0.00000     0.00000     0.00000     0.00000     0.00000     0.00000     0.00000     0.00000     0.00000     0.00000
   -51.65530     0.00000     0.00000     0.00000     0.00000     0.00000     0.00000     0.00000     0.00000     0.00000     0.00000     0.00000     0.00000     0.00000     0.00000     0.00000     0.00000     0.00000
   -51.60330     0.00000     0.00000     0.00000     0.00000     0.00000     0.00000     0.00000     0.00000     0.00000     0.00000     0.00000     0.00000     0.00000     0.00000     0.00000     0.00000     0.00000
   -51.55030     0.00000     0.00000     0.00000     0.00000     0.00000     0.00000     0.00000     0.00000     0.00000     0.00000     0.00000     0.00000     0.00000     0.00000     0.00000     0.00000     0.00000
   -51.49730     0.00000     0.00000     0.00000     0.00000     0.00000     0.00000     0.00000     0.00000     0.00000     0.00000     0.00000     0.00000     0.00000     0.00000     0.00000     0.00000     0.00000
   -51.44430     0.00000     0.00000     0.00000     0.00000     0.00000     0.00000     0.00000     0.00000     0.00000     0.00000     0.00000     0.00000     0.00000     0.00000     0.00000     0.00000     0.00000
   -51.39130     0.00000     0.00000     0.00000     0.00000     0.00000     0.00000     0.00000     0.00000     0.00000     0.00000     0.00000     0.00000     0.00000     0.00000     0.00000     0.00000     0.00000
   -51.33930     0.00000     0.00000     0.00000     0.00000     0.00000     0.00000     0.00000     0.00000     0.00000     0.00000     0.00000     0.00000     0.00000     0.00000     0.00000     0.00000     0.00000
   -51.28630     0.00000     0.00000     0.00000     0.00000     0.00000     0.00000     0.00000     0.00000     0.00000     0.00000     0.00000     0.00000     0.00000     0.00000     0.00000     0.00000     0.00000
   -51.23330     0.00000     0.00000     0.00000     0.00000     0.00000     0.00000     0.00000     0.00000     0.00000     0.00000     0.00000     0.00000     0.00000     0.00000     0.00000     0.00000     0.00000
   -51.18030     0.00000     0.00000     0.00000     0.00000     0.00000     0.00000     0.00000     0.00000     0.00000     0.00000     0.00000     0.00000     0.00000     0.00000     0.00000     0.00000     0.00000
   -51.12830     0.00000     0.00000     0.00000     0.00000     0.00000     0.00000     0.00000     0.00000     0.00000     0.00000     0.00000     0.00000     0.00000     0.00000     0.00000     0.00000     0.00000
   -51.07530     0.00000     0.00000     0.00000     0.00000     0.00000     0.00000     0.00000     0.00000     0.00000     0.00000     0.00000     0.00000     0.00000     0.00000     0.00000     0.00000     0.00000
   -51.02230     0.00000     0.00000     0.00000     0.00000     0.00000     0.00000     0.00000     0.00000     0.00000     0.00000     0.00000     0.00000     0.00000     0.00000     0.00000     0.00000     0.00000
   -50.96930     0.00000     0.00000     0.00000     0.00000     0.00000     0.00000     0.00000     0.00000     0.00000     0.00000     0.00000     0.00000     0.00000     0.00000     0.00000     0.00000     0.00000
   -50.91630     0.00000     0.00000     0.00000     0.00000     0.00000     0.00000     0.00000     0.00000     0.00000     0.00000     0.00000     0.00000     0.00000     0.00000     0.00000     0.00000     0.00000
   -50.86430     0.00000     0.00000     0.00000     0.00000     0.00000     0.00000     0.00000     0.00000     0.00000     0.00000     0.00000     0.00000     0.00000     0.00000     0.00000     0.00000     0.00000
   -50.81130     0.00000     0.00000     0.00000     0.00000     0.00000     0.00000     0.00000     0.00000     0.00000     0.00000     0.00000     0.00000     0.00000     0.00000     0.00000     0.00000     0.00000
   -50.75830     0.00000     0.00000     0.00000     0.00000     0.00000     0.00000     0.00000     0.00000     0.00000     0.00000     0.00000     0.00000     0.00000     0.00000     0.00000     0.00000     0.00000
   -50.70530     0.00000     0.00000     0.00000     0.00000     0.00000     0.00000     0.00000     0.00000     0.00000     0.00000     0.00000     0.00000     0.00000     0.00000     0.00000     0.00000     0.00000
   -50.65330     0.00000     0.00000     0.00000     0.00000     0.00000     0.00000     0.00000     0.00000     0.00000     0.00000     0.00000     0.00000     0.00000     0.00000     0.00000     0.00000     0.00000
   -50.60030     0.00000     0.00000     0.00000     0.00000     0.00000     0.00000     0.00000     0.00000     0.00000     0.00000     0.00000     0.00000     0.00000     0.00000     0.00000     0.00000     0.00000
   -50.54730     0.00000     0.00000     0.00000     0.00000     0.00000     0.00000     0.00000     0.00000     0.00000     0.00000     0.00000     0.00000     0.00000     0.00000     0.00000     0.00000     0.00000
   -50.49430     0.00000     0.00000     0.00000     0.00000     0.00000     0.00000     0.00000     0.00000     0.00000     0.00000     0.00000     0.00000     0.00000     0.00000     0.00000     0.00000     0.00000
   -50.44130     0.00000     0.00000     0.00000     0.00000     0.00000     0.00000     0.00000     0.00000     0.00000     0.00000     0.00000     0.00000     0.00000     0.00000     0.00000     0.00000     0.00000
   -50.38930     0.00000     0.00000     0.00000     0.00000     0.00000     0.00000     0.00000     0.00000     0.00000     0.00000     0.00000     0.00000     0.00000     0.00000     0.00000     0.00000     0.00000
   -50.33630     0.00000     0.00000     0.00000     0.00000     0.00000     0.00000     0.00000     0.00000     0.00000     0.00000     0.00000     0.00000     0.00000     0.00000     0.00000     0.00000     0.00000
   -50.28330     0.00000     0.00000     0.00000     0.00000     0.00000     0.00000     0.00000     0.00000     0.00000     0.00000     0.00000     0.00000     0.00000     0.00000     0.00000     0.00000     0.00000
   -50.23030     0.00000     0.00000     0.00000     0.00000     0.00000     0.00000     0.00000     0.00000     0.00000     0.00000     0.00000     0.00000     0.00000     0.00000     0.00000     0.00000     0.00000
   -50.17830     0.00000     0.00000     0.00000     0.00000     0.00000     0.00000     0.00000     0.00000     0.00000     0.00000     0.00000     0.00000     0.00000     0.00000     0.00000     0.00000     0.00000
   -50.12530     0.00000     0.00000     0.00000     0.00000     0.00000     0.00000     0.00000     0.00000     0.00000     0.00000     0.00000     0.00000     0.00000     0.00000     0.00000     0.00000     0.00000
   -50.07230     0.00000     0.00000     0.00000     0.00000     0.00000     0.00000     0.00000     0.00000     0.00000     0.00000     0.00000     0.00000     0.00000     0.00000     0.00000     0.00000     0.00000
   -50.01930     0.00000     0.00000     0.00000     0.00000     0.00000     0.00000     0.00000     0.00000     0.00000     0.00000     0.00000     0.00000     0.00000     0.00000     0.00000     0.00000     0.00000
   -49.96630     0.00000     0.00000     0.00000     0.00000     0.00000     0.00000     0.00000     0.00000     0.00000     0.00000     0.00000     0.00000     0.00000     0.00000     0.00000     0.00000     0.00000
   -49.91430     0.00000     0.00000     0.00000     0.00000     0.00000     0.00000     0.00000     0.00000     0.00000     0.00000     0.00000     0.00000     0.00000     0.00000     0.00000     0.00000     0.00000
   -49.86130     0.00000     0.00000     0.00000     0.00000     0.00000     0.00000     0.00000     0.00000     0.00000     0.00000     0.00000     0.00000     0.00000     0.00000     0.00000     0.00000     0.00000
   -49.80830     0.00000     0.00000     0.00000     0.00000     0.00000     0.00000     0.00000     0.00000     0.00000     0.00000     0.00000     0.00000     0.00000     0.00000     0.00000     0.00000     0.00000
   -49.75530     0.00000     0.00000     0.00000     0.00000     0.00000     0.00000     0.00000     0.00000     0.00000     0.00000     0.00000     0.00000     0.00000     0.00000     0.00000     0.00000     0.00000
   -49.70330     0.00000     0.00000     0.00000     0.00000     0.00000     0.00000     0.00000     0.00000     0.00000     0.00000     0.00000     0.00000     0.00000     0.00000     0.00000     0.00000     0.00000
   -49.65030     0.00000     0.00000     0.00000     0.00000     0.00000     0.00000     0.00000     0.00000     0.00000     0.00000     0.00000     0.00000     0.00000     0.00000     0.00000     0.00000     0.00000
   -49.59730     0.00000     0.00000     0.00000     0.00000     0.00000     0.00000     0.00000     0.00000     0.00000     0.00000     0.00000     0.00000     0.00000     0.00000     0.00000     0.00000     0.00000
   -49.54430     0.00000     0.00000     0.00000     0.00000     0.00000     0.00000     0.00000     0.00000     0.00000     0.00000     0.00000     0.00000     0.00000     0.00000     0.00000     0.00000     0.00000
   -49.49130     0.00000     0.00000     0.00000     0.00000     0.00000     0.00000     0.00000     0.00000     0.00000     0.00000     0.00000     0.00000     0.00000     0.00000     0.00000     0.00000     0.00000
   -49.43930     0.00000     0.00000     0.00000     0.00000     0.00000     0.00000     0.00000     0.00000     0.00000     0.00000     0.00000     0.00000     0.00000     0.00000     0.00000     0.00000     0.00000
   -49.38630     0.00000     0.00000     0.00000     0.00000     0.00000     0.00000     0.00000     0.00000     0.00000     0.00000     0.00000     0.00000     0.00000     0.00000     0.00000     0.00000     0.00000
   -49.33330     0.00000     0.00000     0.00000     0.00000     0.00000     0.00000     0.00000     0.00000     0.00000     0.00000     0.00000     0.00000     0.00000     0.00000     0.00000     0.00000     0.00000
   -49.28030     0.00000     0.00000     0.00000     0.00000     0.00000     0.00000     0.00000     0.00000     0.00000     0.00000     0.00000     0.00000     0.00000     0.00000     0.00000     0.00000     0.00000
   -49.22830     0.00000     0.00000     0.00000     0.00000     0.00000     0.00000     0.00000     0.00000     0.00000     0.00000     0.00000     0.00000     0.00000     0.00000     0.00000     0.00000     0.00000
   -49.17530     0.00000     0.00000     0.00000     0.00000     0.00000     0.00000     0.00000     0.00000     0.00000     0.00000     0.00000     0.00000     0.00000     0.00000     0.00000     0.00000     0.00000
   -49.12230     0.00000     0.00000     0.00000     0.00000     0.00000     0.00000     0.00000     0.00000     0.00000     0.00000     0.00000     0.00000     0.00000     0.00000     0.00000     0.00000     0.00000
   -49.06930     0.00000     0.00000     0.00000     0.00000     0.00000     0.00000     0.00000     0.00000     0.00000     0.00000     0.00000     0.00000     0.00000     0.00000     0.00000     0.00000     0.00000
   -49.01630     0.00000     0.00000     0.00000     0.00000     0.00000     0.00000     0.00000     0.00000     0.00000     0.00000     0.00000     0.00000     0.00000     0.00000     0.00000     0.00000     0.00000
   -48.96430     0.00000     0.00000     0.00000     0.00000     0.00000     0.00000     0.00000     0.00000     0.00000     0.00000     0.00000     0.00000     0.00000     0.00000     0.00000     0.00000     0.00000
   -48.91130     0.00000     0.00000     0.00000     0.00000     0.00000     0.00000     0.00000     0.00000     0.00000     0.00000     0.00000     0.00000     0.00000     0.00000     0.00000     0.00000     0.00000
   -48.85830     0.00000     0.00000     0.00000     0.00000     0.00000     0.00000     0.00000     0.00000     0.00000     0.00000     0.00000     0.00000     0.00000     0.00000     0.00000     0.00000     0.00000
   -48.80530     0.00000     0.00000     0.00000     0.00000     0.00000     0.00000     0.00000     0.00000     0.00000     0.00000     0.00000     0.00000     0.00000     0.00000     0.00000     0.00000     0.00000
   -48.75330     0.00000     0.00000     0.00000     0.00000     0.00000     0.00000     0.00000     0.00000     0.00000     0.00000     0.00000     0.00000     0.00000     0.00000     0.00000     0.00000     0.00000
   -48.70030     0.00000     0.00000     0.00000     0.00000     0.00000     0.00000     0.00000     0.00000     0.00000     0.00000     0.00000     0.00000     0.00000     0.00000     0.00000     0.00000     0.00000
   -48.64730     0.00000     0.00000     0.00000     0.00000     0.00000     0.00000     0.00000     0.00000     0.00000     0.00000     0.00000     0.00000     0.00000     0.00000     0.00000     0.00000     0.00000
   -48.59430     0.00000     0.00000     0.00000     0.00000     0.00000     0.00000     0.00000     0.00000     0.00000     0.00000     0.00000     0.00000     0.00000     0.00000     0.00000     0.00000     0.00000
   -48.54130     0.00000     0.00000     0.00000     0.00000     0.00000     0.00000     0.00000     0.00000     0.00000     0.00000     0.00000     0.00000     0.00000     0.00000     0.00000     0.00000     0.00000
   -48.48930     0.00000     0.00000     0.00000     0.00000     0.00000     0.00000     0.00000     0.00000     0.00000     0.00000     0.00000     0.00000     0.00000     0.00000     0.00000     0.00000     0.00000
   -48.43630     0.00000     0.00000     0.00000     0.00000     0.00000     0.00000     0.00000     0.00000     0.00000     0.00000     0.00000     0.00000     0.00000     0.00000     0.00000     0.00000     0.00000
   -48.38330     0.00000     0.00000     0.00000     0.00000     0.00000     0.00000     0.00000     0.00000     0.00000     0.00000     0.00000     0.00000     0.00000     0.00000     0.00000     0.00000     0.00000
   -48.33030     0.00000     0.00000     0.00000     0.00000     0.00000     0.00000     0.00000     0.00000     0.00000     0.00000     0.00000     0.00000     0.00000     0.00000     0.00000     0.00000     0.00000
   -48.27730     0.00000     0.00000     0.00000     0.00000     0.00000     0.00000     0.00000     0.00000     0.00000     0.00000     0.00000     0.00000     0.00000     0.00000     0.00000     0.00000     0.00000
   -48.22530     0.00000     0.00000     0.00000     0.00000     0.00000     0.00000     0.00000     0.00000     0.00000     0.00000     0.00000     0.00000     0.00000     0.00000     0.00000     0.00000     0.00000
   -48.17230     0.00000     0.00000     0.00000     0.00000     0.00000     0.00000     0.00000     0.00000     0.00000     0.00000     0.00000     0.00000     0.00000     0.00000     0.00000     0.00000     0.00000
   -48.11930     0.00000     0.00000     0.00000     0.00000     0.00000     0.00000     0.00000     0.00000     0.00000     0.00000     0.00000     0.00000     0.00000     0.00000     0.00000     0.00000     0.00000
   -48.06630     0.00000     0.00000     0.00000     0.00000     0.00000     0.00000     0.00000     0.00000     0.00000     0.00000     0.00000     0.00000     0.00000     0.00000     0.00000     0.00000     0.00000
   -48.01430     0.00000     0.00000     0.00000     0.00000     0.00000     0.00000     0.00000     0.00000     0.00000     0.00000     0.00000     0.00000     0.00000     0.00000     0.00000     0.00000     0.00000
   -47.96130     0.00000     0.00000     0.00000     0.00000     0.00000     0.00000     0.00000     0.00000     0.00000     0.00000     0.00000     0.00000     0.00000     0.00000     0.00000     0.00000     0.00000
   -47.90830     0.00000     0.00000     0.00000     0.00000     0.00000     0.00000     0.00000     0.00000     0.00000     0.00000     0.00000     0.00000     0.00000     0.00000     0.00000     0.00000     0.00000
   -47.85530     0.00000     0.00000     0.00000     0.00000     0.00000     0.00000     0.00000     0.00000     0.00000     0.00000     0.00000     0.00000     0.00000     0.00000     0.00000     0.00000     0.00000
   -47.80230     0.00000     0.00000     0.00000     0.00000     0.00000     0.00000     0.00000     0.00000     0.00000     0.00000     0.00000     0.00000     0.00000     0.00000     0.00000     0.00000     0.00000
   -47.75030     0.00000     0.00000     0.00000     0.00000     0.00000     0.00000     0.00000     0.00000     0.00000     0.00000     0.00000     0.00000     0.00000     0.00000     0.00000     0.00000     0.00000
   -47.69730     0.00000     0.00000     0.00000     0.00000     0.00000     0.00000     0.00000     0.00000     0.00000     0.00000     0.00000     0.00000     0.00000     0.00000     0.00000     0.00000     0.00000
   -47.64430     0.00000     0.00000     0.00000     0.00000     0.00000     0.00000     0.00000     0.00000     0.00000     0.00000     0.00000     0.00000     0.00000     0.00000     0.00000     0.00000     0.00000
   -47.59130     0.00000     0.00000     0.00000     0.00000     0.00000     0.00000     0.00000     0.00000     0.00000     0.00000     0.00000     0.00000     0.00000     0.00000     0.00000     0.00000     0.00000
   -47.53930     0.00000     0.00000     0.00000     0.00000     0.00000     0.00000     0.00000     0.00000     0.00000     0.00000     0.00000     0.00000     0.00000     0.00000     0.00000     0.00000     0.00000
   -47.48630     0.00000     0.00000     0.00000     0.00000     0.00000     0.00000     0.00000     0.00000     0.00000     0.00000     0.00000     0.00000     0.00000     0.00000     0.00000     0.00000     0.00000
   -47.43330     0.00000     0.00000     0.00000     0.00000     0.00000     0.00000     0.00000     0.00000     0.00000     0.00000     0.00000     0.00000     0.00000     0.00000     0.00000     0.00000     0.00000
   -47.38030     0.00000     0.00000     0.00000     0.00000     0.00000     0.00000     0.00000     0.00000     0.00000     0.00000     0.00000     0.00000     0.00000     0.00000     0.00000     0.00000     0.00000
   -47.32730     0.00000     0.00000     0.00000     0.00000     0.00000     0.00000     0.00000     0.00000     0.00000     0.00000     0.00000     0.00000     0.00000     0.00000     0.00000     0.00000     0.00000
   -47.27530     0.00000     0.00000     0.00000     0.00000     0.00000     0.00000     0.00000     0.00000     0.00000     0.00000     0.00000     0.00000     0.00000     0.00000     0.00000     0.00000     0.00000
   -47.22230     0.00000     0.00000     0.00000     0.00000     0.00000     0.00000     0.00000     0.00000     0.00000     0.00000     0.00000     0.00000     0.00000     0.00000     0.00000     0.00000     0.00000
   -47.16930     0.00000     0.00000     0.00000     0.00000     0.00000     0.00000     0.00000     0.00000     0.00000     0.00000     0.00000     0.00000     0.00000     0.00000     0.00000     0.00000     0.00000
   -47.11630     0.00000     0.00000     0.00000     0.00000     0.00000     0.00000     0.00000     0.00000     0.00000     0.00000     0.00000     0.00000     0.00000     0.00000     0.00000     0.00000     0.00000
   -47.06430     0.00000     0.00000     0.00000     0.00000     0.00000     0.00000     0.00000     0.00000     0.00000     0.00000     0.00000     0.00000     0.00000     0.00000     0.00000     0.00000     0.00000
   -47.01130     0.00000     0.00000     0.00000     0.00000     0.00000     0.00000     0.00000     0.00000     0.00000     0.00000     0.00000     0.00000     0.00000     0.00000     0.00000     0.00000     0.00000
   -46.95830     0.00000     0.00000     0.00000     0.00000     0.00000     0.00000     0.00000     0.00000     0.00000     0.00000     0.00000     0.00000     0.00000     0.00000     0.00000     0.00000     0.00000
   -46.90530     0.00000     0.00000     0.00000     0.00000     0.00000     0.00000     0.00000     0.00000     0.00000     0.00000     0.00000     0.00000     0.00000     0.00000     0.00000     0.00000     0.00000
   -46.85230     0.00000     0.00000     0.00000     0.00000     0.00000     0.00000     0.00000     0.00000     0.00000     0.00000     0.00000     0.00000     0.00000     0.00000     0.00000     0.00000     0.00000
   -46.80030     0.00000     0.00000     0.00000     0.00000     0.00000     0.00000     0.00000     0.00000     0.00000     0.00000     0.00000     0.00000     0.00000     0.00000     0.00000     0.00000     0.00000
   -46.74730     0.00000     0.00000     0.00000     0.00000     0.00000     0.00000     0.00000     0.00000     0.00000     0.00000     0.00000     0.00000     0.00000     0.00000     0.00000     0.00000     0.00000
   -46.69430     0.00000     0.00000     0.00000     0.00000     0.00000     0.00000     0.00000     0.00000     0.00000     0.00000     0.00000     0.00000     0.00000     0.00000     0.00000     0.00000     0.00000
   -46.64130     0.00000     0.00000     0.00000     0.00000     0.00000     0.00000     0.00000     0.00000     0.00000     0.00000     0.00000     0.00000     0.00000     0.00000     0.00000     0.00000     0.00000
   -46.58930     0.00000     0.00000     0.00000     0.00000     0.00000     0.00000     0.00000     0.00000     0.00000     0.00000     0.00000     0.00000     0.00000     0.00000     0.00000     0.00000     0.00000
   -46.53630     0.00000     0.00000     0.00000     0.00000     0.00000     0.00000     0.00000     0.00000     0.00000     0.00000     0.00000     0.00000     0.00000     0.00000     0.00000     0.00000     0.00000
   -46.48330     0.00000     0.00000     0.00000     0.00000     0.00000     0.00000     0.00000     0.00000     0.00000     0.00000     0.00000     0.00000     0.00000     0.00000     0.00000     0.00000     0.00000
   -46.43030     0.00000     0.00000     0.00000     0.00000     0.00000     0.00000     0.00000     0.00000     0.00000     0.00000     0.00000     0.00000     0.00000     0.00000     0.00000     0.00000     0.00000
   -46.37730     0.00000     0.00000     0.00000     0.00000     0.00000     0.00000     0.00000     0.00000     0.00000     0.00000     0.00000     0.00000     0.00000     0.00000     0.00000     0.00000     0.00000
   -46.32530     0.00000     0.00000     0.00000     0.00000     0.00000     0.00000     0.00000     0.00000     0.00000     0.00000     0.00000     0.00000     0.00000     0.00000     0.00000     0.00000     0.00000
   -46.27230     0.00000     0.00000     0.00000     0.00000     0.00000     0.00000     0.00000     0.00000     0.00000     0.00000     0.00000     0.00000     0.00000     0.00000     0.00000     0.00000     0.00000
   -46.21930     0.00000     0.00000     0.00000     0.00000     0.00000     0.00000     0.00000     0.00000     0.00000     0.00000     0.00000     0.00000     0.00000     0.00000     0.00000     0.00000     0.00000
   -46.16630     0.00000     0.00000     0.00000     0.00000     0.00000     0.00000     0.00000     0.00000     0.00000     0.00000     0.00000     0.00000     0.00000     0.00000     0.00000     0.00000     0.00000
   -46.11430     0.00000     0.00000     0.00000     0.00000     0.00000     0.00000     0.00000     0.00000     0.00000     0.00000     0.00000     0.00000     0.00000     0.00000     0.00000     0.00000     0.00000
   -46.06130     0.00000     0.00000     0.00000     0.00000     0.00000     0.00000     0.00000     0.00000     0.00000     0.00000     0.00000     0.00000     0.00000     0.00000     0.00000     0.00000     0.00000
   -46.00830     0.00000     0.00000     0.00000     0.00000     0.00000     0.00000     0.00000     0.00000     0.00000     0.00000     0.00000     0.00000     0.00000     0.00000     0.00000     0.00000     0.00000
   -45.95530     0.00000     0.00000     0.00000     0.00000     0.00000     0.00000     0.00000     0.00000     0.00000     0.00000     0.00000     0.00000     0.00000     0.00000     0.00000     0.00000     0.00000
   -45.90230     0.00000     0.00000     0.00000     0.00000     0.00000     0.00000     0.00000     0.00000     0.00000     0.00000     0.00000     0.00000     0.00000     0.00000     0.00000     0.00000     0.00000
   -45.85030     0.00000     0.00000     0.00000     0.00000     0.00000     0.00000     0.00000     0.00000     0.00000     0.00000     0.00000     0.00000     0.00000     0.00000     0.00000     0.00000     0.00000
   -45.79730     0.00000     0.00000     0.00000     0.00000     0.00000     0.00000     0.00000     0.00000     0.00000     0.00000     0.00000     0.00000     0.00000     0.00000     0.00000     0.00000     0.00000
   -45.74430     0.00000     0.00000     0.00000     0.00000     0.00000     0.00000     0.00000     0.00000     0.00000     0.00000     0.00000     0.00000     0.00000     0.00000     0.00000     0.00000     0.00000
   -45.69130     0.00000     0.00000     0.00000     0.00000     0.00000     0.00000     0.00000     0.00000     0.00000     0.00000     0.00000     0.00000     0.00000     0.00000     0.00000     0.00000     0.00000
   -45.63930     0.00000     0.00000     0.00000     0.00000     0.00000     0.00000     0.00000     0.00000     0.00000     0.00000     0.00000     0.00000     0.00000     0.00000     0.00000     0.00000     0.00000
   -45.58630     0.00000     0.00000     0.00000     0.00000     0.00000     0.00000     0.00000     0.00000     0.00000     0.00000     0.00000     0.00000     0.00000     0.00000     0.00000     0.00000     0.00000
   -45.53330     0.00000     0.00000     0.00000     0.00000     0.00000     0.00000     0.00000     0.00000     0.00000     0.00000     0.00000     0.00000     0.00000     0.00000     0.00000     0.00000     0.00000
   -45.48030     0.00000     0.00000     0.00000     0.00000     0.00000     0.00000     0.00000     0.00000     0.00000     0.00000     0.00000     0.00000     0.00000     0.00000     0.00000     0.00000     0.00000
   -45.42730     0.00000     0.00000     0.00000     0.00000     0.00000     0.00000     0.00000     0.00000     0.00000     0.00000     0.00000     0.00000     0.00000     0.00000     0.00000     0.00000     0.00000
   -45.37530     0.00000     0.00000     0.00000     0.00000     0.00000     0.00000     0.00000     0.00000     0.00000     0.00000     0.00000     0.00000     0.00000     0.00000     0.00000     0.00000     0.00000
   -45.32230     0.00000     0.00000     0.00000     0.00000     0.00000     0.00000     0.00000     0.00000     0.00000     0.00000     0.00000     0.00000     0.00000     0.00000     0.00000     0.00000     0.00000
   -45.26930     0.00000     0.00000     0.00000     0.00000     0.00000     0.00000     0.00000     0.00000     0.00000     0.00000     0.00000     0.00000     0.00000     0.00000     0.00000     0.00000     0.00000
   -45.21630     0.00000     0.00000     0.00000     0.00000     0.00000     0.00000     0.00000     0.00000     0.00000     0.00000     0.00000     0.00000     0.00000     0.00000     0.00000     0.00000     0.00000
   -45.16430     0.00000     0.00000     0.00000     0.00000     0.00000     0.00000     0.00000     0.00000     0.00000     0.00000     0.00000     0.00000     0.00000     0.00000     0.00000     0.00000     0.00000
   -45.11130     0.00000     0.00000     0.00000     0.00000     0.00000     0.00000     0.00000     0.00000     0.00000     0.00000     0.00000     0.00000     0.00000     0.00000     0.00000     0.00000     0.00000
   -45.05830     0.00000     0.00000     0.00000     0.00000     0.00000     0.00000     0.00000     0.00000     0.00000     0.00000     0.00000     0.00000     0.00000     0.00000     0.00000     0.00000     0.00000
   -45.00530     0.00000     0.00000     0.00000     0.00000     0.00000     0.00000     0.00000     0.00000     0.00000     0.00000     0.00000     0.00000     0.00000     0.00000     0.00000     0.00000     0.00000
   -44.95230     0.00000     0.00000     0.00000     0.00000     0.00000     0.00000     0.00000     0.00000     0.00000     0.00000     0.00000     0.00000     0.00000     0.00000     0.00000     0.00000     0.00000
   -44.90030     0.00000     0.00000     0.00000     0.00000     0.00000     0.00000     0.00000     0.00000     0.00000     0.00000     0.00000     0.00000     0.00000     0.00000     0.00000     0.00000     0.00000
   -44.84730     0.00000     0.00000     0.00000     0.00000     0.00000     0.00000     0.00000     0.00000     0.00000     0.00000     0.00000     0.00000     0.00000     0.00000     0.00000     0.00000     0.00000
   -44.79430     0.00000     0.00000     0.00000     0.00000     0.00000     0.00000     0.00000     0.00000     0.00000     0.00000     0.00000     0.00000     0.00000     0.00000     0.00000     0.00000     0.00000
   -44.74130     0.00000     0.00000     0.00000     0.00000     0.00000     0.00000     0.00000     0.00000     0.00000     0.00000     0.00000     0.00000     0.00000     0.00000     0.00000     0.00000     0.00000
   -44.68930     0.00000     0.00000     0.00000     0.00000     0.00000     0.00000     0.00000     0.00000     0.00000     0.00000     0.00000     0.00000     0.00000     0.00000     0.00000     0.00000     0.00000
   -44.63630     0.00000     0.00000     0.00000     0.00000     0.00000     0.00000     0.00000     0.00000     0.00000     0.00000     0.00000     0.00000     0.00000     0.00000     0.00000     0.00000     0.00000
   -44.58330     0.00000     0.00000     0.00000     0.00000     0.00000     0.00000     0.00000     0.00000     0.00000     0.00000     0.00000     0.00000     0.00000     0.00000     0.00000     0.00000     0.00000
   -44.53030     0.00000     0.00000     0.00000     0.00000     0.00000     0.00000     0.00000     0.00000     0.00000     0.00000     0.00000     0.00000     0.00000     0.00000     0.00000     0.00000     0.00000
   -44.47730     0.00000     0.00000     0.00000     0.00000     0.00000     0.00000     0.00000     0.00000     0.00000     0.00000     0.00000     0.00000     0.00000     0.00000     0.00000     0.00000     0.00000
   -44.42530     0.00000     0.00000     0.00000     0.00000     0.00000     0.00000     0.00000     0.00000     0.00000     0.00000     0.00000     0.00000     0.00000     0.00000     0.00000     0.00000     0.00000
   -44.37230     0.00000     0.00000     0.00000     0.00000     0.00000     0.00000     0.00000     0.00000     0.00000     0.00000     0.00000     0.00000     0.00000     0.00000     0.00000     0.00000     0.00000
   -44.31930     0.00000     0.00000     0.00000     0.00000     0.00000     0.00000     0.00000     0.00000     0.00000     0.00000     0.00000     0.00000     0.00000     0.00000     0.00000     0.00000     0.00000
   -44.26630     0.00000     0.00000     0.00000     0.00000     0.00000     0.00000     0.00000     0.00000     0.00000     0.00000     0.00000     0.00000     0.00000     0.00000     0.00000     0.00000     0.00000
   -44.21430     0.00000     0.00000     0.00000     0.00000     0.00000     0.00000     0.00000     0.00000     0.00000     0.00000     0.00000     0.00000     0.00000     0.00000     0.00000     0.00000     0.00000
   -44.16130     0.00000     0.00000     0.00000     0.00000     0.00000     0.00000     0.00000     0.00000     0.00000     0.00000     0.00000     0.00000     0.00000     0.00000     0.00000     0.00000     0.00000
   -44.10830     0.00000     0.00000     0.00000     0.00000     0.00000     0.00000     0.00000     0.00000     0.00000     0.00000     0.00000     0.00000     0.00000     0.00000     0.00000     0.00000     0.00000
   -44.05530     0.00000     0.00000     0.00000     0.00000     0.00000     0.00000     0.00000     0.00000     0.00000     0.00000     0.00000     0.00000     0.00000     0.00000     0.00000     0.00000     0.00000
   -44.00230     0.00000     0.00000     0.00000     0.00000     0.00000     0.00000     0.00000     0.00000     0.00000     0.00000     0.00000     0.00000     0.00000     0.00000     0.00000     0.00000     0.00000
   -43.95030     0.00000     0.00000     0.00000     0.00000     0.00000     0.00000     0.00000     0.00000     0.00000     0.00000     0.00000     0.00000     0.00000     0.00000     0.00000     0.00000     0.00000
   -43.89730     0.00000     0.00000     0.00000     0.00000     0.00000     0.00000     0.00000     0.00000     0.00000     0.00000     0.00000     0.00000     0.00000     0.00000     0.00000     0.00000     0.00000
   -43.84430     0.00000     0.00000     0.00000     0.00000     0.00000     0.00000     0.00000     0.00000     0.00000     0.00000     0.00000     0.00000     0.00000     0.00000     0.00000     0.00000     0.00000
   -43.79130     0.00000     0.00000     0.00000     0.00000     0.00000     0.00000     0.00000     0.00000     0.00000     0.00000     0.00000     0.00000     0.00000     0.00000     0.00000     0.00000     0.00000
   -43.73830     0.00000     0.00000     0.00000     0.00000     0.00000     0.00000     0.00000     0.00000     0.00000     0.00000     0.00000     0.00000     0.00000     0.00000     0.00000     0.00000     0.00000
   -43.68630     0.00000     0.00000     0.00000     0.00000     0.00000     0.00000     0.00000     0.00000     0.00000     0.00000     0.00000     0.00000     0.00000     0.00000     0.00000     0.00000     0.00000
   -43.63330     0.00000     0.00000     0.00000     0.00000     0.00000     0.00000     0.00000     0.00000     0.00000     0.00000     0.00000     0.00000     0.00000     0.00000     0.00000     0.00000     0.00000
   -43.58030     0.00000     0.00000     0.00000     0.00000     0.00000     0.00000     0.00000     0.00000     0.00000     0.00000     0.00000     0.00000     0.00000     0.00000     0.00000     0.00000     0.00000
   -43.52730     0.00000     0.00000     0.00000     0.00000     0.00000     0.00000     0.00000     0.00000     0.00000     0.00000     0.00000     0.00000     0.00000     0.00000     0.00000     0.00000     0.00000
   -43.47530     0.00000     0.00000     0.00000     0.00000     0.00000     0.00000     0.00000     0.00000     0.00000     0.00000     0.00000     0.00000     0.00000     0.00000     0.00000     0.00000     0.00000
   -43.42230     0.00000     0.00000     0.00000     0.00000     0.00000     0.00000     0.00000     0.00000     0.00000     0.00000     0.00000     0.00000     0.00000     0.00000     0.00000     0.00000     0.00000
   -43.36930     0.00000     0.00000     0.00000     0.00000     0.00000     0.00000     0.00000     0.00000     0.00000     0.00000     0.00000     0.00000     0.00000     0.00000     0.00000     0.00000     0.00000
   -43.31630     0.00000     0.00000     0.00000     0.00000     0.00000     0.00000     0.00000     0.00000     0.00000     0.00000     0.00000     0.00000     0.00000     0.00000     0.00000     0.00000     0.00000
   -43.26330     0.00000     0.00000     0.00000     0.00000     0.00000     0.00000     0.00000     0.00000     0.00000     0.00000     0.00000     0.00000     0.00000     0.00000     0.00000     0.00000     0.00000
   -43.21130     0.00000     0.00000     0.00000     0.00000     0.00000     0.00000     0.00000     0.00000     0.00000     0.00000     0.00000     0.00000     0.00000     0.00000     0.00000     0.00000     0.00000
   -43.15830     0.00000     0.00000     0.00000     0.00000     0.00000     0.00000     0.00000     0.00000     0.00000     0.00000     0.00000     0.00000     0.00000     0.00000     0.00000     0.00000     0.00000
   -43.10530     0.00000     0.00000     0.00000     0.00000     0.00000     0.00000     0.00000     0.00000     0.00000     0.00000     0.00000     0.00000     0.00000     0.00000     0.00000     0.00000     0.00000
   -43.05230     0.00000     0.00000     0.00000     0.00000     0.00000     0.00000     0.00000     0.00000     0.00000     0.00000     0.00000     0.00000     0.00000     0.00000     0.00000     0.00000     0.00000
   -43.00030     0.00000     0.00000     0.00000     0.00000     0.00000     0.00000     0.00000     0.00000     0.00000     0.00000     0.00000     0.00000     0.00000     0.00000     0.00000     0.00000     0.00000
   -42.94730     0.00000     0.00000     0.00000     0.00000     0.00000     0.00000     0.00000     0.00000     0.00000     0.00000     0.00000     0.00000     0.00000     0.00000     0.00000     0.00000     0.00000
   -42.89430     0.00000     0.00000     0.00000     0.00000     0.00000     0.00000     0.00000     0.00000     0.00000     0.00000     0.00000     0.00000     0.00000     0.00000     0.00000     0.00000     0.00000
   -42.84130     0.00000     0.00000     0.00000     0.00000     0.00000     0.00000     0.00000     0.00000     0.00000     0.00000     0.00000     0.00000     0.00000     0.00000     0.00000     0.00000     0.00000
   -42.78830     0.00000     0.00000     0.00000     0.00000     0.00000     0.00000     0.00000     0.00000     0.00000     0.00000     0.00000     0.00000     0.00000     0.00000     0.00000     0.00000     0.00000
   -42.73630     0.00000     0.00000     0.00000     0.00000     0.00000     0.00000     0.00000     0.00000     0.00000     0.00000     0.00000     0.00000     0.00000     0.00000     0.00000     0.00000     0.00000
   -42.68330     0.00000     0.00000     0.00000     0.00000     0.00000     0.00000     0.00000     0.00000     0.00000     0.00000     0.00000     0.00000     0.00000     0.00000     0.00000     0.00000     0.00000
   -42.63030     0.00000     0.00000     0.00000     0.00000     0.00000     0.00000     0.00000     0.00000     0.00000     0.00000     0.00000     0.00000     0.00000     0.00000     0.00000     0.00000     0.00000
   -42.57730     0.00000     0.00000     0.00000     0.00000     0.00000     0.00000     0.00000     0.00000     0.00000     0.00000     0.00000     0.00000     0.00000     0.00000     0.00000     0.00000     0.00000
   -42.52530     0.00000     0.00000     0.00000     0.00000     0.00000     0.00000     0.00000     0.00000     0.00000     0.00000     0.00000     0.00000     0.00000     0.00000     0.00000     0.00000     0.00000
   -42.47230     0.00000     0.00000     0.00000     0.00000     0.00000     0.00000     0.00000     0.00000     0.00000     0.00000     0.00000     0.00000     0.00000     0.00000     0.00000     0.00000     0.00000
   -42.41930     0.00000     0.00000     0.00000     0.00000     0.00000     0.00000     0.00000     0.00000     0.00000     0.00000     0.00000     0.00000     0.00000     0.00000     0.00000     0.00000     0.00000
   -42.36630     0.00000     0.00000     0.00000     0.00000     0.00000     0.00000     0.00000     0.00000     0.00000     0.00000     0.00000     0.00000     0.00000     0.00000     0.00000     0.00000     0.00000
   -42.31330     0.00000     0.00000     0.00000     0.00000     0.00000     0.00000     0.00000     0.00000     0.00000     0.00000     0.00000     0.00000     0.00000     0.00000     0.00000     0.00000     0.00000
   -42.26130     0.00000     0.00000     0.00000     0.00000     0.00000     0.00000     0.00000     0.00000     0.00000     0.00000     0.00000     0.00000     0.00000     0.00000     0.00000     0.00000     0.00000
   -42.20830     0.00000     0.00000     0.00000     0.00000     0.00000     0.00000     0.00000     0.00000     0.00000     0.00000     0.00000     0.00000     0.00000     0.00000     0.00000     0.00000     0.00000
   -42.15530     0.00000     0.00000     0.00000     0.00000     0.00000     0.00000     0.00000     0.00000     0.00000     0.00000     0.00000     0.00000     0.00000     0.00000     0.00000     0.00000     0.00000
   -42.10230     0.00000     0.00000     0.00000     0.00000     0.00000     0.00000     0.00000     0.00000     0.00000     0.00000     0.00000     0.00000     0.00000     0.00000     0.00000     0.00000     0.00000
   -42.05030     0.00000     0.00000     0.00000     0.00000     0.00000     0.00000     0.00000     0.00000     0.00000     0.00000     0.00000     0.00000     0.00000     0.00000     0.00000     0.00000     0.00000
   -41.99730     0.00000     0.00000     0.00000     0.00000     0.00000     0.00000     0.00000     0.00000     0.00000     0.00000     0.00000     0.00000     0.00000     0.00000     0.00000     0.00000     0.00000
   -41.94430     0.00000     0.00000     0.00000     0.00000     0.00000     0.00000     0.00000     0.00000     0.00000     0.00000     0.00000     0.00000     0.00000     0.00000     0.00000     0.00000     0.00000
   -41.89130     0.00000     0.00000     0.00000     0.00000     0.00000     0.00000     0.00000     0.00000     0.00000     0.00000     0.00000     0.00000     0.00000     0.00000     0.00000     0.00000     0.00000
   -41.83830     0.00000     0.00000     0.00000     0.00000     0.00000     0.00000     0.00000     0.00000     0.00000     0.00000     0.00000     0.00000     0.00000     0.00000     0.00000     0.00000     0.00000
   -41.78630     0.00000     0.00000     0.00000     0.00000     0.00000     0.00000     0.00000     0.00000     0.00000     0.00000     0.00000     0.00000     0.00000     0.00000     0.00000     0.00000     0.00000
   -41.73330     0.00000     0.00000     0.00000     0.00000     0.00000     0.00000     0.00000     0.00000     0.00000     0.00000     0.00000     0.00000     0.00000     0.00000     0.00000     0.00000     0.00000
   -41.68030     0.00000     0.00000     0.00000     0.00000     0.00000     0.00000     0.00000     0.00000     0.00000     0.00000     0.00000     0.00000     0.00000     0.00000     0.00000     0.00000     0.00000
   -41.62730     0.00000     0.00000     0.00000     0.00000     0.00000     0.00000     0.00000     0.00000     0.00000     0.00000     0.00000     0.00000     0.00000     0.00000     0.00000     0.00000     0.00000
   -41.57530     0.00000     0.00000     0.00000     0.00000     0.00000     0.00000     0.00000     0.00000     0.00000     0.00000     0.00000     0.00000     0.00000     0.00000     0.00000     0.00000     0.00000
   -41.52230     0.00000     0.00000     0.00000     0.00000     0.00000     0.00000     0.00000     0.00000     0.00000     0.00000     0.00000     0.00000     0.00000     0.00000     0.00000     0.00000     0.00000
   -41.46930     0.00000     0.00000     0.00000     0.00000     0.00000     0.00000     0.00000     0.00000     0.00000     0.00000     0.00000     0.00000     0.00000     0.00000     0.00000     0.00000     0.00000
   -41.41630     0.00000     0.00000     0.00000     0.00000     0.00000     0.00000     0.00000     0.00000     0.00000     0.00000     0.00000     0.00000     0.00000     0.00000     0.00000     0.00000     0.00000
   -41.36330     0.00000     0.00000     0.00000     0.00000     0.00000     0.00000     0.00000     0.00000     0.00000     0.00000     0.00000     0.00000     0.00000     0.00000     0.00000     0.00000     0.00000
   -41.31130     0.00000     0.00000     0.00000     0.00000     0.00000     0.00000     0.00000     0.00000     0.00000     0.00000     0.00000     0.00000     0.00000     0.00000     0.00000     0.00000     0.00000
   -41.25830     0.00000     0.00000     0.00000     0.00000     0.00000     0.00000     0.00000     0.00000     0.00000     0.00000     0.00000     0.00000     0.00000     0.00000     0.00000     0.00000     0.00000
   -41.20530     0.00000     0.00000     0.00000     0.00000     0.00000     0.00000     0.00000     0.00000     0.00000     0.00000     0.00000     0.00000     0.00000     0.00000     0.00000     0.00000     0.00000
   -41.15230     0.00000     0.00000     0.00000     0.00000     0.00000     0.00000     0.00000     0.00000     0.00000     0.00000     0.00000     0.00000     0.00000     0.00000     0.00000     0.00000     0.00000
   -41.10030     0.00000     0.00000     0.00000     0.00000     0.00000     0.00000     0.00000     0.00000     0.00000     0.00000     0.00000     0.00000     0.00000     0.00000     0.00000     0.00000     0.00000
   -41.04730     0.00000     0.00000     0.00000     0.00000     0.00000     0.00000     0.00000     0.00000     0.00000     0.00000     0.00000     0.00000     0.00000     0.00000     0.00000     0.00000     0.00000
   -40.99430     0.00000     0.00000     0.00000     0.00000     0.00000     0.00000     0.00000     0.00000     0.00000     0.00000     0.00000     0.00000     0.00000     0.00000     0.00000     0.00000     0.00000
   -40.94130     0.00000     0.00000     0.00000     0.00000     0.00000     0.00000     0.00000     0.00000     0.00000     0.00000     0.00000     0.00000     0.00000     0.00000     0.00000     0.00000     0.00000
   -40.88830     0.00000     0.00000     0.00000     0.00000     0.00000     0.00000     0.00000     0.00000     0.00000     0.00000     0.00000     0.00000     0.00000     0.00000     0.00000     0.00000     0.00000
   -40.83630     0.00000     0.00000     0.00000     0.00000     0.00000     0.00000     0.00000     0.00000     0.00000     0.00000     0.00000     0.00000     0.00000     0.00000     0.00000     0.00000     0.00000
   -40.78330     0.00000     0.00000     0.00000     0.00000     0.00000     0.00000     0.00000     0.00000     0.00000     0.00000     0.00000     0.00000     0.00000     0.00000     0.00000     0.00000     0.00000
   -40.73030     0.00000     0.00000     0.00000     0.00000     0.00000     0.00000     0.00000     0.00000     0.00000     0.00000     0.00000     0.00000     0.00000     0.00000     0.00000     0.00000     0.00000
   -40.67730     0.00000     0.00000     0.00000     0.00000     0.00000     0.00000     0.00000     0.00000     0.00000     0.00000     0.00000     0.00000     0.00000     0.00000     0.00000     0.00000     0.00000
   -40.62530     0.00000     0.00000     0.00000     0.00000     0.00000     0.00000     0.00000     0.00000     0.00000     0.00000     0.00000     0.00000     0.00000     0.00000     0.00000     0.00000     0.00000
   -40.57230     0.00000     0.00000     0.00000     0.00000     0.00000     0.00000     0.00000     0.00000     0.00000     0.00000     0.00000     0.00000     0.00000     0.00000     0.00000     0.00000     0.00000
   -40.51930     0.00000     0.00000     0.00000     0.00000     0.00000     0.00000     0.00000     0.00000     0.00000     0.00000     0.00000     0.00000     0.00000     0.00000     0.00000     0.00000     0.00000
   -40.46630     0.01807     0.00002     0.00004     0.00001     0.00000     0.00000     0.00000     0.00000     0.00000     0.00000     0.00000     0.00000     0.00000     0.00000     0.00000     0.00000     0.01814
   -40.41330     0.00000     0.00000     0.00000     0.00000     0.00000     0.00000     0.00000     0.00000     0.00000     0.00000     0.00000     0.00000     0.00000     0.00000     0.00000     0.00000     0.00000
   -40.36130     0.00000     0.00000     0.00000     0.00000     0.00000     0.00000     0.00000     0.00000     0.00000     0.00000     0.00000     0.00000     0.00000     0.00000     0.00000     0.00000     0.00000
   -40.30830     0.00000     0.00000     0.00000     0.00000     0.00000     0.00000     0.00000     0.00000     0.00000     0.00000     0.00000     0.00000     0.00000     0.00000     0.00000     0.00000     0.00000
   -40.25530     0.00000     0.00000     0.00000     0.00000     0.00000     0.00000     0.00000     0.00000     0.00000     0.00000     0.00000     0.00000     0.00000     0.00000     0.00000     0.00000     0.00000
   -40.20230     0.00000     0.00000     0.00000     0.00000     0.00000     0.00000     0.00000     0.00000     0.00000     0.00000     0.00000     0.00000     0.00000     0.00000     0.00000     0.00000     0.00000
   -40.15030     0.00000     0.00000     0.00000     0.00000     0.00000     0.00000     0.00000     0.00000     0.00000     0.00000     0.00000     0.00000     0.00000     0.00000     0.00000     0.00000     0.00000
   -40.09730     0.00000     0.00000     0.00000     0.00000     0.00000     0.00000     0.00000     0.00000     0.00000     0.00000     0.00000     0.00000     0.00000     0.00000     0.00000     0.00000     0.00000
   -40.04430     0.00000     0.00000     0.00000     0.00000     0.00000     0.00000     0.00000     0.00000     0.00000     0.00000     0.00000     0.00000     0.00000     0.00000     0.00000     0.00000     0.00000
   -39.99130     0.00000     0.00000     0.00000     0.00000     0.00000     0.00000     0.00000     0.00000     0.00000     0.00000     0.00000     0.00000     0.00000     0.00000     0.00000     0.00000     0.00000
   -39.93830     0.00000     0.00000     0.00000     0.00000     0.00000     0.00000     0.00000     0.00000     0.00000     0.00000     0.00000     0.00000     0.00000     0.00000     0.00000     0.00000     0.00000
   -39.88630     0.00000     0.00000     0.00000     0.00000     0.00000     0.00000     0.00000     0.00000     0.00000     0.00000     0.00000     0.00000     0.00000     0.00000     0.00000     0.00000     0.00000
   -39.83330     0.00000     0.00000     0.00000     0.00000     0.00000     0.00000     0.00000     0.00000     0.00000     0.00000     0.00000     0.00000     0.00000     0.00000     0.00000     0.00000     0.00000
   -39.78030     0.00000     0.00000     0.00000     0.00000     0.00000     0.00000     0.00000     0.00000     0.00000     0.00000     0.00000     0.00000     0.00000     0.00000     0.00000     0.00000     0.00000
   -39.72730     0.00000     0.00000     0.00000     0.00000     0.00000     0.00000     0.00000     0.00000     0.00000     0.00000     0.00000     0.00000     0.00000     0.00000     0.00000     0.00000     0.00000
   -39.67530     0.00000     0.00000     0.00000     0.00000     0.00000     0.00000     0.00000     0.00000     0.00000     0.00000     0.00000     0.00000     0.00000     0.00000     0.00000     0.00000     0.00000
   -39.62230     0.00000     0.00000     0.00000     0.00000     0.00000     0.00000     0.00000     0.00000     0.00000     0.00000     0.00000     0.00000     0.00000     0.00000     0.00000     0.00000     0.00000
   -39.56930     0.00000     0.00000     0.00000     0.00000     0.00000     0.00000     0.00000     0.00000     0.00000     0.00000     0.00000     0.00000     0.00000     0.00000     0.00000     0.00000     0.00000
   -39.51630     0.00000     0.00000     0.00000     0.00000     0.00000     0.00000     0.00000     0.00000     0.00000     0.00000     0.00000     0.00000     0.00000     0.00000     0.00000     0.00000     0.00000
   -39.46330     0.00000     0.00000     0.00000     0.00000     0.00000     0.00000     0.00000     0.00000     0.00000     0.00000     0.00000     0.00000     0.00000     0.00000     0.00000     0.00000     0.00000
   -39.41130     0.00000     0.00000     0.00000     0.00000     0.00000     0.00000     0.00000     0.00000     0.00000     0.00000     0.00000     0.00000     0.00000     0.00000     0.00000     0.00000     0.00000
   -39.35830     0.00000     0.00000     0.00000     0.00000     0.00000     0.00000     0.00000     0.00000     0.00000     0.00000     0.00000     0.00000     0.00000     0.00000     0.00000     0.00000     0.00000
   -39.30530     0.00000     0.00000     0.00000     0.00000     0.00000     0.00000     0.00000     0.00000     0.00000     0.00000     0.00000     0.00000     0.00000     0.00000     0.00000     0.00000     0.00000
   -39.25230     0.00000     0.00000     0.00000     0.00000     0.00000     0.00000     0.00000     0.00000     0.00000     0.00000     0.00000     0.00000     0.00000     0.00000     0.00000     0.00000     0.00000
   -39.19930     0.00000     0.00000     0.00000     0.00000     0.00000     0.00000     0.00000     0.00000     0.00000     0.00000     0.00000     0.00000     0.00000     0.00000     0.00000     0.00000     0.00000
   -39.14730     0.00000     0.00000     0.00000     0.00000     0.00000     0.00000     0.00000     0.00000     0.00000     0.00000     0.00000     0.00000     0.00000     0.00000     0.00000     0.00000     0.00000
   -39.09430     0.00000     0.00000     0.00000     0.00000     0.00000     0.00000     0.00000     0.00000     0.00000     0.00000     0.00000     0.00000     0.00000     0.00000     0.00000     0.00000     0.00000
   -39.04130     0.00000     0.00000     0.00000     0.00000     0.00000     0.00000     0.00000     0.00000     0.00000     0.00000     0.00000     0.00000     0.00000     0.00000     0.00000     0.00000     0.00000
   -38.98830     0.00000     0.00000     0.00000     0.00000     0.00000     0.00000     0.00000     0.00000     0.00000     0.00000     0.00000     0.00000     0.00000     0.00000     0.00000     0.00000     0.00000
   -38.93630     0.00000     0.00000     0.00000     0.00000     0.00000     0.00000     0.00000     0.00000     0.00000     0.00000     0.00000     0.00000     0.00000     0.00000     0.00000     0.00000     0.00000
   -38.88330     0.00000     0.00000     0.00000     0.00000     0.00000     0.00000     0.00000     0.00000     0.00000     0.00000     0.00000     0.00000     0.00000     0.00000     0.00000     0.00000     0.00000
   -38.83030     0.00000     0.00000     0.00000     0.00000     0.00000     0.00000     0.00000     0.00000     0.00000     0.00000     0.00000     0.00000     0.00000     0.00000     0.00000     0.00000     0.00000
   -38.77730     0.00000     0.00000     0.00000     0.00000     0.00000     0.00000     0.00000     0.00000     0.00000     0.00000     0.00000     0.00000     0.00000     0.00000     0.00000     0.00000     0.00000
   -38.72430     0.00000     0.00000     0.00000     0.00000     0.00000     0.00000     0.00000     0.00000     0.00000     0.00000     0.00000     0.00000     0.00000     0.00000     0.00000     0.00000     0.00000
   -38.67230     0.00000     0.00000     0.00000     0.00000     0.00000     0.00000     0.00000     0.00000     0.00000     0.00000     0.00000     0.00000     0.00000     0.00000     0.00000     0.00000     0.00000
   -38.61930     0.00000     0.00000     0.00000     0.00000     0.00000     0.00000     0.00000     0.00000     0.00000     0.00000     0.00000     0.00000     0.00000     0.00000     0.00000     0.00000     0.00000
   -38.56630     0.00000     0.00000     0.00000     0.00000     0.00000     0.00000     0.00000     0.00000     0.00000     0.00000     0.00000     0.00000     0.00000     0.00000     0.00000     0.00000     0.00000
   -38.51330     0.00000     0.00000     0.00000     0.00000     0.00000     0.00000     0.00000     0.00000     0.00000     0.00000     0.00000     0.00000     0.00000     0.00000     0.00000     0.00000     0.00000
   -38.46130     0.00000     0.00000     0.00000     0.00000     0.00000     0.00000     0.00000     0.00000     0.00000     0.00000     0.00000     0.00000     0.00000     0.00000     0.00000     0.00000     0.00000
   -38.40830     0.00000     0.00000     0.00000     0.00000     0.00000     0.00000     0.00000     0.00000     0.00000     0.00000     0.00000     0.00000     0.00000     0.00000     0.00000     0.00000     0.00000
   -38.35530     0.00000     0.00000     0.00000     0.00000     0.00000     0.00000     0.00000     0.00000     0.00000     0.00000     0.00000     0.00000     0.00000     0.00000     0.00000     0.00000     0.00000
   -38.30230     0.00000     0.00000     0.00000     0.00000     0.00000     0.00000     0.00000     0.00000     0.00000     0.00000     0.00000     0.00000     0.00000     0.00000     0.00000     0.00000     0.00000
   -38.24930     0.00000     0.00000     0.00000     0.00000     0.00000     0.00000     0.00000     0.00000     0.00000     0.00000     0.00000     0.00000     0.00000     0.00000     0.00000     0.00000     0.00000
   -38.19730     0.00000     0.00000     0.00000     0.00000     0.00000     0.00000     0.00000     0.00000     0.00000     0.00000     0.00000     0.00000     0.00000     0.00000     0.00000     0.00000     0.00000
   -38.14430     0.00000     0.00000     0.00000     0.00000     0.00000     0.00000     0.00000     0.00000     0.00000     0.00000     0.00000     0.00000     0.00000     0.00000     0.00000     0.00000     0.00000
   -38.09130     0.00000     0.00000     0.00000     0.00000     0.00000     0.00000     0.00000     0.00000     0.00000     0.00000     0.00000     0.00000     0.00000     0.00000     0.00000     0.00000     0.00000
   -38.03830     0.00000     0.00000     0.00000     0.00000     0.00000     0.00000     0.00000     0.00000     0.00000     0.00000     0.00000     0.00000     0.00000     0.00000     0.00000     0.00000     0.00000
   -37.98630     0.00000     0.00000     0.00000     0.00000     0.00000     0.00000     0.00000     0.00000     0.00000     0.00000     0.00000     0.00000     0.00000     0.00000     0.00000     0.00000     0.00000
   -37.93330     0.00000     0.00000     0.00000     0.00000     0.00000     0.00000     0.00000     0.00000     0.00000     0.00000     0.00000     0.00000     0.00000     0.00000     0.00000     0.00000     0.00000
   -37.88030     0.00000     0.00000     0.00000     0.00000     0.00000     0.00000     0.00000     0.00000     0.00000     0.00000     0.00000     0.00000     0.00000     0.00000     0.00000     0.00000     0.00000
   -37.82730     0.00000     0.00000     0.00000     0.00000     0.00000     0.00000     0.00000     0.00000     0.00000     0.00000     0.00000     0.00000     0.00000     0.00000     0.00000     0.00000     0.00000
   -37.77430     0.00000     0.00000     0.00000     0.00000     0.00000     0.00000     0.00000     0.00000     0.00000     0.00000     0.00000     0.00000     0.00000     0.00000     0.00000     0.00000     0.00000
   -37.72230     0.00000     0.00000     0.00000     0.00000     0.00000     0.00000     0.00000     0.00000     0.00000     0.00000     0.00000     0.00000     0.00000     0.00000     0.00000     0.00000     0.00000
   -37.66930     0.00000     0.00000     0.00000     0.00000     0.00000     0.00000     0.00000     0.00000     0.00000     0.00000     0.00000     0.00000     0.00000     0.00000     0.00000     0.00000     0.00000
   -37.61630     0.00000     0.00000     0.00000     0.00000     0.00000     0.00000     0.00000     0.00000     0.00000     0.00000     0.00000     0.00000     0.00000     0.00000     0.00000     0.00000     0.00000
   -37.56330     0.00000     0.00000     0.00000     0.00000     0.00000     0.00000     0.00000     0.00000     0.00000     0.00000     0.00000     0.00000     0.00000     0.00000     0.00000     0.00000     0.00000
   -37.51130     0.00000     0.00000     0.00000     0.00000     0.00000     0.00000     0.00000     0.00000     0.00000     0.00000     0.00000     0.00000     0.00000     0.00000     0.00000     0.00000     0.00000
   -37.45830     0.00000     0.00000     0.00000     0.00000     0.00000     0.00000     0.00000     0.00000     0.00000     0.00000     0.00000     0.00000     0.00000     0.00000     0.00000     0.00000     0.00000
   -37.40530     0.00000     0.00000     0.00000     0.00000     0.00000     0.00000     0.00000     0.00000     0.00000     0.00000     0.00000     0.00000     0.00000     0.00000     0.00000     0.00000     0.00000
   -37.35230     0.00000     0.00000     0.00000     0.00000     0.00000     0.00000     0.00000     0.00000     0.00000     0.00000     0.00000     0.00000     0.00000     0.00000     0.00000     0.00000     0.00000
   -37.29930     0.00000     0.00000     0.00000     0.00000     0.00000     0.00000     0.00000     0.00000     0.00000     0.00000     0.00000     0.00000     0.00000     0.00000     0.00000     0.00000     0.00000
   -37.24730     0.00000     0.00000     0.00000     0.00000     0.00000     0.00000     0.00000     0.00000     0.00000     0.00000     0.00000     0.00000     0.00000     0.00000     0.00000     0.00000     0.00000
   -37.19430     0.00000     0.00000     0.00000     0.00000     0.00000     0.00000     0.00000     0.00000     0.00000     0.00000     0.00000     0.00000     0.00000     0.00000     0.00000     0.00000     0.00000
   -37.14130     0.00000     0.00000     0.00000     0.00000     0.00000     0.00000     0.00000     0.00000     0.00000     0.00000     0.00000     0.00000     0.00000     0.00000     0.00000     0.00000     0.00000
   -37.08830     0.00000     0.00000     0.00000     0.00000     0.00000     0.00000     0.00000     0.00000     0.00000     0.00000     0.00000     0.00000     0.00000     0.00000     0.00000     0.00000     0.00000
   -37.03630     0.00000     0.00000     0.00000     0.00000     0.00000     0.00000     0.00000     0.00000     0.00000     0.00000     0.00000     0.00000     0.00000     0.00000     0.00000     0.00000     0.00000
   -36.98330     0.00000     0.00000     0.00000     0.00000     0.00000     0.00000     0.00000     0.00000     0.00000     0.00000     0.00000     0.00000     0.00000     0.00000     0.00000     0.00000     0.00000
   -36.93030     0.00000     0.00000     0.00000     0.00000     0.00000     0.00000     0.00000     0.00000     0.00000     0.00000     0.00000     0.00000     0.00000     0.00000     0.00000     0.00000     0.00000
   -36.87730     0.00000     0.00000     0.00000     0.00000     0.00000     0.00000     0.00000     0.00000     0.00000     0.00000     0.00000     0.00000     0.00000     0.00000     0.00000     0.00000     0.00000
   -36.82430     0.00000     0.00000     0.00000     0.00000     0.00000     0.00000     0.00000     0.00000     0.00000     0.00000     0.00000     0.00000     0.00000     0.00000     0.00000     0.00000     0.00000
   -36.77230     0.00000     0.00000     0.00000     0.00000     0.00000     0.00000     0.00000     0.00000     0.00000     0.00000     0.00000     0.00000     0.00000     0.00000     0.00000     0.00000     0.00000
   -36.71930     0.00000     0.00000     0.00000     0.00000     0.00000     0.00000     0.00000     0.00000     0.00000     0.00000     0.00000     0.00000     0.00000     0.00000     0.00000     0.00000     0.00000
   -36.66630     0.00000     0.00000     0.00000     0.00000     0.00000     0.00000     0.00000     0.00000     0.00000     0.00000     0.00000     0.00000     0.00000     0.00000     0.00000     0.00000     0.00000
   -36.61330     0.00000     0.00000     0.00000     0.00000     0.00000     0.00000     0.00000     0.00000     0.00000     0.00000     0.00000     0.00000     0.00000     0.00000     0.00000     0.00000     0.00000
   -36.56130     0.00000     0.00000     0.00000     0.00000     0.00000     0.00000     0.00000     0.00000     0.00000     0.00000     0.00000     0.00000     0.00000     0.00000     0.00000     0.00000     0.00000
   -36.50830     0.00000     0.00000     0.00000     0.00000     0.00000     0.00000     0.00000     0.00000     0.00000     0.00000     0.00000     0.00000     0.00000     0.00000     0.00000     0.00000     0.00000
   -36.45530     0.00000     0.00000     0.00000     0.00000     0.00000     0.00000     0.00000     0.00000     0.00000     0.00000     0.00000     0.00000     0.00000     0.00000     0.00000     0.00000     0.00000
   -36.40230     0.00000     0.00000     0.00000     0.00000     0.00000     0.00000     0.00000     0.00000     0.00000     0.00000     0.00000     0.00000     0.00000     0.00000     0.00000     0.00000     0.00000
   -36.34930     0.00000     0.00000     0.00000     0.00000     0.00000     0.00000     0.00000     0.00000     0.00000     0.00000     0.00000     0.00000     0.00000     0.00000     0.00000     0.00000     0.00000
   -36.29730     0.00000     0.00000     0.00000     0.00000     0.00000     0.00000     0.00000     0.00000     0.00000     0.00000     0.00000     0.00000     0.00000     0.00000     0.00000     0.00000     0.00000
   -36.24430     0.00000     0.00000     0.00000     0.00000     0.00000     0.00000     0.00000     0.00000     0.00000     0.00000     0.00000     0.00000     0.00000     0.00000     0.00000     0.00000     0.00000
   -36.19130     0.00000     0.00000     0.00000     0.00000     0.00000     0.00000     0.00000     0.00000     0.00000     0.00000     0.00000     0.00000     0.00000     0.00000     0.00000     0.00000     0.00000
   -36.13830     0.00000     0.00000     0.00000     0.00000     0.00000     0.00000     0.00000     0.00000     0.00000     0.00000     0.00000     0.00000     0.00000     0.00000     0.00000     0.00000     0.00000
   -36.08630     0.00000     0.00000     0.00000     0.00000     0.00000     0.00000     0.00000     0.00000     0.00000     0.00000     0.00000     0.00000     0.00000     0.00000     0.00000     0.00000     0.00000
   -36.03330     0.00000     0.00000     0.00000     0.00000     0.00000     0.00000     0.00000     0.00000     0.00000     0.00000     0.00000     0.00000     0.00000     0.00000     0.00000     0.00000     0.00000
   -35.98030     0.00000     0.00000     0.00000     0.00000     0.00000     0.00000     0.00000     0.00000     0.00000     0.00000     0.00000     0.00000     0.00000     0.00000     0.00000     0.00000     0.00000
   -35.92730     0.00000     0.00000     0.00000     0.00000     0.00000     0.00000     0.00000     0.00000     0.00000     0.00000     0.00000     0.00000     0.00000     0.00000     0.00000     0.00000     0.00000
   -35.87430     0.00000     0.00000     0.00000     0.00000     0.00000     0.00000     0.00000     0.00000     0.00000     0.00000     0.00000     0.00000     0.00000     0.00000     0.00000     0.00000     0.00000
   -35.82230     0.00000     0.00000     0.00000     0.00000     0.00000     0.00000     0.00000     0.00000     0.00000     0.00000     0.00000     0.00000     0.00000     0.00000     0.00000     0.00000     0.00000
   -35.76930     1.26000     0.00004     0.00009     0.00004     0.00018     0.00007     0.00000     0.00008     0.00000     0.00000     0.00004     0.00000     0.00000     0.00000     0.00000     0.00000     1.26053
   -35.71630     1.99200     0.00013     0.00032     0.00016     0.00051     0.00024     0.00000     0.00022     0.00000     0.00000     0.00004     0.00000     0.00000     0.00000     0.00000     0.00000     1.99363
   -35.66330     2.74400     0.00026     0.00063     0.00036     0.00082     0.00044     0.00000     0.00036     0.00000     0.00000     0.00003     0.00000     0.00000     0.00000     0.00000     0.00000     2.74692
   -35.61130     4.42100     0.00058     0.00122     0.00079     0.00129     0.00075     0.00000     0.00060     0.00000     0.00000     0.00002     0.00000     0.00001     0.00000     0.00000     0.00000     4.42628
   -35.55830     4.03700     0.00038     0.00125     0.00070     0.00124     0.00063     0.00001     0.00038     0.00000     0.00000     0.00001     0.00000     0.00001     0.00000     0.00000     0.00000     4.04161
   -35.50530     3.78000     0.00022     0.00116     0.00057     0.00110     0.00047     0.00001     0.00022     0.00000     0.00000     0.00000     0.00000     0.00001     0.00000     0.00000     0.00000     3.78376
   -35.45230     3.64400     0.00012     0.00094     0.00041     0.00086     0.00032     0.00002     0.00011     0.00000     0.00000     0.00000     0.00000     0.00001     0.00000     0.00000     0.00000     3.64679
   -35.39930     3.71100     0.00004     0.00059     0.00022     0.00053     0.00016     0.00003     0.00003     0.00001     0.00000     0.00000     0.00000     0.00000     0.00000     0.00000     0.00000     3.71261
   -35.34730     2.26600     0.00000     0.00005     0.00000     0.00005     0.00000     0.00004     0.00000     0.00000     0.00000     0.00000     0.00000     0.00000     0.00000     0.00000     0.00000     2.26615
   -35.29430     0.00000     0.00000     0.00000     0.00000     0.00000     0.00000     0.00000     0.00000     0.00000     0.00000     0.00000     0.00000     0.00000     0.00000     0.00000     0.00000     0.00000
   -35.24130     0.00000     0.00000     0.00000     0.00000     0.00000     0.00000     0.00000     0.00000     0.00000     0.00000     0.00000     0.00000     0.00000     0.00000     0.00000     0.00000     0.00000
   -35.18830     0.00000     0.00000     0.00000     0.00000     0.00000     0.00000     0.00000     0.00000     0.00000     0.00000     0.00000     0.00000     0.00000     0.00000     0.00000     0.00000     0.00000
   -35.13530     0.00000     0.00000     0.00000     0.00000     0.00000     0.00000     0.00000     0.00000     0.00000     0.00000     0.00000     0.00000     0.00000     0.00000     0.00000     0.00000     0.00000
   -35.08330     0.00000     0.00000     0.00000     0.00000     0.00000     0.00000     0.00000     0.00000     0.00000     0.00000     0.00000     0.00000     0.00000     0.00000     0.00000     0.00000     0.00000
   -35.03030     0.00000     0.00000     0.00000     0.00000     0.00000     0.00000     0.00000     0.00000     0.00000     0.00000     0.00000     0.00000     0.00000     0.00000     0.00000     0.00000     0.00000
   -34.97730     0.00000     0.00000     0.00000     0.00000     0.00000     0.00000     0.00000     0.00000     0.00000     0.00000     0.00000     0.00000     0.00000     0.00000     0.00000     0.00000     0.00000
   -34.92430     0.00000     0.00000     0.00000     0.00000     0.00000     0.00000     0.00000     0.00000     0.00000     0.00000     0.00000     0.00000     0.00000     0.00000     0.00000     0.00000     0.00000
   -34.87230     0.00000     0.00000     0.00000     0.00000     0.00000     0.00000     0.00000     0.00000     0.00000     0.00000     0.00000     0.00000     0.00000     0.00000     0.00000     0.00000     0.00000
   -34.81930     0.00000     0.00000     0.00000     0.00000     0.00000     0.00000     0.00000     0.00000     0.00000     0.00000     0.00000     0.00000     0.00000     0.00000     0.00000     0.00000     0.00000
   -34.76630     0.00477     0.00000     0.00089     0.00067     0.00060     0.00042     0.00000     0.00000     0.00000     0.00000     0.00000     0.00000     0.00001     0.00000     0.00000     0.00000     0.00737
   -34.71330     0.24750     0.00045     0.00788     0.00264     0.00576     0.00158     0.00000     0.00030     0.00000     0.00000     0.00001     0.00000     0.00005     0.00001     0.00000     0.00001     0.26619
   -34.66030     0.42490     0.00064     0.00626     0.00251     0.00446     0.00155     0.00001     0.00046     0.00000     0.00000     0.00002     0.00000     0.00004     0.00001     0.00000     0.00001     0.44087
   -34.60830     0.57940     0.00083     0.00542     0.00240     0.00382     0.00152     0.00001     0.00062     0.00000     0.00000     0.00002     0.00000     0.00004     0.00001     0.00000     0.00001     0.59411
   -34.55530     0.71440     0.00102     0.00481     0.00232     0.00338     0.00151     0.00001     0.00077     0.00000     0.00000     0.00003     0.00000     0.00004     0.00001     0.00000     0.00001     0.72831
   -34.50230     0.83670     0.00120     0.00425     0.00224     0.00300     0.00150     0.00001     0.00092     0.00000     0.00001     0.00005     0.00000     0.00003     0.00001     0.00000     0.00001     0.84993
   -34.44930     0.95930     0.00141     0.00372     0.00213     0.00268     0.00148     0.00001     0.00110     0.00000     0.00001     0.00006     0.00000     0.00003     0.00001     0.00000     0.00001     0.97194
   -34.39730     0.78980     0.00102     0.00264     0.00144     0.00195     0.00102     0.00000     0.00081     0.00000     0.00001     0.00006     0.00000     0.00002     0.00000     0.00000     0.00001     0.79878
   -34.34430     0.64710     0.00071     0.00189     0.00098     0.00143     0.00070     0.00000     0.00057     0.00000     0.00000     0.00006     0.00000     0.00002     0.00000     0.00000     0.00000     0.65346
   -34.29130     0.55950     0.00053     0.00138     0.00070     0.00107     0.00052     0.00000     0.00043     0.00000     0.00000     0.00006     0.00000     0.00001     0.00000     0.00000     0.00000     0.56421
   -34.23830     0.48960     0.00039     0.00101     0.00050     0.00081     0.00038     0.00000     0.00033     0.00000     0.00000     0.00006     0.00000     0.00001     0.00000     0.00000     0.00000     0.49308
   -34.18530     0.42740     0.00028     0.00073     0.00033     0.00060     0.00026     0.00000     0.00024     0.00000     0.00000     0.00005     0.00000     0.00001     0.00000     0.00000     0.00000     0.42991
   -34.13330     0.36800     0.00019     0.00050     0.00021     0.00043     0.00017     0.00000     0.00017     0.00000     0.00000     0.00005     0.00000     0.00000     0.00000     0.00000     0.00000     0.36973
   -34.08030     0.30740     0.00012     0.00030     0.00012     0.00027     0.00011     0.00000     0.00011     0.00000     0.00000     0.00005     0.00000     0.00000     0.00000     0.00000     0.00000     0.30849
   -34.02730     0.24040     0.00006     0.00016     0.00006     0.00015     0.00005     0.00000     0.00006     0.00000     0.00000     0.00004     0.00000     0.00000     0.00000     0.00000     0.00000     0.24099
   -33.97430     0.16070     0.00002     0.00005     0.00002     0.00005     0.00002     0.00000     0.00002     0.00000     0.00000     0.00003     0.00000     0.00000     0.00000     0.00000     0.00000     0.16091
   -33.92230     0.00000     0.00000     0.00000     0.00000     0.00000     0.00000     0.00000     0.00000     0.00000     0.00000     0.00000     0.00000     0.00000     0.00000     0.00000     0.00000     0.00000
   -33.86930     0.00000     0.00000     0.00000     0.00000     0.00000     0.00000     0.00000     0.00000     0.00000     0.00000     0.00000     0.00000     0.00000     0.00000     0.00000     0.00000     0.00000
   -33.81630     0.00000     0.00000     0.00000     0.00000     0.00000     0.00000     0.00000     0.00000     0.00000     0.00000     0.00000     0.00000     0.00000     0.00000     0.00000     0.00000     0.00000
   -33.76330     0.00000     0.00000     0.00000     0.00000     0.00000     0.00000     0.00000     0.00000     0.00000     0.00000     0.00000     0.00000     0.00000     0.00000     0.00000     0.00000     0.00000
   -33.71030     0.00000     0.00000     0.00000     0.00000     0.00000     0.00000     0.00000     0.00000     0.00000     0.00000     0.00000     0.00000     0.00000     0.00000     0.00000     0.00000     0.00000
   -33.65830     0.00000     0.00000     0.00000     0.00000     0.00000     0.00000     0.00000     0.00000     0.00000     0.00000     0.00000     0.00000     0.00000     0.00000     0.00000     0.00000     0.00000
   -33.60530     0.00000     0.00000     0.00000     0.00000     0.00000     0.00000     0.00000     0.00000     0.00000     0.00000     0.00000     0.00000     0.00000     0.00000     0.00000     0.00000     0.00000
   -33.55230     0.00000     0.00000     0.00000     0.00000     0.00000     0.00000     0.00000     0.00000     0.00000     0.00000     0.00000     0.00000     0.00000     0.00000     0.00000     0.00000     0.00000
   -33.49930     0.00000     0.00000     0.00000     0.00000     0.00000     0.00000     0.00000     0.00000     0.00000     0.00000     0.00000     0.00000     0.00000     0.00000     0.00000     0.00000     0.00000
   -33.44730     0.00000     0.00000     0.00000     0.00000     0.00000     0.00000     0.00000     0.00000     0.00000     0.00000     0.00000     0.00000     0.00000     0.00000     0.00000     0.00000     0.00000
   -33.39430     0.00000     0.00000     0.00000     0.00000     0.00000     0.00000     0.00000     0.00000     0.00000     0.00000     0.00000     0.00000     0.00000     0.00000     0.00000     0.00000     0.00000
   -33.34130     0.00000     0.00000     0.00000     0.00000     0.00000     0.00000     0.00000     0.00000     0.00000     0.00000     0.00000     0.00000     0.00000     0.00000     0.00000     0.00000     0.00000
   -33.28830     0.00000     0.00000     0.00000     0.00000     0.00000     0.00000     0.00000     0.00000     0.00000     0.00000     0.00000     0.00000     0.00000     0.00000     0.00000     0.00000     0.00000
   -33.23530     0.00000     0.00000     0.00000     0.00000     0.00000     0.00000     0.00000     0.00000     0.00000     0.00000     0.00000     0.00000     0.00000     0.00000     0.00000     0.00000     0.00000
   -33.18330     0.00000     0.00000     0.00000     0.00000     0.00000     0.00000     0.00000     0.00000     0.00000     0.00000     0.00000     0.00000     0.00000     0.00000     0.00000     0.00000     0.00000
   -33.13030     0.00000     0.00000     0.00000     0.00000     0.00000     0.00000     0.00000     0.00000     0.00000     0.00000     0.00000     0.00000     0.00000     0.00000     0.00000     0.00000     0.00000
   -33.07730     0.00000     0.00000     0.00000     0.00000     0.00000     0.00000     0.00000     0.00000     0.00000     0.00000     0.00000     0.00000     0.00000     0.00000     0.00000     0.00000     0.00000
   -33.02430     0.00000     0.00000     0.00000     0.00000     0.00000     0.00000     0.00000     0.00000     0.00000     0.00000     0.00000     0.00000     0.00000     0.00000     0.00000     0.00000     0.00000
   -32.97230     0.00000     0.00000     0.00000     0.00000     0.00000     0.00000     0.00000     0.00000     0.00000     0.00000     0.00000     0.00000     0.00000     0.00000     0.00000     0.00000     0.00000
   -32.91930     0.00000     0.00000     0.00000     0.00000     0.00000     0.00000     0.00000     0.00000     0.00000     0.00000     0.00000     0.00000     0.00000     0.00000     0.00000     0.00000     0.00000
   -32.86630     0.00000     0.00000     0.00000     0.00000     0.00000     0.00000     0.00000     0.00000     0.00000     0.00000     0.00000     0.00000     0.00000     0.00000     0.00000     0.00000     0.00000
   -32.81330     0.00000     0.00000     0.00000     0.00000     0.00000     0.00000     0.00000     0.00000     0.00000     0.00000     0.00000     0.00000     0.00000     0.00000     0.00000     0.00000     0.00000
   -32.76030     0.00000     0.00000     0.00000     0.00000     0.00000     0.00000     0.00000     0.00000     0.00000     0.00000     0.00000     0.00000     0.00000     0.00000     0.00000     0.00000     0.00000
   -32.70830     0.00000     0.00000     0.00000     0.00000     0.00000     0.00000     0.00000     0.00000     0.00000     0.00000     0.00000     0.00000     0.00000     0.00000     0.00000     0.00000     0.00000
   -32.65530     0.00000     0.00000     0.00000     0.00000     0.00000     0.00000     0.00000     0.00000     0.00000     0.00000     0.00000     0.00000     0.00000     0.00000     0.00000     0.00000     0.00000
   -32.60230     0.00000     0.00000     0.00000     0.00000     0.00000     0.00000     0.00000     0.00000     0.00000     0.00000     0.00000     0.00000     0.00000     0.00000     0.00000     0.00000     0.00000
   -32.54930     0.00000     0.00000     0.00000     0.00000     0.00000     0.00000     0.00000     0.00000     0.00000     0.00000     0.00000     0.00000     0.00000     0.00000     0.00000     0.00000     0.00000
   -32.49730     0.00000     0.00000     0.00000     0.00000     0.00000     0.00000     0.00000     0.00000     0.00000     0.00000     0.00000     0.00000     0.00000     0.00000     0.00000     0.00000     0.00000
   -32.44430     0.00000     0.00000     0.00000     0.00000     0.00000     0.00000     0.00000     0.00000     0.00000     0.00000     0.00000     0.00000     0.00000     0.00000     0.00000     0.00000     0.00000
   -32.39130     0.00000     0.00000     0.00000     0.00000     0.00000     0.00000     0.00000     0.00000     0.00000     0.00000     0.00000     0.00000     0.00000     0.00000     0.00000     0.00000     0.00000
   -32.33830     0.00000     0.00000     0.00000     0.00000     0.00000     0.00000     0.00000     0.00000     0.00000     0.00000     0.00000     0.00000     0.00000     0.00000     0.00000     0.00000     0.00000
   -32.28530     0.00000     0.00000     0.00000     0.00000     0.00000     0.00000     0.00000     0.00000     0.00000     0.00000     0.00000     0.00000     0.00000     0.00000     0.00000     0.00000     0.00000
   -32.23330     0.00000     0.00000     0.00000     0.00000     0.00000     0.00000     0.00000     0.00000     0.00000     0.00000     0.00000     0.00000     0.00000     0.00000     0.00000     0.00000     0.00000
   -32.18030     0.00000     0.00000     0.00000     0.00000     0.00000     0.00000     0.00000     0.00000     0.00000     0.00000     0.00000     0.00000     0.00000     0.00000     0.00000     0.00000     0.00000
   -32.12730     0.00000     0.00000     0.00000     0.00000     0.00000     0.00000     0.00000     0.00000     0.00000     0.00000     0.00000     0.00000     0.00000     0.00000     0.00000     0.00000     0.00000
   -32.07430     0.00000     0.00000     0.00000     0.00000     0.00000     0.00000     0.00000     0.00000     0.00000     0.00000     0.00000     0.00000     0.00000     0.00000     0.00000     0.00000     0.00000
   -32.02230     0.00382     0.02640     0.00016     0.01768     0.00031     0.00620     0.00027     0.00788     0.00084     0.00002     0.00000     0.00026     0.00000     0.00020     0.00003     0.00003     0.06411
   -31.96930     0.05540     0.03317     0.02748     0.04255     0.04028     0.03872     0.00690     0.02892     0.00361     0.00045     0.00003     0.00036     0.00050     0.00051     0.00017     0.00041     0.27946
   -31.91630     0.00858     0.00041     0.00135     0.00065     0.00332     0.00105     0.00013     0.00098     0.00001     0.00001     0.00005     0.00001     0.00007     0.00001     0.00000     0.00001     0.01664
   -31.86330     0.08289     0.00097     0.00406     0.00231     0.00453     0.00158     0.00101     0.00098     0.00006     0.00002     0.00036     0.00002     0.00011     0.00001     0.00000     0.00003     0.09896
   -31.81030     0.51870     0.00277     0.00425     0.00358     0.00167     0.00105     0.00389     0.00071     0.00007     0.00006     0.00136     0.00006     0.00004     0.00002     0.00001     0.00005     0.53830
   -31.75830     0.00000     0.00000     0.00000     0.00000     0.00000     0.00000     0.00000     0.00000     0.00000     0.00000     0.00000     0.00000     0.00000     0.00000     0.00000     0.00000     0.00000
   -31.70530     0.00000     0.00000     0.00000     0.00000     0.00000     0.00000     0.00000     0.00000     0.00000     0.00000     0.00000     0.00000     0.00000     0.00000     0.00000     0.00000     0.00000
   -31.65230     0.00000     0.00000     0.00000     0.00000     0.00000     0.00000     0.00000     0.00000     0.00000     0.00000     0.00000     0.00000     0.00000     0.00000     0.00000     0.00000     0.00000
   -31.59930     0.00000     0.00000     0.00000     0.00000     0.00000     0.00000     0.00000     0.00000     0.00000     0.00000     0.00000     0.00000     0.00000     0.00000     0.00000     0.00000     0.00000
   -31.54730     0.00000     0.00000     0.00000     0.00000     0.00000     0.00000     0.00000     0.00000     0.00000     0.00000     0.00000     0.00000     0.00000     0.00000     0.00000     0.00000     0.00000
   -31.49430     0.00000     0.00000     0.00000     0.00000     0.00000     0.00000     0.00000     0.00000     0.00000     0.00000     0.00000     0.00000     0.00000     0.00000     0.00000     0.00000     0.00000
   -31.44130     0.00000     0.00000     0.00000     0.00000     0.00000     0.00000     0.00000     0.00000     0.00000     0.00000     0.00000     0.00000     0.00000     0.00000     0.00000     0.00000     0.00000
   -31.38830     0.00000     0.00000     0.00000     0.00000     0.00000     0.00000     0.00000     0.00000     0.00000     0.00000     0.00000     0.00000     0.00000     0.00000     0.00000     0.00000     0.00000
   -31.33530     0.00000     0.00000     0.00000     0.00000     0.00000     0.00000     0.00000     0.00000     0.00000     0.00000     0.00000     0.00000     0.00000     0.00000     0.00000     0.00000     0.00000
   -31.28330     0.00000     0.00000     0.00000     0.00000     0.00000     0.00000     0.00000     0.00000     0.00000     0.00000     0.00000     0.00000     0.00000     0.00000     0.00000     0.00000     0.00000
   -31.23030     0.00000     0.00000     0.00000     0.00000     0.00000     0.00000     0.00000     0.00000     0.00000     0.00000     0.00000     0.00000     0.00000     0.00000     0.00000     0.00000     0.00000
   -31.17730     0.00000     0.00000     0.00000     0.00000     0.00000     0.00000     0.00000     0.00000     0.00000     0.00000     0.00000     0.00000     0.00000     0.00000     0.00000     0.00000     0.00000
   -31.12430     0.00000     0.00000     0.00000     0.00000     0.00000     0.00000     0.00000     0.00000     0.00000     0.00000     0.00000     0.00000     0.00000     0.00000     0.00000     0.00000     0.00000
   -31.07230     0.00000     0.00000     0.00000     0.00000     0.00000     0.00000     0.00000     0.00000     0.00000     0.00000     0.00000     0.00000     0.00000     0.00000     0.00000     0.00000     0.00000
   -31.01930     0.00000     0.00000     0.00000     0.00000     0.00000     0.00000     0.00000     0.00000     0.00000     0.00000     0.00000     0.00000     0.00000     0.00000     0.00000     0.00000     0.00000
   -30.96630     0.00000     0.00000     0.00000     0.00000     0.00000     0.00000     0.00000     0.00000     0.00000     0.00000     0.00000     0.00000     0.00000     0.00000     0.00000     0.00000     0.00000
   -30.91330     0.00000     0.00000     0.00000     0.00000     0.00000     0.00000     0.00000     0.00000     0.00000     0.00000     0.00000     0.00000     0.00000     0.00000     0.00000     0.00000     0.00000
   -30.86030     0.00000     0.00000     0.00000     0.00000     0.00000     0.00000     0.00000     0.00000     0.00000     0.00000     0.00000     0.00000     0.00000     0.00000     0.00000     0.00000     0.00000
   -30.80830     0.00000     0.00000     0.00000     0.00000     0.00000     0.00000     0.00000     0.00000     0.00000     0.00000     0.00000     0.00000     0.00000     0.00000     0.00000     0.00000     0.00000
   -30.75530     0.00000     0.00000     0.00000     0.00000     0.00000     0.00000     0.00000     0.00000     0.00000     0.00000     0.00000     0.00000     0.00000     0.00000     0.00000     0.00000     0.00000
   -30.70230     0.00000     0.00000     0.00000     0.00000     0.00000     0.00000     0.00000     0.00000     0.00000     0.00000     0.00000     0.00000     0.00000     0.00000     0.00000     0.00000     0.00000
   -30.64930     0.00000     0.00000     0.00000     0.00000     0.00000     0.00000     0.00000     0.00000     0.00000     0.00000     0.00000     0.00000     0.00000     0.00000     0.00000     0.00000     0.00000
   -30.59630     0.00000     0.00000     0.00000     0.00000     0.00000     0.00000     0.00000     0.00000     0.00000     0.00000     0.00000     0.00000     0.00000     0.00000     0.00000     0.00000     0.00000
   -30.54430     0.00000     0.00000     0.00000     0.00000     0.00000     0.00000     0.00000     0.00000     0.00000     0.00000     0.00000     0.00000     0.00000     0.00000     0.00000     0.00000     0.00000
   -30.49130     0.00000     0.00000     0.00000     0.00000     0.00000     0.00000     0.00000     0.00000     0.00000     0.00000     0.00000     0.00000     0.00000     0.00000     0.00000     0.00000     0.00000
   -30.43830     0.00000     0.00000     0.00000     0.00000     0.00000     0.00000     0.00000     0.00000     0.00000     0.00000     0.00000     0.00000     0.00000     0.00000     0.00000     0.00000     0.00000
   -30.38530     0.00000     0.00000     0.00000     0.00000     0.00000     0.00000     0.00000     0.00000     0.00000     0.00000     0.00000     0.00000     0.00000     0.00000     0.00000     0.00000     0.00000
   -30.33330     0.00000     0.00000     0.00000     0.00000     0.00000     0.00000     0.00000     0.00000     0.00000     0.00000     0.00000     0.00000     0.00000     0.00000     0.00000     0.00000     0.00000
   -30.28030     0.00000     0.00000     0.00000     0.00000     0.00000     0.00000     0.00000     0.00000     0.00000     0.00000     0.00000     0.00000     0.00000     0.00000     0.00000     0.00000     0.00000
   -30.22730     0.00000     0.00000     0.00000     0.00000     0.00000     0.00000     0.00000     0.00000     0.00000     0.00000     0.00000     0.00000     0.00000     0.00000     0.00000     0.00000     0.00000
   -30.17430     0.00000     0.00000     0.00000     0.00000     0.00000     0.00000     0.00000     0.00000     0.00000     0.00000     0.00000     0.00000     0.00000     0.00000     0.00000     0.00000     0.00000
   -30.12130     0.00000     0.00000     0.00000     0.00000     0.00000     0.00000     0.00000     0.00000     0.00000     0.00000     0.00000     0.00000     0.00000     0.00000     0.00000     0.00000     0.00000
   -30.06930     0.00000     0.00000     0.00000     0.00000     0.00000     0.00000     0.00000     0.00000     0.00000     0.00000     0.00000     0.00000     0.00000     0.00000     0.00000     0.00000     0.00000
   -30.01630     0.00000     0.00000     0.00000     0.00000     0.00000     0.00000     0.00000     0.00000     0.00000     0.00000     0.00000     0.00000     0.00000     0.00000     0.00000     0.00000     0.00000
   -29.96330     0.00000     0.00000     0.00000     0.00000     0.00000     0.00000     0.00000     0.00000     0.00000     0.00000     0.00000     0.00000     0.00000     0.00000     0.00000     0.00000     0.00000
   -29.91030     0.00000     0.00000     0.00000     0.00000     0.00000     0.00000     0.00000     0.00000     0.00000     0.00000     0.00000     0.00000     0.00000     0.00000     0.00000     0.00000     0.00000
   -29.85830     0.00000     0.00000     0.00000     0.00000     0.00000     0.00000     0.00000     0.00000     0.00000     0.00000     0.00000     0.00000     0.00000     0.00000     0.00000     0.00000     0.00000
   -29.80530     0.00000     0.00000     0.00000     0.00000     0.00000     0.00000     0.00000     0.00000     0.00000     0.00000     0.00000     0.00000     0.00000     0.00000     0.00000     0.00000     0.00000
   -29.75230     0.00000     0.00000     0.00000     0.00000     0.00000     0.00000     0.00000     0.00000     0.00000     0.00000     0.00000     0.00000     0.00000     0.00000     0.00000     0.00000     0.00000
   -29.69930     0.00000     0.00000     0.00000     0.00000     0.00000     0.00000     0.00000     0.00000     0.00000     0.00000     0.00000     0.00000     0.00000     0.00000     0.00000     0.00000     0.00000
   -29.64630     0.00000     0.00000     0.00000     0.00000     0.00000     0.00000     0.00000     0.00000     0.00000     0.00000     0.00000     0.00000     0.00000     0.00000     0.00000     0.00000     0.00000
   -29.59430     0.00000     0.00000     0.00000     0.00000     0.00000     0.00000     0.00000     0.00000     0.00000     0.00000     0.00000     0.00000     0.00000     0.00000     0.00000     0.00000     0.00000
   -29.54130     0.00000     0.00000     0.00000     0.00000     0.00000     0.00000     0.00000     0.00000     0.00000     0.00000     0.00000     0.00000     0.00000     0.00000     0.00000     0.00000     0.00000
   -29.48830     0.00000     0.00000     0.00000     0.00000     0.00000     0.00000     0.00000     0.00000     0.00000     0.00000     0.00000     0.00000     0.00000     0.00000     0.00000     0.00000     0.00000
   -29.43530     0.00000     0.00000     0.00000     0.00000     0.00000     0.00000     0.00000     0.00000     0.00000     0.00000     0.00000     0.00000     0.00000     0.00000     0.00000     0.00000     0.00000
   -29.38330     0.00000     0.00000     0.00000     0.00000     0.00000     0.00000     0.00000     0.00000     0.00000     0.00000     0.00000     0.00000     0.00000     0.00000     0.00000     0.00000     0.00000
   -29.33030     0.00000     0.00000     0.00000     0.00000     0.00000     0.00000     0.00000     0.00000     0.00000     0.00000     0.00000     0.00000     0.00000     0.00000     0.00000     0.00000     0.00000
   -29.27730     0.00000     0.00000     0.00000     0.00000     0.00000     0.00000     0.00000     0.00000     0.00000     0.00000     0.00000     0.00000     0.00000     0.00000     0.00000     0.00000     0.00000
   -29.22430     0.00000     0.00000     0.00000     0.00000     0.00000     0.00000     0.00000     0.00000     0.00000     0.00000     0.00000     0.00000     0.00000     0.00000     0.00000     0.00000     0.00000
   -29.17130     0.00000     0.00000     0.00000     0.00000     0.00000     0.00000     0.00000     0.00000     0.00000     0.00000     0.00000     0.00000     0.00000     0.00000     0.00000     0.00000     0.00000
   -29.11930     0.00000     0.00000     0.00000     0.00000     0.00000     0.00000     0.00000     0.00000     0.00000     0.00000     0.00000     0.00000     0.00000     0.00000     0.00000     0.00000     0.00000
   -29.06630     0.00000     0.00000     0.00000     0.00000     0.00000     0.00000     0.00000     0.00000     0.00000     0.00000     0.00000     0.00000     0.00000     0.00000     0.00000     0.00000     0.00000
   -29.01330     0.00000     0.00000     0.00000     0.00000     0.00000     0.00000     0.00000     0.00000     0.00000     0.00000     0.00000     0.00000     0.00000     0.00000     0.00000     0.00000     0.00000
   -28.96030     0.00000     0.00000     0.00000     0.00000     0.00000     0.00000     0.00000     0.00000     0.00000     0.00000     0.00000     0.00000     0.00000     0.00000     0.00000     0.00000     0.00000
   -28.90830     0.00000     0.00000     0.00000     0.00000     0.00000     0.00000     0.00000     0.00000     0.00000     0.00000     0.00000     0.00000     0.00000     0.00000     0.00000     0.00000     0.00000
   -28.85530     0.00000     0.00000     0.00000     0.00000     0.00000     0.00000     0.00000     0.00000     0.00000     0.00000     0.00000     0.00000     0.00000     0.00000     0.00000     0.00000     0.00000
   -28.80230     0.00000     0.00000     0.00000     0.00000     0.00000     0.00000     0.00000     0.00000     0.00000     0.00000     0.00000     0.00000     0.00000     0.00000     0.00000     0.00000     0.00000
   -28.74930     0.00000     0.00000     0.00000     0.00000     0.00000     0.00000     0.00000     0.00000     0.00000     0.00000     0.00000     0.00000     0.00000     0.00000     0.00000     0.00000     0.00000
   -28.69630     0.00000     0.00000     0.00000     0.00000     0.00000     0.00000     0.00000     0.00000     0.00000     0.00000     0.00000     0.00000     0.00000     0.00000     0.00000     0.00000     0.00000
   -28.64430     0.00000     0.00000     0.00000     0.00000     0.00000     0.00000     0.00000     0.00000     0.00000     0.00000     0.00000     0.00000     0.00000     0.00000     0.00000     0.00000     0.00000
   -28.59130     0.00000     0.00000     0.00000     0.00000     0.00000     0.00000     0.00000     0.00000     0.00000     0.00000     0.00000     0.00000     0.00000     0.00000     0.00000     0.00000     0.00000
   -28.53830     0.00000     0.00000     0.00000     0.00000     0.00000     0.00000     0.00000     0.00000     0.00000     0.00000     0.00000     0.00000     0.00000     0.00000     0.00000     0.00000     0.00000
   -28.48530     0.00000     0.00000     0.00000     0.00000     0.00000     0.00000     0.00000     0.00000     0.00000     0.00000     0.00000     0.00000     0.00000     0.00000     0.00000     0.00000     0.00000
   -28.43330     0.00000     0.00000     0.00000     0.00000     0.00000     0.00000     0.00000     0.00000     0.00000     0.00000     0.00000     0.00000     0.00000     0.00000     0.00000     0.00000     0.00000
   -28.38030     0.00000     0.00000     0.00000     0.00000     0.00000     0.00000     0.00000     0.00000     0.00000     0.00000     0.00000     0.00000     0.00000     0.00000     0.00000     0.00000     0.00000
   -28.32730     0.00000     0.00000     0.00000     0.00000     0.00000     0.00000     0.00000     0.00000     0.00000     0.00000     0.00000     0.00000     0.00000     0.00000     0.00000     0.00000     0.00000
   -28.27430     0.00000     0.00000     0.00000     0.00000     0.00000     0.00000     0.00000     0.00000     0.00000     0.00000     0.00000     0.00000     0.00000     0.00000     0.00000     0.00000     0.00000
   -28.22130     0.00000     0.00000     0.00000     0.00000     0.00000     0.00000     0.00000     0.00000     0.00000     0.00000     0.00000     0.00000     0.00000     0.00000     0.00000     0.00000     0.00000
   -28.16930     0.00000     0.00000     0.00000     0.00000     0.00000     0.00000     0.00000     0.00000     0.00000     0.00000     0.00000     0.00000     0.00000     0.00000     0.00000     0.00000     0.00000
   -28.11630     0.00000     0.00000     0.00000     0.00000     0.00000     0.00000     0.00000     0.00000     0.00000     0.00000     0.00000     0.00000     0.00000     0.00000     0.00000     0.00000     0.00000
   -28.06330     0.00000     0.00000     0.00000     0.00000     0.00000     0.00000     0.00000     0.00000     0.00000     0.00000     0.00000     0.00000     0.00000     0.00000     0.00000     0.00000     0.00000
   -28.01030     0.00000     0.00000     0.00000     0.00000     0.00000     0.00000     0.00000     0.00000     0.00000     0.00000     0.00000     0.00000     0.00000     0.00000     0.00000     0.00000     0.00000
   -27.95830     0.00000     0.00000     0.00000     0.00000     0.00000     0.00000     0.00000     0.00000     0.00000     0.00000     0.00000     0.00000     0.00000     0.00000     0.00000     0.00000     0.00000
   -27.90530     0.00000     0.00000     0.00000     0.00000     0.00000     0.00000     0.00000     0.00000     0.00000     0.00000     0.00000     0.00000     0.00000     0.00000     0.00000     0.00000     0.00000
   -27.85230     0.00000     0.00000     0.00000     0.00000     0.00000     0.00000     0.00000     0.00000     0.00000     0.00000     0.00000     0.00000     0.00000     0.00000     0.00000     0.00000     0.00000
   -27.79930     0.00000     0.00000     0.00000     0.00000     0.00000     0.00000     0.00000     0.00000     0.00000     0.00000     0.00000     0.00000     0.00000     0.00000     0.00000     0.00000     0.00000
   -27.74630     0.00000     0.00000     0.00000     0.00000     0.00000     0.00000     0.00000     0.00000     0.00000     0.00000     0.00000     0.00000     0.00000     0.00000     0.00000     0.00000     0.00000
   -27.69430     0.00000     0.00000     0.00000     0.00000     0.00000     0.00000     0.00000     0.00000     0.00000     0.00000     0.00000     0.00000     0.00000     0.00000     0.00000     0.00000     0.00000
   -27.64130     0.00000     0.00000     0.00000     0.00000     0.00000     0.00000     0.00000     0.00000     0.00000     0.00000     0.00000     0.00000     0.00000     0.00000     0.00000     0.00000     0.00000
   -27.58830     0.00000     0.00000     0.00000     0.00000     0.00000     0.00000     0.00000     0.00000     0.00000     0.00000     0.00000     0.00000     0.00000     0.00000     0.00000     0.00000     0.00000
   -27.53530     0.00000     0.00000     0.00000     0.00000     0.00000     0.00000     0.00000     0.00000     0.00000     0.00000     0.00000     0.00000     0.00000     0.00000     0.00000     0.00000     0.00000
   -27.48330     0.00000     0.00000     0.00000     0.00000     0.00000     0.00000     0.00000     0.00000     0.00000     0.00000     0.00000     0.00000     0.00000     0.00000     0.00000     0.00000     0.00000
   -27.43030     0.00000     0.00000     0.00000     0.00000     0.00000     0.00000     0.00000     0.00000     0.00000     0.00000     0.00000     0.00000     0.00000     0.00000     0.00000     0.00000     0.00000
   -27.37730     0.00000     0.00000     0.00000     0.00000     0.00000     0.00000     0.00000     0.00000     0.00000     0.00000     0.00000     0.00000     0.00000     0.00000     0.00000     0.00000     0.00000
   -27.32430     0.00000     0.00000     0.00000     0.00000     0.00000     0.00000     0.00000     0.00000     0.00000     0.00000     0.00000     0.00000     0.00000     0.00000     0.00000     0.00000     0.00000
   -27.27130     0.00000     0.00000     0.00000     0.00000     0.00000     0.00000     0.00000     0.00000     0.00000     0.00000     0.00000     0.00000     0.00000     0.00000     0.00000     0.00000     0.00000
   -27.21930     0.00000     0.00000     0.00000     0.00000     0.00000     0.00000     0.00000     0.00000     0.00000     0.00000     0.00000     0.00000     0.00000     0.00000     0.00000     0.00000     0.00000
   -27.16630     0.00000     0.00000     0.00000     0.00000     0.00000     0.00000     0.00000     0.00000     0.00000     0.00000     0.00000     0.00000     0.00000     0.00000     0.00000     0.00000     0.00000
   -27.11330     0.00000     0.00000     0.00000     0.00000     0.00000     0.00000     0.00000     0.00000     0.00000     0.00000     0.00000     0.00000     0.00000     0.00000     0.00000     0.00000     0.00000
   -27.06030     0.00000     0.00000     0.00000     0.00000     0.00000     0.00000     0.00000     0.00000     0.00000     0.00000     0.00000     0.00000     0.00000     0.00000     0.00000     0.00000     0.00000
   -27.00830     0.00000     0.00000     0.00000     0.00000     0.00000     0.00000     0.00000     0.00000     0.00000     0.00000     0.00000     0.00000     0.00000     0.00000     0.00000     0.00000     0.00000
   -26.95530     0.00000     0.00000     0.00000     0.00000     0.00000     0.00000     0.00000     0.00000     0.00000     0.00000     0.00000     0.00000     0.00000     0.00000     0.00000     0.00000     0.00000
   -26.90230     0.00000     0.00000     0.00000     0.00000     0.00000     0.00000     0.00000     0.00000     0.00000     0.00000     0.00000     0.00000     0.00000     0.00000     0.00000     0.00000     0.00000
   -26.84930     0.00000     0.00000     0.00000     0.00000     0.00000     0.00000     0.00000     0.00000     0.00000     0.00000     0.00000     0.00000     0.00000     0.00000     0.00000     0.00000     0.00000
   -26.79630     0.00000     0.00000     0.00000     0.00000     0.00000     0.00000     0.00000     0.00000     0.00000     0.00000     0.00000     0.00000     0.00000     0.00000     0.00000     0.00000     0.00000
   -26.74430     0.00000     0.00000     0.00000     0.00000     0.00000     0.00000     0.00000     0.00000     0.00000     0.00000     0.00000     0.00000     0.00000     0.00000     0.00000     0.00000     0.00000
   -26.69130     0.00000     0.00000     0.00000     0.00000     0.00000     0.00000     0.00000     0.00000     0.00000     0.00000     0.00000     0.00000     0.00000     0.00000     0.00000     0.00000     0.00000
   -26.63830     0.00000     0.00000     0.00000     0.00000     0.00000     0.00000     0.00000     0.00000     0.00000     0.00000     0.00000     0.00000     0.00000     0.00000     0.00000     0.00000     0.00000
   -26.58530     0.00000     0.00000     0.00000     0.00000     0.00000     0.00000     0.00000     0.00000     0.00000     0.00000     0.00000     0.00000     0.00000     0.00000     0.00000     0.00000     0.00000
   -26.53230     0.00000     0.00000     0.00000     0.00000     0.00000     0.00000     0.00000     0.00000     0.00000     0.00000     0.00000     0.00000     0.00000     0.00000     0.00000     0.00000     0.00000
   -26.48030     0.00000     0.00000     0.00000     0.00000     0.00000     0.00000     0.00000     0.00000     0.00000     0.00000     0.00000     0.00000     0.00000     0.00000     0.00000     0.00000     0.00000
   -26.42730     0.00000     0.00000     0.00000     0.00000     0.00000     0.00000     0.00000     0.00000     0.00000     0.00000     0.00000     0.00000     0.00000     0.00000     0.00000     0.00000     0.00000
   -26.37430     0.00000     0.00000     0.00000     0.00000     0.00000     0.00000     0.00000     0.00000     0.00000     0.00000     0.00000     0.00000     0.00000     0.00000     0.00000     0.00000     0.00000
   -26.32130     0.00000     0.00000     0.00000     0.00000     0.00000     0.00000     0.00000     0.00000     0.00000     0.00000     0.00000     0.00000     0.00000     0.00000     0.00000     0.00000     0.00000
   -26.26930     0.00000     0.00000     0.00000     0.00000     0.00000     0.00000     0.00000     0.00000     0.00000     0.00000     0.00000     0.00000     0.00000     0.00000     0.00000     0.00000     0.00000
   -26.21630     0.00000     0.00000     0.00000     0.00000     0.00000     0.00000     0.00000     0.00000     0.00000     0.00000     0.00000     0.00000     0.00000     0.00000     0.00000     0.00000     0.00000
   -26.16330     0.00000     0.00000     0.00000     0.00000     0.00000     0.00000     0.00000     0.00000     0.00000     0.00000     0.00000     0.00000     0.00000     0.00000     0.00000     0.00000     0.00000
   -26.11030     0.00000     0.00000     0.00000     0.00000     0.00000     0.00000     0.00000     0.00000     0.00000     0.00000     0.00000     0.00000     0.00000     0.00000     0.00000     0.00000     0.00000
   -26.05730     0.00000     0.00000     0.00000     0.00000     0.00000     0.00000     0.00000     0.00000     0.00000     0.00000     0.00000     0.00000     0.00000     0.00000     0.00000     0.00000     0.00000
   -26.00530     0.00000     0.00000     0.00000     0.00000     0.00000     0.00000     0.00000     0.00000     0.00000     0.00000     0.00000     0.00000     0.00000     0.00000     0.00000     0.00000     0.00000
   -25.95230     0.00000     0.00000     0.00000     0.00000     0.00000     0.00000     0.00000     0.00000     0.00000     0.00000     0.00000     0.00000     0.00000     0.00000     0.00000     0.00000     0.00000
   -25.89930     0.00000     0.00000     0.00000     0.00000     0.00000     0.00000     0.00000     0.00000     0.00000     0.00000     0.00000     0.00000     0.00000     0.00000     0.00000     0.00000     0.00000
   -25.84630     0.00000     0.00000     0.00000     0.00000     0.00000     0.00000     0.00000     0.00000     0.00000     0.00000     0.00000     0.00000     0.00000     0.00000     0.00000     0.00000     0.00000
   -25.79430     0.00000     0.00000     0.00000     0.00000     0.00000     0.00000     0.00000     0.00000     0.00000     0.00000     0.00000     0.00000     0.00000     0.00000     0.00000     0.00000     0.00000
   -25.74130     0.00000     0.00000     0.00000     0.00000     0.00000     0.00000     0.00000     0.00000     0.00000     0.00000     0.00000     0.00000     0.00000     0.00000     0.00000     0.00000     0.00000
   -25.68830     0.00000     0.00000     0.00000     0.00000     0.00000     0.00000     0.00000     0.00000     0.00000     0.00000     0.00000     0.00000     0.00000     0.00000     0.00000     0.00000     0.00000
   -25.63530     0.00000     0.00000     0.00000     0.00000     0.00000     0.00000     0.00000     0.00000     0.00000     0.00000     0.00000     0.00000     0.00000     0.00000     0.00000     0.00000     0.00000
   -25.58230     0.00000     0.00000     0.00000     0.00000     0.00000     0.00000     0.00000     0.00000     0.00000     0.00000     0.00000     0.00000     0.00000     0.00000     0.00000     0.00000     0.00000
   -25.53030     0.00000     0.00000     0.00000     0.00000     0.00000     0.00000     0.00000     0.00000     0.00000     0.00000     0.00000     0.00000     0.00000     0.00000     0.00000     0.00000     0.00000
   -25.47730     0.00000     0.00000     0.00000     0.00000     0.00000     0.00000     0.00000     0.00000     0.00000     0.00000     0.00000     0.00000     0.00000     0.00000     0.00000     0.00000     0.00000
   -25.42430     0.00000     0.00000     0.00000     0.00000     0.00000     0.00000     0.00000     0.00000     0.00000     0.00000     0.00000     0.00000     0.00000     0.00000     0.00000     0.00000     0.00000
   -25.37130     0.00000     0.00000     0.00000     0.00000     0.00000     0.00000     0.00000     0.00000     0.00000     0.00000     0.00000     0.00000     0.00000     0.00000     0.00000     0.00000     0.00000
   -25.31930     0.00000     0.00000     0.00000     0.00000     0.00000     0.00000     0.00000     0.00000     0.00000     0.00000     0.00000     0.00000     0.00000     0.00000     0.00000     0.00000     0.00000
   -25.26630     0.00000     0.00000     0.00000     0.00000     0.00000     0.00000     0.00000     0.00000     0.00000     0.00000     0.00000     0.00000     0.00000     0.00000     0.00000     0.00000     0.00000
   -25.21330     0.00000     0.00000     0.00000     0.00000     0.00000     0.00000     0.00000     0.00000     0.00000     0.00000     0.00000     0.00000     0.00000     0.00000     0.00000     0.00000     0.00000
   -25.16030     0.00000     0.00000     0.00000     0.00000     0.00000     0.00000     0.00000     0.00000     0.00000     0.00000     0.00000     0.00000     0.00000     0.00000     0.00000     0.00000     0.00000
   -25.10730     0.00000     0.00000     0.00000     0.00000     0.00000     0.00000     0.00000     0.00000     0.00000     0.00000     0.00000     0.00000     0.00000     0.00000     0.00000     0.00000     0.00000
   -25.05530     0.00000     0.00000     0.00000     0.00000     0.00000     0.00000     0.00000     0.00000     0.00000     0.00000     0.00000     0.00000     0.00000     0.00000     0.00000     0.00000     0.00000
   -25.00230     0.00000     0.00000     0.00000     0.00000     0.00000     0.00000     0.00000     0.00000     0.00000     0.00000     0.00000     0.00000     0.00000     0.00000     0.00000     0.00000     0.00000
   -24.94930     0.00000     0.00000     0.00000     0.00000     0.00000     0.00000     0.00000     0.00000     0.00000     0.00000     0.00000     0.00000     0.00000     0.00000     0.00000     0.00000     0.00000
   -24.89630     0.00000     0.00000     0.00000     0.00000     0.00000     0.00000     0.00000     0.00000     0.00000     0.00000     0.00000     0.00000     0.00000     0.00000     0.00000     0.00000     0.00000
   -24.84430     0.00000     0.00000     0.00000     0.00000     0.00000     0.00000     0.00000     0.00000     0.00000     0.00000     0.00000     0.00000     0.00000     0.00000     0.00000     0.00000     0.00000
   -24.79130     0.00000     0.00000     0.00000     0.00000     0.00000     0.00000     0.00000     0.00000     0.00000     0.00000     0.00000     0.00000     0.00000     0.00000     0.00000     0.00000     0.00000
   -24.73830     0.00000     0.00000     0.00000     0.00000     0.00000     0.00000     0.00000     0.00000     0.00000     0.00000     0.00000     0.00000     0.00000     0.00000     0.00000     0.00000     0.00000
   -24.68530     0.00000     0.00000     0.00000     0.00000     0.00000     0.00000     0.00000     0.00000     0.00000     0.00000     0.00000     0.00000     0.00000     0.00000     0.00000     0.00000     0.00000
   -24.63230     0.00000     0.00000     0.00000     0.00000     0.00000     0.00000     0.00000     0.00000     0.00000     0.00000     0.00000     0.00000     0.00000     0.00000     0.00000     0.00000     0.00000
   -24.58030     0.00017     0.00001     0.01651     0.01687     0.00000     0.00000     0.00001     0.00001     0.00001     0.00000     0.00000     0.00000     0.00002     0.00000     0.00002     0.00004     0.03367
   -24.52730     0.00152     0.00014     0.03272     0.03383     0.00003     0.00002     0.00005     0.00008     0.00005     0.00000     0.00000     0.00000     0.00003     0.00000     0.00003     0.00009     0.06860
   -24.47430     0.00389     0.00054     0.04789     0.04774     0.00007     0.00005     0.00012     0.00020     0.00012     0.00000     0.00001     0.00000     0.00005     0.00001     0.00004     0.00013     0.10085
   -24.42130     0.00767     0.00170     0.06370     0.06025     0.00012     0.00008     0.00024     0.00035     0.00019     0.00001     0.00001     0.00000     0.00008     0.00001     0.00004     0.00017     0.13461
   -24.36930     0.01660     0.00858     0.09908     0.07777     0.00024     0.00015     0.00045     0.00057     0.00025     0.00003     0.00003     0.00001     0.00013     0.00001     0.00004     0.00023     0.20417
   -24.31630     0.01980     0.00973     0.09463     0.07410     0.00027     0.00025     0.00065     0.00075     0.00026     0.00004     0.00003     0.00001     0.00013     0.00001     0.00004     0.00023     0.20093
   -24.26330     0.02183     0.00968     0.08776     0.07178     0.00030     0.00034     0.00080     0.00092     0.00027     0.00004     0.00003     0.00001     0.00012     0.00001     0.00003     0.00024     0.19416
   -24.21030     0.02412     0.00980     0.08078     0.06850     0.00032     0.00042     0.00095     0.00108     0.00028     0.00005     0.00003     0.00001     0.00012     0.00001     0.00003     0.00024     0.18672
   -24.15730     0.02628     0.01038     0.07311     0.06542     0.00033     0.00052     0.00109     0.00123     0.00027     0.00005     0.00003     0.00001     0.00012     0.00001     0.00002     0.00024     0.17911
   -24.10530     0.02779     0.01045     0.06632     0.06334     0.00035     0.00058     0.00116     0.00135     0.00027     0.00005     0.00003     0.00001     0.00011     0.00001     0.00002     0.00025     0.17209
   -24.05230     0.02985     0.01204     0.05816     0.06209     0.00038     0.00066     0.00124     0.00149     0.00025     0.00006     0.00003     0.00001     0.00011     0.00001     0.00002     0.00026     0.16666
   -23.99930     0.03089     0.01323     0.05129     0.05955     0.00039     0.00072     0.00124     0.00158     0.00023     0.00007     0.00003     0.00001     0.00011     0.00001     0.00002     0.00026     0.15963
   -23.94630     0.03200     0.01532     0.04287     0.05655     0.00042     0.00074     0.00119     0.00167     0.00021     0.00007     0.00003     0.00002     0.00011     0.00001     0.00001     0.00026     0.15148
   -23.89430     0.03329     0.06356     0.03672     0.06817     0.00047     0.00110     0.00106     0.00247     0.00086     0.00035     0.00003     0.00002     0.00011     0.00002     0.00001     0.00034     0.20858
   -23.84130     0.02729     0.08753     0.02842     0.06921     0.00047     0.00144     0.00088     0.00280     0.00248     0.00050     0.00003     0.00003     0.00011     0.00003     0.00002     0.00037     0.22160
   -23.78830     0.02334     0.10250     0.02333     0.06923     0.00048     0.00190     0.00085     0.00295     0.00492     0.00060     0.00004     0.00004     0.00012     0.00004     0.00003     0.00038     0.23074
   -23.73530     0.02221     0.11100     0.01976     0.06941     0.00055     0.00249     0.00096     0.00296     0.00842     0.00068     0.00005     0.00005     0.00012     0.00007     0.00005     0.00039     0.23914
   -23.68230     0.02337     0.11450     0.01803     0.07047     0.00069     0.00328     0.00132     0.00289     0.01354     0.00074     0.00007     0.00009     0.00011     0.00009     0.00006     0.00038     0.24963
   -23.63030     0.02813     0.11370     0.01948     0.07347     0.00103     0.00444     0.00233     0.00287     0.02214     0.00082     0.00011     0.00015     0.00012     0.00012     0.00009     0.00036     0.26936
   -23.57730     0.05269     0.11830     0.03403     0.09759     0.00286     0.00785     0.00820     0.00382     0.05224     0.00096     0.00026     0.00047     0.00016     0.00021     0.00018     0.00033     0.38015
   -23.52430     0.02132     0.06783     0.02588     0.05587     0.00211     0.00426     0.00696     0.00215     0.02468     0.00050     0.00009     0.00039     0.00015     0.00014     0.00008     0.00024     0.21264
   -23.47130     0.00807     0.05246     0.03252     0.03890     0.00239     0.00245     0.00784     0.00134     0.01125     0.00037     0.00001     0.00031     0.00015     0.00013     0.00004     0.00020     0.15842
   -23.41930     0.00706     0.04487     0.04088     0.03301     0.00267     0.00136     0.00964     0.00101     0.00572     0.00032     0.00001     0.00027     0.00017     0.00015     0.00002     0.00021     0.14736
   -23.36630     0.00597     0.02498     0.03956     0.02169     0.00185     0.00101     0.01125     0.00094     0.00448     0.00012     0.00001     0.00009     0.00023     0.00011     0.00001     0.00014     0.11244
   -23.31330     0.01056     0.03030     0.06237     0.02642     0.00278     0.00132     0.01742     0.00134     0.00727     0.00009     0.00003     0.00008     0.00047     0.00017     0.00002     0.00019     0.16083
   -23.26030     0.01320     0.03457     0.06939     0.02775     0.00280     0.00110     0.02319     0.00127     0.00430     0.00004     0.00006     0.00003     0.00042     0.00010     0.00001     0.00015     0.17838
   -23.20730     0.01757     0.04080     0.09055     0.04729     0.00262     0.00135     0.04022     0.00141     0.00178     0.00006     0.00015     0.00004     0.00040     0.00008     0.00001     0.00024     0.24457
   -23.15530     0.01279     0.03341     0.08483     0.04141     0.00122     0.00078     0.01554     0.00084     0.00093     0.00007     0.00007     0.00003     0.00031     0.00005     0.00001     0.00031     0.19260
   -23.10230     0.01295     0.02392     0.07720     0.03593     0.00071     0.00049     0.00962     0.00059     0.00051     0.00007     0.00006     0.00002     0.00040     0.00004     0.00001     0.00034     0.16285
   -23.04930     0.01282     0.01240     0.07364     0.03372     0.00031     0.00027     0.00610     0.00034     0.00023     0.00007     0.00006     0.00001     0.00048     0.00004     0.00000     0.00039     0.14090
   -22.99630     0.00000     0.00000     0.00000     0.00000     0.00000     0.00000     0.00000     0.00000     0.00000     0.00000     0.00000     0.00000     0.00000     0.00000     0.00000     0.00000     0.00000
   -22.94430     0.00000     0.00000     0.00000     0.00000     0.00000     0.00000     0.00000     0.00000     0.00000     0.00000     0.00000     0.00000     0.00000     0.00000     0.00000     0.00000     0.00000
   -22.89130     0.00000     0.00000     0.00000     0.00000     0.00000     0.00000     0.00000     0.00000     0.00000     0.00000     0.00000     0.00000     0.00000     0.00000     0.00000     0.00000     0.00000
   -22.83830     0.00000     0.00000     0.00000     0.00000     0.00000     0.00000     0.00000     0.00000     0.00000     0.00000     0.00000     0.00000     0.00000     0.00000     0.00000     0.00000     0.00000
   -22.78530     0.00000     0.00000     0.00000     0.00000     0.00000     0.00000     0.00000     0.00000     0.00000     0.00000     0.00000     0.00000     0.00000     0.00000     0.00000     0.00000     0.00000
   -22.73230     0.00000     0.00000     0.00000     0.00000     0.00000     0.00000     0.00000     0.00000     0.00000     0.00000     0.00000     0.00000     0.00000     0.00000     0.00000     0.00000     0.00000
   -22.68030     0.00000     0.00000     0.00000     0.00000     0.00000     0.00000     0.00000     0.00000     0.00000     0.00000     0.00000     0.00000     0.00000     0.00000     0.00000     0.00000     0.00000
   -22.62730     0.00000     0.00000     0.00000     0.00000     0.00000     0.00000     0.00000     0.00000     0.00000     0.00000     0.00000     0.00000     0.00000     0.00000     0.00000     0.00000     0.00000
   -22.57430     0.00000     0.00000     0.00000     0.00000     0.00000     0.00000     0.00000     0.00000     0.00000     0.00000     0.00000     0.00000     0.00000     0.00000     0.00000     0.00000     0.00000
   -22.52130     0.00000     0.00000     0.00000     0.00000     0.00000     0.00000     0.00000     0.00000     0.00000     0.00000     0.00000     0.00000     0.00000     0.00000     0.00000     0.00000     0.00000
   -22.46930     0.00000     0.00000     0.00000     0.00000     0.00000     0.00000     0.00000     0.00000     0.00000     0.00000     0.00000     0.00000     0.00000     0.00000     0.00000     0.00000     0.00000
   -22.41630     0.00000     0.00000     0.00000     0.00000     0.00000     0.00000     0.00000     0.00000     0.00000     0.00000     0.00000     0.00000     0.00000     0.00000     0.00000     0.00000     0.00000
   -22.36330     0.00000     0.00000     0.00000     0.00000     0.00000     0.00000     0.00000     0.00000     0.00000     0.00000     0.00000     0.00000     0.00000     0.00000     0.00000     0.00000     0.00000
   -22.31030     0.00000     0.00000     0.00000     0.00000     0.00000     0.00000     0.00000     0.00000     0.00000     0.00000     0.00000     0.00000     0.00000     0.00000     0.00000     0.00000     0.00000
   -22.25730     0.00000     0.00000     0.00000     0.00000     0.00000     0.00000     0.00000     0.00000     0.00000     0.00000     0.00000     0.00000     0.00000     0.00000     0.00000     0.00000     0.00000
   -22.20530     0.00000     0.00000     0.00000     0.00000     0.00000     0.00000     0.00000     0.00000     0.00000     0.00000     0.00000     0.00000     0.00000     0.00000     0.00000     0.00000     0.00000
   -22.15230     0.00000     0.00000     0.00000     0.00000     0.00000     0.00000     0.00000     0.00000     0.00000     0.00000     0.00000     0.00000     0.00000     0.00000     0.00000     0.00000     0.00000
   -22.09930     0.00065     0.19360     0.00162     0.00326     0.00011     0.00005     0.00284     0.00232     0.00048     0.00002     0.00001     0.00002     0.00003     0.00001     0.00001     0.00002     0.20503
   -22.04630     0.00215     0.27770     0.00523     0.01352     0.00042     0.00017     0.00396     0.00301     0.00053     0.00003     0.00002     0.00003     0.00009     0.00003     0.00002     0.00004     0.30696
   -21.99330     0.00468     0.38060     0.01296     0.04036     0.00109     0.00036     0.00542     0.00361     0.00051     0.00004     0.00003     0.00005     0.00020     0.00006     0.00003     0.00008     0.45008
   -21.94130     0.00887     0.46850     0.02720     0.10600     0.00227     0.00071     0.00727     0.00377     0.00042     0.00006     0.00006     0.00008     0.00035     0.00009     0.00003     0.00012     0.62582
   -21.88830     0.01298     0.43860     0.03856     0.11360     0.00296     0.00098     0.00747     0.00335     0.00032     0.00007     0.00008     0.00008     0.00032     0.00008     0.00003     0.00015     0.61962
   -21.83530     0.01691     0.40080     0.05170     0.12200     0.00371     0.00123     0.00741     0.00291     0.00027     0.00008     0.00008     0.00007     0.00028     0.00007     0.00002     0.00017     0.60774
   -21.78230     0.02002     0.34670     0.06296     0.12050     0.00427     0.00137     0.00700     0.00242     0.00020     0.00009     0.00009     0.00006     0.00024     0.00006     0.00002     0.00018     0.56617
   -21.73030     0.02163     0.30250     0.06846     0.11290     0.00447     0.00141     0.00641     0.00204     0.00017     0.00008     0.00009     0.00005     0.00021     0.00005     0.00002     0.00016     0.52066
   -21.67730     0.02254     0.24740     0.06959     0.10140     0.00443     0.00138     0.00578     0.00168     0.00013     0.00007     0.00010     0.00004     0.00017     0.00004     0.00001     0.00014     0.45492
   -21.62430     0.02311     0.21160     0.06722     0.09025     0.00432     0.00133     0.00535     0.00147     0.00012     0.00007     0.00010     0.00003     0.00015     0.00003     0.00001     0.00013     0.40529
   -21.57130     0.02356     0.17980     0.06295     0.07943     0.00429     0.00131     0.00501     0.00135     0.00011     0.00006     0.00010     0.00003     0.00013     0.00003     0.00001     0.00011     0.35827
   -21.51830     0.02365     0.15340     0.05448     0.06731     0.00419     0.00122     0.00470     0.00123     0.00010     0.00004     0.00011     0.00002     0.00011     0.00002     0.00001     0.00009     0.31069
   -21.46630     0.02331     0.12650     0.04100     0.05108     0.00421     0.00119     0.00446     0.00118     0.00010     0.00003     0.00010     0.00001     0.00009     0.00002     0.00001     0.00007     0.25336
   -21.41330     0.02299     0.11670     0.03688     0.04825     0.00440     0.00139     0.00430     0.00136     0.00016     0.00003     0.00010     0.00001     0.00007     0.00001     0.00001     0.00006     0.23672
   -21.36030     0.02241     0.21060     0.03933     0.19990     0.00473     0.00406     0.00412     0.00413     0.00049     0.00004     0.00010     0.00002     0.00007     0.00002     0.00014     0.00007     0.49023
   -21.30730     0.02276     0.28470     0.07935     0.29360     0.00588     0.00543     0.00412     0.00594     0.00075     0.00005     0.00011     0.00003     0.00008     0.00005     0.00023     0.00009     0.70316
   -21.25530     0.02370     0.39320     0.19250     0.36850     0.00802     0.00621     0.00432     0.00781     0.00095     0.00006     0.00013     0.00006     0.00009     0.00014     0.00033     0.00011     1.00613
   -21.20230     0.02375     0.32670     0.24700     0.31630     0.00880     0.00542     0.00426     0.00669     0.00101     0.00005     0.00014     0.00006     0.00010     0.00016     0.00027     0.00009     0.94081
   -21.14930     0.02488     0.28290     0.28250     0.28770     0.00946     0.00496     0.00429     0.00589     0.00107     0.00004     0.00015     0.00007     0.00011     0.00018     0.00023     0.00007     0.90450
   -21.09630     0.02122     0.24730     0.31370     0.27630     0.00875     0.00494     0.00361     0.00517     0.00114     0.00004     0.00015     0.00007     0.00011     0.00019     0.00022     0.00006     0.88296
   -21.04330     0.01443     0.22090     0.30220     0.28070     0.00568     0.00528     0.00234     0.00458     0.00124     0.00004     0.00013     0.00008     0.00010     0.00020     0.00020     0.00005     0.83815
   -20.99130     0.01379     0.20520     0.30750     0.28960     0.00500     0.00569     0.00190     0.00437     0.00131     0.00004     0.00012     0.00010     0.00011     0.00020     0.00019     0.00005     0.83519
   -20.93830     0.01288     0.20000     0.31770     0.32510     0.00487     0.00765     0.00140     0.00468     0.00137     0.00004     0.00011     0.00011     0.00011     0.00022     0.00019     0.00006     0.87649
   -20.88530     0.01195     0.20090     0.28720     0.33900     0.00294     0.00784     0.00100     0.00501     0.00137     0.00005     0.00011     0.00013     0.00008     0.00022     0.00018     0.00006     0.85805
   -20.83230     0.01345     0.20620     0.29500     0.32190     0.00344     0.00647     0.00104     0.00548     0.00137     0.00005     0.00012     0.00014     0.00009     0.00022     0.00017     0.00005     0.85520
   -20.78030     0.01596     0.23620     0.30450     0.33180     0.00388     0.00622     0.00122     0.00695     0.00145     0.00006     0.00015     0.00017     0.00009     0.00023     0.00017     0.00005     0.90910
   -20.72730     0.01453     0.21860     0.27870     0.33060     0.00283     0.00513     0.00128     0.00576     0.00140     0.00006     0.00015     0.00016     0.00007     0.00023     0.00016     0.00004     0.85971
   -20.67430     0.01527     0.20290     0.27010     0.33510     0.00249     0.00459     0.00135     0.00496     0.00130     0.00006     0.00016     0.00017     0.00006     0.00023     0.00015     0.00004     0.83894
   -20.62130     0.01657     0.19870     0.26960     0.36420     0.00234     0.00450     0.00141     0.00450     0.00119     0.00006     0.00018     0.00018     0.00006     0.00025     0.00015     0.00004     0.86393
   -20.56830     0.01801     0.18940     0.26940     0.37910     0.00228     0.00421     0.00146     0.00408     0.00103     0.00006     0.00020     0.00018     0.00006     0.00026     0.00014     0.00004     0.86990
   -20.51630     0.01958     0.17210     0.27640     0.42080     0.00219     0.00412     0.00146     0.00335     0.00082     0.00005     0.00023     0.00019     0.00006     0.00029     0.00013     0.00004     0.90179
   -20.46330     0.02127     0.14980     0.27140     0.45320     0.00201     0.00392     0.00145     0.00263     0.00059     0.00006     0.00025     0.00018     0.00006     0.00029     0.00012     0.00004     0.90726
   -20.41030     0.02356     0.08411     0.21900     0.10960     0.00130     0.00096     0.00149     0.00174     0.00041     0.00005     0.00028     0.00016     0.00004     0.00008     0.00004     0.00003     0.44285
   -20.35730     0.02600     0.08194     0.23060     0.10890     0.00123     0.00083     0.00161     0.00141     0.00037     0.00005     0.00031     0.00017     0.00005     0.00008     0.00003     0.00003     0.45362
   -20.30530     0.02931     0.07857     0.25060     0.10640     0.00123     0.00072     0.00174     0.00125     0.00037     0.00005     0.00035     0.00018     0.00006     0.00009     0.00004     0.00003     0.47098
   -20.25230     0.03107     0.07012     0.26360     0.10380     0.00121     0.00064     0.00175     0.00098     0.00033     0.00005     0.00037     0.00018     0.00007     0.00009     0.00003     0.00002     0.47430
   -20.19930     0.03314     0.06539     0.27360     0.10030     0.00118     0.00057     0.00178     0.00081     0.00029     0.00005     0.00039     0.00019     0.00007     0.00010     0.00003     0.00002     0.47791
   -20.14630     0.03561     0.06000     0.28800     0.09899     0.00117     0.00054     0.00182     0.00067     0.00026     0.00005     0.00042     0.00019     0.00008     0.00011     0.00003     0.00002     0.48795
   -20.09330     0.03722     0.05352     0.29740     0.09613     0.00123     0.00050     0.00175     0.00053     0.00023     0.00005     0.00043     0.00020     0.00009     0.00011     0.00002     0.00002     0.48944
   -20.04130     0.03889     0.04875     0.30940     0.09605     0.00129     0.00050     0.00170     0.00044     0.00022     0.00005     0.00045     0.00021     0.00010     0.00011     0.00002     0.00001     0.49820
   -19.98830     0.04070     0.04532     0.32230     0.09433     0.00142     0.00050     0.00167     0.00038     0.00020     0.00005     0.00047     0.00022     0.00011     0.00012     0.00002     0.00001     0.50782
   -19.93530     0.04214     0.04005     0.32910     0.09175     0.00153     0.00051     0.00157     0.00032     0.00019     0.00004     0.00048     0.00022     0.00013     0.00012     0.00002     0.00001     0.50816
   -19.88230     0.04315     0.03680     0.34100     0.08970     0.00174     0.00055     0.00150     0.00029     0.00017     0.00004     0.00048     0.00023     0.00014     0.00012     0.00001     0.00001     0.51593
   -19.83030     0.04473     0.03322     0.35730     0.08778     0.00194     0.00060     0.00144     0.00027     0.00016     0.00004     0.00050     0.00024     0.00016     0.00012     0.00001     0.00001     0.52850
   -19.77730     0.04508     0.02986     0.36230     0.08703     0.00216     0.00065     0.00133     0.00026     0.00015     0.00004     0.00049     0.00024     0.00018     0.00011     0.00001     0.00000     0.52989
   -19.72430     0.03067     0.02831     0.26340     0.08463     0.00251     0.00075     0.00110     0.00026     0.00012     0.00004     0.00031     0.00016     0.00019     0.00005     0.00001     0.00001     0.41252
   -19.67130     0.02579     0.02899     0.24920     0.08665     0.00291     0.00090     0.00105     0.00030     0.00009     0.00003     0.00023     0.00013     0.00021     0.00003     0.00001     0.00001     0.39653
   -19.61830     0.02234     0.03091     0.25570     0.08905     0.00329     0.00105     0.00105     0.00036     0.00006     0.00003     0.00018     0.00011     0.00022     0.00003     0.00000     0.00002     0.40442
   -19.56630     0.02008     0.03607     0.29010     0.09819     0.00373     0.00132     0.00112     0.00048     0.00004     0.00004     0.00014     0.00009     0.00024     0.00003     0.00000     0.00004     0.45171
   -19.51330     0.01893     0.05000     0.36020     0.11750     0.00442     0.00188     0.00120     0.00086     0.00003     0.00005     0.00009     0.00007     0.00025     0.00003     0.00000     0.00007     0.55560
   -19.46030     0.01744     0.05818     0.45230     0.13040     0.00493     0.00192     0.00134     0.00097     0.00004     0.00005     0.00008     0.00006     0.00027     0.00004     0.00000     0.00008     0.66810
   -19.40730     0.01885     0.06185     0.41730     0.14310     0.00495     0.00201     0.00144     0.00100     0.00005     0.00006     0.00010     0.00007     0.00027     0.00004     0.00001     0.00009     0.65117
   -19.35530     0.01983     0.06512     0.39690     0.15140     0.00475     0.00199     0.00152     0.00102     0.00006     0.00006     0.00012     0.00007     0.00026     0.00004     0.00001     0.00010     0.64326
   -19.30230     0.01935     0.05809     0.34920     0.15150     0.00434     0.00186     0.00155     0.00082     0.00008     0.00007     0.00014     0.00008     0.00024     0.00004     0.00001     0.00010     0.58747
   -19.24930     0.02067     0.05735     0.37950     0.16970     0.00436     0.00186     0.00165     0.00074     0.00009     0.00007     0.00017     0.00009     0.00024     0.00004     0.00001     0.00011     0.63667
   -19.19630     0.02424     0.05562     0.37960     0.19980     0.00434     0.00188     0.00163     0.00067     0.00011     0.00009     0.00022     0.00011     0.00025     0.00005     0.00001     0.00013     0.66876
   -19.14330     0.02647     0.05472     0.37310     0.20480     0.00413     0.00197     0.00161     0.00066     0.00014     0.00010     0.00026     0.00012     0.00024     0.00005     0.00001     0.00015     0.66854
   -19.09130     0.02844     0.05276     0.36900     0.21040     0.00395     0.00202     0.00157     0.00062     0.00018     0.00012     0.00030     0.00013     0.00023     0.00005     0.00002     0.00017     0.66995
   -19.03830     0.03123     0.05074     0.36540     0.21150     0.00382     0.00215     0.00147     0.00059     0.00023     0.00014     0.00034     0.00015     0.00022     0.00005     0.00002     0.00019     0.66824
   -18.98530     0.03332     0.04870     0.37050     0.21700     0.00377     0.00228     0.00140     0.00056     0.00028     0.00016     0.00037     0.00016     0.00023     0.00005     0.00002     0.00022     0.67902
   -18.93230     0.03427     0.04651     0.36960     0.21220     0.00365     0.00242     0.00131     0.00054     0.00031     0.00017     0.00039     0.00017     0.00022     0.00005     0.00003     0.00024     0.67208
   -18.88030     0.03642     0.04565     0.38760     0.20970     0.00347     0.00249     0.00124     0.00058     0.00031     0.00020     0.00043     0.00018     0.00022     0.00005     0.00003     0.00028     0.68884
   -18.82730     0.03664     0.04299     0.38900     0.19860     0.00335     0.00252     0.00117     0.00055     0.00030     0.00022     0.00044     0.00018     0.00022     0.00005     0.00003     0.00030     0.67657
   -18.77430     0.03743     0.04227     0.40160     0.19140     0.00333     0.00255     0.00113     0.00056     0.00028     0.00025     0.00046     0.00018     0.00023     0.00005     0.00003     0.00034     0.68207
   -18.72130     0.03260     0.17200     0.40250     0.25410     0.00479     0.00531     0.00104     0.00490     0.00023     0.00035     0.00041     0.00023     0.00029     0.00010     0.00004     0.00040     0.87930
   -18.66830     0.02612     0.19780     0.34460     0.25340     0.00517     0.00590     0.00095     0.00629     0.00022     0.00036     0.00033     0.00025     0.00030     0.00013     0.00007     0.00038     0.84227
   -18.61630     0.02111     0.21940     0.30210     0.25660     0.00522     0.00666     0.00091     0.00745     0.00026     0.00037     0.00027     0.00027     0.00029     0.00017     0.00010     0.00037     0.82156
   -18.56330     0.01769     0.23750     0.27570     0.26040     0.00534     0.00715     0.00092     0.00842     0.00034     0.00039     0.00023     0.00029     0.00030     0.00020     0.00013     0.00037     0.81536
   -18.51030     0.01435     0.25580     0.25490     0.26600     0.00551     0.00765     0.00094     0.00932     0.00049     0.00040     0.00018     0.00032     0.00031     0.00025     0.00017     0.00036     0.81694
   -18.45730     0.01098     0.28480     0.23180     0.27240     0.00559     0.00820     0.00096     0.01056     0.00071     0.00042     0.00014     0.00036     0.00031     0.00030     0.00022     0.00035     0.82809
   -18.40530     0.00886     0.31140     0.22020     0.28550     0.00565     0.00880     0.00101     0.01164     0.00098     0.00044     0.00011     0.00040     0.00031     0.00037     0.00027     0.00034     0.85627
   -18.35230     0.00654     0.34480     0.19940     0.29620     0.00544     0.00926     0.00103     0.01289     0.00133     0.00046     0.00007     0.00045     0.00030     0.00045     0.00035     0.00032     0.87929
   -18.29930     0.00516     0.38570     0.19330     0.30910     0.00540     0.00976     0.00112     0.01428     0.00174     0.00049     0.00005     0.00050     0.00030     0.00055     0.00043     0.00030     0.92818
   -18.24630     0.00453     0.47300     0.14740     0.37590     0.00401     0.01183     0.00085     0.01694     0.00291     0.00048     0.00003     0.00068     0.00020     0.00078     0.00065     0.00024     1.04042
   -18.19330     0.00495     0.54900     0.14090     0.39230     0.00391     0.01207     0.00095     0.01873     0.00364     0.00052     0.00004     0.00074     0.00019     0.00098     0.00079     0.00018     1.12987
   -18.14130     0.00541     0.55100     0.14640     0.40800     0.00429     0.01233     0.00113     0.01794     0.00388     0.00049     0.00004     0.00075     0.00019     0.00105     0.00084     0.00017     1.15392
   -18.08830     0.00615     0.55520     0.15480     0.42550     0.00474     0.01270     0.00139     0.01707     0.00408     0.00046     0.00005     0.00076     0.00020     0.00113     0.00090     0.00017     1.18531
   -18.03530     0.00704     0.56370     0.16620     0.44900     0.00552     0.01315     0.00174     0.01627     0.00427     0.00043     0.00006     0.00077     0.00022     0.00122     0.00097     0.00017     1.23073
   -17.98230     0.00790     0.57460     0.17880     0.48200     0.00651     0.01397     0.00220     0.01537     0.00445     0.00040     0.00007     0.00078     0.00023     0.00135     0.00106     0.00018     1.28986
   -17.93030     0.00888     0.58620     0.19340     0.52490     0.00796     0.01507     0.00287     0.01440     0.00455     0.00036     0.00008     0.00079     0.00025     0.00151     0.00116     0.00019     1.36256
   -17.87730     0.01042     0.59750     0.21860     0.60850     0.01113     0.01723     0.00405     0.01305     0.00451     0.00030     0.00009     0.00079     0.00027     0.00179     0.00132     0.00023     1.48978
   -17.82430     0.01155     0.52360     0.20420     0.63580     0.01184     0.01675     0.00438     0.01063     0.00367     0.00021     0.00010     0.00074     0.00026     0.00171     0.00113     0.00023     1.42680
   -17.77130     0.01410     0.48240     0.19200     0.61260     0.01047     0.01452     0.00490     0.00878     0.00312     0.00017     0.00012     0.00068     0.00026     0.00142     0.00078     0.00021     1.34654
   -17.71830     0.01923     0.74610     0.24760     0.65820     0.01241     0.01489     0.01585     0.00931     0.00545     0.00017     0.00017     0.00070     0.00030     0.00134     0.00064     0.00022     1.73259
   -17.66630     0.03108     1.40300     0.45560     0.94180     0.02483     0.01863     0.04548     0.01253     0.00850     0.00019     0.00028     0.00093     0.00051     0.00148     0.00058     0.00033     2.94575
   -17.61330     0.04803     2.21800     0.82170     1.41700     0.04203     0.02865     0.07510     0.01635     0.01309     0.00027     0.00044     0.00126     0.00090     0.00180     0.00061     0.00047     4.68569
   -17.56030     0.00742     0.91150     0.11740     0.60060     0.00737     0.01571     0.01908     0.00942     0.00595     0.00006     0.00006     0.00122     0.00004     0.00135     0.00035     0.00015     1.69768
   -17.50730     0.00324     0.54820     0.03583     0.39290     0.00363     0.00884     0.00883     0.00647     0.00279     0.00003     0.00002     0.00093     0.00001     0.00098     0.00025     0.00006     1.01300
   -17.45430     0.00200     0.39030     0.01451     0.29200     0.00217     0.00588     0.00495     0.00485     0.00158     0.00002     0.00001     0.00075     0.00000     0.00076     0.00018     0.00003     0.72001
   -17.40230     0.00131     0.28980     0.00671     0.23320     0.00136     0.00421     0.00296     0.00372     0.00097     0.00001     0.00001     0.00060     0.00000     0.00061     0.00012     0.00002     0.54561
   -17.34930     0.00086     0.22190     0.00295     0.18030     0.00082     0.00302     0.00172     0.00285     0.00058     0.00001     0.00000     0.00049     0.00000     0.00048     0.00008     0.00001     0.41607
   -17.29630     0.00048     0.15440     0.00103     0.13990     0.00044     0.00208     0.00085     0.00202     0.00029     0.00000     0.00000     0.00037     0.00000     0.00037     0.00005     0.00001     0.30229
   -17.24330     0.00022     0.10800     0.00029     0.09395     0.00018     0.00130     0.00035     0.00137     0.00012     0.00000     0.00000     0.00027     0.00000     0.00025     0.00002     0.00000     0.20632
   -17.19130     0.00020     0.04258     0.00003     0.03753     0.00002     0.00047     0.00005     0.00053     0.00002     0.00000     0.00000     0.00011     0.00000     0.00010     0.00000     0.00000     0.08164
   -17.13830     0.00064     0.00002     0.00005     0.00002     0.00000     0.00000     0.00000     0.00000     0.00000     0.00000     0.00000     0.00000     0.00000     0.00000     0.00000     0.00000     0.00073
   -17.08530     0.00143     0.00004     0.00010     0.00004     0.00000     0.00000     0.00000     0.00000     0.00000     0.00000     0.00000     0.00000     0.00000     0.00000     0.00000     0.00000     0.00161
   -17.03230     0.00148     0.00009     0.00013     0.00009     0.00001     0.00000     0.00000     0.00000     0.00000     0.00000     0.00000     0.00000     0.00000     0.00000     0.00000     0.00000     0.00182
   -16.97930     0.00177     0.00011     0.00020     0.00011     0.00001     0.00000     0.00000     0.00000     0.00000     0.00000     0.00000     0.00000     0.00000     0.00000     0.00000     0.00000     0.00222
   -16.92730     0.00207     0.00013     0.00028     0.00013     0.00001     0.00001     0.00000     0.00001     0.00000     0.00000     0.00001     0.00000     0.00000     0.00000     0.00000     0.00000     0.00264
   -16.87430     0.00238     0.00016     0.00036     0.00016     0.00002     0.00001     0.00000     0.00001     0.00000     0.00000     0.00001     0.00000     0.00000     0.00000     0.00000     0.00000     0.00310
   -16.82130     0.00270     0.00019     0.00044     0.00019     0.00002     0.00001     0.00000     0.00001     0.00000     0.00000     0.00001     0.00000     0.00000     0.00000     0.00000     0.00000     0.00357
   -16.76830     0.00300     0.00025     0.00052     0.00024     0.00002     0.00001     0.00000     0.00001     0.00000     0.00000     0.00001     0.00000     0.00000     0.00000     0.00000     0.00000     0.00408
   -16.71630     0.00329     0.00033     0.00061     0.00030     0.00003     0.00001     0.00000     0.00002     0.00000     0.00000     0.00001     0.00000     0.00000     0.00000     0.00000     0.00000     0.00461
   -16.66330     0.00358     0.00038     0.00074     0.00033     0.00004     0.00001     0.00000     0.00002     0.00000     0.00000     0.00001     0.00000     0.00000     0.00000     0.00000     0.00000     0.00511
   -16.61030     0.00389     0.00041     0.00087     0.00035     0.00004     0.00002     0.00000     0.00002     0.00000     0.00000     0.00001     0.00000     0.00000     0.00000     0.00000     0.00000     0.00561
   -16.55730     0.00419     0.00045     0.00100     0.00038     0.00005     0.00002     0.00000     0.00002     0.00000     0.00000     0.00001     0.00000     0.00000     0.00000     0.00000     0.00000     0.00612
   -16.50430     0.00450     0.00048     0.00113     0.00041     0.00006     0.00002     0.00000     0.00002     0.00000     0.00000     0.00001     0.00000     0.00000     0.00000     0.00000     0.00000     0.00664
   -16.45230     0.00482     0.00052     0.00126     0.00044     0.00006     0.00002     0.00000     0.00002     0.00000     0.00000     0.00001     0.00000     0.00000     0.00000     0.00000     0.00000     0.00717
   -16.39930     0.00519     0.00062     0.00141     0.00050     0.00007     0.00002     0.00000     0.00003     0.00000     0.00000     0.00002     0.00000     0.00000     0.00000     0.00000     0.00000     0.00787
   -16.34630     0.00555     0.00070     0.00156     0.00054     0.00008     0.00002     0.00000     0.00003     0.00000     0.00000     0.00002     0.00000     0.00000     0.00000     0.00000     0.00000     0.00851
   -16.29330     0.00591     0.00079     0.00170     0.00059     0.00009     0.00003     0.00000     0.00004     0.00000     0.00000     0.00002     0.00000     0.00000     0.00000     0.00000     0.00000     0.00918
   -16.24130     0.00627     0.00087     0.00186     0.00064     0.00010     0.00003     0.00001     0.00004     0.00000     0.00000     0.00002     0.00000     0.00000     0.00000     0.00000     0.00000     0.00983
   -16.18830     0.00662     0.00092     0.00203     0.00067     0.00011     0.00003     0.00001     0.00004     0.00000     0.00000     0.00002     0.00000     0.00000     0.00000     0.00000     0.00000     0.01045
   -16.13530     0.00698     0.00096     0.00220     0.00071     0.00012     0.00003     0.00001     0.00005     0.00000     0.00000     0.00002     0.00000     0.00000     0.00000     0.00000     0.00000     0.01108
   -16.08230     0.00733     0.00101     0.00237     0.00074     0.00013     0.00003     0.00001     0.00005     0.00000     0.00000     0.00002     0.00000     0.00000     0.00000     0.00000     0.00000     0.01171
   -16.02930     0.00773     0.00108     0.00253     0.00082     0.00014     0.00004     0.00001     0.00005     0.00000     0.00000     0.00002     0.00000     0.00000     0.00000     0.00000     0.00000     0.01244
   -15.97730     0.00820     0.00119     0.00266     0.00097     0.00015     0.00005     0.00001     0.00006     0.00000     0.00000     0.00003     0.00000     0.00000     0.00000     0.00000     0.00000     0.01332
   -15.92430     0.00863     0.00129     0.00281     0.00106     0.00016     0.00005     0.00001     0.00006     0.00000     0.00000     0.00003     0.00000     0.00000     0.00000     0.00000     0.00000     0.01411
   -15.87130     0.00906     0.00138     0.00298     0.00113     0.00017     0.00005     0.00002     0.00007     0.00000     0.00000     0.00003     0.00000     0.00000     0.00000     0.00000     0.00000     0.01490
   -15.81830     0.00949     0.00148     0.00314     0.00121     0.00019     0.00006     0.00002     0.00007     0.00000     0.00000     0.00003     0.00000     0.00000     0.00000     0.00000     0.00000     0.01570
   -15.76630     0.00993     0.00157     0.00331     0.00129     0.00020     0.00006     0.00002     0.00008     0.00000     0.00000     0.00003     0.00000     0.00000     0.00000     0.00000     0.00000     0.01649
   -15.71330     0.01035     0.00165     0.00348     0.00137     0.00021     0.00007     0.00002     0.00008     0.00000     0.00000     0.00004     0.00000     0.00000     0.00000     0.00000     0.00000     0.01727
   -15.66030     0.01077     0.00171     0.00366     0.00144     0.00022     0.00007     0.00002     0.00008     0.00000     0.00000     0.00004     0.00000     0.00000     0.00000     0.00000     0.00000     0.01803
   -15.60730     0.01126     0.00184     0.00388     0.00160     0.00024     0.00008     0.00436     0.00009     0.00421     0.00000     0.00004     0.00000     0.00001     0.00000     0.00000     0.00000     0.02761
   -15.55430     0.01179     0.00205     0.00405     0.00186     0.00025     0.00010     0.00436     0.00010     0.00757     0.00000     0.00004     0.00000     0.00001     0.00000     0.00001     0.00000     0.03220
   -15.50230     0.01233     0.00224     0.00426     0.00214     0.00027     0.00011     0.00581     0.00011     0.01069     0.00000     0.00004     0.00000     0.00001     0.00000     0.00003     0.00000     0.03807
   -15.44930     0.01285     0.00256     0.00456     0.00233     0.00029     0.00012     0.00569     0.00013     0.01324     0.00001     0.00005     0.00001     0.00001     0.00001     0.00005     0.00000     0.04191
   -15.39630     0.01334     0.00279     0.00493     0.00247     0.00032     0.00013     0.00678     0.00015     0.01492     0.00001     0.00005     0.00001     0.00001     0.00001     0.00007     0.00001     0.04599
   -15.34330     0.01383     0.00308     0.00528     0.00267     0.00035     0.00014     0.00794     0.00017     0.01664     0.00001     0.00005     0.00001     0.00001     0.00001     0.00010     0.00001     0.05029
   -15.29130     0.01452     0.00347     0.00574     0.00290     0.00038     0.00016     0.00884     0.00019     0.01771     0.00002     0.00005     0.00001     0.00001     0.00002     0.00012     0.00001     0.05416
   -15.23830     0.01528     0.00378     0.00627     0.00308     0.00043     0.00017     0.00933     0.00021     0.01865     0.00002     0.00006     0.00002     0.00001     0.00002     0.00014     0.00001     0.05749
   -15.18530     0.01623     0.00413     0.00696     0.00329     0.00048     0.00018     0.01062     0.00023     0.01852     0.00002     0.00006     0.00002     0.00002     0.00002     0.00016     0.00002     0.06097
   -15.13230     0.01671     0.00453     0.00745     0.00352     0.00052     0.00020     0.01272     0.00026     0.01859     0.00002     0.00006     0.00003     0.00002     0.00004     0.00019     0.00002     0.06489
   -15.07930     0.01709     0.00488     0.00785     0.00377     0.00055     0.00022     0.01361     0.00029     0.02003     0.00003     0.00007     0.00003     0.00002     0.00004     0.00022     0.00002     0.06872
   -15.02730     0.01724     0.00529     0.00808     0.00407     0.00058     0.00025     0.01390     0.00032     0.02270     0.00003     0.00007     0.00004     0.00002     0.00005     0.00027     0.00003     0.07294
   -14.97430     0.01802     0.00581     0.00850     0.00451     0.00062     0.00028     0.01376     0.00035     0.02402     0.00004     0.00007     0.00004     0.00002     0.00005     0.00032     0.00003     0.07643
   -14.92130     0.01888     0.00639     0.00891     0.00506     0.00067     0.00030     0.01442     0.00038     0.02486     0.00004     0.00008     0.00004     0.00003     0.00005     0.00036     0.00003     0.08050
   -14.86830     0.02005     0.00683     0.00951     0.00557     0.00074     0.00032     0.01512     0.00040     0.02535     0.00004     0.00008     0.00005     0.00003     0.00005     0.00039     0.00004     0.08458
   -14.81630     0.02090     0.00727     0.01004     0.00599     0.00080     0.00034     0.01547     0.00042     0.02634     0.00005     0.00009     0.00005     0.00003     0.00006     0.00044     0.00004     0.08832
   -14.76330     0.02123     0.00803     0.01048     0.00651     0.00084     0.00039     0.01688     0.00048     0.02798     0.00006     0.00009     0.00006     0.00003     0.00007     0.00049     0.00005     0.09368
   -14.71030     0.02192     0.00866     0.01102     0.00693     0.00090     0.00044     0.01715     0.00053     0.02980     0.00007     0.00009     0.00007     0.00003     0.00008     0.00055     0.00006     0.09831
   -14.65730     0.02837     0.00931     0.01376     0.00757     0.00469     0.00048     0.02295     0.00057     0.03066     0.00007     0.00010     0.00008     0.00006     0.00009     0.00060     0.00006     0.11942
   -14.60430     0.03453     0.01017     0.01651     0.00870     0.00800     0.00052     0.02931     0.00062     0.03101     0.00008     0.00010     0.00009     0.00009     0.00010     0.00064     0.00007     0.14055
   -14.55230     0.04013     0.01126     0.02081     0.01040     0.01294     0.00057     0.03604     0.00069     0.03132     0.00008     0.00011     0.00012     0.00012     0.00012     0.00070     0.00009     0.16550
   -14.49930     0.03887     0.01227     0.02453     0.01251     0.01619     0.00063     0.03764     0.00075     0.03164     0.00009     0.00011     0.00015     0.00014     0.00015     0.00075     0.00011     0.17654
   -14.44630     0.04195     0.01350     0.02836     0.01489     0.01980     0.00072     0.04079     0.00085     0.03301     0.00011     0.00012     0.00018     0.00016     0.00018     0.00082     0.00013     0.19556
   -14.39330     0.04500     0.01468     0.03164     0.01745     0.02280     0.00080     0.04396     0.00095     0.03438     0.00012     0.00012     0.00022     0.00018     0.00020     0.00089     0.00015     0.21354
   -14.34130     0.04872     0.01598     0.03496     0.02040     0.02536     0.00090     0.04771     0.00106     0.03551     0.00013     0.00013     0.00026     0.00020     0.00022     0.00096     0.00018     0.23268
   -14.28830     0.05194     0.01773     0.03828     0.02380     0.02792     0.00104     0.05213     0.00121     0.03710     0.00015     0.00014     0.00031     0.00022     0.00026     0.00110     0.00021     0.25353
   -14.23530     0.05487     0.01945     0.04187     0.02772     0.03059     0.00120     0.05687     0.00135     0.03851     0.00016     0.00015     0.00037     0.00025     0.00031     0.00123     0.00026     0.27516
   -14.18230     0.05793     0.02124     0.04601     0.03244     0.03348     0.00137     0.06154     0.00150     0.03966     0.00018     0.00016     0.00043     0.00027     0.00035     0.00133     0.00030     0.29821
   -14.12930     0.06066     0.02273     0.05014     0.03721     0.03569     0.00160     0.06429     0.00165     0.03675     0.00020     0.00017     0.00050     0.00029     0.00039     0.00117     0.00034     0.31379
   -14.07730     0.06411     0.02443     0.05489     0.04228     0.04001     0.00186     0.07095     0.00181     0.03786     0.00023     0.00018     0.00057     0.00032     0.00043     0.00124     0.00039     0.34157
   -14.02430     0.06776     0.02790     0.06153     0.05018     0.04425     0.00227     0.07910     0.00208     0.03938     0.00027     0.00020     0.00069     0.00036     0.00051     0.00136     0.00049     0.37832
   -13.97130     0.07184     0.03048     0.06828     0.05720     0.04852     0.00268     0.08747     0.00230     0.04024     0.00031     0.00022     0.00079     0.00040     0.00058     0.00145     0.00057     0.41332
   -13.91830     0.07741     0.03307     0.07661     0.06484     0.05378     0.00319     0.09918     0.00250     0.04061     0.00034     0.00024     0.00091     0.00043     0.00066     0.00156     0.00066     0.45599
   -13.86630     0.08311     0.03670     0.08582     0.07541     0.05551     0.00393     0.10130     0.00278     0.04147     0.00040     0.00027     0.00106     0.00046     0.00075     0.00168     0.00078     0.49141
   -13.81330     0.09049     0.04283     0.09868     0.09117     0.05866     0.00551     0.10620     0.00323     0.04380     0.00051     0.00030     0.00126     0.00052     0.00090     0.00186     0.00099     0.54690
   -13.76030     0.09804     0.04743     0.11180     0.10720     0.06096     0.00743     0.10480     0.00363     0.04538     0.00061     0.00033     0.00144     0.00056     0.00102     0.00197     0.00117     0.59376
   -13.70730     0.10650     0.05511     0.13440     0.13510     0.06577     0.01120     0.10630     0.00422     0.04700     0.00077     0.00037     0.00169     0.00063     0.00118     0.00213     0.00146     0.67383
   -13.65430     0.11960     0.07510     0.20240     0.22060     0.08061     0.02387     0.11200     0.00566     0.04815     0.00118     0.00046     0.00218     0.00082     0.00163     0.00234     0.00228     0.89888
   -13.60230     0.13300     0.08617     0.17780     0.20550     0.07017     0.02506     0.11330     0.00656     0.05089     0.00161     0.00054     0.00252     0.00093     0.00181     0.00244     0.00271     0.88100
   -13.54930     0.11860     0.05186     0.09891     0.08840     0.03932     0.01077     0.09377     0.00439     0.04878     0.00117     0.00043     0.00173     0.00068     0.00110     0.00230     0.00147     0.56368
   -13.49630     0.11480     0.04389     0.08460     0.06256     0.02987     0.00829     0.08496     0.00387     0.05067     0.00104     0.00039     0.00140     0.00058     0.00089     0.00245     0.00113     0.49139
   -13.44330     0.11620     0.04159     0.08254     0.05356     0.02593     0.00767     0.08107     0.00374     0.05302     0.00098     0.00038     0.00123     0.00053     0.00080     0.00270     0.00098     0.47294
   -13.39030     0.11620     0.04132     0.08065     0.04779     0.02252     0.00732     0.07696     0.00371     0.05469     0.00093     0.00037     0.00108     0.00047     0.00074     0.00286     0.00085     0.45847
   -13.33830     0.11970     0.04395     0.08557     0.04687     0.02055     0.00775     0.07976     0.00382     0.05524     0.00093     0.00038     0.00099     0.00044     0.00072     0.00296     0.00080     0.47043
   -13.28530     0.12620     0.04763     0.09422     0.04713     0.02027     0.00901     0.08669     0.00427     0.05963     0.00098     0.00039     0.00094     0.00042     0.00074     0.00343     0.00075     0.50271
   -13.23230     0.13950     0.05438     0.11370     0.05033     0.02208     0.01114     0.11370     0.00511     0.06278     0.00116     0.00044     0.00099     0.00043     0.00082     0.00374     0.00079     0.58108
   -13.17930     0.14940     0.05835     0.12440     0.05108     0.02714     0.01405     0.14200     0.00688     0.06722     0.00139     0.00047     0.00115     0.00044     0.00103     0.00403     0.00076     0.64979
   -13.12730     0.14170     0.04746     0.12350     0.05730     0.03066     0.01672     0.11230     0.00668     0.07266     0.00130     0.00045     0.00103     0.00045     0.00132     0.00468     0.00070     0.61892
   -13.07430     0.12310     0.04583     0.11130     0.05588     0.02832     0.01663     0.08362     0.00604     0.07308     0.00114     0.00042     0.00087     0.00041     0.00138     0.00502     0.00064     0.55369
   -13.02130     0.11120     0.04331     0.09932     0.04673     0.02330     0.01472     0.06238     0.00509     0.06568     0.00095     0.00038     0.00064     0.00037     0.00107     0.00468     0.00054     0.48036
   -12.96830     0.10620     0.04433     0.09148     0.04433     0.02105     0.01340     0.04933     0.00451     0.06904     0.00082     0.00037     0.00053     0.00034     0.00099     0.00500     0.00051     0.45223
   -12.91530     0.10100     0.04493     0.09058     0.04252     0.02000     0.01410     0.04385     0.00444     0.07185     0.00077     0.00037     0.00047     0.00032     0.00103     0.00526     0.00050     0.44199
   -12.86330     0.09994     0.05296     0.10590     0.04338     0.02165     0.01759     0.04682     0.00479     0.09383     0.00082     0.00043     0.00044     0.00032     0.00134     0.00653     0.00062     0.49736
   -12.81030     0.10720     0.05508     0.10780     0.04430     0.02282     0.01987     0.04309     0.00478     0.10840     0.00078     0.00043     0.00042     0.00029     0.00175     0.00789     0.00075     0.52564
   -12.75730     0.10010     0.06049     0.09491     0.04554     0.02486     0.02754     0.04039     0.00470     0.14250     0.00074     0.00038     0.00040     0.00025     0.00295     0.01184     0.00119     0.55878
   -12.70430     0.09344     0.06026     0.09912     0.04827     0.02200     0.02764     0.03303     0.00538     0.14160     0.00077     0.00035     0.00041     0.00027     0.00279     0.01260     0.00118     0.54911
   -12.65230     0.06674     0.05562     0.07449     0.04469     0.01597     0.02457     0.02675     0.00537     0.13630     0.00070     0.00026     0.00041     0.00023     0.00252     0.01324     0.00108     0.46895
   -12.59930     0.06433     0.05596     0.06452     0.04589     0.01354     0.02387     0.02331     0.00596     0.13990     0.00074     0.00023     0.00047     0.00023     0.00242     0.01343     0.00110     0.45589
   -12.54630     0.08763     0.05878     0.06554     0.05052     0.01259     0.02585     0.02212     0.00705     0.15320     0.00093     0.00026     0.00065     0.00023     0.00236     0.01364     0.00119     0.50255
   -12.49330     0.08969     0.03928     0.06269     0.03893     0.01048     0.02100     0.01614     0.00556     0.10340     0.00083     0.00026     0.00057     0.00024     0.00137     0.00873     0.00074     0.39992
   -12.44030     0.09290     0.03203     0.07095     0.03155     0.00941     0.01811     0.01625     0.00490     0.07452     0.00079     0.00029     0.00053     0.00026     0.00101     0.00669     0.00059     0.36079
   -12.38830     0.10290     0.02996     0.12750     0.02901     0.00976     0.01717     0.02028     0.00470     0.05224     0.00082     0.00045     0.00048     0.00033     0.00075     0.00407     0.00057     0.40098
   -12.33530     0.09221     0.01508     0.14870     0.01124     0.00684     0.01320     0.01830     0.00308     0.03039     0.00054     0.00055     0.00009     0.00021     0.00025     0.00139     0.00042     0.34249
   -12.28230     0.09903     0.01642     0.13620     0.01276     0.00686     0.01280     0.01880     0.00279     0.02760     0.00053     0.00053     0.00007     0.00023     0.00021     0.00091     0.00044     0.33617
   -12.22930     0.10070     0.01733     0.11180     0.01436     0.00646     0.01263     0.01854     0.00281     0.02882     0.00052     0.00048     0.00006     0.00023     0.00019     0.00091     0.00045     0.31629
   -12.17730     0.10520     0.01864     0.10160     0.01618     0.00639     0.01316     0.01926     0.00297     0.03567     0.00053     0.00046     0.00006     0.00025     0.00018     0.00103     0.00049     0.32208
   -12.12430     0.11060     0.02047     0.09795     0.01820     0.00653     0.01382     0.02113     0.00322     0.04941     0.00054     0.00047     0.00006     0.00028     0.00018     0.00130     0.00052     0.34467
   -12.07130     0.11600     0.02236     0.09637     0.02062     0.00669     0.01454     0.02324     0.00360     0.06174     0.00055     0.00048     0.00007     0.00031     0.00019     0.00161     0.00056     0.36894
   -12.01830     0.11850     0.02165     0.09589     0.02249     0.00683     0.01512     0.02527     0.00392     0.05178     0.00056     0.00050     0.00008     0.00035     0.00019     0.00167     0.00059     0.36539
   -11.96530     0.12290     0.02177     0.09554     0.02505     0.00722     0.01595     0.02969     0.00457     0.05034     0.00056     0.00054     0.00009     0.00039     0.00019     0.00177     0.00063     0.37720
   -11.91330     0.12390     0.02008     0.09586     0.02716     0.00781     0.01671     0.03308     0.00552     0.04609     0.00060     0.00058     0.00012     0.00045     0.00019     0.00179     0.00069     0.38063
   -11.86030     0.12040     0.01716     0.09637     0.02862     0.00864     0.01712     0.03348     0.00622     0.04033     0.00063     0.00059     0.00016     0.00052     0.00021     0.00173     0.00075     0.37291
   -11.80730     0.11540     0.01510     0.09791     0.03040     0.00939     0.01700     0.03078     0.00659     0.03749     0.00067     0.00057     0.00020     0.00060     0.00023     0.00178     0.00081     0.36492
   -11.75430     0.11060     0.01397     0.09720     0.03223     0.00995     0.01635     0.02822     0.00680     0.03483     0.00069     0.00055     0.00025     0.00068     0.00027     0.00179     0.00088     0.35526
   -11.70230     0.10620     0.01285     0.09471     0.03388     0.01059     0.01523     0.02503     0.00683     0.03004     0.00074     0.00052     0.00031     0.00077     0.00032     0.00174     0.00096     0.34071
   -11.64930     0.11040     0.01263     0.09155     0.03675     0.01195     0.01414     0.02260     0.00670     0.02489     0.00089     0.00050     0.00041     0.00090     0.00042     0.00154     0.00116     0.33744
   -11.59630     0.10690     0.01363     0.07995     0.03894     0.01324     0.01174     0.01965     0.00593     0.01527     0.00106     0.00044     0.00057     0.00105     0.00060     0.00091     0.00133     0.31122
   -11.54330     0.07254     0.01228     0.07157     0.03572     0.01090     0.00864     0.01477     0.00452     0.00745     0.00085     0.00036     0.00056     0.00121     0.00061     0.00033     0.00109     0.24341
   -11.49030     0.05730     0.01238     0.07208     0.03528     0.00955     0.00715     0.01142     0.00394     0.00475     0.00083     0.00034     0.00061     0.00144     0.00069     0.00019     0.00107     0.21902
   -11.43830     0.05225     0.01354     0.07573     0.03748     0.00886     0.00671     0.00916     0.00411     0.00299     0.00093     0.00035     0.00070     0.00179     0.00081     0.00013     0.00122     0.21675
   -11.38530     0.05018     0.01403     0.08716     0.03631     0.00781     0.00695     0.00709     0.00479     0.00346     0.00112     0.00036     0.00081     0.00238     0.00095     0.00027     0.00141     0.22508
   -11.33230     0.05274     0.01504     0.11040     0.03544     0.00768     0.00787     0.00564     0.00635     0.00856     0.00135     0.00041     0.00093     0.00303     0.00110     0.00092     0.00167     0.25915
   -11.27930     0.05438     0.01739     0.12600     0.03223     0.00877     0.00979     0.00427     0.00928     0.01387     0.00178     0.00052     0.00106     0.00432     0.00114     0.00150     0.00189     0.28816
   -11.22730     0.05370     0.02147     0.12810     0.03025     0.01151     0.01829     0.00736     0.01886     0.01713     0.00224     0.00059     0.00143     0.00489     0.00143     0.00176     0.00235     0.32136
   -11.17430     0.03878     0.01562     0.12280     0.02288     0.00795     0.01851     0.00868     0.01930     0.02203     0.00119     0.00031     0.00094     0.00268     0.00094     0.00219     0.00157     0.28636
   -11.12130     0.04081     0.02012     0.14160     0.02970     0.00963     0.02334     0.01107     0.02473     0.03128     0.00118     0.00034     0.00109     0.00236     0.00109     0.00281     0.00193     0.34308
   -11.06830     0.04144     0.02187     0.18880     0.03564     0.01378     0.02526     0.01388     0.02808     0.03706     0.00118     0.00042     0.00113     0.00258     0.00112     0.00339     0.00218     0.41781
   -11.01530     0.04025     0.02332     0.12100     0.04109     0.02149     0.02392     0.02123     0.03149     0.03912     0.00128     0.00054     0.00113     0.00352     0.00106     0.00376     0.00217     0.37638
   -10.96330     0.04660     0.02651     0.12200     0.04746     0.02931     0.02225     0.02824     0.03367     0.04303     0.00136     0.00072     0.00114     0.00469     0.00099     0.00428     0.00227     0.41452
   -10.91030     0.05180     0.02844     0.13040     0.05335     0.03622     0.02178     0.03592     0.03566     0.04747     0.00139     0.00097     0.00115     0.00596     0.00097     0.00481     0.00248     0.45877
   -10.85730     0.05803     0.03067     0.14050     0.05924     0.04156     0.02089     0.04290     0.03608     0.05192     0.00140     0.00129     0.00114     0.00716     0.00095     0.00534     0.00263     0.50171
   -10.80430     0.06275     0.03321     0.14960     0.06839     0.03569     0.01955     0.03890     0.03658     0.05937     0.00142     0.00120     0.00112     0.00663     0.00087     0.00611     0.00289     0.52428
   -10.75230     0.07021     0.03679     0.16420     0.07917     0.03029     0.01915     0.03625     0.03992     0.06815     0.00150     0.00109     0.00113     0.00619     0.00084     0.00695     0.00332     0.56514
   -10.69930     0.07709     0.04254     0.19090     0.09590     0.02864     0.02040     0.03866     0.04773     0.08570     0.00167     0.00111     0.00114     0.00657     0.00083     0.00858     0.00396     0.65143
   -10.64630     0.09297     0.05503     0.26240     0.12240     0.03057     0.02390     0.05108     0.06250     0.11750     0.00214     0.00133     0.00121     0.00860     0.00090     0.01214     0.00490     0.84956
   -10.59330     0.09629     0.03467     0.20340     0.08822     0.02424     0.01629     0.03500     0.03061     0.05632     0.00162     0.00119     0.00092     0.00493     0.00070     0.00693     0.00291     0.60424
   -10.54030     0.11130     0.03480     0.16220     0.08181     0.01970     0.01530     0.02533     0.02072     0.03785     0.00178     0.00115     0.00094     0.00280     0.00071     0.00382     0.00242     0.52263
   -10.48830     0.13560     0.05191     0.17640     0.09360     0.02120     0.02009     0.03257     0.02123     0.04823     0.00249     0.00144     0.00135     0.00345     0.00113     0.00357     0.00252     0.61678
   -10.43530     0.22010     0.07701     0.30930     0.11460     0.03181     0.03452     0.06387     0.02884     0.08997     0.00371     0.00265     0.00196     0.00808     0.00165     0.00675     0.00324     0.99805
   -10.38230     0.27010     0.09184     0.30460     0.11470     0.03380     0.03697     0.08324     0.02821     0.12610     0.00380     0.00354     0.00242     0.00965     0.00207     0.00857     0.00302     1.12262
   -10.32930     0.16200     0.06801     0.11310     0.08113     0.02154     0.02507     0.04533     0.01929     0.12130     0.00233     0.00172     0.00159     0.00426     0.00148     0.00700     0.00219     0.67733
   -10.27730     0.11100     0.05891     0.06023     0.07764     0.01593     0.01819     0.03100     0.01593     0.11270     0.00195     0.00088     0.00139     0.00237     0.00145     0.00650     0.00214     0.51822
   -10.22430     0.08776     0.06085     0.05022     0.07662     0.01418     0.01456     0.02537     0.01306     0.09563     0.00198     0.00068     0.00142     0.00190     0.00159     0.00552     0.00218     0.45352
   -10.17130     0.05858     0.06588     0.04338     0.07068     0.01264     0.01243     0.01746     0.01116     0.06858     0.00221     0.00049     0.00146     0.00157     0.00120     0.00458     0.00216     0.37447
   -10.11830     0.06016     0.08682     0.04879     0.08328     0.01434     0.01389     0.01446     0.01205     0.05247     0.00380     0.00059     0.00238     0.00232     0.00171     0.00427     0.00320     0.40455
   -10.06530     0.03637     0.12950     0.05811     0.10800     0.01417     0.01438     0.01206     0.01159     0.04167     0.00596     0.00042     0.00371     0.00245     0.00255     0.00443     0.00403     0.44938
   -10.01330     0.02506     0.16950     0.07340     0.11140     0.01410     0.01607     0.01231     0.01305     0.03608     0.00828     0.00033     0.00519     0.00308     0.00336     0.00446     0.00462     0.50029
    -9.96030     0.02369     0.19810     0.10370     0.10450     0.01563     0.02103     0.01255     0.01794     0.02960     0.01101     0.00037     0.00732     0.00533     0.00456     0.00418     0.00549     0.56500
    -9.90730     0.02053     0.23750     0.12440     0.12410     0.01687     0.03096     0.01173     0.02675     0.02491     0.01459     0.00039     0.01027     0.00782     0.00648     0.00383     0.00819     0.66933
    -9.85430     0.01567     0.16550     0.07166     0.08064     0.00345     0.02467     0.01065     0.01935     0.02064     0.01263     0.00041     0.00976     0.00363     0.00569     0.00352     0.00712     0.45500
    -9.80230     0.01291     0.12140     0.07071     0.06914     0.00261     0.01590     0.01229     0.01447     0.01762     0.01197     0.00044     0.00860     0.00448     0.00562     0.00343     0.00699     0.37858
    -9.74930     0.01083     0.13490     0.08436     0.10040     0.00485     0.01731     0.01890     0.01815     0.01664     0.01474     0.00054     0.00951     0.00647     0.00814     0.00386     0.00997     0.45956
    -9.69630     0.00961     0.17110     0.10920     0.13620     0.00707     0.02079     0.02834     0.02237     0.01843     0.01970     0.00059     0.01088     0.00933     0.01159     0.00534     0.01388     0.59441
    -9.64330     0.00802     0.13070     0.09678     0.12710     0.00696     0.01694     0.02138     0.01990     0.01320     0.01506     0.00057     0.00939     0.00823     0.00971     0.00446     0.01302     0.50142
    -9.59030     0.00755     0.10920     0.08455     0.05988     0.00608     0.01112     0.01444     0.01191     0.00457     0.01197     0.00045     0.00705     0.00699     0.00510     0.00183     0.00775     0.35045
    -9.53830     0.00633     0.10350     0.04379     0.03382     0.00480     0.00814     0.00963     0.00945     0.00128     0.01100     0.00030     0.00500     0.00287     0.00324     0.00073     0.00494     0.24882
    -9.48530     0.00895     0.13460     0.03909     0.05519     0.01636     0.04148     0.01338     0.05627     0.04374     0.01371     0.00029     0.00743     0.00333     0.00641     0.01017     0.00807     0.45847
    -9.43230     0.01570     0.16530     0.04024     0.07732     0.03166     0.05939     0.01904     0.07190     0.05072     0.01463     0.00041     0.00784     0.00388     0.00898     0.01126     0.00963     0.58790
    -9.37930     0.02217     0.18900     0.03518     0.09303     0.03443     0.07126     0.02029     0.07762     0.05312     0.01418     0.00057     0.00770     0.00384     0.01012     0.01129     0.01027     0.65407
    -9.32730     0.02694     0.19590     0.02936     0.08211     0.03235     0.06212     0.02103     0.07198     0.04473     0.01304     0.00062     0.00695     0.00332     0.00928     0.01047     0.01012     0.62031
    -9.27430     0.02348     0.16500     0.02336     0.07414     0.02547     0.05042     0.01816     0.06079     0.03442     0.01098     0.00053     0.00552     0.00248     0.00762     0.00882     0.00949     0.52068
    -9.22130     0.02489     0.15980     0.02242     0.07363     0.02614     0.04467     0.01794     0.06023     0.03079     0.00994     0.00052     0.00513     0.00234     0.00716     0.00980     0.01047     0.50587
    -9.16830     0.02134     0.14080     0.02111     0.07181     0.02275     0.04041     0.01623     0.05380     0.02551     0.00897     0.00049     0.00430     0.00206     0.00633     0.00870     0.01037     0.45498
    -9.11530     0.01903     0.12650     0.02083     0.07301     0.02161     0.03841     0.01505     0.04923     0.02241     0.00824     0.00050     0.00375     0.00191     0.00570     0.00801     0.01065     0.42485
    -9.06330     0.01766     0.11700     0.01967     0.07171     0.02104     0.03558     0.01432     0.04685     0.02014     0.00782     0.00053     0.00325     0.00183     0.00447     0.00632     0.01015     0.39833
    -9.01030     0.01644     0.11230     0.01937     0.07292     0.02081     0.03293     0.01344     0.04504     0.01838     0.00762     0.00054     0.00288     0.00177     0.00369     0.00551     0.01031     0.38394
    -8.95730     0.01572     0.11300     0.01957     0.07510     0.02093     0.03113     0.01294     0.04486     0.01667     0.00768     0.00057     0.00261     0.00182     0.00313     0.00492     0.01099     0.38163
    -8.90430     0.01534     0.11650     0.02020     0.08004     0.02100     0.03047     0.01242     0.04464     0.01513     0.00795     0.00059     0.00240     0.00186     0.00270     0.00452     0.01234     0.38809
    -8.85130     0.01467     0.13590     0.02072     0.09724     0.02117     0.02810     0.01220     0.04339     0.01376     0.01019     0.00065     0.00220     0.00219     0.00227     0.00436     0.01669     0.42570
    -8.79930     0.01350     0.10100     0.02075     0.06766     0.02129     0.02151     0.01151     0.03982     0.01177     0.00598     0.00061     0.00136     0.00196     0.00162     0.00321     0.00878     0.33232
    -8.74630     0.01415     0.07233     0.02175     0.03791     0.02153     0.02097     0.01142     0.04080     0.01053     0.00092     0.00064     0.00115     0.00209     0.00162     0.00257     0.00315     0.26352
    -8.69330     0.01550     0.08856     0.02362     0.04196     0.02232     0.02370     0.01198     0.04455     0.01015     0.00114     0.00072     0.00133     0.00246     0.00194     0.00287     0.00395     0.29674
    -8.64030     0.01889     0.12090     0.03197     0.05650     0.02512     0.02970     0.01338     0.05073     0.01079     0.00181     0.00086     0.00222     0.00335     0.00321     0.00524     0.00554     0.38022
    -8.58830     0.02163     0.13770     0.03893     0.06778     0.02795     0.03603     0.01457     0.05537     0.01084     0.00205     0.00097     0.00270     0.00446     0.00422     0.00641     0.00539     0.43699
    -8.53530     0.02305     0.14350     0.04263     0.08037     0.03071     0.04273     0.01549     0.05955     0.01063     0.00234     0.00107     0.00311     0.00502     0.00451     0.00680     0.00538     0.47688
    -8.48230     0.02407     0.13570     0.04393     0.08517     0.02716     0.05103     0.01350     0.06430     0.01049     0.00249     0.00090     0.00325     0.00371     0.00428     0.00744     0.00530     0.48273
    -8.42930     0.02494     0.13560     0.04727     0.09467     0.02603     0.06062     0.01224     0.07137     0.01025     0.00281     0.00084     0.00341     0.00313     0.00411     0.00789     0.00559     0.51077
    -8.37630     0.02644     0.14420     0.05354     0.11260     0.02681     0.07796     0.01179     0.08555     0.01029     0.00349     0.00087     0.00373     0.00294     0.00426     0.00877     0.00638     0.57961
    -8.32430     0.02815     0.15720     0.06108     0.13830     0.02808     0.10610     0.01138     0.10820     0.01043     0.00447     0.00093     0.00405     0.00291     0.00437     0.00989     0.00765     0.68320
    -8.27130     0.02873     0.19010     0.07226     0.19450     0.02996     0.17960     0.01062     0.16260     0.01077     0.00749     0.00101     0.00448     0.00286     0.00456     0.01145     0.01182     0.92281
    -8.21830     0.02878     0.21990     0.09189     0.34070     0.03419     0.29750     0.00990     0.31740     0.01165     0.01477     0.00139     0.00579     0.00301     0.00445     0.01358     0.01728     1.41219
    -8.16530     0.02843     0.18980     0.12700     0.37090     0.04444     0.25200     0.00917     0.26420     0.01142     0.01079     0.00175     0.00609     0.00335     0.00442     0.01339     0.01348     1.35062
    -8.11330     0.02705     0.15610     0.16730     0.35490     0.05912     0.20630     0.00814     0.22220     0.01051     0.00861     0.00208     0.00663     0.00421     0.00487     0.01263     0.01090     1.26155
    -8.06030     0.02559     0.08618     0.23310     0.13870     0.08290     0.11810     0.01006     0.17840     0.00917     0.00512     0.00247     0.00751     0.00545     0.00641     0.01035     0.00880     0.92832
    -8.00730     0.02495     0.06689     0.12570     0.09878     0.04562     0.09506     0.00868     0.15710     0.00954     0.00399     0.00194     0.00508     0.00513     0.00453     0.00955     0.00712     0.66966
    -7.95430     0.02126     0.04622     0.09187     0.07174     0.03130     0.07167     0.00807     0.12140     0.00808     0.00339     0.00171     0.00402     0.00481     0.00368     0.00815     0.00606     0.50343
    -7.90130     0.02021     0.04019     0.07601     0.06083     0.02743     0.06586     0.00802     0.11480     0.00790     0.00333     0.00164     0.00361     0.00503     0.00337     0.00775     0.00560     0.45158
    -7.84930     0.02040     0.04139     0.07132     0.05548     0.02800     0.07259     0.00794     0.12140     0.00784     0.00357     0.00165     0.00322     0.00567     0.00322     0.00787     0.00512     0.45668
    -7.79630     0.01426     0.02154     0.04233     0.02698     0.02014     0.03706     0.00675     0.08251     0.00726     0.00335     0.00124     0.00280     0.00459     0.00279     0.00672     0.00416     0.28448
    -7.74330     0.01288     0.01667     0.02823     0.01955     0.01786     0.02779     0.00579     0.05370     0.00682     0.00293     0.00104     0.00261     0.00315     0.00259     0.00568     0.00344     0.21074
    -7.69030     0.01271     0.01431     0.02203     0.01571     0.01724     0.02222     0.00536     0.03109     0.00646     0.00266     0.00096     0.00253     0.00223     0.00256     0.00483     0.00290     0.16580
    -7.63830     0.01318     0.01285     0.02223     0.01416     0.01806     0.02283     0.00549     0.02626     0.00622     0.00268     0.00101     0.00257     0.00222     0.00263     0.00480     0.00282     0.16001
    -7.58530     0.01417     0.01174     0.02240     0.01324     0.01905     0.02370     0.00565     0.02338     0.00616     0.00274     0.00108     0.00260     0.00224     0.00268     0.00478     0.00282     0.15843
    -7.53230     0.01523     0.01062     0.02830     0.01268     0.02087     0.02821     0.00640     0.01901     0.00570     0.00280     0.00138     0.00260     0.00263     0.00286     0.00493     0.00312     0.16733
    -7.47930     0.01642     0.00979     0.02953     0.01265     0.02230     0.03148     0.00668     0.01933     0.00573     0.00288     0.00150     0.00259     0.00275     0.00294     0.00509     0.00336     0.17501
    -7.42630     0.01784     0.00928     0.02923     0.01295     0.02341     0.03212     0.00695     0.01942     0.00581     0.00296     0.00157     0.00258     0.00279     0.00294     0.00511     0.00355     0.17851
    -7.37430     0.02252     0.00930     0.03431     0.01514     0.02663     0.03561     0.00881     0.02165     0.00703     0.00318     0.00208     0.00283     0.00332     0.00310     0.00528     0.00442     0.20520
    -7.32130     0.03209     0.00974     0.04008     0.01976     0.03230     0.03897     0.01207     0.02768     0.01027     0.00338     0.00289     0.00371     0.00400     0.00327     0.00545     0.00608     0.25174
    -7.26830     0.02729     0.00982     0.02807     0.01892     0.03099     0.03082     0.01023     0.02413     0.00738     0.00341     0.00212     0.00347     0.00345     0.00319     0.00496     0.00568     0.21395
    -7.21530     0.02635     0.01004     0.02237     0.01897     0.03074     0.02721     0.00977     0.02278     0.00626     0.00353     0.00181     0.00349     0.00319     0.00324     0.00473     0.00576     0.20025
    -7.16330     0.02633     0.01020     0.01954     0.01906     0.03073     0.02508     0.00954     0.02214     0.00555     0.00367     0.00163     0.00347     0.00308     0.00331     0.00451     0.00601     0.19387
    -7.11030     0.02622     0.01031     0.01739     0.01902     0.03042     0.02386     0.00913     0.02193     0.00502     0.00377     0.00146     0.00347     0.00296     0.00340     0.00437     0.00619     0.18892
    -7.05730     0.02601     0.01050     0.01551     0.01911     0.03040     0.02318     0.00855     0.02236     0.00464     0.00390     0.00127     0.00351     0.00276     0.00357     0.00425     0.00636     0.18589
    -7.00430     0.02688     0.01071     0.01476     0.01927     0.03071     0.02260     0.00824     0.02314     0.00436     0.00400     0.00118     0.00358     0.00276     0.00373     0.00410     0.00643     0.18647
    -6.95130     0.02776     0.01116     0.01391     0.01965     0.03095     0.02245     0.00794     0.02455     0.00409     0.00411     0.00106     0.00371     0.00271     0.00397     0.00401     0.00657     0.18860
    -6.89930     0.02890     0.01151     0.01269     0.02011     0.03042     0.02240     0.00746     0.02639     0.00388     0.00412     0.00088     0.00392     0.00257     0.00416     0.00393     0.00671     0.19005
    -6.84630     0.03090     0.01178     0.01230     0.02024     0.03101     0.02234     0.00766     0.02793     0.00373     0.00421     0.00084     0.00423     0.00264     0.00447     0.00383     0.00682     0.19493
    -6.79330     0.03457     0.01241     0.01248     0.02054     0.03298     0.02305     0.00813     0.03008     0.00361     0.00432     0.00082     0.00485     0.00277     0.00515     0.00378     0.00695     0.20650
    -6.74030     0.04127     0.01284     0.01240     0.02063     0.03677     0.02370     0.00949     0.03209     0.00348     0.00445     0.00078     0.00607     0.00285     0.00643     0.00369     0.00714     0.22409
    -6.68830     0.04356     0.01296     0.01214     0.02047     0.03737     0.02378     0.00985     0.03393     0.00337     0.00453     0.00075     0.00662     0.00293     0.00689     0.00357     0.00718     0.22990
    -6.63530     0.04249     0.01329     0.01201     0.02088     0.03562     0.02447     0.00935     0.03654     0.00331     0.00471     0.00075     0.00661     0.00313     0.00681     0.00355     0.00739     0.23091
    -6.58230     0.04296     0.01383     0.01254     0.02196     0.03574     0.02650     0.00919     0.04246     0.00332     0.00516     0.00079     0.00706     0.00355     0.00720     0.00356     0.00774     0.24355
    -6.52930     0.04280     0.01404     0.01293     0.02243     0.03539     0.02761     0.00896     0.04742     0.00330     0.00549     0.00084     0.00746     0.00381     0.00749     0.00348     0.00791     0.25134
    -6.47630     0.04150     0.01354     0.01142     0.02097     0.03213     0.02550     0.00869     0.04359     0.00324     0.00535     0.00080     0.00728     0.00354     0.00711     0.00331     0.00761     0.23558
    -6.42430     0.04040     0.01366     0.01104     0.02129     0.03043     0.02560     0.00851     0.04466     0.00316     0.00569     0.00080     0.00754     0.00353     0.00726     0.00324     0.00807     0.23490
    -6.37130     0.03686     0.01345     0.00950     0.02035     0.02589     0.02315     0.00759     0.04092     0.00307     0.00581     0.00075     0.00689     0.00337     0.00598     0.00305     0.00756     0.21419
    -6.31830     0.03530     0.01350     0.00833     0.01989     0.02297     0.02176     0.00720     0.03800     0.00302     0.00610     0.00071     0.00661     0.00325     0.00532     0.00298     0.00739     0.20233
    -6.26530     0.03417     0.01507     0.00735     0.01984     0.02054     0.02092     0.00698     0.03873     0.00314     0.00834     0.00071     0.00725     0.00314     0.00512     0.00288     0.00748     0.20166
    -6.21330     0.03312     0.01584     0.00674     0.02014     0.01865     0.02030     0.00640     0.03709     0.00320     0.00889     0.00066     0.00704     0.00306     0.00511     0.00273     0.00782     0.19680
    -6.16030     0.03206     0.01601     0.00615     0.01936     0.01684     0.01889     0.00596     0.03531     0.00323     0.00890     0.00063     0.00648     0.00298     0.00477     0.00264     0.00744     0.18764
    -6.10730     0.03185     0.01666     0.00585     0.01938     0.01640     0.01837     0.00573     0.03419     0.00334     0.00919     0.00062     0.00637     0.00295     0.00485     0.00265     0.00736     0.18576
    -6.05430     0.03300     0.01833     0.00612     0.01980     0.01771     0.01892     0.00580     0.03366     0.00368     0.00979     0.00066     0.00696     0.00304     0.00558     0.00273     0.00742     0.19319
    -6.00130     0.03283     0.01900     0.00658     0.01943     0.01755     0.01918     0.00561     0.03403     0.00393     0.01006     0.00067     0.00694     0.00309     0.00590     0.00274     0.00727     0.19482
    -5.94930     0.03346     0.02119     0.00704     0.01911     0.01771     0.01954     0.00557     0.03368     0.00436     0.01107     0.00069     0.00693     0.00318     0.00634     0.00270     0.00717     0.19974
    -5.89630     0.03552     0.02306     0.00801     0.02002     0.01922     0.02209     0.00546     0.03250     0.00495     0.01102     0.00068     0.00715     0.00372     0.00682     0.00281     0.00710     0.21014
    -5.84330     0.03888     0.02589     0.00952     0.02030     0.02257     0.02558     0.00583     0.03361     0.00596     0.01267     0.00074     0.00842     0.00446     0.00836     0.00316     0.00712     0.23307
    -5.79030     0.03998     0.03020     0.00998     0.02185     0.02404     0.02769     0.00578     0.03368     0.00647     0.01417     0.00076     0.00923     0.00470     0.00936     0.00332     0.00757     0.24877
    -5.73830     0.03861     0.02621     0.00952     0.01987     0.02239     0.02621     0.00534     0.03230     0.00637     0.01230     0.00073     0.00889     0.00480     0.00898     0.00325     0.00681     0.23258
    -5.68530     0.03981     0.02922     0.01050     0.02062     0.02169     0.02734     0.00524     0.03242     0.00734     0.01379     0.00072     0.00982     0.00496     0.00947     0.00323     0.00713     0.24330
    -5.63230     0.03707     0.02682     0.00975     0.01868     0.01949     0.02621     0.00485     0.03129     0.00718     0.01241     0.00067     0.01039     0.00491     0.00981     0.00295     0.00672     0.22921
    -5.57930     0.03574     0.02719     0.00989     0.01771     0.01781     0.02593     0.00467     0.03064     0.00771     0.01229     0.00065     0.01149     0.00484     0.01012     0.00289     0.00645     0.22602
    -5.52630     0.03505     0.02859     0.01087     0.01755     0.01647     0.02812     0.00468     0.03165     0.00851     0.01280     0.00064     0.01293     0.00498     0.01080     0.00303     0.00654     0.23322
    -5.47430     0.03280     0.02734     0.01147     0.01816     0.01592     0.03001     0.00477     0.03233     0.00942     0.01180     0.00064     0.01451     0.00480     0.01230     0.00326     0.00634     0.23585
    -5.42130     0.03185     0.02865     0.01330     0.01810     0.01555     0.03401     0.00524     0.03329     0.00996     0.01141     0.00061     0.01495     0.00506     0.01242     0.00337     0.00602     0.24380
    -5.36830     0.03047     0.02825     0.01520     0.01830     0.01660     0.03829     0.00582     0.03394     0.01025     0.01144     0.00064     0.01484     0.00529     0.01274     0.00359     0.00591     0.25157
    -5.31530     0.03143     0.03150     0.02033     0.02101     0.02052     0.05005     0.00699     0.03903     0.01190     0.01343     0.00082     0.01594     0.00622     0.01454     0.00434     0.00611     0.29416
    -5.26330     0.03199     0.02993     0.02415     0.02453     0.02412     0.05431     0.00780     0.04075     0.01256     0.01367     0.00099     0.01726     0.00651     0.01607     0.00499     0.00619     0.31582
    -5.21030     0.03009     0.02655     0.02415     0.02582     0.02616     0.05328     0.00786     0.04019     0.01127     0.01133     0.00082     0.01534     0.00644     0.01586     0.00524     0.00579     0.30619
    -5.15730     0.03037     0.02573     0.02610     0.03201     0.03097     0.05756     0.00834     0.04133     0.01225     0.01126     0.00087     0.01620     0.00691     0.01725     0.00565     0.00562     0.32842
    -5.10430     0.03041     0.02383     0.02502     0.03379     0.03164     0.05778     0.00894     0.04141     0.01247     0.01071     0.00090     0.01639     0.00685     0.01744     0.00551     0.00541     0.32849
    -5.05130     0.02868     0.02251     0.02222     0.03467     0.03043     0.05530     0.00893     0.04147     0.01311     0.01048     0.00091     0.01659     0.00648     0.01762     0.00534     0.00527     0.32001
    -4.99930     0.02808     0.02319     0.02134     0.03676     0.03022     0.05615     0.00970     0.04536     0.01357     0.01074     0.00095     0.01702     0.00659     0.01789     0.00556     0.00526     0.32838
    -4.94630     0.02800     0.02366     0.01999     0.03990     0.03060     0.05518     0.00971     0.04695     0.01398     0.01023     0.00101     0.01726     0.00662     0.01891     0.00547     0.00530     0.33276
    -4.89330     0.02834     0.02483     0.01910     0.04403     0.03016     0.05550     0.00992     0.04829     0.01505     0.01029     0.00105     0.01813     0.00662     0.01962     0.00566     0.00536     0.34195
    -4.84030     0.02830     0.02574     0.01857     0.04853     0.03033     0.05609     0.01008     0.04929     0.01608     0.01033     0.00109     0.01893     0.00662     0.02080     0.00562     0.00540     0.35180
    -4.78730     0.02741     0.02637     0.01770     0.05212     0.02969     0.05542     0.01024     0.04976     0.01719     0.01048     0.00112     0.01980     0.00636     0.02174     0.00561     0.00555     0.35655
    -4.73530     0.02655     0.03244     0.01717     0.06438     0.02907     0.05707     0.01044     0.05194     0.01917     0.01106     0.00115     0.02236     0.00617     0.02529     0.00577     0.00619     0.38623
    -4.68230     0.02582     0.03780     0.01669     0.07012     0.02746     0.05842     0.01045     0.05438     0.02173     0.01172     0.00119     0.02468     0.00603     0.02679     0.00595     0.00685     0.40608
    -4.62930     0.02546     0.03239     0.01642     0.05821     0.02605     0.05755     0.01052     0.05551     0.02300     0.01149     0.00123     0.02359     0.00606     0.02410     0.00615     0.00675     0.38449
    -4.57630     0.02519     0.02813     0.01618     0.05067     0.02473     0.05699     0.01056     0.05605     0.02282     0.01104     0.00127     0.02258     0.00609     0.02243     0.00638     0.00649     0.36761
    -4.52430     0.02450     0.02542     0.01574     0.04598     0.02371     0.05688     0.01057     0.05680     0.02281     0.01087     0.00132     0.02224     0.00610     0.02158     0.00653     0.00639     0.35744
    -4.47130     0.02389     0.02279     0.01533     0.04099     0.02268     0.05580     0.01058     0.05758     0.02250     0.01065     0.00136     0.02180     0.00601     0.02076     0.00669     0.00630     0.34570
    -4.41830     0.02326     0.02038     0.01484     0.03637     0.02176     0.05437     0.01045     0.05845     0.02180     0.01039     0.00137     0.02110     0.00587     0.01967     0.00687     0.00619     0.33313
    -4.36530     0.02262     0.01884     0.01442     0.03377     0.02121     0.05375     0.01040     0.05962     0.02166     0.01037     0.00138     0.02080     0.00582     0.01921     0.00711     0.00619     0.32718
    -4.31230     0.02212     0.01768     0.01431     0.03196     0.02092     0.05365     0.01047     0.06136     0.02162     0.01058     0.00141     0.02097     0.00582     0.01929     0.00747     0.00649     0.32612
    -4.26030     0.02152     0.01639     0.01422     0.03024     0.02049     0.05287     0.01030     0.06176     0.02130     0.01008     0.00144     0.02030     0.00575     0.01847     0.00755     0.00617     0.31885
    -4.20730     0.02104     0.01521     0.01407     0.02842     0.01999     0.05249     0.01028     0.06243     0.02079     0.00989     0.00145     0.02009     0.00568     0.01802     0.00774     0.00612     0.31371
    -4.15430     0.02050     0.01425     0.01383     0.02675     0.01941     0.05274     0.01025     0.06380     0.02029     0.00972     0.00146     0.01989     0.00561     0.01769     0.00798     0.00613     0.31030
    -4.10130     0.02017     0.01367     0.01362     0.02571     0.01902     0.05378     0.01026     0.06602     0.02000     0.00971     0.00147     0.01986     0.00557     0.01768     0.00838     0.00626     0.31119
    -4.04930     0.01977     0.01319     0.01342     0.02486     0.01864     0.05495     0.01024     0.06819     0.01972     0.00965     0.00147     0.01975     0.00553     0.01758     0.00853     0.00631     0.31180
    -3.99630     0.01905     0.01265     0.01323     0.02422     0.01823     0.05586     0.01016     0.07040     0.01953     0.00966     0.00146     0.01980     0.00545     0.01762     0.00868     0.00648     0.31248
    -3.94330     0.01858     0.01215     0.01305     0.02369     0.01787     0.05864     0.01013     0.07454     0.01920     0.00948     0.00145     0.01961     0.00539     0.01740     0.00909     0.00647     0.31673
    -3.89030     0.01825     0.01192     0.01318     0.02361     0.01757     0.06622     0.01012     0.08369     0.01897     0.00953     0.00145     0.01978     0.00536     0.01748     0.00976     0.00667     0.33356
    -3.83730     0.01795     0.01175     0.01310     0.02341     0.01716     0.06661     0.01008     0.08494     0.01862     0.00938     0.00142     0.01951     0.00519     0.01718     0.00986     0.00667     0.33284
    -3.78530     0.01760     0.01172     0.01292     0.02334     0.01676     0.06469     0.00998     0.08352     0.01834     0.00905     0.00138     0.01892     0.00503     0.01662     0.00941     0.00645     0.32573
    -3.73230     0.01730     0.01180     0.01271     0.02337     0.01642     0.06240     0.00985     0.08205     0.01814     0.00888     0.00133     0.01854     0.00489     0.01635     0.00914     0.00636     0.31953
    -3.67930     0.01687     0.01170     0.01251     0.02340     0.01612     0.05971     0.00974     0.07989     0.01799     0.00870     0.00129     0.01816     0.00475     0.01604     0.00888     0.00626     0.31200
    -3.62630     0.01639     0.01145     0.01228     0.02327     0.01581     0.05482     0.00961     0.07322     0.01785     0.00844     0.00122     0.01716     0.00457     0.01546     0.00860     0.00610     0.29625
    -3.57430     0.01617     0.01118     0.01211     0.02294     0.01550     0.05104     0.00952     0.06846     0.01771     0.00824     0.00118     0.01640     0.00451     0.01492     0.00845     0.00598     0.28430
    -3.52130     0.01599     0.01104     0.01198     0.02293     0.01517     0.04891     0.00941     0.06540     0.01760     0.00810     0.00115     0.01590     0.00446     0.01458     0.00835     0.00593     0.27690
    -3.46830     0.01566     0.01081     0.01209     0.02272     0.01479     0.04610     0.00932     0.06213     0.01752     0.00795     0.00112     0.01532     0.00442     0.01405     0.00826     0.00589     0.26814
    -3.41530     0.01508     0.01057     0.01207     0.02229     0.01439     0.04397     0.00923     0.05940     0.01735     0.00778     0.00108     0.01489     0.00436     0.01369     0.00816     0.00580     0.26011
    -3.36230     0.01445     0.01035     0.01193     0.02185     0.01406     0.04226     0.00915     0.05704     0.01717     0.00761     0.00104     0.01445     0.00428     0.01338     0.00803     0.00570     0.25275
    -3.31030     0.01381     0.01016     0.01174     0.02142     0.01374     0.04073     0.00908     0.05487     0.01699     0.00743     0.00101     0.01405     0.00418     0.01310     0.00789     0.00560     0.24580
    -3.25730     0.01524     0.01002     0.01191     0.02102     0.01345     0.03931     0.00934     0.05291     0.01683     0.00727     0.00096     0.01391     0.00450     0.01304     0.00779     0.00551     0.24302
    -3.20430     0.01262     0.00983     0.01144     0.02058     0.01311     0.03778     0.00901     0.05082     0.01665     0.00710     0.00092     0.01344     0.00394     0.01265     0.00770     0.00540     0.23300
    -3.15130     0.01207     0.00965     0.01130     0.02019     0.01285     0.03641     0.00902     0.04901     0.01646     0.00694     0.00089     0.01314     0.00385     0.01240     0.00759     0.00530     0.22708
    -3.09930     0.01180     0.00962     0.01133     0.02007     0.01259     0.03544     0.00909     0.04768     0.01632     0.00681     0.00087     0.01286     0.00386     0.01217     0.00747     0.00526     0.22323
    -3.04630     0.01186     0.00970     0.01155     0.01987     0.01238     0.03462     0.00923     0.04651     0.01625     0.00670     0.00084     0.01260     0.00397     0.01195     0.00735     0.00522     0.22061
    -2.99330     0.01209     0.00975     0.01153     0.01958     0.01215     0.03373     0.00939     0.04514     0.01612     0.00658     0.00082     0.01235     0.00409     0.01176     0.00723     0.00516     0.21747
    -2.94030     0.01236     0.00978     0.01139     0.01924     0.01189     0.03276     0.00950     0.04354     0.01600     0.00646     0.00078     0.01209     0.00420     0.01157     0.00709     0.00509     0.21375
    -2.88730     0.01267     0.00980     0.01124     0.01896     0.01162     0.03176     0.00964     0.04199     0.01590     0.00634     0.00075     0.01183     0.00432     0.01139     0.00695     0.00503     0.21019
    -2.83530     0.01314     0.00997     0.01112     0.01872     0.01133     0.03082     0.00976     0.04042     0.01579     0.00622     0.00072     0.01154     0.00445     0.01121     0.00681     0.00497     0.20698
    -2.78230     0.01354     0.01011     0.01098     0.01859     0.01102     0.03003     0.00985     0.03912     0.01569     0.00610     0.00069     0.01129     0.00455     0.01104     0.00668     0.00493     0.20420
    -2.72930     0.01397     0.01034     0.01082     0.01839     0.01072     0.02944     0.01000     0.03813     0.01582     0.00601     0.00067     0.01104     0.00464     0.01087     0.00657     0.00491     0.20234
    -2.67630     0.01457     0.01055     0.01095     0.01840     0.01055     0.02878     0.01026     0.03703     0.01574     0.00590     0.00065     0.01085     0.00483     0.01074     0.00644     0.00487     0.20110
    -2.62430     0.01537     0.01082     0.01091     0.01828     0.01038     0.02807     0.01060     0.03583     0.01559     0.00578     0.00063     0.01065     0.00501     0.01059     0.00632     0.00480     0.19962
    -2.57130     0.01621     0.01112     0.01089     0.01800     0.01025     0.02731     0.01098     0.03460     0.01542     0.00566     0.00061     0.01046     0.00519     0.01043     0.00620     0.00471     0.19804
    -2.51830     0.01707     0.01143     0.01091     0.01757     0.01014     0.02649     0.01139     0.03328     0.01521     0.00554     0.00059     0.01027     0.00537     0.01027     0.00607     0.00460     0.19619
    -2.46530     0.01796     0.01179     0.01090     0.01723     0.00994     0.02575     0.01177     0.03214     0.01526     0.00546     0.00057     0.01010     0.00550     0.01012     0.00596     0.00454     0.19499
    -2.41230     0.01916     0.01226     0.01101     0.01680     0.00979     0.02497     0.01227     0.03096     0.01525     0.00536     0.00055     0.00990     0.00562     0.00995     0.00579     0.00443     0.19407
    -2.36030     0.02129     0.01253     0.01100     0.01662     0.00961     0.02414     0.01313     0.02968     0.01512     0.00523     0.00054     0.00967     0.00577     0.00974     0.00556     0.00432     0.19395
    -2.30730     0.02217     0.01277     0.01124     0.01660     0.00951     0.02334     0.01402     0.02843     0.01513     0.00512     0.00054     0.00946     0.00588     0.00958     0.00542     0.00425     0.19348
    -2.25430     0.02224     0.01307     0.01155     0.01618     0.00957     0.02288     0.01513     0.02734     0.01548     0.00506     0.00052     0.00932     0.00598     0.00947     0.00538     0.00417     0.19335
    -2.20130     0.02306     0.01348     0.01169     0.01564     0.00946     0.02201     0.01658     0.02629     0.01567     0.00502     0.00051     0.00918     0.00605     0.00930     0.00532     0.00409     0.19336
    -2.14930     0.02354     0.01370     0.01173     0.01488     0.00903     0.02055     0.01765     0.02448     0.01476     0.00487     0.00050     0.00901     0.00601     0.00912     0.00519     0.00390     0.18891
    -2.09630     0.02433     0.01395     0.01186     0.01426     0.00867     0.01912     0.01856     0.02271     0.01367     0.00473     0.00049     0.00885     0.00601     0.00897     0.00506     0.00370     0.18496
    -2.04330     0.02598     0.01498     0.01324     0.01397     0.00861     0.01821     0.02117     0.02151     0.01324     0.00475     0.00050     0.00875     0.00617     0.00886     0.00496     0.00363     0.18852
    -1.99030     0.02587     0.01546     0.01325     0.01373     0.00837     0.01730     0.02147     0.02040     0.01313     0.00474     0.00050     0.00859     0.00621     0.00872     0.00488     0.00358     0.18620
    -1.93730     0.02553     0.01570     0.01277     0.01305     0.00834     0.01609     0.01863     0.01932     0.01335     0.00470     0.00049     0.00841     0.00621     0.00857     0.00480     0.00348     0.17945
    -1.88530     0.02569     0.01555     0.01281     0.01212     0.00849     0.01514     0.01786     0.01828     0.01345     0.00456     0.00048     0.00821     0.00615     0.00837     0.00473     0.00332     0.17519
    -1.83230     0.02673     0.01723     0.01358     0.01287     0.00868     0.01469     0.01946     0.01769     0.01203     0.00454     0.00049     0.00816     0.00656     0.00826     0.00465     0.00326     0.17888
    -1.77930     0.02849     0.01886     0.01638     0.01257     0.00952     0.01454     0.02455     0.01728     0.01152     0.00463     0.00052     0.00814     0.00723     0.00812     0.00459     0.00321     0.19014
    -1.72630     0.02840     0.01871     0.01735     0.01063     0.01066     0.01420     0.02489     0.01645     0.01155     0.00454     0.00052     0.00802     0.00718     0.00791     0.00453     0.00298     0.18852
    -1.67430     0.02930     0.01950     0.01771     0.01027     0.01241     0.01439     0.02607     0.01595     0.01176     0.00457     0.00053     0.00807     0.00739     0.00787     0.00446     0.00287     0.19312
    -1.62130     0.02984     0.01980     0.01715     0.00983     0.01333     0.01445     0.02556     0.01548     0.01171     0.00453     0.00052     0.00795     0.00771     0.00771     0.00439     0.00274     0.19269
    -1.56830     0.03017     0.02017     0.01672     0.00958     0.01331     0.01441     0.02333     0.01500     0.01203     0.00449     0.00052     0.00782     0.00838     0.00752     0.00433     0.00262     0.19040
    -1.51530     0.03039     0.02040     0.01655     0.00951     0.01374     0.01491     0.02086     0.01463     0.01331     0.00447     0.00051     0.00774     0.00985     0.00736     0.00428     0.00259     0.19110
    -1.46230     0.03095     0.02161     0.01684     0.01163     0.01568     0.01562     0.02099     0.01454     0.01451     0.00456     0.00054     0.00797     0.00976     0.00753     0.00428     0.00276     0.19977
    -1.41030     0.03187     0.02337     0.01801     0.01520     0.01942     0.01723     0.02370     0.01500     0.01756     0.00482     0.00059     0.00846     0.01093     0.00803     0.00435     0.00325     0.22180
    -1.35730     0.03250     0.02232     0.01848     0.01175     0.02130     0.01558     0.02471     0.01401     0.01465     0.00448     0.00060     0.00804     0.01247     0.00740     0.00411     0.00281     0.21521
    -1.30430     0.03292     0.02219     0.01891     0.00953     0.02253     0.01532     0.02630     0.01361     0.01343     0.00433     0.00061     0.00800     0.01439     0.00707     0.00399     0.00253     0.21565
    -1.25130     0.03378     0.02266     0.01920     0.00861     0.02245     0.01439     0.02733     0.01282     0.01223     0.00423     0.00064     0.00813     0.01624     0.00689     0.00377     0.00234     0.21571
    -1.19930     0.03480     0.02300     0.01999     0.00797     0.02280     0.01350     0.02944     0.01224     0.01157     0.00412     0.00069     0.00828     0.01709     0.00679     0.00358     0.00212     0.21798
    -1.14630     0.03607     0.02397     0.02242     0.00834     0.02472     0.01393     0.03322     0.01224     0.01163     0.00417     0.00078     0.00861     0.01988     0.00678     0.00344     0.00209     0.23230
    -1.09330     0.03724     0.02899     0.03101     0.01194     0.03555     0.01717     0.04003     0.01656     0.01396     0.00469     0.00088     0.00906     0.02255     0.00700     0.00355     0.00248     0.28266
    -1.04030     0.03940     0.04149     0.04774     0.02145     0.04471     0.02701     0.05609     0.02213     0.01908     0.00667     0.00110     0.01203     0.03186     0.00934     0.00434     0.00386     0.38830
    -0.98730     0.03965     0.04026     0.04450     0.02159     0.04227     0.02981     0.05344     0.02185     0.02256     0.00693     0.00107     0.01169     0.03310     0.00915     0.00456     0.00404     0.38647
    -0.93530     0.03912     0.03702     0.03257     0.02195     0.03911     0.02790     0.05155     0.02086     0.02559     0.00755     0.00104     0.01063     0.03233     0.00905     0.00457     0.00487     0.36570
    -0.88230     0.03874     0.03802     0.02740     0.02442     0.03400     0.02457     0.04419     0.01939     0.02332     0.00786     0.00106     0.00960     0.03131     0.00860     0.00401     0.00489     0.34137
    -0.82930     0.04025     0.03903     0.02217     0.02764     0.03639     0.03010     0.04775     0.02435     0.02911     0.00906     0.00120     0.01032     0.03287     0.00977     0.00450     0.00576     0.37026
    -0.77630     0.03938     0.03250     0.01519     0.02486     0.03680     0.03315     0.04933     0.02135     0.03033     0.00872     0.00142     0.00944     0.03503     0.00927     0.00405     0.00570     0.35652
    -0.72430     0.04007     0.02894     0.01442     0.02294     0.05330     0.03876     0.05453     0.02087     0.03104     0.00988     0.00167     0.00873     0.03808     0.00881     0.00446     0.00686     0.38336
    -0.67130     0.03909     0.02674     0.01464     0.02237     0.06437     0.04417     0.05518     0.02309     0.03017     0.00907     0.00193     0.00815     0.04032     0.00858     0.00362     0.00714     0.39863
    -0.61830     0.03782     0.02471     0.00932     0.02136     0.06642     0.04144     0.05667     0.02065     0.02974     0.00920     0.00231     0.00783     0.04172     0.00806     0.00319     0.00845     0.38890
    -0.56530     0.03500     0.02326     0.00737     0.01978     0.06170     0.04043     0.05702     0.02028     0.02919     0.00886     0.00242     0.00682     0.04541     0.00731     0.00292     0.00894     0.37671
    -0.51230     0.03451     0.02134     0.00654     0.01880     0.06824     0.04085     0.05966     0.02123     0.02779     0.00884     0.00283     0.00626     0.05018     0.00741     0.00238     0.00978     0.38663
    -0.46030     0.03029     0.01803     0.00540     0.01591     0.07040     0.04308     0.05622     0.02139     0.02599     0.00781     0.00333     0.00547     0.05437     0.00670     0.00209     0.00937     0.37584
    -0.40730     0.01745     0.01619     0.00462     0.01292     0.06825     0.04493     0.05329     0.02090     0.02004     0.00771     0.00355     0.00476     0.05679     0.00550     0.00204     0.01016     0.34911
    -0.35430     0.01061     0.01578     0.00420     0.01168     0.06788     0.04538     0.04722     0.01997     0.01645     0.00721     0.00402     0.00489     0.05882     0.00518     0.00222     0.01031     0.33181
    -0.30130     0.00584     0.01450     0.00391     0.01019     0.06940     0.04604     0.04138     0.02067     0.01445     0.00664     0.00435     0.00496     0.05904     0.00514     0.00233     0.01025     0.31909
    -0.24830     0.00446     0.01584     0.00412     0.00911     0.07342     0.04728     0.04025     0.02182     0.01499     0.00680     0.00520     0.00518     0.06400     0.00487     0.00255     0.01104     0.33094
    -0.19630     0.00511     0.01742     0.00387     0.00949     0.07127     0.04359     0.03805     0.02106     0.01546     0.00690     0.00558     0.00515     0.06398     0.00468     0.00250     0.01173     0.32586
    -0.14330     0.00542     0.01884     0.00382     0.00965     0.07279     0.04178     0.03476     0.02205     0.01602     0.00718     0.00596     0.00530     0.06487     0.00463     0.00261     0.01178     0.32745
    -0.09030     0.00668     0.02388     0.00382     0.01156     0.07695     0.04083     0.03368     0.02401     0.01832     0.00788     0.00656     0.00627     0.06723     0.00499     0.00274     0.01305     0.34846
    -0.03730     0.00820     0.02967     0.00406     0.01282     0.08598     0.04813     0.03171     0.04060     0.02237     0.00999     0.00776     0.00780     0.07493     0.00579     0.00360     0.01409     0.40749
     0.01470     0.00749     0.02516     0.00332     0.00898     0.07756     0.04392     0.02606     0.03744     0.01871     0.00760     0.00614     0.00726     0.05482     0.00569     0.00311     0.01253     0.34579
     0.06770     0.00942     0.02897     0.00321     0.01110     0.08367     0.03974     0.02441     0.02455     0.02264     0.00774     0.00623     0.00628     0.05383     0.00575     0.00314     0.01375     0.34443
     0.12070     0.00881     0.02587     0.00265     0.00940     0.07343     0.03656     0.02095     0.01943     0.02211     0.00668     0.00555     0.00544     0.04290     0.00536     0.00311     0.01277     0.30101
     0.17370     0.00886     0.02795     0.00248     0.00977     0.07037     0.03579     0.01908     0.01884     0.02446     0.00693     0.00564     0.00562     0.03935     0.00533     0.00315     0.01279     0.29640
     0.22670     0.00893     0.02799     0.00222     0.00955     0.06720     0.03594     0.01673     0.01812     0.02746     0.00710     0.00580     0.00575     0.03743     0.00562     0.00346     0.01273     0.29203
     0.27870     0.00842     0.02420     0.00198     0.00816     0.06402     0.03606     0.01432     0.01856     0.02729     0.00665     0.00572     0.00529     0.03267     0.00541     0.00371     0.01146     0.27392
     0.33170     0.00806     0.02025     0.00177     0.00794     0.06190     0.03495     0.01149     0.01782     0.02762     0.00604     0.00587     0.00497     0.03034     0.00535     0.00386     0.01097     0.25921
     0.38470     0.00769     0.01784     0.00158     0.00751     0.05984     0.03469     0.01077     0.01669     0.02774     0.00571     0.00608     0.00480     0.02679     0.00551     0.00405     0.01119     0.24848
     0.43770     0.00710     0.01575     0.00145     0.00693     0.05833     0.03279     0.00827     0.01658     0.02710     0.00540     0.00593     0.00482     0.01944     0.00571     0.00431     0.01087     0.23079
     0.48970     0.00681     0.01523     0.00139     0.00650     0.05675     0.03176     0.00738     0.01681     0.02793     0.00558     0.00594     0.00530     0.01607     0.00605     0.00498     0.01068     0.22517
     0.54270     0.00768     0.01744     0.00160     0.00652     0.05933     0.03681     0.00775     0.01866     0.03263     0.00654     0.00678     0.00591     0.01819     0.00668     0.00611     0.01175     0.25038
     0.59570     0.00552     0.01835     0.00126     0.00612     0.05117     0.03119     0.00761     0.01534     0.03932     0.00748     0.00630     0.00675     0.02135     0.00857     0.00794     0.01271     0.24698
     0.64870     0.00502     0.01757     0.00116     0.00554     0.04883     0.02773     0.00760     0.01210     0.03981     0.00714     0.00637     0.00579     0.02213     0.00841     0.00771     0.01188     0.23479
     0.70170     0.00410     0.01507     0.00113     0.00497     0.04135     0.02102     0.00715     0.01073     0.03794     0.00653     0.00581     0.00550     0.01459     0.00766     0.00747     0.00886     0.19989
     0.75370     0.00454     0.01389     0.00159     0.00509     0.04997     0.02324     0.00963     0.01726     0.03598     0.00703     0.00676     0.00592     0.01278     0.00747     0.00816     0.00834     0.21766
     0.80670     0.00514     0.01264     0.00207     0.00518     0.05398     0.02699     0.01189     0.02324     0.03366     0.00721     0.00777     0.00619     0.01235     0.00693     0.00812     0.00762     0.23098
     0.85970     0.00559     0.01252     0.00227     0.00530     0.06018     0.02636     0.01266     0.02229     0.03276     0.00709     0.00796     0.00571     0.01281     0.00620     0.00711     0.00753     0.23435
     0.91270     0.00657     0.01133     0.00255     0.00529     0.06293     0.02725     0.01350     0.02162     0.03118     0.00686     0.00737     0.00541     0.01294     0.00600     0.00650     0.00775     0.23506
     0.96470     0.00745     0.01115     0.00309     0.00574     0.07525     0.02673     0.01364     0.02196     0.03167     0.00702     0.00752     0.00525     0.01284     0.00624     0.00656     0.00901     0.25112
     1.01770     0.01413     0.01034     0.00425     0.00629     0.08749     0.03233     0.01545     0.02771     0.03204     0.00730     0.00758     0.00546     0.01682     0.00795     0.00693     0.01270     0.29476
     1.07070     0.01426     0.00960     0.00519     0.00676     0.09614     0.03011     0.01601     0.02705     0.02974     0.00671     0.00748     0.00511     0.01801     0.00851     0.00629     0.01371     0.30069
     1.12370     0.01851     0.00932     0.00716     0.00797     0.11340     0.03488     0.01907     0.02921     0.03001     0.00664     0.00854     0.00506     0.02349     0.01124     0.00590     0.01865     0.34904
     1.17670     0.02311     0.00802     0.00932     0.00882     0.12110     0.04069     0.02178     0.03141     0.02791     0.00627     0.00919     0.00494     0.02576     0.01189     0.00559     0.02028     0.37608
     1.22870     0.03291     0.01047     0.01581     0.01220     0.19240     0.06649     0.04227     0.04176     0.03431     0.00894     0.01309     0.00557     0.03611     0.01383     0.00679     0.02790     0.56086
     1.28170     0.04464     0.01098     0.02105     0.01489     0.20600     0.07870     0.04439     0.04858     0.03156     0.00901     0.01401     0.00573     0.04040     0.01478     0.00678     0.03062     0.62212
     1.33470     0.06717     0.00992     0.02581     0.01674     0.19470     0.08348     0.03945     0.05044     0.02761     0.00802     0.01259     0.00546     0.04169     0.01491     0.00663     0.03246     0.63709
     1.38770     0.11200     0.00728     0.01632     0.01272     0.07841     0.07401     0.01879     0.04653     0.02363     0.00692     0.01292     0.00578     0.01582     0.01055     0.00685     0.02385     0.47237
     1.43970     0.16710     0.01843     0.03985     0.04999     0.09961     0.12340     0.02912     0.06840     0.02362     0.00933     0.02118     0.00865     0.02826     0.02276     0.00803     0.05637     0.77411
     1.49270     0.08829     0.01644     0.02027     0.03067     0.06687     0.07964     0.03774     0.05681     0.02495     0.00868     0.02199     0.00677     0.02055     0.02014     0.00579     0.04471     0.55032
     1.54570     0.06815     0.01600     0.01918     0.02956     0.05854     0.07153     0.04771     0.05747     0.02669     0.00950     0.03410     0.00694     0.02660     0.02158     0.00613     0.04712     0.54681
     1.59870     0.00755     0.00194     0.00167     0.00696     0.00894     0.02104     0.00611     0.02482     0.02034     0.00493     0.00484     0.00478     0.00184     0.00894     0.00453     0.01632     0.14554
     1.65170     0.00654     0.00193     0.00095     0.00499     0.00837     0.02242     0.00465     0.02580     0.02031     0.00521     0.00260     0.00501     0.00138     0.00754     0.00508     0.01205     0.13482
     1.70370     0.00903     0.00204     0.00106     0.00429     0.01163     0.02445     0.00473     0.02832     0.01908     0.00567     0.00272     0.00556     0.00133     0.00755     0.00590     0.01034     0.14370
     1.75670     0.01054     0.00119     0.00131     0.00111     0.01368     0.02593     0.00514     0.03118     0.01374     0.00519     0.00290     0.00568     0.00129     0.00517     0.00543     0.00497     0.13446
     1.80970     0.01509     0.00145     0.00218     0.00143     0.01847     0.03480     0.00685     0.04801     0.01555     0.00662     0.00436     0.00994     0.00171     0.00806     0.00655     0.00719     0.18826
     1.86270     0.01619     0.00168     0.00213     0.00195     0.01906     0.03437     0.00707     0.05430     0.01969     0.00833     0.00591     0.00956     0.00170     0.00739     0.00991     0.00844     0.20768
     1.91470     0.01637     0.00224     0.00222     0.00222     0.02162     0.03558     0.00734     0.05153     0.02405     0.00850     0.00774     0.00839     0.00159     0.00721     0.01129     0.00825     0.21615
     1.96770     0.01675     0.00267     0.00227     0.00217     0.02397     0.03706     0.00816     0.04728     0.02758     0.00800     0.00837     0.00778     0.00158     0.00716     0.01085     0.00777     0.21944
     2.02070     0.02143     0.00426     0.00272     0.00272     0.02938     0.04220     0.01060     0.04899     0.03953     0.00889     0.01118     0.00823     0.00187     0.00806     0.01238     0.00826     0.26069
     2.07370     0.02042     0.00534     0.00277     0.00296     0.03158     0.04352     0.01251     0.04798     0.05617     0.00976     0.01348     0.00861     0.00199     0.00850     0.01310     0.00814     0.28684
     2.12670     0.01993     0.01017     0.00356     0.00354     0.03970     0.04514     0.01552     0.05105     0.15380     0.01424     0.02937     0.01474     0.00260     0.00935     0.01330     0.00838     0.43439
     2.17870     0.01619     0.00592     0.00288     0.00286     0.04398     0.04346     0.01690     0.04361     0.08604     0.01060     0.02041     0.01152     0.00250     0.00873     0.01053     0.00822     0.33435
     2.23170     0.01674     0.00472     0.00271     0.00264     0.05391     0.04713     0.01972     0.04039     0.06923     0.00958     0.01820     0.01076     0.00275     0.00853     0.00911     0.00862     0.32475
     2.28470     0.02147     0.00429     0.00265     0.00266     0.07440     0.06232     0.02397     0.03866     0.06170     0.00942     0.01606     0.01078     0.00342     0.00849     0.00810     0.00972     0.35809
     2.33770     0.02866     0.00382     0.00248     0.00295     0.10800     0.08257     0.03014     0.03622     0.04658     0.00886     0.01559     0.00988     0.00375     0.00911     0.00685     0.01090     0.40636
     2.38970     0.03785     0.00507     0.00485     0.00387     0.18390     0.08400     0.03427     0.04414     0.04749     0.01040     0.02421     0.01167     0.00657     0.01141     0.00573     0.01052     0.52595
     2.44270     0.04051     0.00572     0.00455     0.00314     0.18390     0.06227     0.03596     0.04131     0.03594     0.01017     0.02376     0.01175     0.00574     0.01033     0.00325     0.00576     0.48406
     2.49570     0.06194     0.00356     0.00380     0.00347     0.16480     0.04364     0.05372     0.03656     0.09043     0.00648     0.02679     0.01085     0.00871     0.01216     0.00230     0.01015     0.53937
     2.54870     0.03749     0.00254     0.00229     0.00291     0.11610     0.03336     0.04426     0.03216     0.04238     0.00484     0.01402     0.00972     0.00985     0.01157     0.00160     0.01064     0.37573
     2.60170     0.03979     0.00462     0.00246     0.00347     0.14740     0.04649     0.06011     0.04683     0.03962     0.00764     0.01461     0.02373     0.01900     0.02274     0.00369     0.01411     0.49632
     2.65370     0.07589     0.00723     0.00202     0.00272     0.08701     0.02845     0.09983     0.03843     0.02098     0.01485     0.01700     0.02285     0.00942     0.02026     0.00446     0.00868     0.46009
     2.70670     0.05301     0.01027     0.00204     0.00304     0.08503     0.03996     0.10240     0.04502     0.02657     0.01764     0.01476     0.02643     0.01707     0.01876     0.00627     0.01129     0.47956
     2.75970     0.09621     0.01258     0.00290     0.00327     0.07174     0.05337     0.19370     0.08423     0.04264     0.02410     0.01509     0.02955     0.02440     0.01593     0.00731     0.01867     0.69568
     2.81270     0.07742     0.00380     0.00227     0.00242     0.04923     0.03354     0.16570     0.05195     0.08167     0.01447     0.01286     0.01201     0.01677     0.01059     0.00529     0.01492     0.55491
     2.86470     0.08682     0.00345     0.00260     0.00208     0.04532     0.03441     0.12500     0.04968     0.06625     0.01289     0.01442     0.00819     0.01069     0.00690     0.00513     0.01304     0.48687
     2.91770     0.05163     0.00334     0.00289     0.00186     0.03766     0.03904     0.09472     0.04702     0.05814     0.01094     0.01569     0.00813     0.00921     0.00607     0.00485     0.01278     0.40396
     2.97070     0.03784     0.00344     0.00357     0.00210     0.04629     0.05280     0.09292     0.05419     0.07881     0.01153     0.01780     0.01026     0.01114     0.00898     0.00541     0.01559     0.45266
     3.02370     0.03029     0.00337     0.00449     0.00221     0.05751     0.06861     0.09575     0.06011     0.08733     0.00892     0.01849     0.01079     0.01004     0.01129     0.00533     0.01557     0.49010
     3.07670     0.02919     0.00204     0.00488     0.00181     0.04537     0.06705     0.07551     0.06561     0.08296     0.00568     0.01761     0.01273     0.00944     0.01407     0.00423     0.01317     0.45134
     3.12870     0.03965     0.00211     0.00513     0.00204     0.06448     0.07014     0.08694     0.07122     0.12210     0.00552     0.02037     0.01151     0.01545     0.01708     0.00533     0.01413     0.55319
     3.18170     0.04894     0.00319     0.00572     0.00297     0.09388     0.08591     0.09803     0.08998     0.13980     0.00757     0.02591     0.01102     0.01915     0.01992     0.00716     0.01960     0.67874
     3.23470     0.05299     0.00178     0.00539     0.00195     0.05432     0.03554     0.08429     0.03414     0.06938     0.00191     0.02208     0.00515     0.00835     0.01069     0.00077     0.00580     0.39453
     3.28770     0.04605     0.00156     0.00500     0.00180     0.04919     0.02965     0.08262     0.02504     0.06950     0.00172     0.01840     0.00385     0.00774     0.00963     0.00071     0.00424     0.35670
     3.33970     0.03114     0.00149     0.00436     0.00156     0.04956     0.02765     0.08578     0.02314     0.05541     0.00134     0.01380     0.00274     0.00808     0.00879     0.00056     0.00396     0.31935
     3.39270     0.03759     0.00226     0.00498     0.00217     0.05380     0.04372     0.10080     0.04939     0.06623     0.00274     0.01502     0.00349     0.00882     0.00946     0.00185     0.00515     0.40747
     3.44570     0.04384     0.00244     0.00675     0.00259     0.08148     0.05215     0.12980     0.04974     0.09050     0.00339     0.01849     0.00480     0.01293     0.01071     0.00291     0.00648     0.51900
     3.49870     0.04778     0.00238     0.00660     0.00279     0.07753     0.04611     0.13700     0.04279     0.10010     0.00353     0.01974     0.00471     0.01298     0.01140     0.00299     0.00719     0.52564
     3.55170     0.05341     0.00257     0.00667     0.00327     0.07271     0.04571     0.15320     0.04403     0.11270     0.00377     0.02214     0.00520     0.01346     0.01242     0.00368     0.00805     0.56300
     3.60370     0.06419     0.00298     0.00740     0.00416     0.07411     0.04606     0.21240     0.04787     0.13350     0.00427     0.02974     0.00590     0.01520     0.01443     0.00574     0.01004     0.67799
     3.65670     0.07033     0.00318     0.00720     0.00390     0.07223     0.04489     0.19800     0.04698     0.13130     0.00466     0.03198     0.00685     0.01579     0.01499     0.00757     0.01050     0.67035
     3.70970     0.06070     0.00326     0.00614     0.00350     0.06938     0.04345     0.14690     0.04485     0.14020     0.00535     0.01926     0.00792     0.01509     0.01344     0.00947     0.00877     0.59768
     3.76270     0.05599     0.00391     0.00535     0.00379     0.06892     0.04709     0.12250     0.05140     0.15970     0.00611     0.01356     0.00975     0.01628     0.01342     0.01146     0.00865     0.59789
     3.81470     0.06231     0.00411     0.00462     0.00427     0.06311     0.05081     0.14530     0.04539     0.17530     0.00541     0.01385     0.01132     0.01761     0.01403     0.01140     0.00972     0.63856
     3.86770     0.08208     0.00461     0.00546     0.00455     0.05542     0.04026     0.20520     0.03528     0.19570     0.00430     0.01709     0.01050     0.02028     0.01544     0.01248     0.01090     0.71954
     3.92070     0.13410     0.00612     0.00667     0.00475     0.06514     0.04027     0.30750     0.03651     0.29650     0.00509     0.02306     0.01244     0.02823     0.01745     0.02016     0.01312     1.01711
     3.97370     0.09635     0.00579     0.00540     0.00425     0.05551     0.04047     0.27010     0.03065     0.16670     0.00473     0.02389     0.01047     0.02742     0.01731     0.01143     0.01409     0.78456
     4.02670     0.05343     0.00448     0.00410     0.00307     0.04317     0.02708     0.13820     0.02243     0.12590     0.00373     0.01670     0.00957     0.01665     0.01314     0.00762     0.01082     0.50008
     4.07870     0.04019     0.00417     0.00355     0.00231     0.03858     0.02035     0.08532     0.01780     0.10570     0.00310     0.01217     0.00893     0.01168     0.01068     0.00554     0.00812     0.37818
     4.13170     0.03777     0.00388     0.00229     0.00199     0.03683     0.01805     0.06731     0.01492     0.09950     0.00237     0.00818     0.00880     0.00628     0.00948     0.00474     0.00456     0.32695
     4.18470     0.04658     0.00459     0.00284     0.00277     0.06066     0.02318     0.11130     0.01793     0.12780     0.00302     0.01026     0.01012     0.00927     0.01146     0.00888     0.00552     0.45617
     4.23770     0.05156     0.00510     0.00372     0.00342     0.07523     0.03101     0.13330     0.02222     0.15200     0.00458     0.01299     0.01160     0.01254     0.01328     0.01361     0.00808     0.55423
     4.29070     0.07102     0.00601     0.00621     0.00387     0.08780     0.04711     0.18800     0.03162     0.14190     0.00569     0.01619     0.01370     0.01936     0.01390     0.01254     0.00974     0.67467
     4.34270     0.07574     0.00614     0.00810     0.00408     0.09535     0.05774     0.19570     0.03357     0.14280     0.00700     0.01446     0.01456     0.03097     0.01417     0.01347     0.01230     0.72615
     4.39570     0.07563     0.00639     0.00737     0.00521     0.09295     0.05397     0.18880     0.02881     0.15470     0.00822     0.01341     0.01737     0.03680     0.01819     0.01665     0.01706     0.74153
     4.44870     0.07142     0.00588     0.00611     0.00502     0.08378     0.04275     0.17160     0.02628     0.14990     0.00773     0.01376     0.01627     0.02581     0.01637     0.01524     0.01552     0.67343
     4.50170     0.06716     0.00503     0.00535     0.00459     0.07828     0.03718     0.14990     0.02559     0.12250     0.00700     0.01561     0.01490     0.01964     0.01474     0.01355     0.01436     0.59538
     4.55370     0.06440     0.00458     0.00513     0.00458     0.07486     0.03366     0.13290     0.02547     0.10990     0.00686     0.01779     0.01413     0.01671     0.01374     0.01289     0.01376     0.55136
     4.60670     0.06626     0.00457     0.00532     0.00493     0.07588     0.03313     0.12900     0.02641     0.10450     0.00674     0.02104     0.01419     0.01592     0.01380     0.01276     0.01396     0.54842
     4.65970     0.07115     0.00491     0.00613     0.00559     0.07889     0.03615     0.13710     0.02984     0.11050     0.00760     0.03494     0.01493     0.01704     0.01398     0.01274     0.01547     0.59696
     4.71270     0.09177     0.00684     0.01037     0.00882     0.10040     0.05492     0.12600     0.04774     0.09204     0.00793     0.04063     0.01573     0.01758     0.01351     0.01181     0.01587     0.66197
     4.76570     0.08809     0.00646     0.01032     0.00928     0.12020     0.05777     0.14960     0.04920     0.09175     0.00789     0.04200     0.01550     0.01971     0.01255     0.01125     0.01645     0.70801
     4.81770     0.06914     0.00586     0.00818     0.00790     0.10890     0.04853     0.13200     0.03946     0.08838     0.00761     0.03381     0.01532     0.01774     0.01150     0.01148     0.01713     0.62294
     4.87070     0.05406     0.00525     0.00714     0.00634     0.10440     0.04323     0.12040     0.03035     0.07926     0.00714     0.03022     0.01404     0.01395     0.01261     0.00963     0.01679     0.55481
     4.92370     0.03925     0.00403     0.00606     0.00530     0.09723     0.02968     0.11650     0.01997     0.06689     0.00705     0.03097     0.01506     0.00984     0.01393     0.00947     0.01448     0.48572
     4.97670     0.03309     0.00355     0.00596     0.00485     0.09921     0.02506     0.10810     0.01586     0.05178     0.00804     0.02610     0.01732     0.00922     0.01583     0.01218     0.01426     0.45041
     5.02870     0.03226     0.00432     0.00647     0.00460     0.11090     0.02529     0.11360     0.01741     0.04368     0.00967     0.02657     0.02100     0.01009     0.01887     0.01429     0.01479     0.47381
     5.08170     0.03562     0.00541     0.00731     0.00505     0.13730     0.03246     0.13040     0.02530     0.04229     0.01239     0.03147     0.02453     0.01157     0.02244     0.01622     0.01776     0.55751
     5.13470     0.03528     0.00536     0.00625     0.00520     0.13200     0.03239     0.11860     0.02504     0.04750     0.01312     0.03773     0.02644     0.01235     0.02591     0.01664     0.01841     0.55822
     5.18770     0.03954     0.00631     0.00600     0.00557     0.13200     0.03539     0.11010     0.03095     0.06391     0.01467     0.03715     0.02706     0.01394     0.02380     0.01688     0.01865     0.58192
     5.24070     0.04088     0.00599     0.00524     0.00494     0.12690     0.02988     0.09873     0.02542     0.05323     0.01540     0.03932     0.02949     0.01525     0.02613     0.01773     0.01772     0.55225
     5.29270     0.03978     0.00581     0.00484     0.00463     0.11760     0.02802     0.09151     0.02336     0.04376     0.01623     0.03749     0.02985     0.01637     0.02537     0.01838     0.01705     0.52006
     5.34570     0.03869     0.00622     0.00393     0.00418     0.10360     0.02522     0.09518     0.02057     0.03432     0.01483     0.03342     0.02576     0.01263     0.02200     0.01494     0.01493     0.47042
     5.39870     0.04270     0.00753     0.00383     0.00432     0.09922     0.02533     0.10800     0.02278     0.03636     0.01704     0.04818     0.02766     0.01284     0.02442     0.01622     0.01718     0.51361
     5.45170     0.03937     0.00684     0.00376     0.00398     0.09200     0.02374     0.09963     0.02406     0.03470     0.01983     0.04646     0.02718     0.01329     0.02320     0.01872     0.01974     0.49649
     5.50370     0.04299     0.00741     0.00436     0.00444     0.11100     0.02652     0.11050     0.02977     0.03697     0.02484     0.05480     0.02899     0.01394     0.02416     0.02228     0.02622     0.56919
     5.55670     0.04352     0.00742     0.00501     0.00451     0.11040     0.02932     0.11720     0.03417     0.03798     0.02436     0.05007     0.02844     0.01426     0.02286     0.02229     0.02529     0.57711
     5.60970     0.03914     0.00688     0.00483     0.00450     0.10480     0.02839     0.09178     0.03037     0.03786     0.02211     0.04876     0.02595     0.01253     0.02112     0.01989     0.02389     0.52280
     5.66270     0.03493     0.00681     0.00558     0.00426     0.10820     0.03037     0.10080     0.03127     0.03375     0.02148     0.04694     0.02595     0.01348     0.02043     0.01969     0.02470     0.52863
     5.71570     0.02854     0.00629     0.00534     0.00412     0.10470     0.03181     0.09584     0.03253     0.03533     0.02150     0.04593     0.02470     0.01313     0.02041     0.02022     0.02406     0.51445
     5.76770     0.02880     0.00639     0.00597     0.00436     0.10090     0.03837     0.10450     0.03566     0.03934     0.02254     0.04774     0.02621     0.01400     0.02113     0.02407     0.02500     0.54497
     5.82070     0.02719     0.00596     0.00562     0.00434     0.08898     0.03537     0.10320     0.03389     0.04376     0.02406     0.04862     0.02633     0.01474     0.02227     0.02898     0.02675     0.54006
     5.87370     0.02740     0.00576     0.00547     0.00459     0.08820     0.02983     0.10850     0.02951     0.04849     0.02299     0.04904     0.02450     0.01563     0.02268     0.02845     0.02740     0.53845
     5.92670     0.02463     0.00542     0.00528     0.00438     0.08242     0.02280     0.11180     0.02568     0.04521     0.02019     0.05132     0.02182     0.01614     0.02293     0.02477     0.02625     0.51104
     5.97870     0.02332     0.00577     0.00500     0.00432     0.08205     0.02164     0.11490     0.02604     0.05024     0.01958     0.05235     0.02228     0.01782     0.02408     0.02428     0.02855     0.52222
     6.03170     0.02068     0.00554     0.00441     0.00483     0.08459     0.02443     0.11120     0.02783     0.04582     0.01870     0.04376     0.02045     0.01763     0.02409     0.02378     0.02741     0.50516
     6.08470     0.02270     0.00581     0.00486     0.00653     0.10770     0.02968     0.13240     0.03197     0.04754     0.01990     0.04885     0.02101     0.01946     0.02592     0.02393     0.03201     0.58026
     6.13770     0.02229     0.00423     0.00445     0.00669     0.14700     0.03755     0.13860     0.03699     0.03946     0.01681     0.03713     0.02064     0.01602     0.02356     0.02228     0.02727     0.60097
     6.19070     0.02677     0.00399     0.00539     0.00798     0.19710     0.04976     0.12810     0.04283     0.03168     0.01596     0.03568     0.02019     0.01401     0.02139     0.01982     0.02193     0.64258
     6.24270     0.02890     0.00401     0.00546     0.00698     0.16980     0.05197     0.12010     0.04113     0.03710     0.01750     0.03486     0.02151     0.01406     0.02250     0.02224     0.02436     0.62248
     6.29570     0.02879     0.00394     0.00522     0.00595     0.14350     0.05061     0.10570     0.03771     0.03835     0.01653     0.03389     0.02146     0.01423     0.02345     0.02252     0.02388     0.57573
     6.34870     0.02435     0.00362     0.00468     0.00443     0.10870     0.04556     0.08979     0.03380     0.03790     0.01604     0.02816     0.02062     0.01462     0.02335     0.02285     0.02283     0.50130
     6.40170     0.01815     0.00338     0.00414     0.00350     0.08294     0.04091     0.07975     0.03048     0.04023     0.01633     0.02377     0.02084     0.01463     0.02415     0.02507     0.02321     0.45149
     6.45370     0.01384     0.00327     0.00419     0.00323     0.07284     0.04165     0.08146     0.02951     0.04285     0.01686     0.02175     0.02146     0.01521     0.02521     0.02750     0.02241     0.44325
     6.50670     0.01581     0.00379     0.00507     0.00389     0.08981     0.06221     0.08049     0.03263     0.04120     0.01690     0.02348     0.02066     0.01368     0.02212     0.02659     0.02204     0.48037
     6.55970     0.02996     0.00577     0.00711     0.00643     0.18450     0.06993     0.09499     0.04486     0.04104     0.02170     0.03264     0.02387     0.01584     0.02375     0.02737     0.03501     0.66477
     6.61270     0.03511     0.00636     0.00685     0.00691     0.15390     0.07450     0.10080     0.04847     0.04640     0.02094     0.03551     0.02565     0.01927     0.02823     0.02621     0.03103     0.66614
     6.66570     0.04281     0.00749     0.00697     0.00773     0.15310     0.08498     0.10150     0.05695     0.04846     0.02261     0.03577     0.02538     0.01880     0.02986     0.02516     0.03177     0.69934
     6.71770     0.04050     0.00746     0.00782     0.00754     0.14200     0.09190     0.10230     0.05961     0.05108     0.02592     0.03606     0.02426     0.01980     0.03139     0.02586     0.03345     0.70696
     6.77070     0.03187     0.00668     0.00747     0.00706     0.11530     0.07853     0.09673     0.05030     0.05198     0.02538     0.03666     0.02289     0.01947     0.02868     0.02679     0.02981     0.63560
     6.82370     0.02586     0.00565     0.00639     0.00560     0.08635     0.06040     0.08067     0.03929     0.04406     0.02095     0.02673     0.02026     0.01663     0.02298     0.02212     0.02392     0.50786
     6.87670     0.02586     0.00576     0.00659     0.00518     0.08381     0.06176     0.08256     0.04026     0.04414     0.02046     0.02529     0.02259     0.01740     0.02377     0.02166     0.02353     0.51062
     6.92870     0.03137     0.00725     0.00750     0.00606     0.10660     0.07024     0.09549     0.05034     0.06348     0.02517     0.02998     0.03094     0.02006     0.03261     0.02902     0.02861     0.63472
     6.98170     0.02473     0.00498     0.00584     0.00445     0.07747     0.05805     0.07920     0.04151     0.04765     0.01935     0.02161     0.02143     0.01735     0.02557     0.02186     0.02335     0.49439
     7.03470     0.02366     0.00405     0.00549     0.00460     0.07623     0.06475     0.06823     0.03990     0.03049     0.01813     0.02090     0.01374     0.01589     0.02013     0.01861     0.02113     0.44593
     7.08770     0.02549     0.00425     0.00577     0.00498     0.07765     0.07838     0.06691     0.04283     0.03088     0.01862     0.02414     0.01308     0.01584     0.02037     0.01789     0.02071     0.46779
     7.14070     0.02779     0.00453     0.00587     0.00542     0.07809     0.08765     0.06403     0.04507     0.03276     0.02013     0.02555     0.01330     0.01454     0.02080     0.01831     0.02087     0.48471
     7.19270     0.03691     0.00526     0.00660     0.00665     0.08550     0.10710     0.06593     0.05415     0.04031     0.02446     0.03658     0.01580     0.01675     0.02472     0.01974     0.02311     0.56957
     7.24570     0.05795     0.00651     0.00722     0.00838     0.10210     0.12810     0.07886     0.06604     0.05177     0.03693     0.05507     0.01937     0.02259     0.02931     0.02366     0.03049     0.72435
     7.29870     0.04104     0.00658     0.00824     0.00900     0.07503     0.11390     0.07504     0.05261     0.04929     0.02821     0.02314     0.01809     0.01869     0.02876     0.02422     0.02314     0.59498
     7.35170     0.03349     0.00621     0.00785     0.00864     0.06397     0.09915     0.06621     0.04729     0.04722     0.02077     0.01826     0.01774     0.01650     0.02708     0.02340     0.01899     0.52277
     7.40370     0.02906     0.00554     0.00694     0.00661     0.04974     0.08397     0.06312     0.04405     0.04298     0.01794     0.01382     0.01594     0.01552     0.02468     0.02144     0.01696     0.45830
     7.45670     0.02977     0.00553     0.00688     0.00612     0.04511     0.08243     0.06121     0.04360     0.04005     0.01790     0.01278     0.01522     0.01568     0.02353     0.02186     0.01692     0.44459
     7.50970     0.03345     0.00639     0.00707     0.00633     0.04661     0.09066     0.06102     0.04553     0.04073     0.01851     0.01332     0.01599     0.01589     0.02411     0.02408     0.01796     0.46765
     7.56270     0.03942     0.00741     0.00741     0.00680     0.05107     0.09912     0.05984     0.04722     0.04190     0.01905     0.01418     0.01747     0.01498     0.02518     0.02519     0.01861     0.49484
     7.61570     0.04050     0.00702     0.00707     0.00629     0.05208     0.10010     0.05681     0.04237     0.04096     0.01766     0.01411     0.01627     0.01156     0.02407     0.02272     0.01792     0.47751
     7.66770     0.04040     0.00720     0.00746     0.00635     0.05410     0.10140     0.05282     0.04120     0.04065     0.01750     0.01462     0.01695     0.01154     0.02523     0.02305     0.01854     0.47901
     7.72070     0.04100     0.00791     0.00825     0.00765     0.05550     0.10250     0.05275     0.04078     0.03753     0.01764     0.01435     0.01810     0.01117     0.02558     0.02294     0.01970     0.48336
     7.77370     0.02778     0.00542     0.00693     0.00527     0.04553     0.09766     0.04857     0.03740     0.02797     0.01450     0.01221     0.01348     0.00921     0.02271     0.01858     0.01790     0.41113
     7.82670     0.02544     0.00480     0.00707     0.00432     0.04368     0.10030     0.05964     0.03876     0.02450     0.01352     0.01149     0.01246     0.00932     0.02184     0.01667     0.02028     0.41409
     7.87870     0.02465     0.00454     0.00715     0.00388     0.04385     0.10370     0.06914     0.03975     0.02359     0.01283     0.01114     0.01244     0.00993     0.02336     0.01531     0.02306     0.42833
     7.93170     0.02199     0.00439     0.00545     0.00383     0.04497     0.08683     0.04995     0.03623     0.02324     0.01147     0.01038     0.01219     0.00852     0.02110     0.01472     0.01803     0.37330
     7.98470     0.02180     0.00469     0.00516     0.00401     0.04841     0.08312     0.04491     0.03629     0.02353     0.01136     0.00974     0.01236     0.00766     0.01882     0.01416     0.01729     0.36331
     8.03770     0.02112     0.00382     0.00471     0.00349     0.04457     0.07353     0.03453     0.03039     0.02145     0.00970     0.00883     0.01084     0.00648     0.01564     0.01268     0.01601     0.31780
     8.09070     0.01754     0.00238     0.00394     0.00266     0.03722     0.05514     0.02438     0.02322     0.01563     0.00618     0.00714     0.00785     0.00505     0.01108     0.00995     0.01231     0.24166
     8.14270     0.01483     0.00185     0.00355     0.00212     0.03175     0.04584     0.02128     0.02202     0.01271     0.00496     0.00612     0.00646     0.00422     0.00906     0.00866     0.01156     0.20700
     8.19570     0.01407     0.00159     0.00335     0.00196     0.02994     0.04021     0.01944     0.02133     0.01140     0.00458     0.00562     0.00595     0.00394     0.00844     0.00760     0.01072     0.19015
     8.24870     0.01353     0.00135     0.00328     0.00183     0.02879     0.03626     0.01812     0.02101     0.01016     0.00443     0.00514     0.00533     0.00370     0.00753     0.00644     0.00992     0.17682
     8.30170     0.01469     0.00128     0.00329     0.00177     0.02847     0.03443     0.01875     0.02207     0.00991     0.00447     0.00507     0.00508     0.00371     0.00717     0.00566     0.00925     0.17508
     8.35470     0.01955     0.00110     0.00303     0.00168     0.02884     0.03263     0.01554     0.02191     0.00952     0.00407     0.00539     0.00452     0.00297     0.00583     0.00486     0.00779     0.16924
     8.40670     0.04410     0.00082     0.00287     0.00176     0.03856     0.03867     0.01140     0.02844     0.00813     0.00388     0.00813     0.00354     0.00239     0.00402     0.00383     0.00596     0.20651
     8.45970     0.03136     0.00069     0.00286     0.00174     0.03433     0.03179     0.01014     0.02289     0.00655     0.00391     0.00650     0.00317     0.00218     0.00357     0.00301     0.00481     0.16950
     8.51270     0.00832     0.00048     0.00136     0.00101     0.01233     0.01456     0.00654     0.00839     0.00552     0.00261     0.00164     0.00191     0.00093     0.00175     0.00232     0.00411     0.07378
     8.56570     0.00734     0.00043     0.00092     0.00077     0.00802     0.01062     0.00716     0.00689     0.00577     0.00254     0.00126     0.00161     0.00082     0.00143     0.00212     0.00397     0.06168
     8.61770     0.00709     0.00040     0.00067     0.00064     0.00563     0.00801     0.00783     0.00592     0.00607     0.00252     0.00111     0.00140     0.00076     0.00127     0.00198     0.00392     0.05523
     8.67070     0.00643     0.00032     0.00056     0.00058     0.00477     0.00670     0.00691     0.00488     0.00477     0.00250     0.00096     0.00125     0.00063     0.00109     0.00181     0.00377     0.04793
     8.72370     0.00376     0.00021     0.00029     0.00042     0.00259     0.00495     0.00462     0.00326     0.00274     0.00213     0.00052     0.00108     0.00043     0.00082     0.00150     0.00332     0.03264
     8.77670     0.00258     0.00017     0.00018     0.00031     0.00167     0.00399     0.00312     0.00260     0.00231     0.00180     0.00033     0.00102     0.00030     0.00074     0.00140     0.00320     0.02573
     8.82970     0.00152     0.00012     0.00008     0.00018     0.00094     0.00293     0.00179     0.00187     0.00156     0.00151     0.00017     0.00087     0.00015     0.00059     0.00120     0.00292     0.01841
     8.88170     0.00054     0.00006     0.00001     0.00004     0.00034     0.00181     0.00041     0.00104     0.00070     0.00122     0.00004     0.00067     0.00001     0.00037     0.00085     0.00219     0.01032
     8.93470     0.00049     0.00006     0.00001     0.00004     0.00026     0.00153     0.00033     0.00088     0.00061     0.00117     0.00004     0.00061     0.00001     0.00031     0.00070     0.00175     0.00877
     8.98770     0.00047     0.00005     0.00001     0.00003     0.00023     0.00134     0.00029     0.00079     0.00056     0.00117     0.00003     0.00058     0.00000     0.00029     0.00063     0.00159     0.00809
     9.04070     0.00042     0.00005     0.00001     0.00003     0.00020     0.00116     0.00025     0.00071     0.00051     0.00112     0.00003     0.00054     0.00000     0.00027     0.00057     0.00142     0.00728
     9.09270     0.00035     0.00005     0.00001     0.00003     0.00017     0.00099     0.00020     0.00063     0.00045     0.00104     0.00002     0.00050     0.00000     0.00025     0.00049     0.00123     0.00642
     9.14570     0.00029     0.00004     0.00000     0.00002     0.00013     0.00085     0.00016     0.00055     0.00040     0.00096     0.00002     0.00048     0.00000     0.00022     0.00042     0.00102     0.00557
     9.19870     0.00025     0.00004     0.00000     0.00003     0.00011     0.00075     0.00013     0.00050     0.00038     0.00088     0.00002     0.00048     0.00000     0.00027     0.00036     0.00093     0.00514
     9.25170     0.00027     0.00004     0.00000     0.00003     0.00011     0.00066     0.00012     0.00047     0.00038     0.00091     0.00002     0.00050     0.00000     0.00034     0.00031     0.00092     0.00508
     9.30470     0.00029     0.00005     0.00000     0.00003     0.00010     0.00056     0.00013     0.00043     0.00036     0.00098     0.00001     0.00052     0.00000     0.00037     0.00027     0.00088     0.00498
     9.35670     0.00030     0.00005     0.00000     0.00003     0.00010     0.00044     0.00013     0.00038     0.00033     0.00103     0.00001     0.00052     0.00000     0.00037     0.00022     0.00079     0.00470
     9.40970     0.00033     0.00005     0.00000     0.00003     0.00008     0.00034     0.00014     0.00034     0.00030     0.00126     0.00001     0.00060     0.00000     0.00036     0.00016     0.00057     0.00459
     9.46270     0.00030     0.00006     0.00000     0.00003     0.00007     0.00026     0.00013     0.00028     0.00024     0.00121     0.00001     0.00063     0.00000     0.00036     0.00012     0.00046     0.00419
     9.51570     0.00026     0.00006     0.00000     0.00003     0.00007     0.00020     0.00011     0.00022     0.00018     0.00106     0.00001     0.00064     0.00000     0.00035     0.00009     0.00040     0.00369
     9.56770     0.00017     0.00006     0.00000     0.00003     0.00007     0.00016     0.00008     0.00016     0.00010     0.00078     0.00001     0.00061     0.00000     0.00031     0.00005     0.00031     0.00290
     9.62070     0.00005     0.00003     0.00000     0.00001     0.00002     0.00004     0.00002     0.00006     0.00003     0.00031     0.00000     0.00026     0.00000     0.00009     0.00001     0.00005     0.00097
     9.67370     0.00000     0.00000     0.00000     0.00000     0.00000     0.00000     0.00000     0.00000     0.00000     0.00000     0.00000     0.00000     0.00000     0.00000     0.00000     0.00000     0.00000
     9.72670     0.00000     0.00000     0.00000     0.00000     0.00000     0.00000     0.00000     0.00000     0.00000     0.00000     0.00000     0.00000     0.00000     0.00000     0.00000     0.00000     0.00000
     9.77970     0.00000     0.00000     0.00000     0.00000     0.00000     0.00000     0.00000     0.00000     0.00000     0.00000     0.00000     0.00000     0.00000     0.00000     0.00000     0.00000     0.00000
     9.83170     0.00000     0.00000     0.00000     0.00000     0.00000     0.00000     0.00000     0.00000     0.00000     0.00000     0.00000     0.00000     0.00000     0.00000     0.00000     0.00000     0.00000
     9.88470     0.00000     0.00000     0.00000     0.00000     0.00000     0.00000     0.00000     0.00000     0.00000     0.00000     0.00000     0.00000     0.00000     0.00000     0.00000     0.00000     0.00000
     9.93770     0.00000     0.00000     0.00000     0.00000     0.00000     0.00000     0.00000     0.00000     0.00000     0.00000     0.00000     0.00000     0.00000     0.00000     0.00000     0.00000     0.00000
     9.99070     0.00000     0.00000     0.00000     0.00000     0.00000     0.00000     0.00000     0.00000     0.00000     0.00000     0.00000     0.00000     0.00000     0.00000     0.00000     0.00000     0.00000
    10.04270     0.00000     0.00000     0.00000     0.00000     0.00000     0.00000     0.00000     0.00000     0.00000     0.00000     0.00000     0.00000     0.00000     0.00000     0.00000     0.00000     0.00000
    10.09570     0.00000     0.00000     0.00000     0.00000     0.00000     0.00000     0.00000     0.00000     0.00000     0.00000     0.00000     0.00000     0.00000     0.00000     0.00000     0.00000     0.00000
    10.14870     0.00000     0.00000     0.00000     0.00000     0.00000     0.00000     0.00000     0.00000     0.00000     0.00000     0.00000     0.00000     0.00000     0.00000     0.00000     0.00000     0.00000
    10.20170     0.00000     0.00000     0.00000     0.00000     0.00000     0.00000     0.00000     0.00000     0.00000     0.00000     0.00000     0.00000     0.00000     0.00000     0.00000     0.00000     0.00000
    10.25470     0.00000     0.00000     0.00000     0.00000     0.00000     0.00000     0.00000     0.00000     0.00000     0.00000     0.00000     0.00000     0.00000     0.00000     0.00000     0.00000     0.00000
    10.30670     0.00000     0.00000     0.00000     0.00000     0.00000     0.00000     0.00000     0.00000     0.00000     0.00000     0.00000     0.00000     0.00000     0.00000     0.00000     0.00000     0.00000
    10.35970     0.00000     0.00000     0.00000     0.00000     0.00000     0.00000     0.00000     0.00000     0.00000     0.00000     0.00000     0.00000     0.00000     0.00000     0.00000     0.00000     0.00000
    10.41270     0.00000     0.00000     0.00000     0.00000     0.00000     0.00000     0.00000     0.00000     0.00000     0.00000     0.00000     0.00000     0.00000     0.00000     0.00000     0.00000     0.00000
    10.46570     0.00000     0.00000     0.00000     0.00000     0.00000     0.00000     0.00000     0.00000     0.00000     0.00000     0.00000     0.00000     0.00000     0.00000     0.00000     0.00000     0.00000
    10.51770     0.00000     0.00000     0.00000     0.00000     0.00000     0.00000     0.00000     0.00000     0.00000     0.00000     0.00000     0.00000     0.00000     0.00000     0.00000     0.00000     0.00000
    10.57070     0.00000     0.00000     0.00000     0.00000     0.00000     0.00000     0.00000     0.00000     0.00000     0.00000     0.00000     0.00000     0.00000     0.00000     0.00000     0.00000     0.00000
    10.62370     0.00000     0.00000     0.00000     0.00000     0.00000     0.00000     0.00000     0.00000     0.00000     0.00000     0.00000     0.00000     0.00000     0.00000     0.00000     0.00000     0.00000
    10.67670     0.00000     0.00000     0.00000     0.00000     0.00000     0.00000     0.00000     0.00000     0.00000     0.00000     0.00000     0.00000     0.00000     0.00000     0.00000     0.00000     0.00000
    10.72970     0.00000     0.00000     0.00000     0.00000     0.00000     0.00000     0.00000     0.00000     0.00000     0.00000     0.00000     0.00000     0.00000     0.00000     0.00000     0.00000     0.00000
    10.78170     0.00000     0.00000     0.00000     0.00000     0.00000     0.00000     0.00000     0.00000     0.00000     0.00000     0.00000     0.00000     0.00000     0.00000     0.00000     0.00000     0.00000
    10.83470     0.00000     0.00000     0.00000     0.00000     0.00000     0.00000     0.00000     0.00000     0.00000     0.00000     0.00000     0.00000     0.00000     0.00000     0.00000     0.00000     0.00000
    10.88770     0.00000     0.00000     0.00000     0.00000     0.00000     0.00000     0.00000     0.00000     0.00000     0.00000     0.00000     0.00000     0.00000     0.00000     0.00000     0.00000     0.00000
    10.94070     0.00000     0.00000     0.00000     0.00000     0.00000     0.00000     0.00000     0.00000     0.00000     0.00000     0.00000     0.00000     0.00000     0.00000     0.00000     0.00000     0.00000
    10.99270     0.00000     0.00000     0.00000     0.00000     0.00000     0.00000     0.00000     0.00000     0.00000     0.00000     0.00000     0.00000     0.00000     0.00000     0.00000     0.00000     0.00000
    11.04570     0.00000     0.00000     0.00000     0.00000     0.00000     0.00000     0.00000     0.00000     0.00000     0.00000     0.00000     0.00000     0.00000     0.00000     0.00000     0.00000     0.00000
    11.09870     0.00000     0.00000     0.00000     0.00000     0.00000     0.00000     0.00000     0.00000     0.00000     0.00000     0.00000     0.00000     0.00000     0.00000     0.00000     0.00000     0.00000
    11.15170     0.00000     0.00000     0.00000     0.00000     0.00000     0.00000     0.00000     0.00000     0.00000     0.00000     0.00000     0.00000     0.00000     0.00000     0.00000     0.00000     0.00000
    11.20470     0.00000     0.00000     0.00000     0.00000     0.00000     0.00000     0.00000     0.00000     0.00000     0.00000     0.00000     0.00000     0.00000     0.00000     0.00000     0.00000     0.00000
    11.25670     0.00000     0.00000     0.00000     0.00000     0.00000     0.00000     0.00000     0.00000     0.00000     0.00000     0.00000     0.00000     0.00000     0.00000     0.00000     0.00000     0.00000
    11.30970     0.00000     0.00000     0.00000     0.00000     0.00000     0.00000     0.00000     0.00000     0.00000     0.00000     0.00000     0.00000     0.00000     0.00000     0.00000     0.00000     0.00000
    11.36270     0.00000     0.00000     0.00000     0.00000     0.00000     0.00000     0.00000     0.00000     0.00000     0.00000     0.00000     0.00000     0.00000     0.00000     0.00000     0.00000     0.00000
    11.41570     0.00000     0.00000     0.00000     0.00000     0.00000     0.00000     0.00000     0.00000     0.00000     0.00000     0.00000     0.00000     0.00000     0.00000     0.00000     0.00000     0.00000
    11.46770     0.00000     0.00000     0.00000     0.00000     0.00000     0.00000     0.00000     0.00000     0.00000     0.00000     0.00000     0.00000     0.00000     0.00000     0.00000     0.00000     0.00000
    11.52070     0.00000     0.00000     0.00000     0.00000     0.00000     0.00000     0.00000     0.00000     0.00000     0.00000     0.00000     0.00000     0.00000     0.00000     0.00000     0.00000     0.00000
    11.57370     0.00000     0.00000     0.00000     0.00000     0.00000     0.00000     0.00000     0.00000     0.00000     0.00000     0.00000     0.00000     0.00000     0.00000     0.00000     0.00000     0.00000
    11.62670     0.00000     0.00000     0.00000     0.00000     0.00000     0.00000     0.00000     0.00000     0.00000     0.00000     0.00000     0.00000     0.00000     0.00000     0.00000     0.00000     0.00000
    11.67970     0.00000     0.00000     0.00000     0.00000     0.00000     0.00000     0.00000     0.00000     0.00000     0.00000     0.00000     0.00000     0.00000     0.00000     0.00000     0.00000     0.00000
    11.73170     0.00000     0.00000     0.00000     0.00000     0.00000     0.00000     0.00000     0.00000     0.00000     0.00000     0.00000     0.00000     0.00000     0.00000     0.00000     0.00000     0.00000
    11.78470     0.00000     0.00000     0.00000     0.00000     0.00000     0.00000     0.00000     0.00000     0.00000     0.00000     0.00000     0.00000     0.00000     0.00000     0.00000     0.00000     0.00000
    11.83770     0.00000     0.00000     0.00000     0.00000     0.00000     0.00000     0.00000     0.00000     0.00000     0.00000     0.00000     0.00000     0.00000     0.00000     0.00000     0.00000     0.00000
    11.89070     0.00000     0.00000     0.00000     0.00000     0.00000     0.00000     0.00000     0.00000     0.00000     0.00000     0.00000     0.00000     0.00000     0.00000     0.00000     0.00000     0.00000
    11.94270     0.00000     0.00000     0.00000     0.00000     0.00000     0.00000     0.00000     0.00000     0.00000     0.00000     0.00000     0.00000     0.00000     0.00000     0.00000     0.00000     0.00000
    11.99570     0.00000     0.00000     0.00000     0.00000     0.00000     0.00000     0.00000     0.00000     0.00000     0.00000     0.00000     0.00000     0.00000     0.00000     0.00000     0.00000     0.00000
    12.04870     0.00000     0.00000     0.00000     0.00000     0.00000     0.00000     0.00000     0.00000     0.00000     0.00000     0.00000     0.00000     0.00000     0.00000     0.00000     0.00000     0.00000
    12.10170     0.00000     0.00000     0.00000     0.00000     0.00000     0.00000     0.00000     0.00000     0.00000     0.00000     0.00000     0.00000     0.00000     0.00000     0.00000     0.00000     0.00000
    12.15470     0.00000     0.00000     0.00000     0.00000     0.00000     0.00000     0.00000     0.00000     0.00000     0.00000     0.00000     0.00000     0.00000     0.00000     0.00000     0.00000     0.00000
    12.20670     0.00000     0.00000     0.00000     0.00000     0.00000     0.00000     0.00000     0.00000     0.00000     0.00000     0.00000     0.00000     0.00000     0.00000     0.00000     0.00000     0.00000
    12.25970     0.00000     0.00000     0.00000     0.00000     0.00000     0.00000     0.00000     0.00000     0.00000     0.00000     0.00000     0.00000     0.00000     0.00000     0.00000     0.00000     0.00000
    12.31270     0.00000     0.00000     0.00000     0.00000     0.00000     0.00000     0.00000     0.00000     0.00000     0.00000     0.00000     0.00000     0.00000     0.00000     0.00000     0.00000     0.00000
    12.36570     0.00000     0.00000     0.00000     0.00000     0.00000     0.00000     0.00000     0.00000     0.00000     0.00000     0.00000     0.00000     0.00000     0.00000     0.00000     0.00000     0.00000
    12.41770     0.00000     0.00000     0.00000     0.00000     0.00000     0.00000     0.00000     0.00000     0.00000     0.00000     0.00000     0.00000     0.00000     0.00000     0.00000     0.00000     0.00000
    12.47070     0.00000     0.00000     0.00000     0.00000     0.00000     0.00000     0.00000     0.00000     0.00000     0.00000     0.00000     0.00000     0.00000     0.00000     0.00000     0.00000     0.00000
    12.52370     0.00000     0.00000     0.00000     0.00000     0.00000     0.00000     0.00000     0.00000     0.00000     0.00000     0.00000     0.00000     0.00000     0.00000     0.00000     0.00000     0.00000
    12.57670     0.00000     0.00000     0.00000     0.00000     0.00000     0.00000     0.00000     0.00000     0.00000     0.00000     0.00000     0.00000     0.00000     0.00000     0.00000     0.00000     0.00000
    12.62970     0.00000     0.00000     0.00000     0.00000     0.00000     0.00000     0.00000     0.00000     0.00000     0.00000     0.00000     0.00000     0.00000     0.00000     0.00000     0.00000     0.00000
    12.68170     0.00000     0.00000     0.00000     0.00000     0.00000     0.00000     0.00000     0.00000     0.00000     0.00000     0.00000     0.00000     0.00000     0.00000     0.00000     0.00000     0.00000
    12.73470     0.00000     0.00000     0.00000     0.00000     0.00000     0.00000     0.00000     0.00000     0.00000     0.00000     0.00000     0.00000     0.00000     0.00000     0.00000     0.00000     0.00000
    12.78770     0.00000     0.00000     0.00000     0.00000     0.00000     0.00000     0.00000     0.00000     0.00000     0.00000     0.00000     0.00000     0.00000     0.00000     0.00000     0.00000     0.00000
    12.84070     0.00000     0.00000     0.00000     0.00000     0.00000     0.00000     0.00000     0.00000     0.00000     0.00000     0.00000     0.00000     0.00000     0.00000     0.00000     0.00000     0.00000
    12.89370     0.00000     0.00000     0.00000     0.00000     0.00000     0.00000     0.00000     0.00000     0.00000     0.00000     0.00000     0.00000     0.00000     0.00000     0.00000     0.00000     0.00000
    12.94570     0.00000     0.00000     0.00000     0.00000     0.00000     0.00000     0.00000     0.00000     0.00000     0.00000     0.00000     0.00000     0.00000     0.00000     0.00000     0.00000     0.00000
    12.99870     0.00000     0.00000     0.00000     0.00000     0.00000     0.00000     0.00000     0.00000     0.00000     0.00000     0.00000     0.00000     0.00000     0.00000     0.00000     0.00000     0.00000
    13.05170     0.00000     0.00000     0.00000     0.00000     0.00000     0.00000     0.00000     0.00000     0.00000     0.00000     0.00000     0.00000     0.00000     0.00000     0.00000     0.00000     0.00000
    13.10470     0.00000     0.00000     0.00000     0.00000     0.00000     0.00000     0.00000     0.00000     0.00000     0.00000     0.00000     0.00000     0.00000     0.00000     0.00000     0.00000     0.00000
    13.15670     0.00000     0.00000     0.00000     0.00000     0.00000     0.00000     0.00000     0.00000     0.00000     0.00000     0.00000     0.00000     0.00000     0.00000     0.00000     0.00000     0.00000
    13.20970     0.00000     0.00000     0.00000     0.00000     0.00000     0.00000     0.00000     0.00000     0.00000     0.00000     0.00000     0.00000     0.00000     0.00000     0.00000     0.00000     0.00000
    13.26270     0.00000     0.00000     0.00000     0.00000     0.00000     0.00000     0.00000     0.00000     0.00000     0.00000     0.00000     0.00000     0.00000     0.00000     0.00000     0.00000     0.00000
