     #Energy           s          py          pz          px         dxy         dyz         dz2         dxz         dx2       fy3x2        fxyz        fyz2         fz3        fxz2        fzx2         fx3       tot  
   -82.83950     0.00000     0.00000     0.00000     0.00000     0.00000     0.00000     0.00000     0.00000     0.00000     0.00000     0.00000     0.00000     0.00000     0.00000     0.00000     0.00000     0.00000
   -82.77450     0.00000     0.00000     0.00000     0.00000     0.00000     0.00000     0.00000     0.00000     0.00000     0.00000     0.00000     0.00000     0.00000     0.00000     0.00000     0.00000     0.00000
   -82.70950     0.00000     0.00000     0.00000     0.00000     0.00000     0.00000     0.00000     0.00000     0.00000     0.00000     0.00000     0.00000     0.00000     0.00000     0.00000     0.00000     0.00000
   -82.64450     0.00000     0.00000     0.00000     0.00000     0.00000     0.00000     0.00000     0.00000     0.00000     0.00000     0.00000     0.00000     0.00000     0.00000     0.00000     0.00000     0.00000
   -82.58050     0.00000     0.00000     0.00000     0.00000     0.00000     0.00000     0.00000     0.00000     0.00000     0.00000     0.00000     0.00000     0.00000     0.00000     0.00000     0.00000     0.00000
   -82.51550     0.00000     0.00000     0.00000     0.00000     0.00000     0.00000     0.00000     0.00000     0.00000     0.00000     0.00000     0.00000     0.00000     0.00000     0.00000     0.00000     0.00000
   -82.45050     0.00000     0.00000     0.00000     0.00000     0.00000     0.00000     0.00000     0.00000     0.00000     0.00000     0.00000     0.00000     0.00000     0.00000     0.00000     0.00000     0.00000
   -82.38550     0.00000     0.00000     0.00000     0.00000     0.00000     0.00000     0.00000     0.00000     0.00000     0.00000     0.00000     0.00000     0.00000     0.00000     0.00000     0.00000     0.00000
   -82.32050     0.00000     0.00000     0.00000     0.00000     0.00000     0.00000     0.00000     0.00000     0.00000     0.00000     0.00000     0.00000     0.00000     0.00000     0.00000     0.00000     0.00000
   -82.25650     0.00000     0.00000     0.00000     0.00000     0.00000     0.00000     0.00000     0.00000     0.00000     0.00000     0.00000     0.00000     0.00000     0.00000     0.00000     0.00000     0.00000
   -82.19150     0.00000     0.00000     0.00000     0.00000     0.00000     0.00000     0.00000     0.00000     0.00000     0.00000     0.00000     0.00000     0.00000     0.00000     0.00000     0.00000     0.00000
   -82.12650     0.00000     0.00000     0.00000     0.00000     0.00000     0.00000     0.00000     0.00000     0.00000     0.00000     0.00000     0.00000     0.00000     0.00000     0.00000     0.00000     0.00000
   -82.06150     0.00000     0.00000     0.00000     0.00000     0.00000     0.00000     0.00000     0.00000     0.00000     0.00000     0.00000     0.00000     0.00000     0.00000     0.00000     0.00000     0.00000
   -81.99650     0.00000     0.00000     0.00000     0.00000     0.00000     0.00000     0.00000     0.00000     0.00000     0.00000     0.00000     0.00000     0.00000     0.00000     0.00000     0.00000     0.00000
   -81.93150     0.00000     0.00000     0.00000     0.00000     0.00000     0.00000     0.00000     0.00000     0.00000     0.00000     0.00000     0.00000     0.00000     0.00000     0.00000     0.00000     0.00000
   -81.86750     0.00000     0.00000     0.00000     0.00000     0.00000     0.00000     0.00000     0.00000     0.00000     0.00000     0.00000     0.00000     0.00000     0.00000     0.00000     0.00000     0.00000
   -81.80250     0.00000     0.00000     0.00000     0.00000     0.00000     0.00000     0.00000     0.00000     0.00000     0.00000     0.00000     0.00000     0.00000     0.00000     0.00000     0.00000     0.00000
   -81.73750     0.00000     0.00000     0.00000     0.00000     0.00000     0.00000     0.00000     0.00000     0.00000     0.00000     0.00000     0.00000     0.00000     0.00000     0.00000     0.00000     0.00000
   -81.67250     0.00000     0.00000     0.00000     0.00000     0.00000     0.00000     0.00000     0.00000     0.00000     0.00000     0.00000     0.00000     0.00000     0.00000     0.00000     0.00000     0.00000
   -81.60750     0.00000     0.00000     0.00000     0.00000     0.00000     0.00000     0.00000     0.00000     0.00000     0.00000     0.00000     0.00000     0.00000     0.00000     0.00000     0.00000     0.00000
   -81.54350     0.00000     0.00000     0.00000     0.00000     0.00000     0.00000     0.00000     0.00000     0.00000     0.00000     0.00000     0.00000     0.00000     0.00000     0.00000     0.00000     0.00000
   -81.47850     0.00000     0.00000     0.00000     0.00000     0.00000     0.00000     0.00000     0.00000     0.00000     0.00000     0.00000     0.00000     0.00000     0.00000     0.00000     0.00000     0.00000
   -81.41350     0.00000     0.00000     0.00000     0.00000     0.00000     0.00000     0.00000     0.00000     0.00000     0.00000     0.00000     0.00000     0.00000     0.00000     0.00000     0.00000     0.00000
   -81.34850     0.00000     0.00000     0.00000     0.00000     0.00000     0.00000     0.00000     0.00000     0.00000     0.00000     0.00000     0.00000     0.00000     0.00000     0.00000     0.00000     0.00000
   -81.28350     0.00000     0.00000     0.00000     0.00000     0.00000     0.00000     0.00000     0.00000     0.00000     0.00000     0.00000     0.00000     0.00000     0.00000     0.00000     0.00000     0.00000
   -81.21950     0.00000     0.00000     0.00000     0.00000     0.00000     0.00000     0.00000     0.00000     0.00000     0.00000     0.00000     0.00000     0.00000     0.00000     0.00000     0.00000     0.00000
   -81.15450     0.00000     0.00000     0.00000     0.00000     0.00000     0.00000     0.00000     0.00000     0.00000     0.00000     0.00000     0.00000     0.00000     0.00000     0.00000     0.00000     0.00000
   -81.08950     0.00000     0.00000     0.00000     0.00000     0.00000     0.00000     0.00000     0.00000     0.00000     0.00000     0.00000     0.00000     0.00000     0.00000     0.00000     0.00000     0.00000
   -81.02450     0.00000     0.00000     0.00000     0.00000     0.00000     0.00000     0.00000     0.00000     0.00000     0.00000     0.00000     0.00000     0.00000     0.00000     0.00000     0.00000     0.00000
   -80.95950     0.00000     0.00000     0.00000     0.00000     0.00000     0.00000     0.00000     0.00000     0.00000     0.00000     0.00000     0.00000     0.00000     0.00000     0.00000     0.00000     0.00000
   -80.89450     0.00000     0.00000     0.00000     0.00000     0.00000     0.00000     0.00000     0.00000     0.00000     0.00000     0.00000     0.00000     0.00000     0.00000     0.00000     0.00000     0.00000
   -80.83050     0.00000     0.00000     0.00000     0.00000     0.00000     0.00000     0.00000     0.00000     0.00000     0.00000     0.00000     0.00000     0.00000     0.00000     0.00000     0.00000     0.00000
   -80.76550     0.00000     0.00000     0.00000     0.00000     0.00000     0.00000     0.00000     0.00000     0.00000     0.00000     0.00000     0.00000     0.00000     0.00000     0.00000     0.00000     0.00000
   -80.70050     0.00000     0.00000     0.00000     0.00000     0.00000     0.00000     0.00000     0.00000     0.00000     0.00000     0.00000     0.00000     0.00000     0.00000     0.00000     0.00000     0.00000
   -80.63550     0.00000     0.00000     0.00000     0.00000     0.00000     0.00000     0.00000     0.00000     0.00000     0.00000     0.00000     0.00000     0.00000     0.00000     0.00000     0.00000     0.00000
   -80.57050     0.00000     0.00000     0.00000     0.00000     0.00000     0.00000     0.00000     0.00000     0.00000     0.00000     0.00000     0.00000     0.00000     0.00000     0.00000     0.00000     0.00000
   -80.50650     0.00000     0.00000     0.00000     0.00000     0.00000     0.00000     0.00000     0.00000     0.00000     0.00000     0.00000     0.00000     0.00000     0.00000     0.00000     0.00000     0.00000
   -80.44150     0.00000     0.00000     0.00000     0.00000     0.00000     0.00000     0.00000     0.00000     0.00000     0.00000     0.00000     0.00000     0.00000     0.00000     0.00000     0.00000     0.00000
   -80.37650     0.00000     0.00000     0.00000     0.00000     0.00000     0.00000     0.00000     0.00000     0.00000     0.00000     0.00000     0.00000     0.00000     0.00000     0.00000     0.00000     0.00000
   -80.31150     0.00000     0.00000     0.00000     0.00000     0.00000     0.00000     0.00000     0.00000     0.00000     0.00000     0.00000     0.00000     0.00000     0.00000     0.00000     0.00000     0.00000
   -80.24650     0.00000     0.00000     0.00000     0.00000     0.00000     0.00000     0.00000     0.00000     0.00000     0.00000     0.00000     0.00000     0.00000     0.00000     0.00000     0.00000     0.00000
   -80.18250     0.00000     0.00000     0.00000     0.00000     0.00000     0.00000     0.00000     0.00000     0.00000     0.00000     0.00000     0.00000     0.00000     0.00000     0.00000     0.00000     0.00000
   -80.11750     0.00000     0.00000     0.00000     0.00000     0.00000     0.00000     0.00000     0.00000     0.00000     0.00000     0.00000     0.00000     0.00000     0.00000     0.00000     0.00000     0.00000
   -80.05250     0.00000     0.00000     0.00000     0.00000     0.00000     0.00000     0.00000     0.00000     0.00000     0.00000     0.00000     0.00000     0.00000     0.00000     0.00000     0.00000     0.00000
   -79.98750     0.00000     0.00000     0.00000     0.00000     0.00000     0.00000     0.00000     0.00000     0.00000     0.00000     0.00000     0.00000     0.00000     0.00000     0.00000     0.00000     0.00000
   -79.92250     0.00000     0.00000     0.00000     0.00000     0.00000     0.00000     0.00000     0.00000     0.00000     0.00000     0.00000     0.00000     0.00000     0.00000     0.00000     0.00000     0.00000
   -79.85750     0.00000     0.00000     0.00000     0.00000     0.00000     0.00000     0.00000     0.00000     0.00000     0.00000     0.00000     0.00000     0.00000     0.00000     0.00000     0.00000     0.00000
   -79.79350     0.00000     0.00000     0.00000     0.00000     0.00000     0.00000     0.00000     0.00000     0.00000     0.00000     0.00000     0.00000     0.00000     0.00000     0.00000     0.00000     0.00000
   -79.72850     0.00000     0.00000     0.00000     0.00000     0.00000     0.00000     0.00000     0.00000     0.00000     0.00000     0.00000     0.00000     0.00000     0.00000     0.00000     0.00000     0.00000
   -79.66350     0.00000     0.00000     0.00000     0.00000     0.00000     0.00000     0.00000     0.00000     0.00000     0.00000     0.00000     0.00000     0.00000     0.00000     0.00000     0.00000     0.00000
   -79.59850     0.00000     0.00000     0.00000     0.00000     0.00000     0.00000     0.00000     0.00000     0.00000     0.00000     0.00000     0.00000     0.00000     0.00000     0.00000     0.00000     0.00000
   -79.53350     0.00000     0.00000     0.00000     0.00000     0.00000     0.00000     0.00000     0.00000     0.00000     0.00000     0.00000     0.00000     0.00000     0.00000     0.00000     0.00000     0.00000
   -79.46950     0.00000     0.00000     0.00000     0.00000     0.00000     0.00000     0.00000     0.00000     0.00000     0.00000     0.00000     0.00000     0.00000     0.00000     0.00000     0.00000     0.00000
   -79.40450     0.00000     0.00000     0.00000     0.00000     0.00000     0.00000     0.00000     0.00000     0.00000     0.00000     0.00000     0.00000     0.00000     0.00000     0.00000     0.00000     0.00000
   -79.33950     0.00000     0.00000     0.00000     0.00000     0.00000     0.00000     0.00000     0.00000     0.00000     0.00000     0.00000     0.00000     0.00000     0.00000     0.00000     0.00000     0.00000
   -79.27450     0.00000     0.00000     0.00000     0.00000     0.00000     0.00000     0.00000     0.00000     0.00000     0.00000     0.00000     0.00000     0.00000     0.00000     0.00000     0.00000     0.00000
   -79.20950     0.00000     0.00000     0.00000     0.00000     0.00000     0.00000     0.00000     0.00000     0.00000     0.00000     0.00000     0.00000     0.00000     0.00000     0.00000     0.00000     0.00000
   -79.14550     0.00000     0.00000     0.00000     0.00000     0.00000     0.00000     0.00000     0.00000     0.00000     0.00000     0.00000     0.00000     0.00000     0.00000     0.00000     0.00000     0.00000
   -79.08050     0.00000     0.00000     0.00000     0.00000     0.00000     0.00000     0.00000     0.00000     0.00000     0.00000     0.00000     0.00000     0.00000     0.00000     0.00000     0.00000     0.00000
   -79.01550     0.00000     0.00000     0.00000     0.00000     0.00000     0.00000     0.00000     0.00000     0.00000     0.00000     0.00000     0.00000     0.00000     0.00000     0.00000     0.00000     0.00000
   -78.95050     0.00000     0.00000     0.00000     0.00000     0.00000     0.00000     0.00000     0.00000     0.00000     0.00000     0.00000     0.00000     0.00000     0.00000     0.00000     0.00000     0.00000
   -78.88550     0.00000     0.00000     0.00000     0.00000     0.00000     0.00000     0.00000     0.00000     0.00000     0.00000     0.00000     0.00000     0.00000     0.00000     0.00000     0.00000     0.00000
   -78.82050     0.00000     0.00000     0.00000     0.00000     0.00000     0.00000     0.00000     0.00000     0.00000     0.00000     0.00000     0.00000     0.00000     0.00000     0.00000     0.00000     0.00000
   -78.75650     0.00000     0.00000     0.00000     0.00000     0.00000     0.00000     0.00000     0.00000     0.00000     0.00000     0.00000     0.00000     0.00000     0.00000     0.00000     0.00000     0.00000
   -78.69150     0.00000     0.00000     0.00000     0.00000     0.00000     0.00000     0.00000     0.00000     0.00000     0.00000     0.00000     0.00000     0.00000     0.00000     0.00000     0.00000     0.00000
   -78.62650     0.00000     0.00000     0.00000     0.00000     0.00000     0.00000     0.00000     0.00000     0.00000     0.00000     0.00000     0.00000     0.00000     0.00000     0.00000     0.00000     0.00000
   -78.56150     0.00000     0.00000     0.00000     0.00000     0.00000     0.00000     0.00000     0.00000     0.00000     0.00000     0.00000     0.00000     0.00000     0.00000     0.00000     0.00000     0.00000
   -78.49650     0.00000     0.00000     0.00000     0.00000     0.00000     0.00000     0.00000     0.00000     0.00000     0.00000     0.00000     0.00000     0.00000     0.00000     0.00000     0.00000     0.00000
   -78.43250     0.00000     0.00000     0.00000     0.00000     0.00000     0.00000     0.00000     0.00000     0.00000     0.00000     0.00000     0.00000     0.00000     0.00000     0.00000     0.00000     0.00000
   -78.36750     0.00000     0.00000     0.00000     0.00000     0.00000     0.00000     0.00000     0.00000     0.00000     0.00000     0.00000     0.00000     0.00000     0.00000     0.00000     0.00000     0.00000
   -78.30250     0.00000     0.00000     0.00000     0.00000     0.00000     0.00000     0.00000     0.00000     0.00000     0.00000     0.00000     0.00000     0.00000     0.00000     0.00000     0.00000     0.00000
   -78.23750     0.00000     0.00000     0.00000     0.00000     0.00000     0.00000     0.00000     0.00000     0.00000     0.00000     0.00000     0.00000     0.00000     0.00000     0.00000     0.00000     0.00000
   -78.17250     0.00000     0.00000     0.00000     0.00000     0.00000     0.00000     0.00000     0.00000     0.00000     0.00000     0.00000     0.00000     0.00000     0.00000     0.00000     0.00000     0.00000
   -78.10850     0.00000     0.00000     0.00000     0.00000     0.00000     0.00000     0.00000     0.00000     0.00000     0.00000     0.00000     0.00000     0.00000     0.00000     0.00000     0.00000     0.00000
   -78.04350     0.00000     0.00000     0.00000     0.00000     0.00000     0.00000     0.00000     0.00000     0.00000     0.00000     0.00000     0.00000     0.00000     0.00000     0.00000     0.00000     0.00000
   -77.97850     0.00000     0.00000     0.00000     0.00000     0.00000     0.00000     0.00000     0.00000     0.00000     0.00000     0.00000     0.00000     0.00000     0.00000     0.00000     0.00000     0.00000
   -77.91350     0.00000     0.00000     0.00000     0.00000     0.00000     0.00000     0.00000     0.00000     0.00000     0.00000     0.00000     0.00000     0.00000     0.00000     0.00000     0.00000     0.00000
   -77.84850     0.00000     0.00000     0.00000     0.00000     0.00000     0.00000     0.00000     0.00000     0.00000     0.00000     0.00000     0.00000     0.00000     0.00000     0.00000     0.00000     0.00000
   -77.78350     0.00000     0.00000     0.00000     0.00000     0.00000     0.00000     0.00000     0.00000     0.00000     0.00000     0.00000     0.00000     0.00000     0.00000     0.00000     0.00000     0.00000
   -77.71950     0.00000     0.00000     0.00000     0.00000     0.00000     0.00000     0.00000     0.00000     0.00000     0.00000     0.00000     0.00000     0.00000     0.00000     0.00000     0.00000     0.00000
   -77.65450     0.00000     0.00000     0.00000     0.00000     0.00000     0.00000     0.00000     0.00000     0.00000     0.00000     0.00000     0.00000     0.00000     0.00000     0.00000     0.00000     0.00000
   -77.58950     0.00000     0.00000     0.00000     0.00000     0.00000     0.00000     0.00000     0.00000     0.00000     0.00000     0.00000     0.00000     0.00000     0.00000     0.00000     0.00000     0.00000
   -77.52450     0.00000     0.00000     0.00000     0.00000     0.00000     0.00000     0.00000     0.00000     0.00000     0.00000     0.00000     0.00000     0.00000     0.00000     0.00000     0.00000     0.00000
   -77.45950     0.00000     0.00000     0.00000     0.00000     0.00000     0.00000     0.00000     0.00000     0.00000     0.00000     0.00000     0.00000     0.00000     0.00000     0.00000     0.00000     0.00000
   -77.39550     0.00000     0.00000     0.00000     0.00000     0.00000     0.00000     0.00000     0.00000     0.00000     0.00000     0.00000     0.00000     0.00000     0.00000     0.00000     0.00000     0.00000
   -77.33050     0.00000     0.00000     0.00000     0.00000     0.00000     0.00000     0.00000     0.00000     0.00000     0.00000     0.00000     0.00000     0.00000     0.00000     0.00000     0.00000     0.00000
   -77.26550     0.00000     0.00000     0.00000     0.00000     0.00000     0.00000     0.00000     0.00000     0.00000     0.00000     0.00000     0.00000     0.00000     0.00000     0.00000     0.00000     0.00000
   -77.20050     0.00000     0.00000     0.00000     0.00000     0.00000     0.00000     0.00000     0.00000     0.00000     0.00000     0.00000     0.00000     0.00000     0.00000     0.00000     0.00000     0.00000
   -77.13550     0.00000     0.00000     0.00000     0.00000     0.00000     0.00000     0.00000     0.00000     0.00000     0.00000     0.00000     0.00000     0.00000     0.00000     0.00000     0.00000     0.00000
   -77.07150     0.00000     0.00000     0.00000     0.00000     0.00000     0.00000     0.00000     0.00000     0.00000     0.00000     0.00000     0.00000     0.00000     0.00000     0.00000     0.00000     0.00000
   -77.00650     0.00000     0.00000     0.00000     0.00000     0.00000     0.00000     0.00000     0.00000     0.00000     0.00000     0.00000     0.00000     0.00000     0.00000     0.00000     0.00000     0.00000
   -76.94150     0.00000     0.00000     0.00000     0.00000     0.00000     0.00000     0.00000     0.00000     0.00000     0.00000     0.00000     0.00000     0.00000     0.00000     0.00000     0.00000     0.00000
   -76.87650     0.00000     0.00000     0.00000     0.00000     0.00000     0.00000     0.00000     0.00000     0.00000     0.00000     0.00000     0.00000     0.00000     0.00000     0.00000     0.00000     0.00000
   -76.81150     0.00000     0.00000     0.00000     0.00000     0.00000     0.00000     0.00000     0.00000     0.00000     0.00000     0.00000     0.00000     0.00000     0.00000     0.00000     0.00000     0.00000
   -76.74650     0.00000     0.00000     0.00000     0.00000     0.00000     0.00000     0.00000     0.00000     0.00000     0.00000     0.00000     0.00000     0.00000     0.00000     0.00000     0.00000     0.00000
   -76.68250     0.00000     0.00000     0.00000     0.00000     0.00000     0.00000     0.00000     0.00000     0.00000     0.00000     0.00000     0.00000     0.00000     0.00000     0.00000     0.00000     0.00000
   -76.61750     0.00000     0.00000     0.00000     0.00000     0.00000     0.00000     0.00000     0.00000     0.00000     0.00000     0.00000     0.00000     0.00000     0.00000     0.00000     0.00000     0.00000
   -76.55250     0.00000     0.00000     0.00000     0.00000     0.00000     0.00000     0.00000     0.00000     0.00000     0.00000     0.00000     0.00000     0.00000     0.00000     0.00000     0.00000     0.00000
   -76.48750     0.00000     0.00000     0.00000     0.00000     0.00000     0.00000     0.00000     0.00000     0.00000     0.00000     0.00000     0.00000     0.00000     0.00000     0.00000     0.00000     0.00000
   -76.42250     0.00000     0.00000     0.00000     0.00000     0.00000     0.00000     0.00000     0.00000     0.00000     0.00000     0.00000     0.00000     0.00000     0.00000     0.00000     0.00000     0.00000
   -76.35850     0.00000     0.00000     0.00000     0.00000     0.00000     0.00000     0.00000     0.00000     0.00000     0.00000     0.00000     0.00000     0.00000     0.00000     0.00000     0.00000     0.00000
   -76.29350     0.00000     0.00000     0.00000     0.00000     0.00000     0.00000     0.00000     0.00000     0.00000     0.00000     0.00000     0.00000     0.00000     0.00000     0.00000     0.00000     0.00000
   -76.22850     0.00000     0.00000     0.00000     0.00000     0.00000     0.00000     0.00000     0.00000     0.00000     0.00000     0.00000     0.00000     0.00000     0.00000     0.00000     0.00000     0.00000
   -76.16350     0.00000     0.00000     0.00000     0.00000     0.00000     0.00000     0.00000     0.00000     0.00000     0.00000     0.00000     0.00000     0.00000     0.00000     0.00000     0.00000     0.00000
   -76.09850     0.00000     0.00000     0.00000     0.00000     0.00000     0.00000     0.00000     0.00000     0.00000     0.00000     0.00000     0.00000     0.00000     0.00000     0.00000     0.00000     0.00000
   -76.03450     0.00000     0.00000     0.00000     0.00000     0.00000     0.00000     0.00000     0.00000     0.00000     0.00000     0.00000     0.00000     0.00000     0.00000     0.00000     0.00000     0.00000
   -75.96950     0.00000     0.00000     0.00000     0.00000     0.00000     0.00000     0.00000     0.00000     0.00000     0.00000     0.00000     0.00000     0.00000     0.00000     0.00000     0.00000     0.00000
   -75.90450     0.00000     0.00000     0.00000     0.00000     0.00000     0.00000     0.00000     0.00000     0.00000     0.00000     0.00000     0.00000     0.00000     0.00000     0.00000     0.00000     0.00000
   -75.83950     0.00000     0.00000     0.00000     0.00000     0.00000     0.00000     0.00000     0.00000     0.00000     0.00000     0.00000     0.00000     0.00000     0.00000     0.00000     0.00000     0.00000
   -75.77450     0.00000     0.00000     0.00000     0.00000     0.00000     0.00000     0.00000     0.00000     0.00000     0.00000     0.00000     0.00000     0.00000     0.00000     0.00000     0.00000     0.00000
   -75.70950     0.00000     0.00000     0.00000     0.00000     0.00000     0.00000     0.00000     0.00000     0.00000     0.00000     0.00000     0.00000     0.00000     0.00000     0.00000     0.00000     0.00000
   -75.64550     0.00000     0.00000     0.00000     0.00000     0.00000     0.00000     0.00000     0.00000     0.00000     0.00000     0.00000     0.00000     0.00000     0.00000     0.00000     0.00000     0.00000
   -75.58050     0.00000     0.00000     0.00000     0.00000     0.00000     0.00000     0.00000     0.00000     0.00000     0.00000     0.00000     0.00000     0.00000     0.00000     0.00000     0.00000     0.00000
   -75.51550     0.00000     0.00000     0.00000     0.00000     0.00000     0.00000     0.00000     0.00000     0.00000     0.00000     0.00000     0.00000     0.00000     0.00000     0.00000     0.00000     0.00000
   -75.45050     0.00000     0.00000     0.00000     0.00000     0.00000     0.00000     0.00000     0.00000     0.00000     0.00000     0.00000     0.00000     0.00000     0.00000     0.00000     0.00000     0.00000
   -75.38550     0.00000     0.00000     0.00000     0.00000     0.00000     0.00000     0.00000     0.00000     0.00000     0.00000     0.00000     0.00000     0.00000     0.00000     0.00000     0.00000     0.00000
   -75.32150     0.00000     0.00000     0.00000     0.00000     0.00000     0.00000     0.00000     0.00000     0.00000     0.00000     0.00000     0.00000     0.00000     0.00000     0.00000     0.00000     0.00000
   -75.25650     0.00000     0.00000     0.00000     0.00000     0.00000     0.00000     0.00000     0.00000     0.00000     0.00000     0.00000     0.00000     0.00000     0.00000     0.00000     0.00000     0.00000
   -75.19150     0.00000     0.00000     0.00000     0.00000     0.00000     0.00000     0.00000     0.00000     0.00000     0.00000     0.00000     0.00000     0.00000     0.00000     0.00000     0.00000     0.00000
   -75.12650     0.00000     0.00000     0.00000     0.00000     0.00000     0.00000     0.00000     0.00000     0.00000     0.00000     0.00000     0.00000     0.00000     0.00000     0.00000     0.00000     0.00000
   -75.06150     0.00000     0.00000     0.00000     0.00000     0.00000     0.00000     0.00000     0.00000     0.00000     0.00000     0.00000     0.00000     0.00000     0.00000     0.00000     0.00000     0.00000
   -74.99650     0.00000     0.00000     0.00000     0.00000     0.00000     0.00000     0.00000     0.00000     0.00000     0.00000     0.00000     0.00000     0.00000     0.00000     0.00000     0.00000     0.00000
   -74.93250     0.00000     0.00000     0.00000     0.00000     0.00000     0.00000     0.00000     0.00000     0.00000     0.00000     0.00000     0.00000     0.00000     0.00000     0.00000     0.00000     0.00000
   -74.86750     0.00000     0.00000     0.00000     0.00000     0.00000     0.00000     0.00000     0.00000     0.00000     0.00000     0.00000     0.00000     0.00000     0.00000     0.00000     0.00000     0.00000
   -74.80250     0.00000     0.00000     0.00000     0.00000     0.00000     0.00000     0.00000     0.00000     0.00000     0.00000     0.00000     0.00000     0.00000     0.00000     0.00000     0.00000     0.00000
   -74.73750     0.00000     0.00000     0.00000     0.00000     0.00000     0.00000     0.00000     0.00000     0.00000     0.00000     0.00000     0.00000     0.00000     0.00000     0.00000     0.00000     0.00000
   -74.67250     0.00000     0.00000     0.00000     0.00000     0.00000     0.00000     0.00000     0.00000     0.00000     0.00000     0.00000     0.00000     0.00000     0.00000     0.00000     0.00000     0.00000
   -74.60850     0.00000     0.00000     0.00000     0.00000     0.00000     0.00000     0.00000     0.00000     0.00000     0.00000     0.00000     0.00000     0.00000     0.00000     0.00000     0.00000     0.00000
   -74.54350     0.00000     0.00000     0.00000     0.00000     0.00000     0.00000     0.00000     0.00000     0.00000     0.00000     0.00000     0.00000     0.00000     0.00000     0.00000     0.00000     0.00000
   -74.47850     0.00000     0.00000     0.00000     0.00000     0.00000     0.00000     0.00000     0.00000     0.00000     0.00000     0.00000     0.00000     0.00000     0.00000     0.00000     0.00000     0.00000
   -74.41350     0.00000     0.00000     0.00000     0.00000     0.00000     0.00000     0.00000     0.00000     0.00000     0.00000     0.00000     0.00000     0.00000     0.00000     0.00000     0.00000     0.00000
   -74.34850     0.00000     0.00000     0.00000     0.00000     0.00000     0.00000     0.00000     0.00000     0.00000     0.00000     0.00000     0.00000     0.00000     0.00000     0.00000     0.00000     0.00000
   -74.28450     0.00000     0.00000     0.00000     0.00000     0.00000     0.00000     0.00000     0.00000     0.00000     0.00000     0.00000     0.00000     0.00000     0.00000     0.00000     0.00000     0.00000
   -74.21950     0.00000     0.00000     0.00000     0.00000     0.00000     0.00000     0.00000     0.00000     0.00000     0.00000     0.00000     0.00000     0.00000     0.00000     0.00000     0.00000     0.00000
   -74.15450     0.00000     0.00000     0.00000     0.00000     0.00000     0.00000     0.00000     0.00000     0.00000     0.00000     0.00000     0.00000     0.00000     0.00000     0.00000     0.00000     0.00000
   -74.08950     0.00000     0.00000     0.00000     0.00000     0.00000     0.00000     0.00000     0.00000     0.00000     0.00000     0.00000     0.00000     0.00000     0.00000     0.00000     0.00000     0.00000
   -74.02450     0.00000     0.00000     0.00000     0.00000     0.00000     0.00000     0.00000     0.00000     0.00000     0.00000     0.00000     0.00000     0.00000     0.00000     0.00000     0.00000     0.00000
   -73.95950     0.00000     0.00000     0.00000     0.00000     0.00000     0.00000     0.00000     0.00000     0.00000     0.00000     0.00000     0.00000     0.00000     0.00000     0.00000     0.00000     0.00000
   -73.89550     0.00000     0.00000     0.00000     0.00000     0.00000     0.00000     0.00000     0.00000     0.00000     0.00000     0.00000     0.00000     0.00000     0.00000     0.00000     0.00000     0.00000
   -73.83050     0.00000     0.00000     0.00000     0.00000     0.00000     0.00000     0.00000     0.00000     0.00000     0.00000     0.00000     0.00000     0.00000     0.00000     0.00000     0.00000     0.00000
   -73.76550     0.00000     0.00000     0.00000     0.00000     0.00000     0.00000     0.00000     0.00000     0.00000     0.00000     0.00000     0.00000     0.00000     0.00000     0.00000     0.00000     0.00000
   -73.70050     0.00000     0.00000     0.00000     0.00000     0.00000     0.00000     0.00000     0.00000     0.00000     0.00000     0.00000     0.00000     0.00000     0.00000     0.00000     0.00000     0.00000
   -73.63550     0.00000     0.00000     0.00000     0.00000     0.00000     0.00000     0.00000     0.00000     0.00000     0.00000     0.00000     0.00000     0.00000     0.00000     0.00000     0.00000     0.00000
   -73.57150     0.00000     0.00000     0.00000     0.00000     0.00000     0.00000     0.00000     0.00000     0.00000     0.00000     0.00000     0.00000     0.00000     0.00000     0.00000     0.00000     0.00000
   -73.50650     0.00000     0.00000     0.00000     0.00000     0.00000     0.00000     0.00000     0.00000     0.00000     0.00000     0.00000     0.00000     0.00000     0.00000     0.00000     0.00000     0.00000
   -73.44150     0.00000     0.00000     0.00000     0.00000     0.00000     0.00000     0.00000     0.00000     0.00000     0.00000     0.00000     0.00000     0.00000     0.00000     0.00000     0.00000     0.00000
   -73.37650     0.00000     0.00000     0.00000     0.00000     0.00000     0.00000     0.00000     0.00000     0.00000     0.00000     0.00000     0.00000     0.00000     0.00000     0.00000     0.00000     0.00000
   -73.31150     0.00000     0.00000     0.00000     0.00000     0.00000     0.00000     0.00000     0.00000     0.00000     0.00000     0.00000     0.00000     0.00000     0.00000     0.00000     0.00000     0.00000
   -73.24750     0.00000     0.00000     0.00000     0.00000     0.00000     0.00000     0.00000     0.00000     0.00000     0.00000     0.00000     0.00000     0.00000     0.00000     0.00000     0.00000     0.00000
   -73.18250     0.00000     0.00000     0.00000     0.00000     0.00000     0.00000     0.00000     0.00000     0.00000     0.00000     0.00000     0.00000     0.00000     0.00000     0.00000     0.00000     0.00000
   -73.11750     0.00000     0.00000     0.00000     0.00000     0.00000     0.00000     0.00000     0.00000     0.00000     0.00000     0.00000     0.00000     0.00000     0.00000     0.00000     0.00000     0.00000
   -73.05250     0.00000     0.00000     0.00000     0.00000     0.00000     0.00000     0.00000     0.00000     0.00000     0.00000     0.00000     0.00000     0.00000     0.00000     0.00000     0.00000     0.00000
   -72.98750     0.00000     0.00000     0.00000     0.00000     0.00000     0.00000     0.00000     0.00000     0.00000     0.00000     0.00000     0.00000     0.00000     0.00000     0.00000     0.00000     0.00000
   -72.92250     0.00000     0.00000     0.00000     0.00000     0.00000     0.00000     0.00000     0.00000     0.00000     0.00000     0.00000     0.00000     0.00000     0.00000     0.00000     0.00000     0.00000
   -72.85850     0.00000     0.00000     0.00000     0.00000     0.00000     0.00000     0.00000     0.00000     0.00000     0.00000     0.00000     0.00000     0.00000     0.00000     0.00000     0.00000     0.00000
   -72.79350     0.00000     0.00000     0.00000     0.00000     0.00000     0.00000     0.00000     0.00000     0.00000     0.00000     0.00000     0.00000     0.00000     0.00000     0.00000     0.00000     0.00000
   -72.72850     0.00000     0.00000     0.00000     0.00000     0.00000     0.00000     0.00000     0.00000     0.00000     0.00000     0.00000     0.00000     0.00000     0.00000     0.00000     0.00000     0.00000
   -72.66350     0.00000     0.00000     0.00000     0.00000     0.00000     0.00000     0.00000     0.00000     0.00000     0.00000     0.00000     0.00000     0.00000     0.00000     0.00000     0.00000     0.00000
   -72.59850     0.00000     0.00000     0.00000     0.00000     0.00000     0.00000     0.00000     0.00000     0.00000     0.00000     0.00000     0.00000     0.00000     0.00000     0.00000     0.00000     0.00000
   -72.53450     0.00000     0.00000     0.00000     0.00000     0.00000     0.00000     0.00000     0.00000     0.00000     0.00000     0.00000     0.00000     0.00000     0.00000     0.00000     0.00000     0.00000
   -72.46950     0.00000     0.00000     0.00000     0.00000     0.00000     0.00000     0.00000     0.00000     0.00000     0.00000     0.00000     0.00000     0.00000     0.00000     0.00000     0.00000     0.00000
   -72.40450     0.00000     0.00000     0.00000     0.00000     0.00000     0.00000     0.00000     0.00000     0.00000     0.00000     0.00000     0.00000     0.00000     0.00000     0.00000     0.00000     0.00000
   -72.33950     0.00000     0.00000     0.00000     0.00000     0.00000     0.00000     0.00000     0.00000     0.00000     0.00000     0.00000     0.00000     0.00000     0.00000     0.00000     0.00000     0.00000
   -72.27450     0.00000     0.00000     0.00000     0.00000     0.00000     0.00000     0.00000     0.00000     0.00000     0.00000     0.00000     0.00000     0.00000     0.00000     0.00000     0.00000     0.00000
   -72.21050     0.00000     0.00000     0.00000     0.00000     0.00000     0.00000     0.00000     0.00000     0.00000     0.00000     0.00000     0.00000     0.00000     0.00000     0.00000     0.00000     0.00000
   -72.14550     0.00000     0.00000     0.00000     0.00000     0.00000     0.00000     0.00000     0.00000     0.00000     0.00000     0.00000     0.00000     0.00000     0.00000     0.00000     0.00000     0.00000
   -72.08050     0.00000     0.00000     0.00000     0.00000     0.00000     0.00000     0.00000     0.00000     0.00000     0.00000     0.00000     0.00000     0.00000     0.00000     0.00000     0.00000     0.00000
   -72.01550     0.00000     0.00000     0.00000     0.00000     0.00000     0.00000     0.00000     0.00000     0.00000     0.00000     0.00000     0.00000     0.00000     0.00000     0.00000     0.00000     0.00000
   -71.95050     0.00000     0.00000     0.00000     0.00000     0.00000     0.00000     0.00000     0.00000     0.00000     0.00000     0.00000     0.00000     0.00000     0.00000     0.00000     0.00000     0.00000
   -71.88550     0.00000     0.00000     0.00000     0.00000     0.00000     0.00000     0.00000     0.00000     0.00000     0.00000     0.00000     0.00000     0.00000     0.00000     0.00000     0.00000     0.00000
   -71.82150     0.00000     0.00000     0.00000     0.00000     0.00000     0.00000     0.00000     0.00000     0.00000     0.00000     0.00000     0.00000     0.00000     0.00000     0.00000     0.00000     0.00000
   -71.75650     0.00000     0.00000     0.00000     0.00000     0.00000     0.00000     0.00000     0.00000     0.00000     0.00000     0.00000     0.00000     0.00000     0.00000     0.00000     0.00000     0.00000
   -71.69150     0.00000     0.00000     0.00000     0.00000     0.00000     0.00000     0.00000     0.00000     0.00000     0.00000     0.00000     0.00000     0.00000     0.00000     0.00000     0.00000     0.00000
   -71.62650     0.00000     0.00000     0.00000     0.00000     0.00000     0.00000     0.00000     0.00000     0.00000     0.00000     0.00000     0.00000     0.00000     0.00000     0.00000     0.00000     0.00000
   -71.56150     0.00000     0.00000     0.00000     0.00000     0.00000     0.00000     0.00000     0.00000     0.00000     0.00000     0.00000     0.00000     0.00000     0.00000     0.00000     0.00000     0.00000
   -71.49750     0.00000     0.00000     0.00000     0.00000     0.00000     0.00000     0.00000     0.00000     0.00000     0.00000     0.00000     0.00000     0.00000     0.00000     0.00000     0.00000     0.00000
   -71.43250     0.00000     0.00000     0.00000     0.00000     0.00000     0.00000     0.00000     0.00000     0.00000     0.00000     0.00000     0.00000     0.00000     0.00000     0.00000     0.00000     0.00000
   -71.36750     0.00000     0.00000     0.00000     0.00000     0.00000     0.00000     0.00000     0.00000     0.00000     0.00000     0.00000     0.00000     0.00000     0.00000     0.00000     0.00000     0.00000
   -71.30250     0.00000     0.00000     0.00000     0.00000     0.00000     0.00000     0.00000     0.00000     0.00000     0.00000     0.00000     0.00000     0.00000     0.00000     0.00000     0.00000     0.00000
   -71.23750     0.00000     0.00000     0.00000     0.00000     0.00000     0.00000     0.00000     0.00000     0.00000     0.00000     0.00000     0.00000     0.00000     0.00000     0.00000     0.00000     0.00000
   -71.17350     0.00000     0.00000     0.00000     0.00000     0.00000     0.00000     0.00000     0.00000     0.00000     0.00000     0.00000     0.00000     0.00000     0.00000     0.00000     0.00000     0.00000
   -71.10850     0.00000     0.00000     0.00000     0.00000     0.00000     0.00000     0.00000     0.00000     0.00000     0.00000     0.00000     0.00000     0.00000     0.00000     0.00000     0.00000     0.00000
   -71.04350     0.00000     0.00000     0.00000     0.00000     0.00000     0.00000     0.00000     0.00000     0.00000     0.00000     0.00000     0.00000     0.00000     0.00000     0.00000     0.00000     0.00000
   -70.97850     0.00000     0.00000     0.00000     0.00000     0.00000     0.00000     0.00000     0.00000     0.00000     0.00000     0.00000     0.00000     0.00000     0.00000     0.00000     0.00000     0.00000
   -70.91350     0.00000     0.00000     0.00000     0.00000     0.00000     0.00000     0.00000     0.00000     0.00000     0.00000     0.00000     0.00000     0.00000     0.00000     0.00000     0.00000     0.00000
   -70.84850     0.00000     0.00000     0.00000     0.00000     0.00000     0.00000     0.00000     0.00000     0.00000     0.00000     0.00000     0.00000     0.00000     0.00000     0.00000     0.00000     0.00000
   -70.78450     0.00000     0.00000     0.00000     0.00000     0.00000     0.00000     0.00000     0.00000     0.00000     0.00000     0.00000     0.00000     0.00000     0.00000     0.00000     0.00000     0.00000
   -70.71950     0.00000     0.00000     0.00000     0.00000     0.00000     0.00000     0.00000     0.00000     0.00000     0.00000     0.00000     0.00000     0.00000     0.00000     0.00000     0.00000     0.00000
   -70.65450     0.00000     0.00000     0.00000     0.00000     0.00000     0.00000     0.00000     0.00000     0.00000     0.00000     0.00000     0.00000     0.00000     0.00000     0.00000     0.00000     0.00000
   -70.58950     0.00000     0.00000     0.00000     0.00000     0.00000     0.00000     0.00000     0.00000     0.00000     0.00000     0.00000     0.00000     0.00000     0.00000     0.00000     0.00000     0.00000
   -70.52450     0.00000     0.00000     0.00000     0.00000     0.00000     0.00000     0.00000     0.00000     0.00000     0.00000     0.00000     0.00000     0.00000     0.00000     0.00000     0.00000     0.00000
   -70.46050     0.00000     0.00000     0.00000     0.00000     0.00000     0.00000     0.00000     0.00000     0.00000     0.00000     0.00000     0.00000     0.00000     0.00000     0.00000     0.00000     0.00000
   -70.39550     0.00000     0.00000     0.00000     0.00000     0.00000     0.00000     0.00000     0.00000     0.00000     0.00000     0.00000     0.00000     0.00000     0.00000     0.00000     0.00000     0.00000
   -70.33050     0.00000     0.00000     0.00000     0.00000     0.00000     0.00000     0.00000     0.00000     0.00000     0.00000     0.00000     0.00000     0.00000     0.00000     0.00000     0.00000     0.00000
   -70.26550     0.00000     0.00000     0.00000     0.00000     0.00000     0.00000     0.00000     0.00000     0.00000     0.00000     0.00000     0.00000     0.00000     0.00000     0.00000     0.00000     0.00000
   -70.20050     0.00000     0.00000     0.00000     0.00000     0.00000     0.00000     0.00000     0.00000     0.00000     0.00000     0.00000     0.00000     0.00000     0.00000     0.00000     0.00000     0.00000
   -70.13650     0.00000     0.00000     0.00000     0.00000     0.00000     0.00000     0.00000     0.00000     0.00000     0.00000     0.00000     0.00000     0.00000     0.00000     0.00000     0.00000     0.00000
   -70.07150     0.00000     0.00000     0.00000     0.00000     0.00000     0.00000     0.00000     0.00000     0.00000     0.00000     0.00000     0.00000     0.00000     0.00000     0.00000     0.00000     0.00000
   -70.00650     0.00000     0.00000     0.00000     0.00000     0.00000     0.00000     0.00000     0.00000     0.00000     0.00000     0.00000     0.00000     0.00000     0.00000     0.00000     0.00000     0.00000
   -69.94150     0.00000     0.00000     0.00000     0.00000     0.00000     0.00000     0.00000     0.00000     0.00000     0.00000     0.00000     0.00000     0.00000     0.00000     0.00000     0.00000     0.00000
   -69.87650     0.00000     0.00000     0.00000     0.00000     0.00000     0.00000     0.00000     0.00000     0.00000     0.00000     0.00000     0.00000     0.00000     0.00000     0.00000     0.00000     0.00000
   -69.81150     0.00000     0.00000     0.00000     0.00000     0.00000     0.00000     0.00000     0.00000     0.00000     0.00000     0.00000     0.00000     0.00000     0.00000     0.00000     0.00000     0.00000
   -69.74750     0.00000     0.00000     0.00000     0.00000     0.00000     0.00000     0.00000     0.00000     0.00000     0.00000     0.00000     0.00000     0.00000     0.00000     0.00000     0.00000     0.00000
   -69.68250     0.00000     0.00000     0.00000     0.00000     0.00000     0.00000     0.00000     0.00000     0.00000     0.00000     0.00000     0.00000     0.00000     0.00000     0.00000     0.00000     0.00000
   -69.61750     0.00000     0.00000     0.00000     0.00000     0.00000     0.00000     0.00000     0.00000     0.00000     0.00000     0.00000     0.00000     0.00000     0.00000     0.00000     0.00000     0.00000
   -69.55250     0.00000     0.00000     0.00000     0.00000     0.00000     0.00000     0.00000     0.00000     0.00000     0.00000     0.00000     0.00000     0.00000     0.00000     0.00000     0.00000     0.00000
   -69.48750     0.00000     0.00000     0.00000     0.00000     0.00000     0.00000     0.00000     0.00000     0.00000     0.00000     0.00000     0.00000     0.00000     0.00000     0.00000     0.00000     0.00000
   -69.42350     0.00000     0.00000     0.00000     0.00000     0.00000     0.00000     0.00000     0.00000     0.00000     0.00000     0.00000     0.00000     0.00000     0.00000     0.00000     0.00000     0.00000
   -69.35850     0.00000     0.00000     0.00000     0.00000     0.00000     0.00000     0.00000     0.00000     0.00000     0.00000     0.00000     0.00000     0.00000     0.00000     0.00000     0.00000     0.00000
   -69.29350     0.00000     0.00000     0.00000     0.00000     0.00000     0.00000     0.00000     0.00000     0.00000     0.00000     0.00000     0.00000     0.00000     0.00000     0.00000     0.00000     0.00000
   -69.22850     0.00000     0.00000     0.00000     0.00000     0.00000     0.00000     0.00000     0.00000     0.00000     0.00000     0.00000     0.00000     0.00000     0.00000     0.00000     0.00000     0.00000
   -69.16350     0.00000     0.00000     0.00000     0.00000     0.00000     0.00000     0.00000     0.00000     0.00000     0.00000     0.00000     0.00000     0.00000     0.00000     0.00000     0.00000     0.00000
   -69.09950     0.00000     0.00000     0.00000     0.00000     0.00000     0.00000     0.00000     0.00000     0.00000     0.00000     0.00000     0.00000     0.00000     0.00000     0.00000     0.00000     0.00000
   -69.03450     0.00000     0.00000     0.00000     0.00000     0.00000     0.00000     0.00000     0.00000     0.00000     0.00000     0.00000     0.00000     0.00000     0.00000     0.00000     0.00000     0.00000
   -68.96950     0.00000     0.00000     0.00000     0.00000     0.00000     0.00000     0.00000     0.00000     0.00000     0.00000     0.00000     0.00000     0.00000     0.00000     0.00000     0.00000     0.00000
   -68.90450     0.00000     0.00000     0.00000     0.00000     0.00000     0.00000     0.00000     0.00000     0.00000     0.00000     0.00000     0.00000     0.00000     0.00000     0.00000     0.00000     0.00000
   -68.83950     0.00000     0.00000     0.00000     0.00000     0.00000     0.00000     0.00000     0.00000     0.00000     0.00000     0.00000     0.00000     0.00000     0.00000     0.00000     0.00000     0.00000
   -68.77450     0.00000     0.00000     0.00000     0.00000     0.00000     0.00000     0.00000     0.00000     0.00000     0.00000     0.00000     0.00000     0.00000     0.00000     0.00000     0.00000     0.00000
   -68.71050     0.00000     0.00000     0.00000     0.00000     0.00000     0.00000     0.00000     0.00000     0.00000     0.00000     0.00000     0.00000     0.00000     0.00000     0.00000     0.00000     0.00000
   -68.64550     0.00000     0.00000     0.00000     0.00000     0.00000     0.00000     0.00000     0.00000     0.00000     0.00000     0.00000     0.00000     0.00000     0.00000     0.00000     0.00000     0.00000
   -68.58050     0.00000     0.00000     0.00000     0.00000     0.00000     0.00000     0.00000     0.00000     0.00000     0.00000     0.00000     0.00000     0.00000     0.00000     0.00000     0.00000     0.00000
   -68.51550     0.00000     0.00000     0.00000     0.00000     0.00000     0.00000     0.00000     0.00000     0.00000     0.00000     0.00000     0.00000     0.00000     0.00000     0.00000     0.00000     0.00000
   -68.45050     0.00000     0.00000     0.00000     0.00000     0.00000     0.00000     0.00000     0.00000     0.00000     0.00000     0.00000     0.00000     0.00000     0.00000     0.00000     0.00000     0.00000
   -68.38650     0.00000     0.00000     0.00000     0.00000     0.00000     0.00000     0.00000     0.00000     0.00000     0.00000     0.00000     0.00000     0.00000     0.00000     0.00000     0.00000     0.00000
   -68.32150     0.00000     0.00000     0.00000     0.00000     0.00000     0.00000     0.00000     0.00000     0.00000     0.00000     0.00000     0.00000     0.00000     0.00000     0.00000     0.00000     0.00000
   -68.25650     0.00000     0.00000     0.00000     0.00000     0.00000     0.00000     0.00000     0.00000     0.00000     0.00000     0.00000     0.00000     0.00000     0.00000     0.00000     0.00000     0.00000
   -68.19150     0.00000     0.00000     0.00000     0.00000     0.00000     0.00000     0.00000     0.00000     0.00000     0.00000     0.00000     0.00000     0.00000     0.00000     0.00000     0.00000     0.00000
   -68.12650     0.00000     0.00000     0.00000     0.00000     0.00000     0.00000     0.00000     0.00000     0.00000     0.00000     0.00000     0.00000     0.00000     0.00000     0.00000     0.00000     0.00000
   -68.06150     0.00000     0.00000     0.00000     0.00000     0.00000     0.00000     0.00000     0.00000     0.00000     0.00000     0.00000     0.00000     0.00000     0.00000     0.00000     0.00000     0.00000
   -67.99750     0.00000     0.00000     0.00000     0.00000     0.00000     0.00000     0.00000     0.00000     0.00000     0.00000     0.00000     0.00000     0.00000     0.00000     0.00000     0.00000     0.00000
   -67.93250     0.00000     0.00000     0.00000     0.00000     0.00000     0.00000     0.00000     0.00000     0.00000     0.00000     0.00000     0.00000     0.00000     0.00000     0.00000     0.00000     0.00000
   -67.86750     0.00000     0.00000     0.00000     0.00000     0.00000     0.00000     0.00000     0.00000     0.00000     0.00000     0.00000     0.00000     0.00000     0.00000     0.00000     0.00000     0.00000
   -67.80250     0.00000     0.00000     0.00000     0.00000     0.00000     0.00000     0.00000     0.00000     0.00000     0.00000     0.00000     0.00000     0.00000     0.00000     0.00000     0.00000     0.00000
   -67.73750     0.00000     0.00000     0.00000     0.00000     0.00000     0.00000     0.00000     0.00000     0.00000     0.00000     0.00000     0.00000     0.00000     0.00000     0.00000     0.00000     0.00000
   -67.67350     0.00000     0.00000     0.00000     0.00000     0.00000     0.00000     0.00000     0.00000     0.00000     0.00000     0.00000     0.00000     0.00000     0.00000     0.00000     0.00000     0.00000
   -67.60850     0.00000     0.00000     0.00000     0.00000     0.00000     0.00000     0.00000     0.00000     0.00000     0.00000     0.00000     0.00000     0.00000     0.00000     0.00000     0.00000     0.00000
   -67.54350     0.00000     0.00000     0.00000     0.00000     0.00000     0.00000     0.00000     0.00000     0.00000     0.00000     0.00000     0.00000     0.00000     0.00000     0.00000     0.00000     0.00000
   -67.47850     0.00000     0.00000     0.00000     0.00000     0.00000     0.00000     0.00000     0.00000     0.00000     0.00000     0.00000     0.00000     0.00000     0.00000     0.00000     0.00000     0.00000
   -67.41350     0.00000     0.00000     0.00000     0.00000     0.00000     0.00000     0.00000     0.00000     0.00000     0.00000     0.00000     0.00000     0.00000     0.00000     0.00000     0.00000     0.00000
   -67.34950     0.00000     0.00000     0.00000     0.00000     0.00000     0.00000     0.00000     0.00000     0.00000     0.00000     0.00000     0.00000     0.00000     0.00000     0.00000     0.00000     0.00000
   -67.28450     0.00000     0.00000     0.00000     0.00000     0.00000     0.00000     0.00000     0.00000     0.00000     0.00000     0.00000     0.00000     0.00000     0.00000     0.00000     0.00000     0.00000
   -67.21950     0.00000     0.00000     0.00000     0.00000     0.00000     0.00000     0.00000     0.00000     0.00000     0.00000     0.00000     0.00000     0.00000     0.00000     0.00000     0.00000     0.00000
   -67.15450     0.00000     0.00000     0.00000     0.00000     0.00000     0.00000     0.00000     0.00000     0.00000     0.00000     0.00000     0.00000     0.00000     0.00000     0.00000     0.00000     0.00000
   -67.08950     0.00000     0.00000     0.00000     0.00000     0.00000     0.00000     0.00000     0.00000     0.00000     0.00000     0.00000     0.00000     0.00000     0.00000     0.00000     0.00000     0.00000
   -67.02450     0.00000     0.00000     0.00000     0.00000     0.00000     0.00000     0.00000     0.00000     0.00000     0.00000     0.00000     0.00000     0.00000     0.00000     0.00000     0.00000     0.00000
   -66.96050     0.00000     0.00000     0.00000     0.00000     0.00000     0.00000     0.00000     0.00000     0.00000     0.00000     0.00000     0.00000     0.00000     0.00000     0.00000     0.00000     0.00000
   -66.89550     0.00000     0.00000     0.00000     0.00000     0.00000     0.00000     0.00000     0.00000     0.00000     0.00000     0.00000     0.00000     0.00000     0.00000     0.00000     0.00000     0.00000
   -66.83050     0.00000     0.00000     0.00000     0.00000     0.00000     0.00000     0.00000     0.00000     0.00000     0.00000     0.00000     0.00000     0.00000     0.00000     0.00000     0.00000     0.00000
   -66.76550     0.00000     0.00000     0.00000     0.00000     0.00000     0.00000     0.00000     0.00000     0.00000     0.00000     0.00000     0.00000     0.00000     0.00000     0.00000     0.00000     0.00000
   -66.70050     0.00000     0.00000     0.00000     0.00000     0.00000     0.00000     0.00000     0.00000     0.00000     0.00000     0.00000     0.00000     0.00000     0.00000     0.00000     0.00000     0.00000
   -66.63650     0.00000     0.00000     0.00000     0.00000     0.00000     0.00000     0.00000     0.00000     0.00000     0.00000     0.00000     0.00000     0.00000     0.00000     0.00000     0.00000     0.00000
   -66.57150     0.00000     0.00000     0.00000     0.00000     0.00000     0.00000     0.00000     0.00000     0.00000     0.00000     0.00000     0.00000     0.00000     0.00000     0.00000     0.00000     0.00000
   -66.50650     0.00000     0.00000     0.00000     0.00000     0.00000     0.00000     0.00000     0.00000     0.00000     0.00000     0.00000     0.00000     0.00000     0.00000     0.00000     0.00000     0.00000
   -66.44150     0.00000     0.00000     0.00000     0.00000     0.00000     0.00000     0.00000     0.00000     0.00000     0.00000     0.00000     0.00000     0.00000     0.00000     0.00000     0.00000     0.00000
   -66.37650     0.00000     0.00000     0.00000     0.00000     0.00000     0.00000     0.00000     0.00000     0.00000     0.00000     0.00000     0.00000     0.00000     0.00000     0.00000     0.00000     0.00000
   -66.31250     0.00000     0.00000     0.00000     0.00000     0.00000     0.00000     0.00000     0.00000     0.00000     0.00000     0.00000     0.00000     0.00000     0.00000     0.00000     0.00000     0.00000
   -66.24750     0.00000     0.00000     0.00000     0.00000     0.00000     0.00000     0.00000     0.00000     0.00000     0.00000     0.00000     0.00000     0.00000     0.00000     0.00000     0.00000     0.00000
   -66.18250     0.00000     0.00000     0.00000     0.00000     0.00000     0.00000     0.00000     0.00000     0.00000     0.00000     0.00000     0.00000     0.00000     0.00000     0.00000     0.00000     0.00000
   -66.11750     0.00000     0.00000     0.00000     0.00000     0.00000     0.00000     0.00000     0.00000     0.00000     0.00000     0.00000     0.00000     0.00000     0.00000     0.00000     0.00000     0.00000
   -66.05250     0.00000     0.00000     0.00000     0.00000     0.00000     0.00000     0.00000     0.00000     0.00000     0.00000     0.00000     0.00000     0.00000     0.00000     0.00000     0.00000     0.00000
   -65.98750     0.00000     0.00000     0.00000     0.00000     0.00000     0.00000     0.00000     0.00000     0.00000     0.00000     0.00000     0.00000     0.00000     0.00000     0.00000     0.00000     0.00000
   -65.92350     0.00000     0.00000     0.00000     0.00000     0.00000     0.00000     0.00000     0.00000     0.00000     0.00000     0.00000     0.00000     0.00000     0.00000     0.00000     0.00000     0.00000
   -65.85850     0.00000     0.00000     0.00000     0.00000     0.00000     0.00000     0.00000     0.00000     0.00000     0.00000     0.00000     0.00000     0.00000     0.00000     0.00000     0.00000     0.00000
   -65.79350     0.00000     0.00000     0.00000     0.00000     0.00000     0.00000     0.00000     0.00000     0.00000     0.00000     0.00000     0.00000     0.00000     0.00000     0.00000     0.00000     0.00000
   -65.72850     0.00000     0.00000     0.00000     0.00000     0.00000     0.00000     0.00000     0.00000     0.00000     0.00000     0.00000     0.00000     0.00000     0.00000     0.00000     0.00000     0.00000
   -65.66350     0.00000     0.00000     0.00000     0.00000     0.00000     0.00000     0.00000     0.00000     0.00000     0.00000     0.00000     0.00000     0.00000     0.00000     0.00000     0.00000     0.00000
   -65.59950     0.00000     0.00000     0.00000     0.00000     0.00000     0.00000     0.00000     0.00000     0.00000     0.00000     0.00000     0.00000     0.00000     0.00000     0.00000     0.00000     0.00000
   -65.53450     0.00000     0.00000     0.00000     0.00000     0.00000     0.00000     0.00000     0.00000     0.00000     0.00000     0.00000     0.00000     0.00000     0.00000     0.00000     0.00000     0.00000
   -65.46950     0.00000     0.00000     0.00000     0.00000     0.00000     0.00000     0.00000     0.00000     0.00000     0.00000     0.00000     0.00000     0.00000     0.00000     0.00000     0.00000     0.00000
   -65.40450     0.00000     0.00000     0.00000     0.00000     0.00000     0.00000     0.00000     0.00000     0.00000     0.00000     0.00000     0.00000     0.00000     0.00000     0.00000     0.00000     0.00000
   -65.33950     0.00000     0.00000     0.00000     0.00000     0.00000     0.00000     0.00000     0.00000     0.00000     0.00000     0.00000     0.00000     0.00000     0.00000     0.00000     0.00000     0.00000
   -65.27550     0.00000     0.00000     0.00000     0.00000     0.00000     0.00000     0.00000     0.00000     0.00000     0.00000     0.00000     0.00000     0.00000     0.00000     0.00000     0.00000     0.00000
   -65.21050     0.00000     0.00000     0.00000     0.00000     0.00000     0.00000     0.00000     0.00000     0.00000     0.00000     0.00000     0.00000     0.00000     0.00000     0.00000     0.00000     0.00000
   -65.14550     0.00000     0.00000     0.00000     0.00000     0.00000     0.00000     0.00000     0.00000     0.00000     0.00000     0.00000     0.00000     0.00000     0.00000     0.00000     0.00000     0.00000
   -65.08050     0.00000     0.00000     0.00000     0.00000     0.00000     0.00000     0.00000     0.00000     0.00000     0.00000     0.00000     0.00000     0.00000     0.00000     0.00000     0.00000     0.00000
   -65.01550     0.00000     0.00000     0.00000     0.00000     0.00000     0.00000     0.00000     0.00000     0.00000     0.00000     0.00000     0.00000     0.00000     0.00000     0.00000     0.00000     0.00000
   -64.95050     0.00000     0.00000     0.00000     0.00000     0.00000     0.00000     0.00000     0.00000     0.00000     0.00000     0.00000     0.00000     0.00000     0.00000     0.00000     0.00000     0.00000
   -64.88650     0.00000     0.00000     0.00000     0.00000     0.00000     0.00000     0.00000     0.00000     0.00000     0.00000     0.00000     0.00000     0.00000     0.00000     0.00000     0.00000     0.00000
   -64.82150     0.00000     0.00000     0.00000     0.00000     0.00000     0.00000     0.00000     0.00000     0.00000     0.00000     0.00000     0.00000     0.00000     0.00000     0.00000     0.00000     0.00000
   -64.75650     0.00000     0.00000     0.00000     0.00000     0.00000     0.00000     0.00000     0.00000     0.00000     0.00000     0.00000     0.00000     0.00000     0.00000     0.00000     0.00000     0.00000
   -64.69150     0.00000     0.00000     0.00000     0.00000     0.00000     0.00000     0.00000     0.00000     0.00000     0.00000     0.00000     0.00000     0.00000     0.00000     0.00000     0.00000     0.00000
   -64.62650     0.00000     0.00000     0.00000     0.00000     0.00000     0.00000     0.00000     0.00000     0.00000     0.00000     0.00000     0.00000     0.00000     0.00000     0.00000     0.00000     0.00000
   -64.56250     0.00000     0.00000     0.00000     0.00000     0.00000     0.00000     0.00000     0.00000     0.00000     0.00000     0.00000     0.00000     0.00000     0.00000     0.00000     0.00000     0.00000
   -64.49750     0.00000     0.00000     0.00000     0.00000     0.00000     0.00000     0.00000     0.00000     0.00000     0.00000     0.00000     0.00000     0.00000     0.00000     0.00000     0.00000     0.00000
   -64.43250     0.00000     0.00000     0.00000     0.00000     0.00000     0.00000     0.00000     0.00000     0.00000     0.00000     0.00000     0.00000     0.00000     0.00000     0.00000     0.00000     0.00000
   -64.36750     0.00000     0.00000     0.00000     0.00000     0.00000     0.00000     0.00000     0.00000     0.00000     0.00000     0.00000     0.00000     0.00000     0.00000     0.00000     0.00000     0.00000
   -64.30250     0.00000     0.00000     0.00000     0.00000     0.00000     0.00000     0.00000     0.00000     0.00000     0.00000     0.00000     0.00000     0.00000     0.00000     0.00000     0.00000     0.00000
   -64.23850     0.00000     0.00000     0.00000     0.00000     0.00000     0.00000     0.00000     0.00000     0.00000     0.00000     0.00000     0.00000     0.00000     0.00000     0.00000     0.00000     0.00000
   -64.17350     0.00000     0.00000     0.00000     0.00000     0.00000     0.00000     0.00000     0.00000     0.00000     0.00000     0.00000     0.00000     0.00000     0.00000     0.00000     0.00000     0.00000
   -64.10850     0.00000     0.00000     0.00000     0.00000     0.00000     0.00000     0.00000     0.00000     0.00000     0.00000     0.00000     0.00000     0.00000     0.00000     0.00000     0.00000     0.00000
   -64.04350     0.00000     0.00000     0.00000     0.00000     0.00000     0.00000     0.00000     0.00000     0.00000     0.00000     0.00000     0.00000     0.00000     0.00000     0.00000     0.00000     0.00000
   -63.97850     0.00000     0.00000     0.00000     0.00000     0.00000     0.00000     0.00000     0.00000     0.00000     0.00000     0.00000     0.00000     0.00000     0.00000     0.00000     0.00000     0.00000
   -63.91350     0.00000     0.00000     0.00000     0.00000     0.00000     0.00000     0.00000     0.00000     0.00000     0.00000     0.00000     0.00000     0.00000     0.00000     0.00000     0.00000     0.00000
   -63.84950     0.00000     0.00000     0.00000     0.00000     0.00000     0.00000     0.00000     0.00000     0.00000     0.00000     0.00000     0.00000     0.00000     0.00000     0.00000     0.00000     0.00000
   -63.78450     0.00000     0.00000     0.00000     0.00000     0.00000     0.00000     0.00000     0.00000     0.00000     0.00000     0.00000     0.00000     0.00000     0.00000     0.00000     0.00000     0.00000
   -63.71950     0.00000     0.00000     0.00000     0.00000     0.00000     0.00000     0.00000     0.00000     0.00000     0.00000     0.00000     0.00000     0.00000     0.00000     0.00000     0.00000     0.00000
   -63.65450     0.00000     0.00000     0.00000     0.00000     0.00000     0.00000     0.00000     0.00000     0.00000     0.00000     0.00000     0.00000     0.00000     0.00000     0.00000     0.00000     0.00000
   -63.58950     0.00000     0.00000     0.00000     0.00000     0.00000     0.00000     0.00000     0.00000     0.00000     0.00000     0.00000     0.00000     0.00000     0.00000     0.00000     0.00000     0.00000
   -63.52550     0.00000     0.00000     0.00000     0.00000     0.00000     0.00000     0.00000     0.00000     0.00000     0.00000     0.00000     0.00000     0.00000     0.00000     0.00000     0.00000     0.00000
   -63.46050     0.00000     0.00000     0.00000     0.00000     0.00000     0.00000     0.00000     0.00000     0.00000     0.00000     0.00000     0.00000     0.00000     0.00000     0.00000     0.00000     0.00000
   -63.39550     0.00000     0.00000     0.00000     0.00000     0.00000     0.00000     0.00000     0.00000     0.00000     0.00000     0.00000     0.00000     0.00000     0.00000     0.00000     0.00000     0.00000
   -63.33050     0.00000     0.00000     0.00000     0.00000     0.00000     0.00000     0.00000     0.00000     0.00000     0.00000     0.00000     0.00000     0.00000     0.00000     0.00000     0.00000     0.00000
   -63.26550     0.00000     0.00000     0.00000     0.00000     0.00000     0.00000     0.00000     0.00000     0.00000     0.00000     0.00000     0.00000     0.00000     0.00000     0.00000     0.00000     0.00000
   -63.20150     0.00000     0.00000     0.00000     0.00000     0.00000     0.00000     0.00000     0.00000     0.00000     0.00000     0.00000     0.00000     0.00000     0.00000     0.00000     0.00000     0.00000
   -63.13650     0.00000     0.00000     0.00000     0.00000     0.00000     0.00000     0.00000     0.00000     0.00000     0.00000     0.00000     0.00000     0.00000     0.00000     0.00000     0.00000     0.00000
   -63.07150     0.00000     0.00000     0.00000     0.00000     0.00000     0.00000     0.00000     0.00000     0.00000     0.00000     0.00000     0.00000     0.00000     0.00000     0.00000     0.00000     0.00000
   -63.00650     0.00000     0.00000     0.00000     0.00000     0.00000     0.00000     0.00000     0.00000     0.00000     0.00000     0.00000     0.00000     0.00000     0.00000     0.00000     0.00000     0.00000
   -62.94150     0.00000     0.00000     0.00000     0.00000     0.00000     0.00000     0.00000     0.00000     0.00000     0.00000     0.00000     0.00000     0.00000     0.00000     0.00000     0.00000     0.00000
   -62.87650     0.00000     0.00000     0.00000     0.00000     0.00000     0.00000     0.00000     0.00000     0.00000     0.00000     0.00000     0.00000     0.00000     0.00000     0.00000     0.00000     0.00000
   -62.81250     0.00000     0.00000     0.00000     0.00000     0.00000     0.00000     0.00000     0.00000     0.00000     0.00000     0.00000     0.00000     0.00000     0.00000     0.00000     0.00000     0.00000
   -62.74750     0.00000     0.00000     0.00000     0.00000     0.00000     0.00000     0.00000     0.00000     0.00000     0.00000     0.00000     0.00000     0.00000     0.00000     0.00000     0.00000     0.00000
   -62.68250     0.00000     0.00000     0.00000     0.00000     0.00000     0.00000     0.00000     0.00000     0.00000     0.00000     0.00000     0.00000     0.00000     0.00000     0.00000     0.00000     0.00000
   -62.61750     0.00000     0.00000     0.00000     0.00000     0.00000     0.00000     0.00000     0.00000     0.00000     0.00000     0.00000     0.00000     0.00000     0.00000     0.00000     0.00000     0.00000
   -62.55250     0.00000     0.00000     0.00000     0.00000     0.00000     0.00000     0.00000     0.00000     0.00000     0.00000     0.00000     0.00000     0.00000     0.00000     0.00000     0.00000     0.00000
   -62.48850     0.00000     0.00000     0.00000     0.00000     0.00000     0.00000     0.00000     0.00000     0.00000     0.00000     0.00000     0.00000     0.00000     0.00000     0.00000     0.00000     0.00000
   -62.42350     0.00000     0.00000     0.00000     0.00000     0.00000     0.00000     0.00000     0.00000     0.00000     0.00000     0.00000     0.00000     0.00000     0.00000     0.00000     0.00000     0.00000
   -62.35850     0.00000     0.00000     0.00000     0.00000     0.00000     0.00000     0.00000     0.00000     0.00000     0.00000     0.00000     0.00000     0.00000     0.00000     0.00000     0.00000     0.00000
   -62.29350     0.00000     0.00000     0.00000     0.00000     0.00000     0.00000     0.00000     0.00000     0.00000     0.00000     0.00000     0.00000     0.00000     0.00000     0.00000     0.00000     0.00000
   -62.22850     0.00000     0.00000     0.00000     0.00000     0.00000     0.00000     0.00000     0.00000     0.00000     0.00000     0.00000     0.00000     0.00000     0.00000     0.00000     0.00000     0.00000
   -62.16450     0.00000     0.00000     0.00000     0.00000     0.00000     0.00000     0.00000     0.00000     0.00000     0.00000     0.00000     0.00000     0.00000     0.00000     0.00000     0.00000     0.00000
   -62.09950     0.00000     0.00000     0.00000     0.00000     0.00000     0.00000     0.00000     0.00000     0.00000     0.00000     0.00000     0.00000     0.00000     0.00000     0.00000     0.00000     0.00000
   -62.03450     0.00000     0.00000     0.00000     0.00000     0.00000     0.00000     0.00000     0.00000     0.00000     0.00000     0.00000     0.00000     0.00000     0.00000     0.00000     0.00000     0.00000
   -61.96950     0.00000     0.00000     0.00000     0.00000     0.00000     0.00000     0.00000     0.00000     0.00000     0.00000     0.00000     0.00000     0.00000     0.00000     0.00000     0.00000     0.00000
   -61.90450     0.00000     0.00000     0.00000     0.00000     0.00000     0.00000     0.00000     0.00000     0.00000     0.00000     0.00000     0.00000     0.00000     0.00000     0.00000     0.00000     0.00000
   -61.83950     0.00000     0.00000     0.00000     0.00000     0.00000     0.00000     0.00000     0.00000     0.00000     0.00000     0.00000     0.00000     0.00000     0.00000     0.00000     0.00000     0.00000
   -61.77550     0.00000     0.00000     0.00000     0.00000     0.00000     0.00000     0.00000     0.00000     0.00000     0.00000     0.00000     0.00000     0.00000     0.00000     0.00000     0.00000     0.00000
   -61.71050     0.00000     0.00000     0.00000     0.00000     0.00000     0.00000     0.00000     0.00000     0.00000     0.00000     0.00000     0.00000     0.00000     0.00000     0.00000     0.00000     0.00000
   -61.64550     0.00000     0.00000     0.00000     0.00000     0.00000     0.00000     0.00000     0.00000     0.00000     0.00000     0.00000     0.00000     0.00000     0.00000     0.00000     0.00000     0.00000
   -61.58050     0.00000     0.00000     0.00000     0.00000     0.00000     0.00000     0.00000     0.00000     0.00000     0.00000     0.00000     0.00000     0.00000     0.00000     0.00000     0.00000     0.00000
   -61.51550     0.00000     0.00000     0.00000     0.00000     0.00000     0.00000     0.00000     0.00000     0.00000     0.00000     0.00000     0.00000     0.00000     0.00000     0.00000     0.00000     0.00000
   -61.45150     0.00000     0.00000     0.00000     0.00000     0.00000     0.00000     0.00000     0.00000     0.00000     0.00000     0.00000     0.00000     0.00000     0.00000     0.00000     0.00000     0.00000
   -61.38650     0.00000     0.00000     0.00000     0.00000     0.00000     0.00000     0.00000     0.00000     0.00000     0.00000     0.00000     0.00000     0.00000     0.00000     0.00000     0.00000     0.00000
   -61.32150     0.00000     0.00000     0.00000     0.00000     0.00000     0.00000     0.00000     0.00000     0.00000     0.00000     0.00000     0.00000     0.00000     0.00000     0.00000     0.00000     0.00000
   -61.25650     0.00000     0.00000     0.00000     0.00000     0.00000     0.00000     0.00000     0.00000     0.00000     0.00000     0.00000     0.00000     0.00000     0.00000     0.00000     0.00000     0.00000
   -61.19150     0.00000     0.00000     0.00000     0.00000     0.00000     0.00000     0.00000     0.00000     0.00000     0.00000     0.00000     0.00000     0.00000     0.00000     0.00000     0.00000     0.00000
   -61.12750     0.00000     0.00000     0.00000     0.00000     0.00000     0.00000     0.00000     0.00000     0.00000     0.00000     0.00000     0.00000     0.00000     0.00000     0.00000     0.00000     0.00000
   -61.06250     0.00000     0.00000     0.00000     0.00000     0.00000     0.00000     0.00000     0.00000     0.00000     0.00000     0.00000     0.00000     0.00000     0.00000     0.00000     0.00000     0.00000
   -60.99750     0.00000     0.00000     0.00000     0.00000     0.00000     0.00000     0.00000     0.00000     0.00000     0.00000     0.00000     0.00000     0.00000     0.00000     0.00000     0.00000     0.00000
   -60.93250     0.00000     0.00000     0.00000     0.00000     0.00000     0.00000     0.00000     0.00000     0.00000     0.00000     0.00000     0.00000     0.00000     0.00000     0.00000     0.00000     0.00000
   -60.86750     0.00000     0.00000     0.00000     0.00000     0.00000     0.00000     0.00000     0.00000     0.00000     0.00000     0.00000     0.00000     0.00000     0.00000     0.00000     0.00000     0.00000
   -60.80250     0.00000     0.00000     0.00000     0.00000     0.00000     0.00000     0.00000     0.00000     0.00000     0.00000     0.00000     0.00000     0.00000     0.00000     0.00000     0.00000     0.00000
   -60.73850     0.00000     0.00000     0.00000     0.00000     0.00000     0.00000     0.00000     0.00000     0.00000     0.00000     0.00000     0.00000     0.00000     0.00000     0.00000     0.00000     0.00000
   -60.67350     0.00000     0.00000     0.00000     0.00000     0.00000     0.00000     0.00000     0.00000     0.00000     0.00000     0.00000     0.00000     0.00000     0.00000     0.00000     0.00000     0.00000
   -60.60850     0.00000     0.00000     0.00000     0.00000     0.00000     0.00000     0.00000     0.00000     0.00000     0.00000     0.00000     0.00000     0.00000     0.00000     0.00000     0.00000     0.00000
   -60.54350     0.00000     0.00000     0.00000     0.00000     0.00000     0.00000     0.00000     0.00000     0.00000     0.00000     0.00000     0.00000     0.00000     0.00000     0.00000     0.00000     0.00000
   -60.47850     0.00000     0.00000     0.00000     0.00000     0.00000     0.00000     0.00000     0.00000     0.00000     0.00000     0.00000     0.00000     0.00000     0.00000     0.00000     0.00000     0.00000
   -60.41450     0.00000     0.00000     0.00000     0.00000     0.00000     0.00000     0.00000     0.00000     0.00000     0.00000     0.00000     0.00000     0.00000     0.00000     0.00000     0.00000     0.00000
   -60.34950     0.00000     0.00000     0.00000     0.00000     0.00000     0.00000     0.00000     0.00000     0.00000     0.00000     0.00000     0.00000     0.00000     0.00000     0.00000     0.00000     0.00000
   -60.28450     0.00000     0.00000     0.00000     0.00000     0.00000     0.00000     0.00000     0.00000     0.00000     0.00000     0.00000     0.00000     0.00000     0.00000     0.00000     0.00000     0.00000
   -60.21950     0.00000     0.00000     0.00000     0.00000     0.00000     0.00000     0.00000     0.00000     0.00000     0.00000     0.00000     0.00000     0.00000     0.00000     0.00000     0.00000     0.00000
   -60.15450     0.00000     0.00000     0.00000     0.00000     0.00000     0.00000     0.00000     0.00000     0.00000     0.00000     0.00000     0.00000     0.00000     0.00000     0.00000     0.00000     0.00000
   -60.08950     0.00000     0.00000     0.00000     0.00000     0.00000     0.00000     0.00000     0.00000     0.00000     0.00000     0.00000     0.00000     0.00000     0.00000     0.00000     0.00000     0.00000
   -60.02550     0.00000     0.00000     0.00000     0.00000     0.00000     0.00000     0.00000     0.00000     0.00000     0.00000     0.00000     0.00000     0.00000     0.00000     0.00000     0.00000     0.00000
   -59.96050     0.00000     0.00000     0.00000     0.00000     0.00000     0.00000     0.00000     0.00000     0.00000     0.00000     0.00000     0.00000     0.00000     0.00000     0.00000     0.00000     0.00000
   -59.89550     0.00000     0.00000     0.00000     0.00000     0.00000     0.00000     0.00000     0.00000     0.00000     0.00000     0.00000     0.00000     0.00000     0.00000     0.00000     0.00000     0.00000
   -59.83050     0.00000     0.00000     0.00000     0.00000     0.00000     0.00000     0.00000     0.00000     0.00000     0.00000     0.00000     0.00000     0.00000     0.00000     0.00000     0.00000     0.00000
   -59.76550     0.00000     0.00000     0.00000     0.00000     0.00000     0.00000     0.00000     0.00000     0.00000     0.00000     0.00000     0.00000     0.00000     0.00000     0.00000     0.00000     0.00000
   -59.70150     0.00000     0.00000     0.00000     0.00000     0.00000     0.00000     0.00000     0.00000     0.00000     0.00000     0.00000     0.00000     0.00000     0.00000     0.00000     0.00000     0.00000
   -59.63650     0.00000     0.00000     0.00000     0.00000     0.00000     0.00000     0.00000     0.00000     0.00000     0.00000     0.00000     0.00000     0.00000     0.00000     0.00000     0.00000     0.00000
   -59.57150     0.00000     0.00000     0.00000     0.00000     0.00000     0.00000     0.00000     0.00000     0.00000     0.00000     0.00000     0.00000     0.00000     0.00000     0.00000     0.00000     0.00000
   -59.50650     0.00000     0.00000     0.00000     0.00000     0.00000     0.00000     0.00000     0.00000     0.00000     0.00000     0.00000     0.00000     0.00000     0.00000     0.00000     0.00000     0.00000
   -59.44150     0.00000     0.00000     0.00000     0.00000     0.00000     0.00000     0.00000     0.00000     0.00000     0.00000     0.00000     0.00000     0.00000     0.00000     0.00000     0.00000     0.00000
   -59.37750     0.00000     0.00000     0.00000     0.00000     0.00000     0.00000     0.00000     0.00000     0.00000     0.00000     0.00000     0.00000     0.00000     0.00000     0.00000     0.00000     0.00000
   -59.31250     0.00000     0.00000     0.00000     0.00000     0.00000     0.00000     0.00000     0.00000     0.00000     0.00000     0.00000     0.00000     0.00000     0.00000     0.00000     0.00000     0.00000
   -59.24750     0.00000     0.00000     0.00000     0.00000     0.00000     0.00000     0.00000     0.00000     0.00000     0.00000     0.00000     0.00000     0.00000     0.00000     0.00000     0.00000     0.00000
   -59.18250     0.00000     0.00000     0.00000     0.00000     0.00000     0.00000     0.00000     0.00000     0.00000     0.00000     0.00000     0.00000     0.00000     0.00000     0.00000     0.00000     0.00000
   -59.11750     0.00000     0.00000     0.00000     0.00000     0.00000     0.00000     0.00000     0.00000     0.00000     0.00000     0.00000     0.00000     0.00000     0.00000     0.00000     0.00000     0.00000
   -59.05250     0.00000     0.00000     0.00000     0.00000     0.00000     0.00000     0.00000     0.00000     0.00000     0.00000     0.00000     0.00000     0.00000     0.00000     0.00000     0.00000     0.00000
   -58.98850     0.00000     0.00000     0.00000     0.00000     0.00000     0.00000     0.00000     0.00000     0.00000     0.00000     0.00000     0.00000     0.00000     0.00000     0.00000     0.00000     0.00000
   -58.92350     0.00000     0.00000     0.00000     0.00000     0.00000     0.00000     0.00000     0.00000     0.00000     0.00000     0.00000     0.00000     0.00000     0.00000     0.00000     0.00000     0.00000
   -58.85850     0.00000     0.00000     0.00000     0.00000     0.00000     0.00000     0.00000     0.00000     0.00000     0.00000     0.00000     0.00000     0.00000     0.00000     0.00000     0.00000     0.00000
   -58.79350     0.00000     0.00000     0.00000     0.00000     0.00000     0.00000     0.00000     0.00000     0.00000     0.00000     0.00000     0.00000     0.00000     0.00000     0.00000     0.00000     0.00000
   -58.72850     0.00000     0.00000     0.00000     0.00000     0.00000     0.00000     0.00000     0.00000     0.00000     0.00000     0.00000     0.00000     0.00000     0.00000     0.00000     0.00000     0.00000
   -58.66450     0.00000     0.00000     0.00000     0.00000     0.00000     0.00000     0.00000     0.00000     0.00000     0.00000     0.00000     0.00000     0.00000     0.00000     0.00000     0.00000     0.00000
   -58.59950     0.00000     0.00000     0.00000     0.00000     0.00000     0.00000     0.00000     0.00000     0.00000     0.00000     0.00000     0.00000     0.00000     0.00000     0.00000     0.00000     0.00000
   -58.53450     0.00000     0.00000     0.00000     0.00000     0.00000     0.00000     0.00000     0.00000     0.00000     0.00000     0.00000     0.00000     0.00000     0.00000     0.00000     0.00000     0.00000
   -58.46950     0.00000     0.00000     0.00000     0.00000     0.00000     0.00000     0.00000     0.00000     0.00000     0.00000     0.00000     0.00000     0.00000     0.00000     0.00000     0.00000     0.00000
   -58.40450     0.00000     0.00000     0.00000     0.00000     0.00000     0.00000     0.00000     0.00000     0.00000     0.00000     0.00000     0.00000     0.00000     0.00000     0.00000     0.00000     0.00000
   -58.34050     0.00000     0.00000     0.00000     0.00000     0.00000     0.00000     0.00000     0.00000     0.00000     0.00000     0.00000     0.00000     0.00000     0.00000     0.00000     0.00000     0.00000
   -58.27550     0.00000     0.00000     0.00000     0.00000     0.00000     0.00000     0.00000     0.00000     0.00000     0.00000     0.00000     0.00000     0.00000     0.00000     0.00000     0.00000     0.00000
   -58.21050     0.00000     0.00000     0.00000     0.00000     0.00000     0.00000     0.00000     0.00000     0.00000     0.00000     0.00000     0.00000     0.00000     0.00000     0.00000     0.00000     0.00000
   -58.14550     0.00000     0.00000     0.00000     0.00000     0.00000     0.00000     0.00000     0.00000     0.00000     0.00000     0.00000     0.00000     0.00000     0.00000     0.00000     0.00000     0.00000
   -58.08050     0.00000     0.00000     0.00000     0.00000     0.00000     0.00000     0.00000     0.00000     0.00000     0.00000     0.00000     0.00000     0.00000     0.00000     0.00000     0.00000     0.00000
   -58.01550     0.00000     0.00000     0.00000     0.00000     0.00000     0.00000     0.00000     0.00000     0.00000     0.00000     0.00000     0.00000     0.00000     0.00000     0.00000     0.00000     0.00000
   -57.95150     0.00000     0.00000     0.00000     0.00000     0.00000     0.00000     0.00000     0.00000     0.00000     0.00000     0.00000     0.00000     0.00000     0.00000     0.00000     0.00000     0.00000
   -57.88650     0.00000     0.00000     0.00000     0.00000     0.00000     0.00000     0.00000     0.00000     0.00000     0.00000     0.00000     0.00000     0.00000     0.00000     0.00000     0.00000     0.00000
   -57.82150     0.00000     0.00000     0.00000     0.00000     0.00000     0.00000     0.00000     0.00000     0.00000     0.00000     0.00000     0.00000     0.00000     0.00000     0.00000     0.00000     0.00000
   -57.75650     0.00000     0.00000     0.00000     0.00000     0.00000     0.00000     0.00000     0.00000     0.00000     0.00000     0.00000     0.00000     0.00000     0.00000     0.00000     0.00000     0.00000
   -57.69150     0.00000     0.00000     0.00000     0.00000     0.00000     0.00000     0.00000     0.00000     0.00000     0.00000     0.00000     0.00000     0.00000     0.00000     0.00000     0.00000     0.00000
   -57.62750     0.00000     0.00000     0.00000     0.00000     0.00000     0.00000     0.00000     0.00000     0.00000     0.00000     0.00000     0.00000     0.00000     0.00000     0.00000     0.00000     0.00000
   -57.56250     0.00000     0.00000     0.00000     0.00000     0.00000     0.00000     0.00000     0.00000     0.00000     0.00000     0.00000     0.00000     0.00000     0.00000     0.00000     0.00000     0.00000
   -57.49750     0.00000     0.00000     0.00000     0.00000     0.00000     0.00000     0.00000     0.00000     0.00000     0.00000     0.00000     0.00000     0.00000     0.00000     0.00000     0.00000     0.00000
   -57.43250     0.00000     0.00000     0.00000     0.00000     0.00000     0.00000     0.00000     0.00000     0.00000     0.00000     0.00000     0.00000     0.00000     0.00000     0.00000     0.00000     0.00000
   -57.36750     0.00000     0.00000     0.00000     0.00000     0.00000     0.00000     0.00000     0.00000     0.00000     0.00000     0.00000     0.00000     0.00000     0.00000     0.00000     0.00000     0.00000
   -57.30350     0.00000     0.00000     0.00000     0.00000     0.00000     0.00000     0.00000     0.00000     0.00000     0.00000     0.00000     0.00000     0.00000     0.00000     0.00000     0.00000     0.00000
   -57.23850     0.00000     0.00000     0.00000     0.00000     0.00000     0.00000     0.00000     0.00000     0.00000     0.00000     0.00000     0.00000     0.00000     0.00000     0.00000     0.00000     0.00000
   -57.17350     0.00000     0.00000     0.00000     0.00000     0.00000     0.00000     0.00000     0.00000     0.00000     0.00000     0.00000     0.00000     0.00000     0.00000     0.00000     0.00000     0.00000
   -57.10850     0.00000     0.00000     0.00000     0.00000     0.00000     0.00000     0.00000     0.00000     0.00000     0.00000     0.00000     0.00000     0.00000     0.00000     0.00000     0.00000     0.00000
   -57.04350     0.00000     0.00000     0.00000     0.00000     0.00000     0.00000     0.00000     0.00000     0.00000     0.00000     0.00000     0.00000     0.00000     0.00000     0.00000     0.00000     0.00000
   -56.97850     0.00000     0.00000     0.00000     0.00000     0.00000     0.00000     0.00000     0.00000     0.00000     0.00000     0.00000     0.00000     0.00000     0.00000     0.00000     0.00000     0.00000
   -56.91450     0.00000     0.00000     0.00000     0.00000     0.00000     0.00000     0.00000     0.00000     0.00000     0.00000     0.00000     0.00000     0.00000     0.00000     0.00000     0.00000     0.00000
   -56.84950     0.00000     0.00000     0.00000     0.00000     0.00000     0.00000     0.00000     0.00000     0.00000     0.00000     0.00000     0.00000     0.00000     0.00000     0.00000     0.00000     0.00000
   -56.78450     0.00000     0.00000     0.00000     0.00000     0.00000     0.00000     0.00000     0.00000     0.00000     0.00000     0.00000     0.00000     0.00000     0.00000     0.00000     0.00000     0.00000
   -56.71950     0.00000     0.00000     0.00000     0.00000     0.00000     0.00000     0.00000     0.00000     0.00000     0.00000     0.00000     0.00000     0.00000     0.00000     0.00000     0.00000     0.00000
   -56.65450     0.00000     0.00000     0.00000     0.00000     0.00000     0.00000     0.00000     0.00000     0.00000     0.00000     0.00000     0.00000     0.00000     0.00000     0.00000     0.00000     0.00000
   -56.59050     0.00000     0.00000     0.00000     0.00000     0.00000     0.00000     0.00000     0.00000     0.00000     0.00000     0.00000     0.00000     0.00000     0.00000     0.00000     0.00000     0.00000
   -56.52550     0.00000     0.00000     0.00000     0.00000     0.00000     0.00000     0.00000     0.00000     0.00000     0.00000     0.00000     0.00000     0.00000     0.00000     0.00000     0.00000     0.00000
   -56.46050     0.00000     0.00000     0.00000     0.00000     0.00000     0.00000     0.00000     0.00000     0.00000     0.00000     0.00000     0.00000     0.00000     0.00000     0.00000     0.00000     0.00000
   -56.39550     0.00000     0.00000     0.00000     0.00000     0.00000     0.00000     0.00000     0.00000     0.00000     0.00000     0.00000     0.00000     0.00000     0.00000     0.00000     0.00000     0.00000
   -56.33050     0.00000     0.00000     0.00000     0.00000     0.00000     0.00000     0.00000     0.00000     0.00000     0.00000     0.00000     0.00000     0.00000     0.00000     0.00000     0.00000     0.00000
   -56.26650     0.00000     0.00000     0.00000     0.00000     0.00000     0.00000     0.00000     0.00000     0.00000     0.00000     0.00000     0.00000     0.00000     0.00000     0.00000     0.00000     0.00000
   -56.20150     0.00000     0.00000     0.00000     0.00000     0.00000     0.00000     0.00000     0.00000     0.00000     0.00000     0.00000     0.00000     0.00000     0.00000     0.00000     0.00000     0.00000
   -56.13650     0.00000     0.00000     0.00000     0.00000     0.00000     0.00000     0.00000     0.00000     0.00000     0.00000     0.00000     0.00000     0.00000     0.00000     0.00000     0.00000     0.00000
   -56.07150     0.00000     0.00000     0.00000     0.00000     0.00000     0.00000     0.00000     0.00000     0.00000     0.00000     0.00000     0.00000     0.00000     0.00000     0.00000     0.00000     0.00000
   -56.00650     0.00000     0.00000     0.00000     0.00000     0.00000     0.00000     0.00000     0.00000     0.00000     0.00000     0.00000     0.00000     0.00000     0.00000     0.00000     0.00000     0.00000
   -55.94150     0.00000     0.00000     0.00000     0.00000     0.00000     0.00000     0.00000     0.00000     0.00000     0.00000     0.00000     0.00000     0.00000     0.00000     0.00000     0.00000     0.00000
   -55.87750     0.00000     0.00000     0.00000     0.00000     0.00000     0.00000     0.00000     0.00000     0.00000     0.00000     0.00000     0.00000     0.00000     0.00000     0.00000     0.00000     0.00000
   -55.81250     0.00000     0.00000     0.00000     0.00000     0.00000     0.00000     0.00000     0.00000     0.00000     0.00000     0.00000     0.00000     0.00000     0.00000     0.00000     0.00000     0.00000
   -55.74750     0.00000     0.00000     0.00000     0.00000     0.00000     0.00000     0.00000     0.00000     0.00000     0.00000     0.00000     0.00000     0.00000     0.00000     0.00000     0.00000     0.00000
   -55.68250     0.00000     0.00000     0.00000     0.00000     0.00000     0.00000     0.00000     0.00000     0.00000     0.00000     0.00000     0.00000     0.00000     0.00000     0.00000     0.00000     0.00000
   -55.61750     0.00000     0.00000     0.00000     0.00000     0.00000     0.00000     0.00000     0.00000     0.00000     0.00000     0.00000     0.00000     0.00000     0.00000     0.00000     0.00000     0.00000
   -55.55350     0.00000     0.00000     0.00000     0.00000     0.00000     0.00000     0.00000     0.00000     0.00000     0.00000     0.00000     0.00000     0.00000     0.00000     0.00000     0.00000     0.00000
   -55.48850     0.00000     0.00000     0.00000     0.00000     0.00000     0.00000     0.00000     0.00000     0.00000     0.00000     0.00000     0.00000     0.00000     0.00000     0.00000     0.00000     0.00000
   -55.42350     0.00000     0.00000     0.00000     0.00000     0.00000     0.00000     0.00000     0.00000     0.00000     0.00000     0.00000     0.00000     0.00000     0.00000     0.00000     0.00000     0.00000
   -55.35850     0.00000     0.00000     0.00000     0.00000     0.00000     0.00000     0.00000     0.00000     0.00000     0.00000     0.00000     0.00000     0.00000     0.00000     0.00000     0.00000     0.00000
   -55.29350     0.00000     0.00000     0.00000     0.00000     0.00000     0.00000     0.00000     0.00000     0.00000     0.00000     0.00000     0.00000     0.00000     0.00000     0.00000     0.00000     0.00000
   -55.22950     0.00000     0.00000     0.00000     0.00000     0.00000     0.00000     0.00000     0.00000     0.00000     0.00000     0.00000     0.00000     0.00000     0.00000     0.00000     0.00000     0.00000
   -55.16450     0.00000     0.00000     0.00000     0.00000     0.00000     0.00000     0.00000     0.00000     0.00000     0.00000     0.00000     0.00000     0.00000     0.00000     0.00000     0.00000     0.00000
   -55.09950     0.00000     0.00000     0.00000     0.00000     0.00000     0.00000     0.00000     0.00000     0.00000     0.00000     0.00000     0.00000     0.00000     0.00000     0.00000     0.00000     0.00000
   -55.03450     0.00000     0.00000     0.00000     0.00000     0.00000     0.00000     0.00000     0.00000     0.00000     0.00000     0.00000     0.00000     0.00000     0.00000     0.00000     0.00000     0.00000
   -54.96950     0.00000     0.00000     0.00000     0.00000     0.00000     0.00000     0.00000     0.00000     0.00000     0.00000     0.00000     0.00000     0.00000     0.00000     0.00000     0.00000     0.00000
   -54.90450     0.00000     0.00000     0.00000     0.00000     0.00000     0.00000     0.00000     0.00000     0.00000     0.00000     0.00000     0.00000     0.00000     0.00000     0.00000     0.00000     0.00000
   -54.84050     0.00000     0.00000     0.00000     0.00000     0.00000     0.00000     0.00000     0.00000     0.00000     0.00000     0.00000     0.00000     0.00000     0.00000     0.00000     0.00000     0.00000
   -54.77550     0.00000     0.00000     0.00000     0.00000     0.00000     0.00000     0.00000     0.00000     0.00000     0.00000     0.00000     0.00000     0.00000     0.00000     0.00000     0.00000     0.00000
   -54.71050     0.00000     0.00000     0.00000     0.00000     0.00000     0.00000     0.00000     0.00000     0.00000     0.00000     0.00000     0.00000     0.00000     0.00000     0.00000     0.00000     0.00000
   -54.64550     0.00000     0.00000     0.00000     0.00000     0.00000     0.00000     0.00000     0.00000     0.00000     0.00000     0.00000     0.00000     0.00000     0.00000     0.00000     0.00000     0.00000
   -54.58050     0.00000     0.00000     0.00000     0.00000     0.00000     0.00000     0.00000     0.00000     0.00000     0.00000     0.00000     0.00000     0.00000     0.00000     0.00000     0.00000     0.00000
   -54.51650     0.00000     0.00000     0.00000     0.00000     0.00000     0.00000     0.00000     0.00000     0.00000     0.00000     0.00000     0.00000     0.00000     0.00000     0.00000     0.00000     0.00000
   -54.45150     0.00000     0.00000     0.00000     0.00000     0.00000     0.00000     0.00000     0.00000     0.00000     0.00000     0.00000     0.00000     0.00000     0.00000     0.00000     0.00000     0.00000
   -54.38650     0.00000     0.00000     0.00000     0.00000     0.00000     0.00000     0.00000     0.00000     0.00000     0.00000     0.00000     0.00000     0.00000     0.00000     0.00000     0.00000     0.00000
   -54.32150     0.00000     0.00000     0.00000     0.00000     0.00000     0.00000     0.00000     0.00000     0.00000     0.00000     0.00000     0.00000     0.00000     0.00000     0.00000     0.00000     0.00000
   -54.25650     0.00000     0.00000     0.00000     0.00000     0.00000     0.00000     0.00000     0.00000     0.00000     0.00000     0.00000     0.00000     0.00000     0.00000     0.00000     0.00000     0.00000
   -54.19250     0.00000     0.00000     0.00000     0.00000     0.00000     0.00000     0.00000     0.00000     0.00000     0.00000     0.00000     0.00000     0.00000     0.00000     0.00000     0.00000     0.00000
   -54.12750     0.00000     0.00000     0.00000     0.00000     0.00000     0.00000     0.00000     0.00000     0.00000     0.00000     0.00000     0.00000     0.00000     0.00000     0.00000     0.00000     0.00000
   -54.06250     0.00000     0.00000     0.00000     0.00000     0.00000     0.00000     0.00000     0.00000     0.00000     0.00000     0.00000     0.00000     0.00000     0.00000     0.00000     0.00000     0.00000
   -53.99750     0.00000     0.00000     0.00000     0.00000     0.00000     0.00000     0.00000     0.00000     0.00000     0.00000     0.00000     0.00000     0.00000     0.00000     0.00000     0.00000     0.00000
   -53.93250     0.00000     0.00000     0.00000     0.00000     0.00000     0.00000     0.00000     0.00000     0.00000     0.00000     0.00000     0.00000     0.00000     0.00000     0.00000     0.00000     0.00000
   -53.86750     0.00000     0.00000     0.00000     0.00000     0.00000     0.00000     0.00000     0.00000     0.00000     0.00000     0.00000     0.00000     0.00000     0.00000     0.00000     0.00000     0.00000
   -53.80350     0.00000     0.00000     0.00000     0.00000     0.00000     0.00000     0.00000     0.00000     0.00000     0.00000     0.00000     0.00000     0.00000     0.00000     0.00000     0.00000     0.00000
   -53.73850     0.00000     0.00000     0.00000     0.00000     0.00000     0.00000     0.00000     0.00000     0.00000     0.00000     0.00000     0.00000     0.00000     0.00000     0.00000     0.00000     0.00000
   -53.67350     0.00000     0.00000     0.00000     0.00000     0.00000     0.00000     0.00000     0.00000     0.00000     0.00000     0.00000     0.00000     0.00000     0.00000     0.00000     0.00000     0.00000
   -53.60850     0.00000     0.00000     0.00000     0.00000     0.00000     0.00000     0.00000     0.00000     0.00000     0.00000     0.00000     0.00000     0.00000     0.00000     0.00000     0.00000     0.00000
   -53.54350     0.00000     0.00000     0.00000     0.00000     0.00000     0.00000     0.00000     0.00000     0.00000     0.00000     0.00000     0.00000     0.00000     0.00000     0.00000     0.00000     0.00000
   -53.47950     0.00000     0.00000     0.00000     0.00000     0.00000     0.00000     0.00000     0.00000     0.00000     0.00000     0.00000     0.00000     0.00000     0.00000     0.00000     0.00000     0.00000
   -53.41450     0.00000     0.00000     0.00000     0.00000     0.00000     0.00000     0.00000     0.00000     0.00000     0.00000     0.00000     0.00000     0.00000     0.00000     0.00000     0.00000     0.00000
   -53.34950     0.00000     0.00000     0.00000     0.00000     0.00000     0.00000     0.00000     0.00000     0.00000     0.00000     0.00000     0.00000     0.00000     0.00000     0.00000     0.00000     0.00000
   -53.28450     0.00000     0.00000     0.00000     0.00000     0.00000     0.00000     0.00000     0.00000     0.00000     0.00000     0.00000     0.00000     0.00000     0.00000     0.00000     0.00000     0.00000
   -53.21950     0.00000     0.00000     0.00000     0.00000     0.00000     0.00000     0.00000     0.00000     0.00000     0.00000     0.00000     0.00000     0.00000     0.00000     0.00000     0.00000     0.00000
   -53.15450     0.00000     0.00000     0.00000     0.00000     0.00000     0.00000     0.00000     0.00000     0.00000     0.00000     0.00000     0.00000     0.00000     0.00000     0.00000     0.00000     0.00000
   -53.09050     0.00000     0.00000     0.00000     0.00000     0.00000     0.00000     0.00000     0.00000     0.00000     0.00000     0.00000     0.00000     0.00000     0.00000     0.00000     0.00000     0.00000
   -53.02550     0.00000     0.00000     0.00000     0.00000     0.00000     0.00000     0.00000     0.00000     0.00000     0.00000     0.00000     0.00000     0.00000     0.00000     0.00000     0.00000     0.00000
   -52.96050     0.00000     0.00000     0.00000     0.00000     0.00000     0.00000     0.00000     0.00000     0.00000     0.00000     0.00000     0.00000     0.00000     0.00000     0.00000     0.00000     0.00000
   -52.89550     0.00000     0.00000     0.00000     0.00000     0.00000     0.00000     0.00000     0.00000     0.00000     0.00000     0.00000     0.00000     0.00000     0.00000     0.00000     0.00000     0.00000
   -52.83050     0.00000     0.00000     0.00000     0.00000     0.00000     0.00000     0.00000     0.00000     0.00000     0.00000     0.00000     0.00000     0.00000     0.00000     0.00000     0.00000     0.00000
   -52.76650     0.00000     0.00000     0.00000     0.00000     0.00000     0.00000     0.00000     0.00000     0.00000     0.00000     0.00000     0.00000     0.00000     0.00000     0.00000     0.00000     0.00000
   -52.70150     0.00000     0.00000     0.00000     0.00000     0.00000     0.00000     0.00000     0.00000     0.00000     0.00000     0.00000     0.00000     0.00000     0.00000     0.00000     0.00000     0.00000
   -52.63650     0.00000     0.00000     0.00000     0.00000     0.00000     0.00000     0.00000     0.00000     0.00000     0.00000     0.00000     0.00000     0.00000     0.00000     0.00000     0.00000     0.00000
   -52.57150     0.00000     0.00000     0.00000     0.00000     0.00000     0.00000     0.00000     0.00000     0.00000     0.00000     0.00000     0.00000     0.00000     0.00000     0.00000     0.00000     0.00000
   -52.50650     0.00000     0.00000     0.00000     0.00000     0.00000     0.00000     0.00000     0.00000     0.00000     0.00000     0.00000     0.00000     0.00000     0.00000     0.00000     0.00000     0.00000
   -52.44250     0.00000     0.00000     0.00000     0.00000     0.00000     0.00000     0.00000     0.00000     0.00000     0.00000     0.00000     0.00000     0.00000     0.00000     0.00000     0.00000     0.00000
   -52.37750     0.00000     0.00000     0.00000     0.00000     0.00000     0.00000     0.00000     0.00000     0.00000     0.00000     0.00000     0.00000     0.00000     0.00000     0.00000     0.00000     0.00000
   -52.31250     0.00000     0.00000     0.00000     0.00000     0.00000     0.00000     0.00000     0.00000     0.00000     0.00000     0.00000     0.00000     0.00000     0.00000     0.00000     0.00000     0.00000
   -52.24750     0.00000     0.00000     0.00000     0.00000     0.00000     0.00000     0.00000     0.00000     0.00000     0.00000     0.00000     0.00000     0.00000     0.00000     0.00000     0.00000     0.00000
   -52.18250     0.00000     0.00000     0.00000     0.00000     0.00000     0.00000     0.00000     0.00000     0.00000     0.00000     0.00000     0.00000     0.00000     0.00000     0.00000     0.00000     0.00000
   -52.11750     0.00000     0.00000     0.00000     0.00000     0.00000     0.00000     0.00000     0.00000     0.00000     0.00000     0.00000     0.00000     0.00000     0.00000     0.00000     0.00000     0.00000
   -52.05350     0.00000     0.00000     0.00000     0.00000     0.00000     0.00000     0.00000     0.00000     0.00000     0.00000     0.00000     0.00000     0.00000     0.00000     0.00000     0.00000     0.00000
   -51.98850     0.00000     0.00000     0.00000     0.00000     0.00000     0.00000     0.00000     0.00000     0.00000     0.00000     0.00000     0.00000     0.00000     0.00000     0.00000     0.00000     0.00000
   -51.92350     0.00000     0.00000     0.00000     0.00000     0.00000     0.00000     0.00000     0.00000     0.00000     0.00000     0.00000     0.00000     0.00000     0.00000     0.00000     0.00000     0.00000
   -51.85850     0.00000     0.00000     0.00000     0.00000     0.00000     0.00000     0.00000     0.00000     0.00000     0.00000     0.00000     0.00000     0.00000     0.00000     0.00000     0.00000     0.00000
   -51.79350     0.00000     0.00000     0.00000     0.00000     0.00000     0.00000     0.00000     0.00000     0.00000     0.00000     0.00000     0.00000     0.00000     0.00000     0.00000     0.00000     0.00000
   -51.72950     0.00000     0.00000     0.00000     0.00000     0.00000     0.00000     0.00000     0.00000     0.00000     0.00000     0.00000     0.00000     0.00000     0.00000     0.00000     0.00000     0.00000
   -51.66450     0.00000     0.00000     0.00000     0.00000     0.00000     0.00000     0.00000     0.00000     0.00000     0.00000     0.00000     0.00000     0.00000     0.00000     0.00000     0.00000     0.00000
   -51.59950     0.00000     0.00000     0.00000     0.00000     0.00000     0.00000     0.00000     0.00000     0.00000     0.00000     0.00000     0.00000     0.00000     0.00000     0.00000     0.00000     0.00000
   -51.53450     0.00000     0.00000     0.00000     0.00000     0.00000     0.00000     0.00000     0.00000     0.00000     0.00000     0.00000     0.00000     0.00000     0.00000     0.00000     0.00000     0.00000
   -51.46950     0.00000     0.00000     0.00000     0.00000     0.00000     0.00000     0.00000     0.00000     0.00000     0.00000     0.00000     0.00000     0.00000     0.00000     0.00000     0.00000     0.00000
   -51.40550     0.00000     0.00000     0.00000     0.00000     0.00000     0.00000     0.00000     0.00000     0.00000     0.00000     0.00000     0.00000     0.00000     0.00000     0.00000     0.00000     0.00000
   -51.34050     0.00000     0.00000     0.00000     0.00000     0.00000     0.00000     0.00000     0.00000     0.00000     0.00000     0.00000     0.00000     0.00000     0.00000     0.00000     0.00000     0.00000
   -51.27550     0.00000     0.00000     0.00000     0.00000     0.00000     0.00000     0.00000     0.00000     0.00000     0.00000     0.00000     0.00000     0.00000     0.00000     0.00000     0.00000     0.00000
   -51.21050     0.00000     0.00000     0.00000     0.00000     0.00000     0.00000     0.00000     0.00000     0.00000     0.00000     0.00000     0.00000     0.00000     0.00000     0.00000     0.00000     0.00000
   -51.14550     0.00000     0.00000     0.00000     0.00000     0.00000     0.00000     0.00000     0.00000     0.00000     0.00000     0.00000     0.00000     0.00000     0.00000     0.00000     0.00000     0.00000
   -51.08050     0.00000     0.00000     0.00000     0.00000     0.00000     0.00000     0.00000     0.00000     0.00000     0.00000     0.00000     0.00000     0.00000     0.00000     0.00000     0.00000     0.00000
   -51.01650     0.00000     0.00000     0.00000     0.00000     0.00000     0.00000     0.00000     0.00000     0.00000     0.00000     0.00000     0.00000     0.00000     0.00000     0.00000     0.00000     0.00000
   -50.95150     0.00000     0.00000     0.00000     0.00000     0.00000     0.00000     0.00000     0.00000     0.00000     0.00000     0.00000     0.00000     0.00000     0.00000     0.00000     0.00000     0.00000
   -50.88650     0.00000     0.00000     0.00000     0.00000     0.00000     0.00000     0.00000     0.00000     0.00000     0.00000     0.00000     0.00000     0.00000     0.00000     0.00000     0.00000     0.00000
   -50.82150     0.00000     0.00000     0.00000     0.00000     0.00000     0.00000     0.00000     0.00000     0.00000     0.00000     0.00000     0.00000     0.00000     0.00000     0.00000     0.00000     0.00000
   -50.75650     0.00000     0.00000     0.00000     0.00000     0.00000     0.00000     0.00000     0.00000     0.00000     0.00000     0.00000     0.00000     0.00000     0.00000     0.00000     0.00000     0.00000
   -50.69250     0.00000     0.00000     0.00000     0.00000     0.00000     0.00000     0.00000     0.00000     0.00000     0.00000     0.00000     0.00000     0.00000     0.00000     0.00000     0.00000     0.00000
   -50.62750     0.00000     0.00000     0.00000     0.00000     0.00000     0.00000     0.00000     0.00000     0.00000     0.00000     0.00000     0.00000     0.00000     0.00000     0.00000     0.00000     0.00000
   -50.56250     0.00000     0.00000     0.00000     0.00000     0.00000     0.00000     0.00000     0.00000     0.00000     0.00000     0.00000     0.00000     0.00000     0.00000     0.00000     0.00000     0.00000
   -50.49750     0.00000     0.00000     0.00000     0.00000     0.00000     0.00000     0.00000     0.00000     0.00000     0.00000     0.00000     0.00000     0.00000     0.00000     0.00000     0.00000     0.00000
   -50.43250     0.00000     0.00000     0.00000     0.00000     0.00000     0.00000     0.00000     0.00000     0.00000     0.00000     0.00000     0.00000     0.00000     0.00000     0.00000     0.00000     0.00000
   -50.36850     0.00000     0.00000     0.00000     0.00000     0.00000     0.00000     0.00000     0.00000     0.00000     0.00000     0.00000     0.00000     0.00000     0.00000     0.00000     0.00000     0.00000
   -50.30350     0.00000     0.00000     0.00000     0.00000     0.00000     0.00000     0.00000     0.00000     0.00000     0.00000     0.00000     0.00000     0.00000     0.00000     0.00000     0.00000     0.00000
   -50.23850     0.00000     0.00000     0.00000     0.00000     0.00000     0.00000     0.00000     0.00000     0.00000     0.00000     0.00000     0.00000     0.00000     0.00000     0.00000     0.00000     0.00000
   -50.17350     0.00000     0.00000     0.00000     0.00000     0.00000     0.00000     0.00000     0.00000     0.00000     0.00000     0.00000     0.00000     0.00000     0.00000     0.00000     0.00000     0.00000
   -50.10850     0.00000     0.00000     0.00000     0.00000     0.00000     0.00000     0.00000     0.00000     0.00000     0.00000     0.00000     0.00000     0.00000     0.00000     0.00000     0.00000     0.00000
   -50.04350     0.00000     0.00000     0.00000     0.00000     0.00000     0.00000     0.00000     0.00000     0.00000     0.00000     0.00000     0.00000     0.00000     0.00000     0.00000     0.00000     0.00000
   -49.97950     0.00000     0.00000     0.00000     0.00000     0.00000     0.00000     0.00000     0.00000     0.00000     0.00000     0.00000     0.00000     0.00000     0.00000     0.00000     0.00000     0.00000
   -49.91450     0.00000     0.00000     0.00000     0.00000     0.00000     0.00000     0.00000     0.00000     0.00000     0.00000     0.00000     0.00000     0.00000     0.00000     0.00000     0.00000     0.00000
   -49.84950     0.00000     0.00000     0.00000     0.00000     0.00000     0.00000     0.00000     0.00000     0.00000     0.00000     0.00000     0.00000     0.00000     0.00000     0.00000     0.00000     0.00000
   -49.78450     0.00000     0.00000     0.00000     0.00000     0.00000     0.00000     0.00000     0.00000     0.00000     0.00000     0.00000     0.00000     0.00000     0.00000     0.00000     0.00000     0.00000
   -49.71950     0.00000     0.00000     0.00000     0.00000     0.00000     0.00000     0.00000     0.00000     0.00000     0.00000     0.00000     0.00000     0.00000     0.00000     0.00000     0.00000     0.00000
   -49.65550     0.00000     0.00000     0.00000     0.00000     0.00000     0.00000     0.00000     0.00000     0.00000     0.00000     0.00000     0.00000     0.00000     0.00000     0.00000     0.00000     0.00000
   -49.59050     0.00000     0.00000     0.00000     0.00000     0.00000     0.00000     0.00000     0.00000     0.00000     0.00000     0.00000     0.00000     0.00000     0.00000     0.00000     0.00000     0.00000
   -49.52550     0.00000     0.00000     0.00000     0.00000     0.00000     0.00000     0.00000     0.00000     0.00000     0.00000     0.00000     0.00000     0.00000     0.00000     0.00000     0.00000     0.00000
   -49.46050     0.00000     0.00000     0.00000     0.00000     0.00000     0.00000     0.00000     0.00000     0.00000     0.00000     0.00000     0.00000     0.00000     0.00000     0.00000     0.00000     0.00000
   -49.39550     0.00000     0.00000     0.00000     0.00000     0.00000     0.00000     0.00000     0.00000     0.00000     0.00000     0.00000     0.00000     0.00000     0.00000     0.00000     0.00000     0.00000
   -49.33150     0.00000     0.00000     0.00000     0.00000     0.00000     0.00000     0.00000     0.00000     0.00000     0.00000     0.00000     0.00000     0.00000     0.00000     0.00000     0.00000     0.00000
   -49.26650     0.00000     0.00000     0.00000     0.00000     0.00000     0.00000     0.00000     0.00000     0.00000     0.00000     0.00000     0.00000     0.00000     0.00000     0.00000     0.00000     0.00000
   -49.20150     0.00000     0.00000     0.00000     0.00000     0.00000     0.00000     0.00000     0.00000     0.00000     0.00000     0.00000     0.00000     0.00000     0.00000     0.00000     0.00000     0.00000
   -49.13650     0.00000     0.00000     0.00000     0.00000     0.00000     0.00000     0.00000     0.00000     0.00000     0.00000     0.00000     0.00000     0.00000     0.00000     0.00000     0.00000     0.00000
   -49.07150     0.00000     0.00000     0.00000     0.00000     0.00000     0.00000     0.00000     0.00000     0.00000     0.00000     0.00000     0.00000     0.00000     0.00000     0.00000     0.00000     0.00000
   -49.00650     0.00000     0.00000     0.00000     0.00000     0.00000     0.00000     0.00000     0.00000     0.00000     0.00000     0.00000     0.00000     0.00000     0.00000     0.00000     0.00000     0.00000
   -48.94250     0.00000     0.00000     0.00000     0.00000     0.00000     0.00000     0.00000     0.00000     0.00000     0.00000     0.00000     0.00000     0.00000     0.00000     0.00000     0.00000     0.00000
   -48.87750     0.00000     0.00000     0.00000     0.00000     0.00000     0.00000     0.00000     0.00000     0.00000     0.00000     0.00000     0.00000     0.00000     0.00000     0.00000     0.00000     0.00000
   -48.81250     0.00000     0.00000     0.00000     0.00000     0.00000     0.00000     0.00000     0.00000     0.00000     0.00000     0.00000     0.00000     0.00000     0.00000     0.00000     0.00000     0.00000
   -48.74750     0.00000     0.00000     0.00000     0.00000     0.00000     0.00000     0.00000     0.00000     0.00000     0.00000     0.00000     0.00000     0.00000     0.00000     0.00000     0.00000     0.00000
   -48.68250     0.00000     0.00000     0.00000     0.00000     0.00000     0.00000     0.00000     0.00000     0.00000     0.00000     0.00000     0.00000     0.00000     0.00000     0.00000     0.00000     0.00000
   -48.61850     0.00000     0.00000     0.00000     0.00000     0.00000     0.00000     0.00000     0.00000     0.00000     0.00000     0.00000     0.00000     0.00000     0.00000     0.00000     0.00000     0.00000
   -48.55350     0.00000     0.00000     0.00000     0.00000     0.00000     0.00000     0.00000     0.00000     0.00000     0.00000     0.00000     0.00000     0.00000     0.00000     0.00000     0.00000     0.00000
   -48.48850     0.00000     0.00000     0.00000     0.00000     0.00000     0.00000     0.00000     0.00000     0.00000     0.00000     0.00000     0.00000     0.00000     0.00000     0.00000     0.00000     0.00000
   -48.42350     0.00000     0.00000     0.00000     0.00000     0.00000     0.00000     0.00000     0.00000     0.00000     0.00000     0.00000     0.00000     0.00000     0.00000     0.00000     0.00000     0.00000
   -48.35850     0.00000     0.00000     0.00000     0.00000     0.00000     0.00000     0.00000     0.00000     0.00000     0.00000     0.00000     0.00000     0.00000     0.00000     0.00000     0.00000     0.00000
   -48.29450     0.00000     0.00000     0.00000     0.00000     0.00000     0.00000     0.00000     0.00000     0.00000     0.00000     0.00000     0.00000     0.00000     0.00000     0.00000     0.00000     0.00000
   -48.22950     0.00000     0.00000     0.00000     0.00000     0.00000     0.00000     0.00000     0.00000     0.00000     0.00000     0.00000     0.00000     0.00000     0.00000     0.00000     0.00000     0.00000
   -48.16450     0.00000     0.00000     0.00000     0.00000     0.00000     0.00000     0.00000     0.00000     0.00000     0.00000     0.00000     0.00000     0.00000     0.00000     0.00000     0.00000     0.00000
   -48.09950     0.00000     0.00000     0.00000     0.00000     0.00000     0.00000     0.00000     0.00000     0.00000     0.00000     0.00000     0.00000     0.00000     0.00000     0.00000     0.00000     0.00000
   -48.03450     0.00000     0.00000     0.00000     0.00000     0.00000     0.00000     0.00000     0.00000     0.00000     0.00000     0.00000     0.00000     0.00000     0.00000     0.00000     0.00000     0.00000
   -47.96950     0.00000     0.00000     0.00000     0.00000     0.00000     0.00000     0.00000     0.00000     0.00000     0.00000     0.00000     0.00000     0.00000     0.00000     0.00000     0.00000     0.00000
   -47.90550     0.00000     0.00000     0.00000     0.00000     0.00000     0.00000     0.00000     0.00000     0.00000     0.00000     0.00000     0.00000     0.00000     0.00000     0.00000     0.00000     0.00000
   -47.84050     0.00000     0.00000     0.00000     0.00000     0.00000     0.00000     0.00000     0.00000     0.00000     0.00000     0.00000     0.00000     0.00000     0.00000     0.00000     0.00000     0.00000
   -47.77550     0.00000     0.00000     0.00000     0.00000     0.00000     0.00000     0.00000     0.00000     0.00000     0.00000     0.00000     0.00000     0.00000     0.00000     0.00000     0.00000     0.00000
   -47.71050     0.00000     0.00000     0.00000     0.00000     0.00000     0.00000     0.00000     0.00000     0.00000     0.00000     0.00000     0.00000     0.00000     0.00000     0.00000     0.00000     0.00000
   -47.64550     0.00000     0.00000     0.00000     0.00000     0.00000     0.00000     0.00000     0.00000     0.00000     0.00000     0.00000     0.00000     0.00000     0.00000     0.00000     0.00000     0.00000
   -47.58150     0.00000     0.00000     0.00000     0.00000     0.00000     0.00000     0.00000     0.00000     0.00000     0.00000     0.00000     0.00000     0.00000     0.00000     0.00000     0.00000     0.00000
   -47.51650     0.00000     0.00000     0.00000     0.00000     0.00000     0.00000     0.00000     0.00000     0.00000     0.00000     0.00000     0.00000     0.00000     0.00000     0.00000     0.00000     0.00000
   -47.45150     0.00000     0.00000     0.00000     0.00000     0.00000     0.00000     0.00000     0.00000     0.00000     0.00000     0.00000     0.00000     0.00000     0.00000     0.00000     0.00000     0.00000
   -47.38650     0.00000     0.00000     0.00000     0.00000     0.00000     0.00000     0.00000     0.00000     0.00000     0.00000     0.00000     0.00000     0.00000     0.00000     0.00000     0.00000     0.00000
   -47.32150     0.00000     0.00000     0.00000     0.00000     0.00000     0.00000     0.00000     0.00000     0.00000     0.00000     0.00000     0.00000     0.00000     0.00000     0.00000     0.00000     0.00000
   -47.25750     0.00000     0.00000     0.00000     0.00000     0.00000     0.00000     0.00000     0.00000     0.00000     0.00000     0.00000     0.00000     0.00000     0.00000     0.00000     0.00000     0.00000
   -47.19250     0.00000     0.00000     0.00000     0.00000     0.00000     0.00000     0.00000     0.00000     0.00000     0.00000     0.00000     0.00000     0.00000     0.00000     0.00000     0.00000     0.00000
   -47.12750     0.00000     0.00000     0.00000     0.00000     0.00000     0.00000     0.00000     0.00000     0.00000     0.00000     0.00000     0.00000     0.00000     0.00000     0.00000     0.00000     0.00000
   -47.06250     0.00000     0.00000     0.00000     0.00000     0.00000     0.00000     0.00000     0.00000     0.00000     0.00000     0.00000     0.00000     0.00000     0.00000     0.00000     0.00000     0.00000
   -46.99750     0.00000     0.00000     0.00000     0.00000     0.00000     0.00000     0.00000     0.00000     0.00000     0.00000     0.00000     0.00000     0.00000     0.00000     0.00000     0.00000     0.00000
   -46.93250     0.00000     0.00000     0.00000     0.00000     0.00000     0.00000     0.00000     0.00000     0.00000     0.00000     0.00000     0.00000     0.00000     0.00000     0.00000     0.00000     0.00000
   -46.86850     0.00000     0.00000     0.00000     0.00000     0.00000     0.00000     0.00000     0.00000     0.00000     0.00000     0.00000     0.00000     0.00000     0.00000     0.00000     0.00000     0.00000
   -46.80350     0.00000     0.00000     0.00000     0.00000     0.00000     0.00000     0.00000     0.00000     0.00000     0.00000     0.00000     0.00000     0.00000     0.00000     0.00000     0.00000     0.00000
   -46.73850     0.00000     0.00000     0.00000     0.00000     0.00000     0.00000     0.00000     0.00000     0.00000     0.00000     0.00000     0.00000     0.00000     0.00000     0.00000     0.00000     0.00000
   -46.67350     0.00000     0.00000     0.00000     0.00000     0.00000     0.00000     0.00000     0.00000     0.00000     0.00000     0.00000     0.00000     0.00000     0.00000     0.00000     0.00000     0.00000
   -46.60850     0.00000     0.00000     0.00000     0.00000     0.00000     0.00000     0.00000     0.00000     0.00000     0.00000     0.00000     0.00000     0.00000     0.00000     0.00000     0.00000     0.00000
   -46.54450     0.00000     0.00000     0.00000     0.00000     0.00000     0.00000     0.00000     0.00000     0.00000     0.00000     0.00000     0.00000     0.00000     0.00000     0.00000     0.00000     0.00000
   -46.47950     0.00000     0.00000     0.00000     0.00000     0.00000     0.00000     0.00000     0.00000     0.00000     0.00000     0.00000     0.00000     0.00000     0.00000     0.00000     0.00000     0.00000
   -46.41450     0.00000     0.00000     0.00000     0.00000     0.00000     0.00000     0.00000     0.00000     0.00000     0.00000     0.00000     0.00000     0.00000     0.00000     0.00000     0.00000     0.00000
   -46.34950     0.00000     0.00000     0.00000     0.00000     0.00000     0.00000     0.00000     0.00000     0.00000     0.00000     0.00000     0.00000     0.00000     0.00000     0.00000     0.00000     0.00000
   -46.28450     0.00000     0.00000     0.00000     0.00000     0.00000     0.00000     0.00000     0.00000     0.00000     0.00000     0.00000     0.00000     0.00000     0.00000     0.00000     0.00000     0.00000
   -46.22050     0.00000     0.00000     0.00000     0.00000     0.00000     0.00000     0.00000     0.00000     0.00000     0.00000     0.00000     0.00000     0.00000     0.00000     0.00000     0.00000     0.00000
   -46.15550     0.00000     0.00000     0.00000     0.00000     0.00000     0.00000     0.00000     0.00000     0.00000     0.00000     0.00000     0.00000     0.00000     0.00000     0.00000     0.00000     0.00000
   -46.09050     0.00000     0.00000     0.00000     0.00000     0.00000     0.00000     0.00000     0.00000     0.00000     0.00000     0.00000     0.00000     0.00000     0.00000     0.00000     0.00000     0.00000
   -46.02550     0.00000     0.00000     0.00000     0.00000     0.00000     0.00000     0.00000     0.00000     0.00000     0.00000     0.00000     0.00000     0.00000     0.00000     0.00000     0.00000     0.00000
   -45.96050     0.00000     0.00000     0.00000     0.00000     0.00000     0.00000     0.00000     0.00000     0.00000     0.00000     0.00000     0.00000     0.00000     0.00000     0.00000     0.00000     0.00000
   -45.89550     0.00000     0.00000     0.00000     0.00000     0.00000     0.00000     0.00000     0.00000     0.00000     0.00000     0.00000     0.00000     0.00000     0.00000     0.00000     0.00000     0.00000
   -45.83150     0.00000     0.00000     0.00000     0.00000     0.00000     0.00000     0.00000     0.00000     0.00000     0.00000     0.00000     0.00000     0.00000     0.00000     0.00000     0.00000     0.00000
   -45.76650     0.00000     0.00000     0.00000     0.00000     0.00000     0.00000     0.00000     0.00000     0.00000     0.00000     0.00000     0.00000     0.00000     0.00000     0.00000     0.00000     0.00000
   -45.70150     0.00000     0.00000     0.00000     0.00000     0.00000     0.00000     0.00000     0.00000     0.00000     0.00000     0.00000     0.00000     0.00000     0.00000     0.00000     0.00000     0.00000
   -45.63650     0.00000     0.00000     0.00000     0.00000     0.00000     0.00000     0.00000     0.00000     0.00000     0.00000     0.00000     0.00000     0.00000     0.00000     0.00000     0.00000     0.00000
   -45.57150     0.00000     0.00000     0.00000     0.00000     0.00000     0.00000     0.00000     0.00000     0.00000     0.00000     0.00000     0.00000     0.00000     0.00000     0.00000     0.00000     0.00000
   -45.50750     0.00000     0.00000     0.00000     0.00000     0.00000     0.00000     0.00000     0.00000     0.00000     0.00000     0.00000     0.00000     0.00000     0.00000     0.00000     0.00000     0.00000
   -45.44250     0.00000     0.00000     0.00000     0.00000     0.00000     0.00000     0.00000     0.00000     0.00000     0.00000     0.00000     0.00000     0.00000     0.00000     0.00000     0.00000     0.00000
   -45.37750     0.00000     0.00000     0.00000     0.00000     0.00000     0.00000     0.00000     0.00000     0.00000     0.00000     0.00000     0.00000     0.00000     0.00000     0.00000     0.00000     0.00000
   -45.31250     0.00000     0.00000     0.00000     0.00000     0.00000     0.00000     0.00000     0.00000     0.00000     0.00000     0.00000     0.00000     0.00000     0.00000     0.00000     0.00000     0.00000
   -45.24750     0.00000     0.00000     0.00000     0.00000     0.00000     0.00000     0.00000     0.00000     0.00000     0.00000     0.00000     0.00000     0.00000     0.00000     0.00000     0.00000     0.00000
   -45.18250     0.00000     0.00000     0.00000     0.00000     0.00000     0.00000     0.00000     0.00000     0.00000     0.00000     0.00000     0.00000     0.00000     0.00000     0.00000     0.00000     0.00000
   -45.11850     0.00000     0.00000     0.00000     0.00000     0.00000     0.00000     0.00000     0.00000     0.00000     0.00000     0.00000     0.00000     0.00000     0.00000     0.00000     0.00000     0.00000
   -45.05350     0.00000     0.00000     0.00000     0.00000     0.00000     0.00000     0.00000     0.00000     0.00000     0.00000     0.00000     0.00000     0.00000     0.00000     0.00000     0.00000     0.00000
   -44.98850     0.00000     0.00000     0.00000     0.00000     0.00000     0.00000     0.00000     0.00000     0.00000     0.00000     0.00000     0.00000     0.00000     0.00000     0.00000     0.00000     0.00000
   -44.92350     0.00000     0.00000     0.00000     0.00000     0.00000     0.00000     0.00000     0.00000     0.00000     0.00000     0.00000     0.00000     0.00000     0.00000     0.00000     0.00000     0.00000
   -44.85850     0.00000     0.00000     0.00000     0.00000     0.00000     0.00000     0.00000     0.00000     0.00000     0.00000     0.00000     0.00000     0.00000     0.00000     0.00000     0.00000     0.00000
   -44.79450     0.00000     0.00000     0.00000     0.00000     0.00000     0.00000     0.00000     0.00000     0.00000     0.00000     0.00000     0.00000     0.00000     0.00000     0.00000     0.00000     0.00000
   -44.72950     0.00000     0.00000     0.00000     0.00000     0.00000     0.00000     0.00000     0.00000     0.00000     0.00000     0.00000     0.00000     0.00000     0.00000     0.00000     0.00000     0.00000
   -44.66450     0.00000     0.00000     0.00000     0.00000     0.00000     0.00000     0.00000     0.00000     0.00000     0.00000     0.00000     0.00000     0.00000     0.00000     0.00000     0.00000     0.00000
   -44.59950     0.00000     0.00000     0.00000     0.00000     0.00000     0.00000     0.00000     0.00000     0.00000     0.00000     0.00000     0.00000     0.00000     0.00000     0.00000     0.00000     0.00000
   -44.53450     0.00000     0.00000     0.00000     0.00000     0.00000     0.00000     0.00000     0.00000     0.00000     0.00000     0.00000     0.00000     0.00000     0.00000     0.00000     0.00000     0.00000
   -44.47050     0.00000     0.00000     0.00000     0.00000     0.00000     0.00000     0.00000     0.00000     0.00000     0.00000     0.00000     0.00000     0.00000     0.00000     0.00000     0.00000     0.00000
   -44.40550     0.00000     0.00000     0.00000     0.00000     0.00000     0.00000     0.00000     0.00000     0.00000     0.00000     0.00000     0.00000     0.00000     0.00000     0.00000     0.00000     0.00000
   -44.34050     0.00000     0.00000     0.00000     0.00000     0.00000     0.00000     0.00000     0.00000     0.00000     0.00000     0.00000     0.00000     0.00000     0.00000     0.00000     0.00000     0.00000
   -44.27550     0.00000     0.00000     0.00000     0.00000     0.00000     0.00000     0.00000     0.00000     0.00000     0.00000     0.00000     0.00000     0.00000     0.00000     0.00000     0.00000     0.00000
   -44.21050     0.00000     0.00000     0.00000     0.00000     0.00000     0.00000     0.00000     0.00000     0.00000     0.00000     0.00000     0.00000     0.00000     0.00000     0.00000     0.00000     0.00000
   -44.14550     0.00000     0.00000     0.00000     0.00000     0.00000     0.00000     0.00000     0.00000     0.00000     0.00000     0.00000     0.00000     0.00000     0.00000     0.00000     0.00000     0.00000
   -44.08150     0.00000     0.00000     0.00000     0.00000     0.00000     0.00000     0.00000     0.00000     0.00000     0.00000     0.00000     0.00000     0.00000     0.00000     0.00000     0.00000     0.00000
   -44.01650     0.00000     0.00000     0.00000     0.00000     0.00000     0.00000     0.00000     0.00000     0.00000     0.00000     0.00000     0.00000     0.00000     0.00000     0.00000     0.00000     0.00000
   -43.95150     0.00000     0.00000     0.00000     0.00000     0.00000     0.00000     0.00000     0.00000     0.00000     0.00000     0.00000     0.00000     0.00000     0.00000     0.00000     0.00000     0.00000
   -43.88650     0.00000     0.00000     0.00000     0.00000     0.00000     0.00000     0.00000     0.00000     0.00000     0.00000     0.00000     0.00000     0.00000     0.00000     0.00000     0.00000     0.00000
   -43.82150     0.00000     0.00000     0.00000     0.00000     0.00000     0.00000     0.00000     0.00000     0.00000     0.00000     0.00000     0.00000     0.00000     0.00000     0.00000     0.00000     0.00000
   -43.75750     0.00000     0.00000     0.00000     0.00000     0.00000     0.00000     0.00000     0.00000     0.00000     0.00000     0.00000     0.00000     0.00000     0.00000     0.00000     0.00000     0.00000
   -43.69250     0.00000     0.00000     0.00000     0.00000     0.00000     0.00000     0.00000     0.00000     0.00000     0.00000     0.00000     0.00000     0.00000     0.00000     0.00000     0.00000     0.00000
   -43.62750     0.00000     0.00000     0.00000     0.00000     0.00000     0.00000     0.00000     0.00000     0.00000     0.00000     0.00000     0.00000     0.00000     0.00000     0.00000     0.00000     0.00000
   -43.56250     0.00000     0.00000     0.00000     0.00000     0.00000     0.00000     0.00000     0.00000     0.00000     0.00000     0.00000     0.00000     0.00000     0.00000     0.00000     0.00000     0.00000
   -43.49750     0.00000     0.00000     0.00000     0.00000     0.00000     0.00000     0.00000     0.00000     0.00000     0.00000     0.00000     0.00000     0.00000     0.00000     0.00000     0.00000     0.00000
   -43.43350     0.00000     0.00000     0.00000     0.00000     0.00000     0.00000     0.00000     0.00000     0.00000     0.00000     0.00000     0.00000     0.00000     0.00000     0.00000     0.00000     0.00000
   -43.36850     0.00000     0.00000     0.00000     0.00000     0.00000     0.00000     0.00000     0.00000     0.00000     0.00000     0.00000     0.00000     0.00000     0.00000     0.00000     0.00000     0.00000
   -43.30350     0.00000     0.00000     0.00000     0.00000     0.00000     0.00000     0.00000     0.00000     0.00000     0.00000     0.00000     0.00000     0.00000     0.00000     0.00000     0.00000     0.00000
   -43.23850     0.00000     0.00000     0.00000     0.00000     0.00000     0.00000     0.00000     0.00000     0.00000     0.00000     0.00000     0.00000     0.00000     0.00000     0.00000     0.00000     0.00000
   -43.17350     0.00000     0.00000     0.00000     0.00000     0.00000     0.00000     0.00000     0.00000     0.00000     0.00000     0.00000     0.00000     0.00000     0.00000     0.00000     0.00000     0.00000
   -43.10850     0.00000     0.00000     0.00000     0.00000     0.00000     0.00000     0.00000     0.00000     0.00000     0.00000     0.00000     0.00000     0.00000     0.00000     0.00000     0.00000     0.00000
   -43.04450     0.00000     0.00000     0.00000     0.00000     0.00000     0.00000     0.00000     0.00000     0.00000     0.00000     0.00000     0.00000     0.00000     0.00000     0.00000     0.00000     0.00000
   -42.97950     0.00000     0.00000     0.00000     0.00000     0.00000     0.00000     0.00000     0.00000     0.00000     0.00000     0.00000     0.00000     0.00000     0.00000     0.00000     0.00000     0.00000
   -42.91450     0.00000     0.00000     0.00000     0.00000     0.00000     0.00000     0.00000     0.00000     0.00000     0.00000     0.00000     0.00000     0.00000     0.00000     0.00000     0.00000     0.00000
   -42.84950     0.00000     0.00000     0.00000     0.00000     0.00000     0.00000     0.00000     0.00000     0.00000     0.00000     0.00000     0.00000     0.00000     0.00000     0.00000     0.00000     0.00000
   -42.78450     0.00000     0.00000     0.00000     0.00000     0.00000     0.00000     0.00000     0.00000     0.00000     0.00000     0.00000     0.00000     0.00000     0.00000     0.00000     0.00000     0.00000
   -42.72050     0.00000     0.00000     0.00000     0.00000     0.00000     0.00000     0.00000     0.00000     0.00000     0.00000     0.00000     0.00000     0.00000     0.00000     0.00000     0.00000     0.00000
   -42.65550     0.00000     0.00000     0.00000     0.00000     0.00000     0.00000     0.00000     0.00000     0.00000     0.00000     0.00000     0.00000     0.00000     0.00000     0.00000     0.00000     0.00000
   -42.59050     0.00000     0.00000     0.00000     0.00000     0.00000     0.00000     0.00000     0.00000     0.00000     0.00000     0.00000     0.00000     0.00000     0.00000     0.00000     0.00000     0.00000
   -42.52550     0.00000     0.00000     0.00000     0.00000     0.00000     0.00000     0.00000     0.00000     0.00000     0.00000     0.00000     0.00000     0.00000     0.00000     0.00000     0.00000     0.00000
   -42.46050     0.00000     0.00000     0.00000     0.00000     0.00000     0.00000     0.00000     0.00000     0.00000     0.00000     0.00000     0.00000     0.00000     0.00000     0.00000     0.00000     0.00000
   -42.39650     0.00000     0.00000     0.00000     0.00000     0.00000     0.00000     0.00000     0.00000     0.00000     0.00000     0.00000     0.00000     0.00000     0.00000     0.00000     0.00000     0.00000
   -42.33150     0.00000     0.00000     0.00000     0.00000     0.00000     0.00000     0.00000     0.00000     0.00000     0.00000     0.00000     0.00000     0.00000     0.00000     0.00000     0.00000     0.00000
   -42.26650     0.00000     0.00000     0.00000     0.00000     0.00000     0.00000     0.00000     0.00000     0.00000     0.00000     0.00000     0.00000     0.00000     0.00000     0.00000     0.00000     0.00000
   -42.20150     0.00000     0.00000     0.00000     0.00000     0.00000     0.00000     0.00000     0.00000     0.00000     0.00000     0.00000     0.00000     0.00000     0.00000     0.00000     0.00000     0.00000
   -42.13650     0.00000     0.00000     0.00000     0.00000     0.00000     0.00000     0.00000     0.00000     0.00000     0.00000     0.00000     0.00000     0.00000     0.00000     0.00000     0.00000     0.00000
   -42.07150     0.00000     0.00000     0.00000     0.00000     0.00000     0.00000     0.00000     0.00000     0.00000     0.00000     0.00000     0.00000     0.00000     0.00000     0.00000     0.00000     0.00000
   -42.00750     0.00000     0.00000     0.00000     0.00000     0.00000     0.00000     0.00000     0.00000     0.00000     0.00000     0.00000     0.00000     0.00000     0.00000     0.00000     0.00000     0.00000
   -41.94250     0.00000     0.00000     0.00000     0.00000     0.00000     0.00000     0.00000     0.00000     0.00000     0.00000     0.00000     0.00000     0.00000     0.00000     0.00000     0.00000     0.00000
   -41.87750     0.00000     0.00000     0.00000     0.00000     0.00000     0.00000     0.00000     0.00000     0.00000     0.00000     0.00000     0.00000     0.00000     0.00000     0.00000     0.00000     0.00000
   -41.81250     0.00000     0.00000     0.00000     0.00000     0.00000     0.00000     0.00000     0.00000     0.00000     0.00000     0.00000     0.00000     0.00000     0.00000     0.00000     0.00000     0.00000
   -41.74750     0.00000     0.00000     0.00000     0.00000     0.00000     0.00000     0.00000     0.00000     0.00000     0.00000     0.00000     0.00000     0.00000     0.00000     0.00000     0.00000     0.00000
   -41.68350     0.00000     0.00000     0.00000     0.00000     0.00000     0.00000     0.00000     0.00000     0.00000     0.00000     0.00000     0.00000     0.00000     0.00000     0.00000     0.00000     0.00000
   -41.61850     0.00000     0.00000     0.00000     0.00000     0.00000     0.00000     0.00000     0.00000     0.00000     0.00000     0.00000     0.00000     0.00000     0.00000     0.00000     0.00000     0.00000
   -41.55350     0.00000     0.00000     0.00000     0.00000     0.00000     0.00000     0.00000     0.00000     0.00000     0.00000     0.00000     0.00000     0.00000     0.00000     0.00000     0.00000     0.00000
   -41.48850     0.00000     0.00000     0.00000     0.00000     0.00000     0.00000     0.00000     0.00000     0.00000     0.00000     0.00000     0.00000     0.00000     0.00000     0.00000     0.00000     0.00000
   -41.42350     0.00000     0.00000     0.00000     0.00000     0.00000     0.00000     0.00000     0.00000     0.00000     0.00000     0.00000     0.00000     0.00000     0.00000     0.00000     0.00000     0.00000
   -41.35950     0.00000     0.00000     0.00000     0.00000     0.00000     0.00000     0.00000     0.00000     0.00000     0.00000     0.00000     0.00000     0.00000     0.00000     0.00000     0.00000     0.00000
   -41.29450     0.00000     0.00000     0.00000     0.00000     0.00000     0.00000     0.00000     0.00000     0.00000     0.00000     0.00000     0.00000     0.00000     0.00000     0.00000     0.00000     0.00000
   -41.22950     0.00000     0.00000     0.00000     0.00000     0.00000     0.00000     0.00000     0.00000     0.00000     0.00000     0.00000     0.00000     0.00000     0.00000     0.00000     0.00000     0.00000
   -41.16450     0.00000     0.00000     0.00000     0.00000     0.00000     0.00000     0.00000     0.00000     0.00000     0.00000     0.00000     0.00000     0.00000     0.00000     0.00000     0.00000     0.00000
   -41.09950     0.00000     0.00000     0.00000     0.00000     0.00000     0.00000     0.00000     0.00000     0.00000     0.00000     0.00000     0.00000     0.00000     0.00000     0.00000     0.00000     0.00000
   -41.03450     0.00000     0.00000     0.00000     0.00000     0.00000     0.00000     0.00000     0.00000     0.00000     0.00000     0.00000     0.00000     0.00000     0.00000     0.00000     0.00000     0.00000
   -40.97050     0.00000     0.00000     0.00000     0.00000     0.00000     0.00000     0.00000     0.00000     0.00000     0.00000     0.00000     0.00000     0.00000     0.00000     0.00000     0.00000     0.00000
   -40.90550     0.00000     0.00000     0.00000     0.00000     0.00000     0.00000     0.00000     0.00000     0.00000     0.00000     0.00000     0.00000     0.00000     0.00000     0.00000     0.00000     0.00000
   -40.84050     0.00000     0.00000     0.00000     0.00000     0.00000     0.00000     0.00000     0.00000     0.00000     0.00000     0.00000     0.00000     0.00000     0.00000     0.00000     0.00000     0.00000
   -40.77550     0.00000     0.00000     0.00000     0.00000     0.00000     0.00000     0.00000     0.00000     0.00000     0.00000     0.00000     0.00000     0.00000     0.00000     0.00000     0.00000     0.00000
   -40.71050     0.00000     0.00000     0.00000     0.00000     0.00000     0.00000     0.00000     0.00000     0.00000     0.00000     0.00000     0.00000     0.00000     0.00000     0.00000     0.00000     0.00000
   -40.64650     0.00000     0.00000     0.00000     0.00000     0.00000     0.00000     0.00000     0.00000     0.00000     0.00000     0.00000     0.00000     0.00000     0.00000     0.00000     0.00000     0.00000
   -40.58150     0.00000     0.00000     0.00000     0.00000     0.00000     0.00000     0.00000     0.00000     0.00000     0.00000     0.00000     0.00000     0.00000     0.00000     0.00000     0.00000     0.00000
   -40.51650     0.00000     0.00000     0.00000     0.00000     0.00000     0.00000     0.00000     0.00000     0.00000     0.00000     0.00000     0.00000     0.00000     0.00000     0.00000     0.00000     0.00000
   -40.45150     0.00000     0.00000     0.00000     0.00000     0.00000     0.00000     0.00000     0.00000     0.00000     0.00000     0.00000     0.00000     0.00000     0.00000     0.00000     0.00000     0.00000
   -40.38650     0.00000     0.00000     0.00000     0.00000     0.00000     0.00000     0.00000     0.00000     0.00000     0.00000     0.00000     0.00000     0.00000     0.00000     0.00000     0.00000     0.00000
   -40.32250     0.00000     0.00000     0.00000     0.00000     0.00000     0.00000     0.00000     0.00000     0.00000     0.00000     0.00000     0.00000     0.00000     0.00000     0.00000     0.00000     0.00000
   -40.25750     0.00000     0.00000     0.00000     0.00000     0.00000     0.00000     0.00000     0.00000     0.00000     0.00000     0.00000     0.00000     0.00000     0.00000     0.00000     0.00000     0.00000
   -40.19250     0.00000     0.00000     0.00000     0.00000     0.00000     0.00000     0.00000     0.00000     0.00000     0.00000     0.00000     0.00000     0.00000     0.00000     0.00000     0.00000     0.00000
   -40.12750     0.00000     0.00000     0.00000     0.00000     0.00000     0.00000     0.00000     0.00000     0.00000     0.00000     0.00000     0.00000     0.00000     0.00000     0.00000     0.00000     0.00000
   -40.06250     0.00000     0.00000     0.00000     0.00000     0.00000     0.00000     0.00000     0.00000     0.00000     0.00000     0.00000     0.00000     0.00000     0.00000     0.00000     0.00000     0.00000
   -39.99750     0.00000     0.00000     0.00000     0.00000     0.00000     0.00000     0.00000     0.00000     0.00000     0.00000     0.00000     0.00000     0.00000     0.00000     0.00000     0.00000     0.00000
   -39.93350     0.00000     0.00000     0.00000     0.00000     0.00000     0.00000     0.00000     0.00000     0.00000     0.00000     0.00000     0.00000     0.00000     0.00000     0.00000     0.00000     0.00000
   -39.86850     0.00000     0.00000     0.00000     0.00000     0.00000     0.00000     0.00000     0.00000     0.00000     0.00000     0.00000     0.00000     0.00000     0.00000     0.00000     0.00000     0.00000
   -39.80350     0.00000     0.00000     0.00000     0.00000     0.00000     0.00000     0.00000     0.00000     0.00000     0.00000     0.00000     0.00000     0.00000     0.00000     0.00000     0.00000     0.00000
   -39.73850     0.00000     0.00000     0.00000     0.00000     0.00000     0.00000     0.00000     0.00000     0.00000     0.00000     0.00000     0.00000     0.00000     0.00000     0.00000     0.00000     0.00000
   -39.67350     0.00000     0.00000     0.00000     0.00000     0.00000     0.00000     0.00000     0.00000     0.00000     0.00000     0.00000     0.00000     0.00000     0.00000     0.00000     0.00000     0.00000
   -39.60950     0.00000     0.00000     0.00000     0.00000     0.00000     0.00000     0.00000     0.00000     0.00000     0.00000     0.00000     0.00000     0.00000     0.00000     0.00000     0.00000     0.00000
   -39.54450     0.00000     0.00000     0.00000     0.00000     0.00000     0.00000     0.00000     0.00000     0.00000     0.00000     0.00000     0.00000     0.00000     0.00000     0.00000     0.00000     0.00000
   -39.47950     0.00000     0.00000     0.00000     0.00000     0.00000     0.00000     0.00000     0.00000     0.00000     0.00000     0.00000     0.00000     0.00000     0.00000     0.00000     0.00000     0.00000
   -39.41450     0.00000     0.00000     0.00000     0.00000     0.00000     0.00000     0.00000     0.00000     0.00000     0.00000     0.00000     0.00000     0.00000     0.00000     0.00000     0.00000     0.00000
   -39.34950     0.00000     0.00000     0.00000     0.00000     0.00000     0.00000     0.00000     0.00000     0.00000     0.00000     0.00000     0.00000     0.00000     0.00000     0.00000     0.00000     0.00000
   -39.28550     0.00000     0.00000     0.00000     0.00000     0.00000     0.00000     0.00000     0.00000     0.00000     0.00000     0.00000     0.00000     0.00000     0.00000     0.00000     0.00000     0.00000
   -39.22050     0.00000     0.00000     0.00000     0.00000     0.00000     0.00000     0.00000     0.00000     0.00000     0.00000     0.00000     0.00000     0.00000     0.00000     0.00000     0.00000     0.00000
   -39.15550     0.00000     0.00000     0.00000     0.00000     0.00000     0.00000     0.00000     0.00000     0.00000     0.00000     0.00000     0.00000     0.00000     0.00000     0.00000     0.00000     0.00000
   -39.09050     0.00000     0.00000     0.00000     0.00000     0.00000     0.00000     0.00000     0.00000     0.00000     0.00000     0.00000     0.00000     0.00000     0.00000     0.00000     0.00000     0.00000
   -39.02550     0.00000     0.00000     0.00000     0.00000     0.00000     0.00000     0.00000     0.00000     0.00000     0.00000     0.00000     0.00000     0.00000     0.00000     0.00000     0.00000     0.00000
   -38.96050     0.00000     0.00000     0.00000     0.00000     0.00000     0.00000     0.00000     0.00000     0.00000     0.00000     0.00000     0.00000     0.00000     0.00000     0.00000     0.00000     0.00000
   -38.89650     0.00000     0.00000     0.00000     0.00000     0.00000     0.00000     0.00000     0.00000     0.00000     0.00000     0.00000     0.00000     0.00000     0.00000     0.00000     0.00000     0.00000
   -38.83150     0.00000     0.00000     0.00000     0.00000     0.00000     0.00000     0.00000     0.00000     0.00000     0.00000     0.00000     0.00000     0.00000     0.00000     0.00000     0.00000     0.00000
   -38.76650     0.00000     0.00000     0.00000     0.00000     0.00000     0.00000     0.00000     0.00000     0.00000     0.00000     0.00000     0.00000     0.00000     0.00000     0.00000     0.00000     0.00000
   -38.70150     0.00000     0.00000     0.00000     0.00000     0.00000     0.00000     0.00000     0.00000     0.00000     0.00000     0.00000     0.00000     0.00000     0.00000     0.00000     0.00000     0.00000
   -38.63650     0.00000     0.00000     0.00000     0.00000     0.00000     0.00000     0.00000     0.00000     0.00000     0.00000     0.00000     0.00000     0.00000     0.00000     0.00000     0.00000     0.00000
   -38.57250     0.00000     0.00000     0.00000     0.00000     0.00000     0.00000     0.00000     0.00000     0.00000     0.00000     0.00000     0.00000     0.00000     0.00000     0.00000     0.00000     0.00000
   -38.50750     0.00000     0.00000     0.00000     0.00000     0.00000     0.00000     0.00000     0.00000     0.00000     0.00000     0.00000     0.00000     0.00000     0.00000     0.00000     0.00000     0.00000
   -38.44250     0.00000     0.00000     0.00000     0.00000     0.00000     0.00000     0.00000     0.00000     0.00000     0.00000     0.00000     0.00000     0.00000     0.00000     0.00000     0.00000     0.00000
   -38.37750     0.00000     0.00000     0.00000     0.00000     0.00000     0.00000     0.00000     0.00000     0.00000     0.00000     0.00000     0.00000     0.00000     0.00000     0.00000     0.00000     0.00000
   -38.31250     0.00000     0.00000     0.00000     0.00000     0.00000     0.00000     0.00000     0.00000     0.00000     0.00000     0.00000     0.00000     0.00000     0.00000     0.00000     0.00000     0.00000
   -38.24750     0.00000     0.00000     0.00000     0.00000     0.00000     0.00000     0.00000     0.00000     0.00000     0.00000     0.00000     0.00000     0.00000     0.00000     0.00000     0.00000     0.00000
   -38.18350     0.00000     0.00000     0.00000     0.00000     0.00000     0.00000     0.00000     0.00000     0.00000     0.00000     0.00000     0.00000     0.00000     0.00000     0.00000     0.00000     0.00000
   -38.11850     0.00000     0.00000     0.00000     0.00000     0.00000     0.00000     0.00000     0.00000     0.00000     0.00000     0.00000     0.00000     0.00000     0.00000     0.00000     0.00000     0.00000
   -38.05350     0.00000     0.00000     0.00000     0.00000     0.00000     0.00000     0.00000     0.00000     0.00000     0.00000     0.00000     0.00000     0.00000     0.00000     0.00000     0.00000     0.00000
   -37.98850     0.00000     0.00000     0.00000     0.00000     0.00000     0.00000     0.00000     0.00000     0.00000     0.00000     0.00000     0.00000     0.00000     0.00000     0.00000     0.00000     0.00000
   -37.92350     0.00000     0.00000     0.00000     0.00000     0.00000     0.00000     0.00000     0.00000     0.00000     0.00000     0.00000     0.00000     0.00000     0.00000     0.00000     0.00000     0.00000
   -37.85950     0.00000     0.00000     0.00000     0.00000     0.00000     0.00000     0.00000     0.00000     0.00000     0.00000     0.00000     0.00000     0.00000     0.00000     0.00000     0.00000     0.00000
   -37.79450     0.00000     0.00000     0.00000     0.00000     0.00000     0.00000     0.00000     0.00000     0.00000     0.00000     0.00000     0.00000     0.00000     0.00000     0.00000     0.00000     0.00000
   -37.72950     0.00000     0.00000     0.00000     0.00000     0.00000     0.00000     0.00000     0.00000     0.00000     0.00000     0.00000     0.00000     0.00000     0.00000     0.00000     0.00000     0.00000
   -37.66450     0.00000     0.00000     0.00000     0.00000     0.00000     0.00000     0.00000     0.00000     0.00000     0.00000     0.00000     0.00000     0.00000     0.00000     0.00000     0.00000     0.00000
   -37.59950     0.00000     0.00000     0.00000     0.00000     0.00000     0.00000     0.00000     0.00000     0.00000     0.00000     0.00000     0.00000     0.00000     0.00000     0.00000     0.00000     0.00000
   -37.53550     0.00000     0.00000     0.00000     0.00000     0.00000     0.00000     0.00000     0.00000     0.00000     0.00000     0.00000     0.00000     0.00000     0.00000     0.00000     0.00000     0.00000
   -37.47050     0.00000     0.00000     0.00000     0.00000     0.00000     0.00000     0.00000     0.00000     0.00000     0.00000     0.00000     0.00000     0.00000     0.00000     0.00000     0.00000     0.00000
   -37.40550     0.00000     0.00000     0.00000     0.00000     0.00000     0.00000     0.00000     0.00000     0.00000     0.00000     0.00000     0.00000     0.00000     0.00000     0.00000     0.00000     0.00000
   -37.34050     0.00000     0.00000     0.00000     0.00000     0.00000     0.00000     0.00000     0.00000     0.00000     0.00000     0.00000     0.00000     0.00000     0.00000     0.00000     0.00000     0.00000
   -37.27550     0.00000     0.00000     0.00000     0.00000     0.00000     0.00000     0.00000     0.00000     0.00000     0.00000     0.00000     0.00000     0.00000     0.00000     0.00000     0.00000     0.00000
   -37.21050     0.00000     0.00000     0.00000     0.00000     0.00000     0.00000     0.00000     0.00000     0.00000     0.00000     0.00000     0.00000     0.00000     0.00000     0.00000     0.00000     0.00000
   -37.14650     0.00000     0.00000     0.00000     0.00000     0.00000     0.00000     0.00000     0.00000     0.00000     0.00000     0.00000     0.00000     0.00000     0.00000     0.00000     0.00000     0.00000
   -37.08150     0.00000     0.00000     0.00000     0.00000     0.00000     0.00000     0.00000     0.00000     0.00000     0.00000     0.00000     0.00000     0.00000     0.00000     0.00000     0.00000     0.00000
   -37.01650     0.00000     0.00000     0.00000     0.00000     0.00000     0.00000     0.00000     0.00000     0.00000     0.00000     0.00000     0.00000     0.00000     0.00000     0.00000     0.00000     0.00000
   -36.95150     0.00000     0.00000     0.00000     0.00000     0.00000     0.00000     0.00000     0.00000     0.00000     0.00000     0.00000     0.00000     0.00000     0.00000     0.00000     0.00000     0.00000
   -36.88650     0.00000     0.00000     0.00000     0.00000     0.00000     0.00000     0.00000     0.00000     0.00000     0.00000     0.00000     0.00000     0.00000     0.00000     0.00000     0.00000     0.00000
   -36.82250     0.00000     0.00000     0.00000     0.00000     0.00000     0.00000     0.00000     0.00000     0.00000     0.00000     0.00000     0.00000     0.00000     0.00000     0.00000     0.00000     0.00000
   -36.75750     0.00000     0.00000     0.00000     0.00000     0.00000     0.00000     0.00000     0.00000     0.00000     0.00000     0.00000     0.00000     0.00000     0.00000     0.00000     0.00000     0.00000
   -36.69250     0.00000     0.00000     0.00000     0.00000     0.00000     0.00000     0.00000     0.00000     0.00000     0.00000     0.00000     0.00000     0.00000     0.00000     0.00000     0.00000     0.00000
   -36.62750     0.00000     0.00000     0.00000     0.00000     0.00000     0.00000     0.00000     0.00000     0.00000     0.00000     0.00000     0.00000     0.00000     0.00000     0.00000     0.00000     0.00000
   -36.56250     0.00000     0.00000     0.00000     0.00000     0.00000     0.00000     0.00000     0.00000     0.00000     0.00000     0.00000     0.00000     0.00000     0.00000     0.00000     0.00000     0.00000
   -36.49850     0.00000     0.00000     0.00000     0.00000     0.00000     0.00000     0.00000     0.00000     0.00000     0.00000     0.00000     0.00000     0.00000     0.00000     0.00000     0.00000     0.00000
   -36.43350     0.00000     0.00000     0.00000     0.00000     0.00000     0.00000     0.00000     0.00000     0.00000     0.00000     0.00000     0.00000     0.00000     0.00000     0.00000     0.00000     0.00000
   -36.36850     0.00000     0.00000     0.00000     0.00000     0.00000     0.00000     0.00000     0.00000     0.00000     0.00000     0.00000     0.00000     0.00000     0.00000     0.00000     0.00000     0.00000
   -36.30350     0.00000     0.00000     0.00000     0.00000     0.00000     0.00000     0.00000     0.00000     0.00000     0.00000     0.00000     0.00000     0.00000     0.00000     0.00000     0.00000     0.00000
   -36.23850     0.00000     0.00000     0.00000     0.00000     0.00000     0.00000     0.00000     0.00000     0.00000     0.00000     0.00000     0.00000     0.00000     0.00000     0.00000     0.00000     0.00000
   -36.17350     0.00000     0.00000     0.00000     0.00000     0.00000     0.00000     0.00000     0.00000     0.00000     0.00000     0.00000     0.00000     0.00000     0.00000     0.00000     0.00000     0.00000
   -36.10950     0.00000     0.00000     0.00000     0.00000     0.00000     0.00000     0.00000     0.00000     0.00000     0.00000     0.00000     0.00000     0.00000     0.00000     0.00000     0.00000     0.00000
   -36.04450     0.00000     0.00000     0.00000     0.00000     0.00000     0.00000     0.00000     0.00000     0.00000     0.00000     0.00000     0.00000     0.00000     0.00000     0.00000     0.00000     0.00000
   -35.97950     0.00000     0.00000     0.00000     0.00000     0.00000     0.00000     0.00000     0.00000     0.00000     0.00000     0.00000     0.00000     0.00000     0.00000     0.00000     0.00000     0.00000
   -35.91450     0.00000     0.00000     0.00000     0.00000     0.00000     0.00000     0.00000     0.00000     0.00000     0.00000     0.00000     0.00000     0.00000     0.00000     0.00000     0.00000     0.00000
   -35.84950     0.00000     0.00000     0.00000     0.00000     0.00000     0.00000     0.00000     0.00000     0.00000     0.00000     0.00000     0.00000     0.00000     0.00000     0.00000     0.00000     0.00000
   -35.78550     0.00000     0.00000     0.00000     0.00000     0.00000     0.00000     0.00000     0.00000     0.00000     0.00000     0.00000     0.00000     0.00000     0.00000     0.00000     0.00000     0.00000
   -35.72050     0.00000     0.00000     0.00000     0.00000     0.00000     0.00000     0.00000     0.00000     0.00000     0.00000     0.00000     0.00000     0.00000     0.00000     0.00000     0.00000     0.00000
   -35.65550     0.00000     0.00000     0.00000     0.00000     0.00000     0.00000     0.00000     0.00000     0.00000     0.00000     0.00000     0.00000     0.00000     0.00000     0.00000     0.00000     0.00000
   -35.59050     0.00000     0.00000     0.00000     0.00000     0.00000     0.00000     0.00000     0.00000     0.00000     0.00000     0.00000     0.00000     0.00000     0.00000     0.00000     0.00000     0.00000
   -35.52550     0.00000     0.00000     0.00000     0.00000     0.00000     0.00000     0.00000     0.00000     0.00000     0.00000     0.00000     0.00000     0.00000     0.00000     0.00000     0.00000     0.00000
   -35.46150     0.00000     0.00000     0.00000     0.00000     0.00000     0.00000     0.00000     0.00000     0.00000     0.00000     0.00000     0.00000     0.00000     0.00000     0.00000     0.00000     0.00000
   -35.39650     0.00000     0.00000     0.00000     0.00000     0.00000     0.00000     0.00000     0.00000     0.00000     0.00000     0.00000     0.00000     0.00000     0.00000     0.00000     0.00000     0.00000
   -35.33150     0.00000     0.00000     0.00000     0.00000     0.00000     0.00000     0.00000     0.00000     0.00000     0.00000     0.00000     0.00000     0.00000     0.00000     0.00000     0.00000     0.00000
   -35.26650     0.00000     0.00000     0.00000     0.00000     0.00000     0.00000     0.00000     0.00000     0.00000     0.00000     0.00000     0.00000     0.00000     0.00000     0.00000     0.00000     0.00000
   -35.20150     0.00000     0.00000     0.00000     0.00000     0.00000     0.00000     0.00000     0.00000     0.00000     0.00000     0.00000     0.00000     0.00000     0.00000     0.00000     0.00000     0.00000
   -35.13650     0.00000     0.00000     0.00000     0.00000     0.00000     0.00000     0.00000     0.00000     0.00000     0.00000     0.00000     0.00000     0.00000     0.00000     0.00000     0.00000     0.00000
   -35.07250     0.00000     0.00000     0.00000     0.00000     0.00000     0.00000     0.00000     0.00000     0.00000     0.00000     0.00000     0.00000     0.00000     0.00000     0.00000     0.00000     0.00000
   -35.00750     0.00000     0.00000     0.00000     0.00000     0.00000     0.00000     0.00000     0.00000     0.00000     0.00000     0.00000     0.00000     0.00000     0.00000     0.00000     0.00000     0.00000
   -34.94250     0.00000     0.00000     0.00000     0.00000     0.00000     0.00000     0.00000     0.00000     0.00000     0.00000     0.00000     0.00000     0.00000     0.00000     0.00000     0.00000     0.00000
   -34.87750     0.00000     0.00000     0.00000     0.00000     0.00000     0.00000     0.00000     0.00000     0.00000     0.00000     0.00000     0.00000     0.00000     0.00000     0.00000     0.00000     0.00000
   -34.81250     0.00000     0.00000     0.00000     0.00000     0.00000     0.00000     0.00000     0.00000     0.00000     0.00000     0.00000     0.00000     0.00000     0.00000     0.00000     0.00000     0.00000
   -34.74850     0.00000     0.00000     0.00000     0.00000     0.00000     0.00000     0.00000     0.00000     0.00000     0.00000     0.00000     0.00000     0.00000     0.00000     0.00000     0.00000     0.00000
   -34.68350     0.00000     0.00000     0.00000     0.00000     0.00000     0.00000     0.00000     0.00000     0.00000     0.00000     0.00000     0.00000     0.00000     0.00000     0.00000     0.00000     0.00000
   -34.61850     0.00000     0.00000     0.00000     0.00000     0.00000     0.00000     0.00000     0.00000     0.00000     0.00000     0.00000     0.00000     0.00000     0.00000     0.00000     0.00000     0.00000
   -34.55350     0.00000     0.00000     0.00000     0.00000     0.00000     0.00000     0.00000     0.00000     0.00000     0.00000     0.00000     0.00000     0.00000     0.00000     0.00000     0.00000     0.00000
   -34.48850     0.00000     0.00000     0.00000     0.00000     0.00000     0.00000     0.00000     0.00000     0.00000     0.00000     0.00000     0.00000     0.00000     0.00000     0.00000     0.00000     0.00000
   -34.42450     0.00000     0.00000     0.00000     0.00000     0.00000     0.00000     0.00000     0.00000     0.00000     0.00000     0.00000     0.00000     0.00000     0.00000     0.00000     0.00000     0.00000
   -34.35950     0.00000     0.00000     0.00000     0.00000     0.00000     0.00000     0.00000     0.00000     0.00000     0.00000     0.00000     0.00000     0.00000     0.00000     0.00000     0.00000     0.00000
   -34.29450     0.00000     0.00000     0.00000     0.00000     0.00000     0.00000     0.00000     0.00000     0.00000     0.00000     0.00000     0.00000     0.00000     0.00000     0.00000     0.00000     0.00000
   -34.22950     0.00000     0.00000     0.00000     0.00000     0.00000     0.00000     0.00000     0.00000     0.00000     0.00000     0.00000     0.00000     0.00000     0.00000     0.00000     0.00000     0.00000
   -34.16450     0.00000     0.00000     0.00000     0.00000     0.00000     0.00000     0.00000     0.00000     0.00000     0.00000     0.00000     0.00000     0.00000     0.00000     0.00000     0.00000     0.00000
   -34.09950     0.00000     0.00000     0.00000     0.00000     0.00000     0.00000     0.00000     0.00000     0.00000     0.00000     0.00000     0.00000     0.00000     0.00000     0.00000     0.00000     0.00000
   -34.03550     0.00000     0.00000     0.00000     0.00000     0.00000     0.00000     0.00000     0.00000     0.00000     0.00000     0.00000     0.00000     0.00000     0.00000     0.00000     0.00000     0.00000
   -33.97050     0.00000     0.00000     0.00000     0.00000     0.00000     0.00000     0.00000     0.00000     0.00000     0.00000     0.00000     0.00000     0.00000     0.00000     0.00000     0.00000     0.00000
   -33.90550     0.00000     0.00000     0.00000     0.00000     0.00000     0.00000     0.00000     0.00000     0.00000     0.00000     0.00000     0.00000     0.00000     0.00000     0.00000     0.00000     0.00000
   -33.84050     0.00000     0.00000     0.00000     0.00000     0.00000     0.00000     0.00000     0.00000     0.00000     0.00000     0.00000     0.00000     0.00000     0.00000     0.00000     0.00000     0.00000
   -33.77550     0.00000     0.00000     0.00000     0.00000     0.00000     0.00000     0.00000     0.00000     0.00000     0.00000     0.00000     0.00000     0.00000     0.00000     0.00000     0.00000     0.00000
   -33.71150     0.00000     0.00000     0.00000     0.00000     0.00000     0.00000     0.00000     0.00000     0.00000     0.00000     0.00000     0.00000     0.00000     0.00000     0.00000     0.00000     0.00000
   -33.64650     0.00000     0.00000     0.00000     0.00000     0.00000     0.00000     0.00000     0.00000     0.00000     0.00000     0.00000     0.00000     0.00000     0.00000     0.00000     0.00000     0.00000
   -33.58150     0.00000     0.00000     0.00000     0.00000     0.00000     0.00000     0.00000     0.00000     0.00000     0.00000     0.00000     0.00000     0.00000     0.00000     0.00000     0.00000     0.00000
   -33.51650     0.00000     0.00000     0.00000     0.00000     0.00000     0.00000     0.00000     0.00000     0.00000     0.00000     0.00000     0.00000     0.00000     0.00000     0.00000     0.00000     0.00000
   -33.45150     0.00000     0.00000     0.00000     0.00000     0.00000     0.00000     0.00000     0.00000     0.00000     0.00000     0.00000     0.00000     0.00000     0.00000     0.00000     0.00000     0.00000
   -33.38750     0.00000     0.00000     0.00000     0.00000     0.00000     0.00000     0.00000     0.00000     0.00000     0.00000     0.00000     0.00000     0.00000     0.00000     0.00000     0.00000     0.00000
   -33.32250     0.00000     0.00000     0.00000     0.00000     0.00000     0.00000     0.00000     0.00000     0.00000     0.00000     0.00000     0.00000     0.00000     0.00000     0.00000     0.00000     0.00000
   -33.25750     0.00000     0.00000     0.00000     0.00000     0.00000     0.00000     0.00000     0.00000     0.00000     0.00000     0.00000     0.00000     0.00000     0.00000     0.00000     0.00000     0.00000
   -33.19250     0.00000     0.00000     0.00000     0.00000     0.00000     0.00000     0.00000     0.00000     0.00000     0.00000     0.00000     0.00000     0.00000     0.00000     0.00000     0.00000     0.00000
   -33.12750     0.00000     0.00000     0.00000     0.00000     0.00000     0.00000     0.00000     0.00000     0.00000     0.00000     0.00000     0.00000     0.00000     0.00000     0.00000     0.00000     0.00000
   -33.06250     0.00000     0.00000     0.00000     0.00000     0.00000     0.00000     0.00000     0.00000     0.00000     0.00000     0.00000     0.00000     0.00000     0.00000     0.00000     0.00000     0.00000
   -32.99850     0.00000     0.00000     0.00000     0.00000     0.00000     0.00000     0.00000     0.00000     0.00000     0.00000     0.00000     0.00000     0.00000     0.00000     0.00000     0.00000     0.00000
   -32.93350     0.00000     0.00000     0.00000     0.00000     0.00000     0.00000     0.00000     0.00000     0.00000     0.00000     0.00000     0.00000     0.00000     0.00000     0.00000     0.00000     0.00000
   -32.86850     0.00000     0.00000     0.00000     0.00000     0.00000     0.00000     0.00000     0.00000     0.00000     0.00000     0.00000     0.00000     0.00000     0.00000     0.00000     0.00000     0.00000
   -32.80350     0.00000     0.00000     0.00000     0.00000     0.00000     0.00000     0.00000     0.00000     0.00000     0.00000     0.00000     0.00000     0.00000     0.00000     0.00000     0.00000     0.00000
   -32.73850     0.00000     0.00000     0.00000     0.00000     0.00000     0.00000     0.00000     0.00000     0.00000     0.00000     0.00000     0.00000     0.00000     0.00000     0.00000     0.00000     0.00000
   -32.67450     0.00000     0.00000     0.00000     0.00000     0.00000     0.00000     0.00000     0.00000     0.00000     0.00000     0.00000     0.00000     0.00000     0.00000     0.00000     0.00000     0.00000
   -32.60950     0.00000     0.00000     0.00000     0.00000     0.00000     0.00000     0.00000     0.00000     0.00000     0.00000     0.00000     0.00000     0.00000     0.00000     0.00000     0.00000     0.00000
   -32.54450     0.00000     0.00000     0.00000     0.00000     0.00000     0.00000     0.00000     0.00000     0.00000     0.00000     0.00000     0.00000     0.00000     0.00000     0.00000     0.00000     0.00000
   -32.47950     0.00000     0.00000     0.00000     0.00000     0.00000     0.00000     0.00000     0.00000     0.00000     0.00000     0.00000     0.00000     0.00000     0.00000     0.00000     0.00000     0.00000
   -32.41450     0.00000     0.00000     0.00000     0.00000     0.00000     0.00000     0.00000     0.00000     0.00000     0.00000     0.00000     0.00000     0.00000     0.00000     0.00000     0.00000     0.00000
   -32.35050     0.00000     0.00000     0.00000     0.00000     0.00000     0.00000     0.00000     0.00000     0.00000     0.00000     0.00000     0.00000     0.00000     0.00000     0.00000     0.00000     0.00000
   -32.28550     0.00001    12.04000     0.03095     1.60200     0.00006     0.00007     0.00055     0.00016     0.00013     0.00017     0.00000     0.00002     0.00000     0.00001     0.00000     0.00004    13.67418
   -32.22050     0.00004     9.31100     0.65750     8.64500     0.00027     0.00032     0.00032     0.00020     0.00008     0.00010     0.00005     0.00004     0.00004     0.00004     0.00001     0.00014    18.61516
   -32.15550     0.00007     7.40500     6.10100     7.42400     0.00015     0.00024     0.00003     0.00033     0.00007     0.00005     0.00004     0.00002     0.00006     0.00002     0.00004     0.00008    20.93119
   -32.09050     0.00014     2.73100    12.40000     4.02800     0.00015     0.00015     0.00004     0.00008     0.00004     0.00002     0.00001     0.00001     0.00016     0.00001     0.00001     0.00002    19.15986
   -32.02550     0.00001     0.00064     3.01200     0.00185     0.00002     0.00000     0.00000     0.00000     0.00000     0.00000     0.00000     0.00000     0.00007     0.00000     0.00000     0.00000     3.01459
   -31.96150     0.00000     0.00000     0.00000     0.00000     0.00000     0.00000     0.00000     0.00000     0.00000     0.00000     0.00000     0.00000     0.00000     0.00000     0.00000     0.00000     0.00000
   -31.89650     0.00000     0.00000     0.00000     0.00000     0.00000     0.00000     0.00000     0.00000     0.00000     0.00000     0.00000     0.00000     0.00000     0.00000     0.00000     0.00000     0.00000
   -31.83150     0.00000     0.00000     0.00000     0.00000     0.00000     0.00000     0.00000     0.00000     0.00000     0.00000     0.00000     0.00000     0.00000     0.00000     0.00000     0.00000     0.00000
   -31.76650     0.00000     0.00000     0.00000     0.00000     0.00000     0.00000     0.00000     0.00000     0.00000     0.00000     0.00000     0.00000     0.00000     0.00000     0.00000     0.00000     0.00000
   -31.70150     0.00000     0.00000     0.00000     0.00000     0.00000     0.00000     0.00000     0.00000     0.00000     0.00000     0.00000     0.00000     0.00000     0.00000     0.00000     0.00000     0.00000
   -31.63750     0.00000     0.00000     0.00000     0.00000     0.00000     0.00000     0.00000     0.00000     0.00000     0.00000     0.00000     0.00000     0.00000     0.00000     0.00000     0.00000     0.00000
   -31.57250     0.00000     0.00000     0.00000     0.00000     0.00000     0.00000     0.00000     0.00000     0.00000     0.00000     0.00000     0.00000     0.00000     0.00000     0.00000     0.00000     0.00000
   -31.50750     0.00000     0.00000     0.00000     0.00000     0.00000     0.00000     0.00000     0.00000     0.00000     0.00000     0.00000     0.00000     0.00000     0.00000     0.00000     0.00000     0.00000
   -31.44250     0.00000     0.00000     0.00000     0.00000     0.00000     0.00000     0.00000     0.00000     0.00000     0.00000     0.00000     0.00000     0.00000     0.00000     0.00000     0.00000     0.00000
   -31.37750     0.00000     0.00000     0.00000     0.00000     0.00000     0.00000     0.00000     0.00000     0.00000     0.00000     0.00000     0.00000     0.00000     0.00000     0.00000     0.00000     0.00000
   -31.31350     0.00000     0.00000     0.00000     0.00000     0.00000     0.00000     0.00000     0.00000     0.00000     0.00000     0.00000     0.00000     0.00000     0.00000     0.00000     0.00000     0.00000
   -31.24850     0.00000     0.00000     0.00000     0.00000     0.00000     0.00000     0.00000     0.00000     0.00000     0.00000     0.00000     0.00000     0.00000     0.00000     0.00000     0.00000     0.00000
   -31.18350     0.00000     0.00000     0.00000     0.00000     0.00000     0.00000     0.00000     0.00000     0.00000     0.00000     0.00000     0.00000     0.00000     0.00000     0.00000     0.00000     0.00000
   -31.11850     0.00000     0.00000     0.00000     0.00000     0.00000     0.00000     0.00000     0.00000     0.00000     0.00000     0.00000     0.00000     0.00000     0.00000     0.00000     0.00000     0.00000
   -31.05350     0.00000     0.00000     0.00000     0.00000     0.00000     0.00000     0.00000     0.00000     0.00000     0.00000     0.00000     0.00000     0.00000     0.00000     0.00000     0.00000     0.00000
   -30.98850     0.00000     0.00000     0.00000     0.00000     0.00000     0.00000     0.00000     0.00000     0.00000     0.00000     0.00000     0.00000     0.00000     0.00000     0.00000     0.00000     0.00000
   -30.92450     0.00000     0.00000     0.00000     0.00000     0.00000     0.00000     0.00000     0.00000     0.00000     0.00000     0.00000     0.00000     0.00000     0.00000     0.00000     0.00000     0.00000
   -30.85950     0.00000     0.00000     0.00000     0.00000     0.00000     0.00000     0.00000     0.00000     0.00000     0.00000     0.00000     0.00000     0.00000     0.00000     0.00000     0.00000     0.00000
   -30.79450     0.00000     0.00000     0.00000     0.00000     0.00000     0.00000     0.00000     0.00000     0.00000     0.00000     0.00000     0.00000     0.00000     0.00000     0.00000     0.00000     0.00000
   -30.72950     0.00000     0.00000     0.00000     0.00000     0.00000     0.00000     0.00000     0.00000     0.00000     0.00000     0.00000     0.00000     0.00000     0.00000     0.00000     0.00000     0.00000
   -30.66450     0.00000     0.00000     0.00000     0.00000     0.00000     0.00000     0.00000     0.00000     0.00000     0.00000     0.00000     0.00000     0.00000     0.00000     0.00000     0.00000     0.00000
   -30.60050     0.00000     0.00000     0.00000     0.00000     0.00000     0.00000     0.00000     0.00000     0.00000     0.00000     0.00000     0.00000     0.00000     0.00000     0.00000     0.00000     0.00000
   -30.53550     0.00000     0.00000     0.00000     0.00000     0.00000     0.00000     0.00000     0.00000     0.00000     0.00000     0.00000     0.00000     0.00000     0.00000     0.00000     0.00000     0.00000
   -30.47050     0.00000     0.00000     0.00000     0.00000     0.00000     0.00000     0.00000     0.00000     0.00000     0.00000     0.00000     0.00000     0.00000     0.00000     0.00000     0.00000     0.00000
   -30.40550     0.00000     0.00000     0.00000     0.00000     0.00000     0.00000     0.00000     0.00000     0.00000     0.00000     0.00000     0.00000     0.00000     0.00000     0.00000     0.00000     0.00000
   -30.34050     0.00000     0.00000     0.00000     0.00000     0.00000     0.00000     0.00000     0.00000     0.00000     0.00000     0.00000     0.00000     0.00000     0.00000     0.00000     0.00000     0.00000
   -30.27550     0.00000     0.00000     0.00000     0.00000     0.00000     0.00000     0.00000     0.00000     0.00000     0.00000     0.00000     0.00000     0.00000     0.00000     0.00000     0.00000     0.00000
   -30.21150     0.00000     0.00000     0.00000     0.00000     0.00000     0.00000     0.00000     0.00000     0.00000     0.00000     0.00000     0.00000     0.00000     0.00000     0.00000     0.00000     0.00000
   -30.14650     0.00000     0.00000     0.00000     0.00000     0.00000     0.00000     0.00000     0.00000     0.00000     0.00000     0.00000     0.00000     0.00000     0.00000     0.00000     0.00000     0.00000
   -30.08150     0.00000     0.00000     0.00000     0.00000     0.00000     0.00000     0.00000     0.00000     0.00000     0.00000     0.00000     0.00000     0.00000     0.00000     0.00000     0.00000     0.00000
   -30.01650     0.00000     0.00000     0.00000     0.00000     0.00000     0.00000     0.00000     0.00000     0.00000     0.00000     0.00000     0.00000     0.00000     0.00000     0.00000     0.00000     0.00000
   -29.95150     0.00000     0.00000     0.00000     0.00000     0.00000     0.00000     0.00000     0.00000     0.00000     0.00000     0.00000     0.00000     0.00000     0.00000     0.00000     0.00000     0.00000
   -29.88750     0.00000     0.00000     0.00000     0.00000     0.00000     0.00000     0.00000     0.00000     0.00000     0.00000     0.00000     0.00000     0.00000     0.00000     0.00000     0.00000     0.00000
   -29.82250     0.00000     0.00000     0.00000     0.00000     0.00000     0.00000     0.00000     0.00000     0.00000     0.00000     0.00000     0.00000     0.00000     0.00000     0.00000     0.00000     0.00000
   -29.75750     0.00000     0.00000     0.00000     0.00000     0.00000     0.00000     0.00000     0.00000     0.00000     0.00000     0.00000     0.00000     0.00000     0.00000     0.00000     0.00000     0.00000
   -29.69250     0.00000     0.00000     0.00000     0.00000     0.00000     0.00000     0.00000     0.00000     0.00000     0.00000     0.00000     0.00000     0.00000     0.00000     0.00000     0.00000     0.00000
   -29.62750     0.00000     0.00000     0.00000     0.00000     0.00000     0.00000     0.00000     0.00000     0.00000     0.00000     0.00000     0.00000     0.00000     0.00000     0.00000     0.00000     0.00000
   -29.56350     0.00000     0.00000     0.00000     0.00000     0.00000     0.00000     0.00000     0.00000     0.00000     0.00000     0.00000     0.00000     0.00000     0.00000     0.00000     0.00000     0.00000
   -29.49850     0.02423     0.00368     0.00197     0.00139     0.00012     0.00000     0.00241     0.00001     0.00001     0.00004     0.00044     0.00005     0.00002     0.00001     0.00000     0.00001     0.03440
   -29.43350     0.06310     0.00939     0.01296     0.01049     0.00061     0.00006     0.00313     0.00003     0.00032     0.00028     0.00124     0.00040     0.00010     0.00003     0.00000     0.00005     0.10221
   -29.36850     0.05699     0.01278     0.04046     0.03120     0.00155     0.00036     0.00197     0.00007     0.00028     0.00026     0.00128     0.00032     0.00022     0.00005     0.00001     0.00015     0.14797
   -29.30350     0.05053     0.02865     0.08553     0.05966     0.00335     0.00111     0.00116     0.00027     0.00020     0.00023     0.00133     0.00020     0.00038     0.00005     0.00002     0.00024     0.23291
   -29.23850     0.00397     0.05780     0.02828     0.05223     0.00188     0.00458     0.00006     0.00529     0.00010     0.00022     0.00014     0.00015     0.00013     0.00014     0.00003     0.00019     0.15519
   -29.17450     0.00173     0.48820     0.17200     0.29300     0.00741     0.01175     0.00198     0.01370     0.00205     0.00056     0.00006     0.00068     0.00043     0.00070     0.00043     0.00050     0.99519
   -29.10950     0.00269     0.76360     0.30680     0.81710     0.00406     0.00888     0.00280     0.00871     0.00201     0.00025     0.00009     0.00113     0.00017     0.00128     0.00045     0.00012     1.92014
   -29.04450     0.00000     0.00000     0.00000     0.00000     0.00000     0.00000     0.00000     0.00000     0.00000     0.00000     0.00000     0.00000     0.00000     0.00000     0.00000     0.00000     0.00000
   -28.97950     0.00000     0.00000     0.00000     0.00000     0.00000     0.00000     0.00000     0.00000     0.00000     0.00000     0.00000     0.00000     0.00000     0.00000     0.00000     0.00000     0.00000
   -28.91450     0.00000     0.00000     0.00000     0.00000     0.00000     0.00000     0.00000     0.00000     0.00000     0.00000     0.00000     0.00000     0.00000     0.00000     0.00000     0.00000     0.00000
   -28.85050     0.00000     0.00000     0.00000     0.00000     0.00000     0.00000     0.00000     0.00000     0.00000     0.00000     0.00000     0.00000     0.00000     0.00000     0.00000     0.00000     0.00000
   -28.78550     0.00000     0.00000     0.00000     0.00000     0.00000     0.00000     0.00000     0.00000     0.00000     0.00000     0.00000     0.00000     0.00000     0.00000     0.00000     0.00000     0.00000
   -28.72050     0.00000     0.00000     0.00000     0.00000     0.00000     0.00000     0.00000     0.00000     0.00000     0.00000     0.00000     0.00000     0.00000     0.00000     0.00000     0.00000     0.00000
   -28.65550     0.00000     0.00000     0.00000     0.00000     0.00000     0.00000     0.00000     0.00000     0.00000     0.00000     0.00000     0.00000     0.00000     0.00000     0.00000     0.00000     0.00000
   -28.59050     0.00000     0.00000     0.00000     0.00000     0.00000     0.00000     0.00000     0.00000     0.00000     0.00000     0.00000     0.00000     0.00000     0.00000     0.00000     0.00000     0.00000
   -28.52650     0.00000     0.00000     0.00000     0.00000     0.00000     0.00000     0.00000     0.00000     0.00000     0.00000     0.00000     0.00000     0.00000     0.00000     0.00000     0.00000     0.00000
   -28.46150     0.00000     0.00000     0.00000     0.00000     0.00000     0.00000     0.00000     0.00000     0.00000     0.00000     0.00000     0.00000     0.00000     0.00000     0.00000     0.00000     0.00000
   -28.39650     0.00000     0.00000     0.00000     0.00000     0.00000     0.00000     0.00000     0.00000     0.00000     0.00000     0.00000     0.00000     0.00000     0.00000     0.00000     0.00000     0.00000
   -28.33150     0.00000     0.00000     0.00000     0.00000     0.00000     0.00000     0.00000     0.00000     0.00000     0.00000     0.00000     0.00000     0.00000     0.00000     0.00000     0.00000     0.00000
   -28.26650     0.00000     0.00000     0.00000     0.00000     0.00000     0.00000     0.00000     0.00000     0.00000     0.00000     0.00000     0.00000     0.00000     0.00000     0.00000     0.00000     0.00000
   -28.20150     0.00000     0.00000     0.00000     0.00000     0.00000     0.00000     0.00000     0.00000     0.00000     0.00000     0.00000     0.00000     0.00000     0.00000     0.00000     0.00000     0.00000
   -28.13750     0.00000     0.00000     0.00000     0.00000     0.00000     0.00000     0.00000     0.00000     0.00000     0.00000     0.00000     0.00000     0.00000     0.00000     0.00000     0.00000     0.00000
   -28.07250     0.00000     0.00000     0.00000     0.00000     0.00000     0.00000     0.00000     0.00000     0.00000     0.00000     0.00000     0.00000     0.00000     0.00000     0.00000     0.00000     0.00000
   -28.00750     0.00000     0.00000     0.00000     0.00000     0.00000     0.00000     0.00000     0.00000     0.00000     0.00000     0.00000     0.00000     0.00000     0.00000     0.00000     0.00000     0.00000
   -27.94250     0.00000     0.00000     0.00000     0.00000     0.00000     0.00000     0.00000     0.00000     0.00000     0.00000     0.00000     0.00000     0.00000     0.00000     0.00000     0.00000     0.00000
   -27.87750     0.00000     0.00000     0.00000     0.00000     0.00000     0.00000     0.00000     0.00000     0.00000     0.00000     0.00000     0.00000     0.00000     0.00000     0.00000     0.00000     0.00000
   -27.81350     0.00000     0.00000     0.00000     0.00000     0.00000     0.00000     0.00000     0.00000     0.00000     0.00000     0.00000     0.00000     0.00000     0.00000     0.00000     0.00000     0.00000
   -27.74850     0.00000     0.00000     0.00000     0.00000     0.00000     0.00000     0.00000     0.00000     0.00000     0.00000     0.00000     0.00000     0.00000     0.00000     0.00000     0.00000     0.00000
   -27.68350     0.00000     0.00000     0.00000     0.00000     0.00000     0.00000     0.00000     0.00000     0.00000     0.00000     0.00000     0.00000     0.00000     0.00000     0.00000     0.00000     0.00000
   -27.61850     0.00000     0.00000     0.00000     0.00000     0.00000     0.00000     0.00000     0.00000     0.00000     0.00000     0.00000     0.00000     0.00000     0.00000     0.00000     0.00000     0.00000
   -27.55350     0.00000     0.00000     0.00000     0.00000     0.00000     0.00000     0.00000     0.00000     0.00000     0.00000     0.00000     0.00000     0.00000     0.00000     0.00000     0.00000     0.00000
   -27.48950     0.00000     0.00000     0.00000     0.00000     0.00000     0.00000     0.00000     0.00000     0.00000     0.00000     0.00000     0.00000     0.00000     0.00000     0.00000     0.00000     0.00000
   -27.42450     0.00000     0.00000     0.00000     0.00000     0.00000     0.00000     0.00000     0.00000     0.00000     0.00000     0.00000     0.00000     0.00000     0.00000     0.00000     0.00000     0.00000
   -27.35950     0.00000     0.00000     0.00000     0.00000     0.00000     0.00000     0.00000     0.00000     0.00000     0.00000     0.00000     0.00000     0.00000     0.00000     0.00000     0.00000     0.00000
   -27.29450     0.00000     0.00000     0.00000     0.00000     0.00000     0.00000     0.00000     0.00000     0.00000     0.00000     0.00000     0.00000     0.00000     0.00000     0.00000     0.00000     0.00000
   -27.22950     0.00000     0.00000     0.00000     0.00000     0.00000     0.00000     0.00000     0.00000     0.00000     0.00000     0.00000     0.00000     0.00000     0.00000     0.00000     0.00000     0.00000
   -27.16450     0.00000     0.00000     0.00000     0.00000     0.00000     0.00000     0.00000     0.00000     0.00000     0.00000     0.00000     0.00000     0.00000     0.00000     0.00000     0.00000     0.00000
   -27.10050     0.00000     0.00000     0.00000     0.00000     0.00000     0.00000     0.00000     0.00000     0.00000     0.00000     0.00000     0.00000     0.00000     0.00000     0.00000     0.00000     0.00000
   -27.03550     0.00000     0.00000     0.00000     0.00000     0.00000     0.00000     0.00000     0.00000     0.00000     0.00000     0.00000     0.00000     0.00000     0.00000     0.00000     0.00000     0.00000
   -26.97050     0.00000     0.00000     0.00000     0.00000     0.00000     0.00000     0.00000     0.00000     0.00000     0.00000     0.00000     0.00000     0.00000     0.00000     0.00000     0.00000     0.00000
   -26.90550     0.00000     0.00000     0.00000     0.00000     0.00000     0.00000     0.00000     0.00000     0.00000     0.00000     0.00000     0.00000     0.00000     0.00000     0.00000     0.00000     0.00000
   -26.84050     0.00000     0.00000     0.00000     0.00000     0.00000     0.00000     0.00000     0.00000     0.00000     0.00000     0.00000     0.00000     0.00000     0.00000     0.00000     0.00000     0.00000
   -26.77650     0.00000     0.00000     0.00000     0.00000     0.00000     0.00000     0.00000     0.00000     0.00000     0.00000     0.00000     0.00000     0.00000     0.00000     0.00000     0.00000     0.00000
   -26.71150     0.00000     0.00000     0.00000     0.00000     0.00000     0.00000     0.00000     0.00000     0.00000     0.00000     0.00000     0.00000     0.00000     0.00000     0.00000     0.00000     0.00000
   -26.64650     0.00000     0.00000     0.00000     0.00000     0.00000     0.00000     0.00000     0.00000     0.00000     0.00000     0.00000     0.00000     0.00000     0.00000     0.00000     0.00000     0.00000
   -26.58150     0.00000     0.00000     0.00000     0.00000     0.00000     0.00000     0.00000     0.00000     0.00000     0.00000     0.00000     0.00000     0.00000     0.00000     0.00000     0.00000     0.00000
   -26.51650     0.00000     0.00000     0.00000     0.00000     0.00000     0.00000     0.00000     0.00000     0.00000     0.00000     0.00000     0.00000     0.00000     0.00000     0.00000     0.00000     0.00000
   -26.45250     0.00000     0.00000     0.00000     0.00000     0.00000     0.00000     0.00000     0.00000     0.00000     0.00000     0.00000     0.00000     0.00000     0.00000     0.00000     0.00000     0.00000
   -26.38750     0.00000     0.00000     0.00000     0.00000     0.00000     0.00000     0.00000     0.00000     0.00000     0.00000     0.00000     0.00000     0.00000     0.00000     0.00000     0.00000     0.00000
   -26.32250     0.00000     0.00000     0.00000     0.00000     0.00000     0.00000     0.00000     0.00000     0.00000     0.00000     0.00000     0.00000     0.00000     0.00000     0.00000     0.00000     0.00000
   -26.25750     0.00000     0.00000     0.00000     0.00000     0.00000     0.00000     0.00000     0.00000     0.00000     0.00000     0.00000     0.00000     0.00000     0.00000     0.00000     0.00000     0.00000
   -26.19250     0.00000     0.00000     0.00000     0.00000     0.00000     0.00000     0.00000     0.00000     0.00000     0.00000     0.00000     0.00000     0.00000     0.00000     0.00000     0.00000     0.00000
   -26.12750     0.00000     0.00000     0.00000     0.00000     0.00000     0.00000     0.00000     0.00000     0.00000     0.00000     0.00000     0.00000     0.00000     0.00000     0.00000     0.00000     0.00000
   -26.06350     0.00000     0.00000     0.00000     0.00000     0.00000     0.00000     0.00000     0.00000     0.00000     0.00000     0.00000     0.00000     0.00000     0.00000     0.00000     0.00000     0.00000
   -25.99850     0.00000     0.00000     0.00000     0.00000     0.00000     0.00000     0.00000     0.00000     0.00000     0.00000     0.00000     0.00000     0.00000     0.00000     0.00000     0.00000     0.00000
   -25.93350     0.00000     0.00000     0.00000     0.00000     0.00000     0.00000     0.00000     0.00000     0.00000     0.00000     0.00000     0.00000     0.00000     0.00000     0.00000     0.00000     0.00000
   -25.86850     0.00000     0.00000     0.00000     0.00000     0.00000     0.00000     0.00000     0.00000     0.00000     0.00000     0.00000     0.00000     0.00000     0.00000     0.00000     0.00000     0.00000
   -25.80350     0.00000     0.00000     0.00000     0.00000     0.00000     0.00000     0.00000     0.00000     0.00000     0.00000     0.00000     0.00000     0.00000     0.00000     0.00000     0.00000     0.00000
   -25.73950     0.00000     0.00000     0.00000     0.00000     0.00000     0.00000     0.00000     0.00000     0.00000     0.00000     0.00000     0.00000     0.00000     0.00000     0.00000     0.00000     0.00000
   -25.67450     0.00000     0.00000     0.00000     0.00000     0.00000     0.00000     0.00000     0.00000     0.00000     0.00000     0.00000     0.00000     0.00000     0.00000     0.00000     0.00000     0.00000
   -25.60950     0.00000     0.00000     0.00000     0.00000     0.00000     0.00000     0.00000     0.00000     0.00000     0.00000     0.00000     0.00000     0.00000     0.00000     0.00000     0.00000     0.00000
   -25.54450     0.00000     0.00000     0.00000     0.00000     0.00000     0.00000     0.00000     0.00000     0.00000     0.00000     0.00000     0.00000     0.00000     0.00000     0.00000     0.00000     0.00000
   -25.47950     0.00000     0.00000     0.00000     0.00000     0.00000     0.00000     0.00000     0.00000     0.00000     0.00000     0.00000     0.00000     0.00000     0.00000     0.00000     0.00000     0.00000
   -25.41550     0.00000     0.00000     0.00000     0.00000     0.00000     0.00000     0.00000     0.00000     0.00000     0.00000     0.00000     0.00000     0.00000     0.00000     0.00000     0.00000     0.00000
   -25.35050     0.00000     0.00000     0.00000     0.00000     0.00000     0.00000     0.00000     0.00000     0.00000     0.00000     0.00000     0.00000     0.00000     0.00000     0.00000     0.00000     0.00000
   -25.28550     0.00000     0.00000     0.00000     0.00000     0.00000     0.00000     0.00000     0.00000     0.00000     0.00000     0.00000     0.00000     0.00000     0.00000     0.00000     0.00000     0.00000
   -25.22050     0.00000     0.00000     0.00000     0.00000     0.00000     0.00000     0.00000     0.00000     0.00000     0.00000     0.00000     0.00000     0.00000     0.00000     0.00000     0.00000     0.00000
   -25.15550     0.00000     0.00000     0.00000     0.00000     0.00000     0.00000     0.00000     0.00000     0.00000     0.00000     0.00000     0.00000     0.00000     0.00000     0.00000     0.00000     0.00000
   -25.09050     0.00000     0.00000     0.00000     0.00000     0.00000     0.00000     0.00000     0.00000     0.00000     0.00000     0.00000     0.00000     0.00000     0.00000     0.00000     0.00000     0.00000
   -25.02650     0.00000     0.00000     0.00000     0.00000     0.00000     0.00000     0.00000     0.00000     0.00000     0.00000     0.00000     0.00000     0.00000     0.00000     0.00000     0.00000     0.00000
   -24.96150     0.00000     0.00000     0.00000     0.00000     0.00000     0.00000     0.00000     0.00000     0.00000     0.00000     0.00000     0.00000     0.00000     0.00000     0.00000     0.00000     0.00000
   -24.89650     0.00000     0.00000     0.00000     0.00000     0.00000     0.00000     0.00000     0.00000     0.00000     0.00000     0.00000     0.00000     0.00000     0.00000     0.00000     0.00000     0.00000
   -24.83150     0.00000     0.00000     0.00000     0.00000     0.00000     0.00000     0.00000     0.00000     0.00000     0.00000     0.00000     0.00000     0.00000     0.00000     0.00000     0.00000     0.00000
   -24.76650     0.00000     0.00000     0.00000     0.00000     0.00000     0.00000     0.00000     0.00000     0.00000     0.00000     0.00000     0.00000     0.00000     0.00000     0.00000     0.00000     0.00000
   -24.70250     0.00000     0.00000     0.00000     0.00000     0.00000     0.00000     0.00000     0.00000     0.00000     0.00000     0.00000     0.00000     0.00000     0.00000     0.00000     0.00000     0.00000
   -24.63750     0.00000     0.00000     0.00000     0.00000     0.00000     0.00000     0.00000     0.00000     0.00000     0.00000     0.00000     0.00000     0.00000     0.00000     0.00000     0.00000     0.00000
   -24.57250     0.00000     0.00000     0.00000     0.00000     0.00000     0.00000     0.00000     0.00000     0.00000     0.00000     0.00000     0.00000     0.00000     0.00000     0.00000     0.00000     0.00000
   -24.50750     0.00000     0.00000     0.00000     0.00000     0.00000     0.00000     0.00000     0.00000     0.00000     0.00000     0.00000     0.00000     0.00000     0.00000     0.00000     0.00000     0.00000
   -24.44250     0.00000     0.00000     0.00000     0.00000     0.00000     0.00000     0.00000     0.00000     0.00000     0.00000     0.00000     0.00000     0.00000     0.00000     0.00000     0.00000     0.00000
   -24.37850     0.00000     0.00000     0.00000     0.00000     0.00000     0.00000     0.00000     0.00000     0.00000     0.00000     0.00000     0.00000     0.00000     0.00000     0.00000     0.00000     0.00000
   -24.31350     0.00000     0.00000     0.00000     0.00000     0.00000     0.00000     0.00000     0.00000     0.00000     0.00000     0.00000     0.00000     0.00000     0.00000     0.00000     0.00000     0.00000
   -24.24850     0.00000     0.00000     0.00000     0.00000     0.00000     0.00000     0.00000     0.00000     0.00000     0.00000     0.00000     0.00000     0.00000     0.00000     0.00000     0.00000     0.00000
   -24.18350     0.02301     0.00883     0.00896     0.00901     0.00008     0.00007     0.00002     0.00007     0.00000     0.00002     0.00019     0.00001     0.00002     0.00001     0.00000     0.00002     0.05033
   -24.11850     0.08010     0.02390     0.02622     0.02726     0.00136     0.00077     0.00060     0.00067     0.00005     0.00009     0.00066     0.00009     0.00012     0.00005     0.00001     0.00008     0.16202
   -24.05350     0.20210     0.02918     0.05185     0.04162     0.00968     0.00385     0.00860     0.00183     0.00055     0.00031     0.00197     0.00026     0.00049     0.00010     0.00002     0.00032     0.35275
   -23.98950     0.12910     0.01931     0.02987     0.02645     0.00502     0.00161     0.00743     0.00092     0.00034     0.00019     0.00167     0.00023     0.00027     0.00008     0.00002     0.00016     0.22267
   -23.92450     0.11540     0.01592     0.02138     0.01884     0.00283     0.00103     0.00941     0.00081     0.00029     0.00018     0.00194     0.00025     0.00016     0.00008     0.00002     0.00012     0.18867
   -23.85950     0.08614     0.01200     0.01468     0.01176     0.00160     0.00072     0.00620     0.00082     0.00029     0.00018     0.00153     0.00028     0.00011     0.00009     0.00002     0.00010     0.13651
   -23.79450     0.04413     0.00486     0.00518     0.00380     0.00099     0.00037     0.00232     0.00059     0.00025     0.00014     0.00079     0.00021     0.00008     0.00004     0.00001     0.00004     0.06379
   -23.72950     0.00630     0.00031     0.00042     0.00032     0.00072     0.00020     0.00015     0.00025     0.00004     0.00002     0.00006     0.00003     0.00006     0.00001     0.00000     0.00001     0.00889
   -23.66550     0.00813     0.03414     0.01763     0.01646     0.00176     0.00058     0.00634     0.00187     0.00033     0.00007     0.00015     0.00006     0.00011     0.00003     0.00000     0.00006     0.08772
   -23.60050     0.03084     0.09405     0.06498     0.04101     0.01056     0.00554     0.01838     0.00769     0.00284     0.00068     0.00065     0.00062     0.00045     0.00027     0.00012     0.00068     0.27938
   -23.53550     0.01878     0.15340     0.08537     0.14310     0.01450     0.02410     0.01324     0.03767     0.02095     0.00114     0.00036     0.00180     0.00065     0.00239     0.00289     0.00096     0.52131
   -23.47050     0.01381     0.12790     0.05013     0.13840     0.01050     0.02074     0.00585     0.02491     0.00848     0.00119     0.00025     0.00152     0.00066     0.00189     0.00117     0.00103     0.40843
   -23.40550     0.00535     0.13560     0.02490     0.12590     0.01619     0.04282     0.00125     0.02335     0.00264     0.00143     0.00009     0.00167     0.00135     0.00228     0.00035     0.00221     0.38739
   -23.34050     0.00000     0.00000     0.00000     0.00000     0.00000     0.00000     0.00000     0.00000     0.00000     0.00000     0.00000     0.00000     0.00000     0.00000     0.00000     0.00000     0.00000
   -23.27650     0.00000     0.00000     0.00000     0.00000     0.00000     0.00000     0.00000     0.00000     0.00000     0.00000     0.00000     0.00000     0.00000     0.00000     0.00000     0.00000     0.00000
   -23.21150     0.00000     0.00000     0.00000     0.00000     0.00000     0.00000     0.00000     0.00000     0.00000     0.00000     0.00000     0.00000     0.00000     0.00000     0.00000     0.00000     0.00000
   -23.14650     0.00000     0.00000     0.00000     0.00000     0.00000     0.00000     0.00000     0.00000     0.00000     0.00000     0.00000     0.00000     0.00000     0.00000     0.00000     0.00000     0.00000
   -23.08150     0.00000     0.00000     0.00000     0.00000     0.00000     0.00000     0.00000     0.00000     0.00000     0.00000     0.00000     0.00000     0.00000     0.00000     0.00000     0.00000     0.00000
   -23.01650     0.00000     0.00000     0.00000     0.00000     0.00000     0.00000     0.00000     0.00000     0.00000     0.00000     0.00000     0.00000     0.00000     0.00000     0.00000     0.00000     0.00000
   -22.95250     0.00000     0.00000     0.00000     0.00000     0.00000     0.00000     0.00000     0.00000     0.00000     0.00000     0.00000     0.00000     0.00000     0.00000     0.00000     0.00000     0.00000
   -22.88750     0.00000     0.00000     0.00000     0.00000     0.00000     0.00000     0.00000     0.00000     0.00000     0.00000     0.00000     0.00000     0.00000     0.00000     0.00000     0.00000     0.00000
   -22.82250     0.00000     0.00000     0.00000     0.00000     0.00000     0.00000     0.00000     0.00000     0.00000     0.00000     0.00000     0.00000     0.00000     0.00000     0.00000     0.00000     0.00000
   -22.75750     0.00000     0.00000     0.00000     0.00000     0.00000     0.00000     0.00000     0.00000     0.00000     0.00000     0.00000     0.00000     0.00000     0.00000     0.00000     0.00000     0.00000
   -22.69250     0.00000     0.00000     0.00000     0.00000     0.00000     0.00000     0.00000     0.00000     0.00000     0.00000     0.00000     0.00000     0.00000     0.00000     0.00000     0.00000     0.00000
   -22.62850     0.00000     0.00000     0.00000     0.00000     0.00000     0.00000     0.00000     0.00000     0.00000     0.00000     0.00000     0.00000     0.00000     0.00000     0.00000     0.00000     0.00000
   -22.56350     0.00000     0.00000     0.00000     0.00000     0.00000     0.00000     0.00000     0.00000     0.00000     0.00000     0.00000     0.00000     0.00000     0.00000     0.00000     0.00000     0.00000
   -22.49850     0.00000     0.00000     0.00000     0.00000     0.00000     0.00000     0.00000     0.00000     0.00000     0.00000     0.00000     0.00000     0.00000     0.00000     0.00000     0.00000     0.00000
   -22.43350     0.00000     0.00000     0.00000     0.00000     0.00000     0.00000     0.00000     0.00000     0.00000     0.00000     0.00000     0.00000     0.00000     0.00000     0.00000     0.00000     0.00000
   -22.36850     0.00000     0.00000     0.00000     0.00000     0.00000     0.00000     0.00000     0.00000     0.00000     0.00000     0.00000     0.00000     0.00000     0.00000     0.00000     0.00000     0.00000
   -22.30350     0.00000     0.00000     0.00000     0.00000     0.00000     0.00000     0.00000     0.00000     0.00000     0.00000     0.00000     0.00000     0.00000     0.00000     0.00000     0.00000     0.00000
   -22.23950     0.00000     0.00000     0.00000     0.00000     0.00000     0.00000     0.00000     0.00000     0.00000     0.00000     0.00000     0.00000     0.00000     0.00000     0.00000     0.00000     0.00000
   -22.17450     0.00000     0.00000     0.00000     0.00000     0.00000     0.00000     0.00000     0.00000     0.00000     0.00000     0.00000     0.00000     0.00000     0.00000     0.00000     0.00000     0.00000
   -22.10950     0.00000     0.00000     0.00000     0.00000     0.00000     0.00000     0.00000     0.00000     0.00000     0.00000     0.00000     0.00000     0.00000     0.00000     0.00000     0.00000     0.00000
   -22.04450     0.00000     0.00000     0.00000     0.00000     0.00000     0.00000     0.00000     0.00000     0.00000     0.00000     0.00000     0.00000     0.00000     0.00000     0.00000     0.00000     0.00000
   -21.97950     0.00000     0.00000     0.00000     0.00000     0.00000     0.00000     0.00000     0.00000     0.00000     0.00000     0.00000     0.00000     0.00000     0.00000     0.00000     0.00000     0.00000
   -21.91550     0.00000     0.00000     0.00000     0.00000     0.00000     0.00000     0.00000     0.00000     0.00000     0.00000     0.00000     0.00000     0.00000     0.00000     0.00000     0.00000     0.00000
   -21.85050     0.00000     0.00000     0.00000     0.00000     0.00000     0.00000     0.00000     0.00000     0.00000     0.00000     0.00000     0.00000     0.00000     0.00000     0.00000     0.00000     0.00000
   -21.78550     0.00000     0.00000     0.00000     0.00000     0.00000     0.00000     0.00000     0.00000     0.00000     0.00000     0.00000     0.00000     0.00000     0.00000     0.00000     0.00000     0.00000
   -21.72050     0.00000     0.00000     0.00000     0.00000     0.00000     0.00000     0.00000     0.00000     0.00000     0.00000     0.00000     0.00000     0.00000     0.00000     0.00000     0.00000     0.00000
   -21.65550     0.00000     0.00000     0.00000     0.00000     0.00000     0.00000     0.00000     0.00000     0.00000     0.00000     0.00000     0.00000     0.00000     0.00000     0.00000     0.00000     0.00000
   -21.59150     0.00016     0.00000     0.00000     0.00000     0.00000     0.00000     0.00000     0.00000     0.00000     0.00000     0.00000     0.00000     0.00000     0.00000     0.00000     0.00000     0.00016
   -21.52650     0.00239     0.00001     0.00001     0.00001     0.00000     0.00000     0.00000     0.00000     0.00000     0.00000     0.00000     0.00000     0.00000     0.00000     0.00000     0.00000     0.00241
   -21.46150     0.00343     0.00001     0.00003     0.00001     0.00000     0.00000     0.00000     0.00000     0.00000     0.00000     0.00000     0.00000     0.00000     0.00000     0.00000     0.00000     0.00349
   -21.39650     0.00460     0.00002     0.00005     0.00002     0.00001     0.00000     0.00000     0.00000     0.00000     0.00000     0.00000     0.00000     0.00000     0.00000     0.00000     0.00000     0.00471
   -21.33150     0.00531     0.00004     0.00009     0.00003     0.00001     0.00000     0.00000     0.00000     0.00000     0.00000     0.00000     0.00000     0.00000     0.00000     0.00000     0.00000     0.00549
   -21.26650     0.00621     0.00005     0.00013     0.00004     0.00001     0.00001     0.00000     0.00001     0.00000     0.00000     0.00000     0.00000     0.00000     0.00000     0.00000     0.00000     0.00646
   -21.20250     0.00707     0.00007     0.00017     0.00006     0.00002     0.00001     0.00000     0.00001     0.00000     0.00000     0.00000     0.00000     0.00000     0.00000     0.00000     0.00000     0.00740
   -21.13750     0.00784     0.00009     0.00023     0.00007     0.00002     0.00001     0.00000     0.00001     0.00000     0.00000     0.00000     0.00000     0.00000     0.00000     0.00000     0.00000     0.00828
   -21.07250     0.00863     0.00011     0.00029     0.00008     0.00003     0.00001     0.00000     0.00001     0.00000     0.00000     0.00000     0.00000     0.00000     0.00000     0.00000     0.00000     0.00918
   -21.00750     0.00946     0.00013     0.00037     0.00010     0.00003     0.00001     0.00000     0.00001     0.00000     0.00000     0.00000     0.00000     0.00000     0.00000     0.00000     0.00000     0.01012
   -20.94250     0.01027     0.00016     0.00043     0.00013     0.00004     0.00001     0.00001     0.00002     0.00000     0.00000     0.00000     0.00000     0.00000     0.00000     0.00000     0.00000     0.01107
   -20.87850     0.01106     0.00019     0.00051     0.00017     0.00004     0.00002     0.00001     0.00002     0.00000     0.00000     0.00000     0.00000     0.00000     0.00000     0.00000     0.00000     0.01202
   -20.81350     0.01186     0.00023     0.00060     0.00020     0.00005     0.00002     0.00001     0.00002     0.00000     0.00000     0.00000     0.00000     0.00000     0.00000     0.00000     0.00000     0.01298
   -20.74850     0.01268     0.00025     0.00069     0.00023     0.00005     0.00002     0.00001     0.00002     0.00000     0.00000     0.00000     0.00000     0.00000     0.00000     0.00000     0.00000     0.01397
   -20.68350     0.01350     0.00028     0.00079     0.00027     0.00006     0.00003     0.00001     0.00002     0.00000     0.00000     0.00001     0.00000     0.00000     0.00000     0.00000     0.00000     0.01497
   -20.61850     0.01433     0.00033     0.00087     0.00035     0.00006     0.00003     0.00002     0.00003     0.00000     0.00000     0.00001     0.00000     0.00000     0.00000     0.00000     0.00000     0.01603
   -20.55450     0.01516     0.00037     0.00101     0.00038     0.00007     0.00004     0.00002     0.00003     0.00000     0.00000     0.00001     0.00000     0.00000     0.00000     0.00000     0.00000     0.01708
   -20.48950     0.01599     0.00041     0.00115     0.00041     0.00008     0.00004     0.00002     0.00003     0.00000     0.00000     0.00001     0.00000     0.00000     0.00000     0.00000     0.00000     0.01814
   -20.42450     0.01683     0.00045     0.00129     0.00044     0.00008     0.00004     0.00002     0.00003     0.00000     0.00000     0.00001     0.00000     0.00000     0.00000     0.00000     0.00000     0.01921
   -20.35950     0.01769     0.00051     0.00144     0.00051     0.00009     0.00005     0.00003     0.00004     0.00000     0.00000     0.00001     0.00000     0.00000     0.00000     0.00000     0.00000     0.02036
   -20.29450     0.01856     0.00056     0.00159     0.00060     0.00010     0.00006     0.00003     0.00004     0.00000     0.00000     0.00001     0.00000     0.00000     0.00000     0.00000     0.00000     0.02154
   -20.22950     0.01942     0.00061     0.00178     0.00064     0.00010     0.00006     0.00003     0.00004     0.00000     0.00000     0.00001     0.00000     0.00000     0.00000     0.00000     0.00000     0.02271
   -20.16550     0.02028     0.00066     0.00198     0.00067     0.00011     0.00007     0.00003     0.00005     0.00000     0.00000     0.00001     0.00000     0.00000     0.00000     0.00000     0.00000     0.02388
   -20.10050     0.02113     0.00071     0.00219     0.00071     0.00012     0.00008     0.00004     0.00005     0.00000     0.00000     0.00001     0.00000     0.00000     0.00000     0.00000     0.00000     0.02504
   -20.03550     0.02205     0.00079     0.00240     0.00081     0.00013     0.00009     0.00004     0.00005     0.00000     0.00000     0.00001     0.00000     0.00000     0.00000     0.00000     0.00000     0.02637
   -19.97050     0.02294     0.00085     0.00259     0.00093     0.00014     0.00010     0.00004     0.00006     0.00000     0.00000     0.00001     0.00000     0.00000     0.00000     0.00000     0.00000     0.02766
   -19.90550     0.02383     0.00092     0.00281     0.00103     0.00015     0.00011     0.00004     0.00006     0.00000     0.00000     0.00001     0.00000     0.00000     0.00000     0.00000     0.00000     0.02897
   -19.84150     0.02471     0.00098     0.00307     0.00108     0.00016     0.00012     0.00005     0.00007     0.00000     0.00000     0.00001     0.00000     0.00000     0.00000     0.00000     0.00000     0.03026
   -19.77650     0.02558     0.00104     0.00335     0.00114     0.00017     0.00013     0.00005     0.00007     0.00000     0.00000     0.00001     0.00000     0.00000     0.00000     0.00000     0.00000     0.03155
   -19.71150     0.02652     0.00113     0.00361     0.00127     0.00019     0.00014     0.00005     0.00008     0.00000     0.00000     0.00002     0.00000     0.00000     0.00000     0.00000     0.00000     0.03302
   -19.64650     0.02744     0.00122     0.00387     0.00143     0.00021     0.00016     0.00005     0.00008     0.00000     0.00000     0.00002     0.00000     0.00000     0.00000     0.00000     0.00000     0.03448
   -19.58150     0.02835     0.00129     0.00418     0.00154     0.00022     0.00017     0.00005     0.00009     0.00000     0.00000     0.00002     0.00000     0.00000     0.00000     0.00000     0.00000     0.03592
   -19.51750     0.02924     0.00136     0.00451     0.00163     0.00024     0.00019     0.00005     0.00010     0.00000     0.00000     0.00002     0.00000     0.00000     0.00000     0.00000     0.00000     0.03736
   -19.45250     0.03012     0.00144     0.00488     0.00170     0.00025     0.00021     0.00005     0.00010     0.00000     0.00000     0.00002     0.00000     0.00000     0.00000     0.00000     0.00000     0.03879
   -19.38750     0.03108     0.00155     0.00528     0.00182     0.00028     0.00023     0.00005     0.00011     0.00000     0.00000     0.00002     0.00000     0.00000     0.00000     0.00000     0.00000     0.04044
   -19.32250     0.03201     0.00164     0.00563     0.00199     0.00031     0.00025     0.00005     0.00012     0.00000     0.00000     0.00002     0.00000     0.00001     0.00000     0.00000     0.00000     0.04206
   -19.25750     0.03292     0.00174     0.00606     0.00212     0.00033     0.00028     0.00005     0.00013     0.00000     0.00001     0.00002     0.00000     0.00001     0.00000     0.00000     0.00000     0.04367
   -19.19250     0.03382     0.00182     0.00651     0.00223     0.00035     0.00031     0.00005     0.00014     0.00000     0.00001     0.00002     0.00000     0.00001     0.00000     0.00000     0.00000     0.04529
   -19.12850     0.03471     0.00190     0.00698     0.00234     0.00037     0.00034     0.00005     0.00015     0.00000     0.00001     0.00002     0.00001     0.00001     0.00000     0.00000     0.00001     0.04690
   -19.06350     0.03565     0.00202     0.00752     0.00247     0.00041     0.00038     0.00005     0.00016     0.00000     0.00001     0.00003     0.00001     0.00001     0.00001     0.00000     0.00001     0.04872
   -18.99850     0.03660     0.00215     0.00801     0.00267     0.00045     0.00041     0.00005     0.00017     0.00000     0.00001     0.00003     0.00001     0.00002     0.00001     0.00000     0.00001     0.05058
   -18.93350     0.03752     0.00226     0.00851     0.00289     0.00050     0.00045     0.00005     0.00018     0.00000     0.00001     0.00003     0.00001     0.00002     0.00001     0.00000     0.00001     0.05244
   -18.86850     0.03842     0.00236     0.00912     0.00303     0.00052     0.00050     0.00005     0.00019     0.00000     0.00001     0.00003     0.00001     0.00002     0.00001     0.00000     0.00001     0.05429
   -18.80450     0.03933     0.00246     0.00974     0.00319     0.00055     0.00054     0.00005     0.00021     0.00000     0.00002     0.00003     0.00001     0.00003     0.00001     0.00000     0.00001     0.05618
   -18.73950     0.04030     0.00260     0.01042     0.00339     0.00062     0.00059     0.00005     0.00023     0.00000     0.00002     0.00003     0.00001     0.00003     0.00001     0.00000     0.00001     0.05832
   -18.67450     0.04127     0.00274     0.01111     0.00364     0.00069     0.00064     0.00005     0.00024     0.00000     0.00002     0.00003     0.00002     0.00004     0.00002     0.00000     0.00002     0.06053
   -18.60950     0.04223     0.00287     0.01179     0.00394     0.00076     0.00070     0.00006     0.00026     0.00000     0.00003     0.00003     0.00002     0.00004     0.00002     0.00000     0.00002     0.06277
   -18.54450     0.04322     0.00300     0.01262     0.00415     0.00081     0.00077     0.00006     0.00028     0.00001     0.00003     0.00003     0.00002     0.00005     0.00002     0.00000     0.00002     0.06510
   -18.48050     0.04422     0.00314     0.01355     0.00432     0.00086     0.00085     0.00007     0.00030     0.00001     0.00003     0.00003     0.00002     0.00006     0.00002     0.00000     0.00003     0.06751
   -18.41550     0.04535     0.00331     0.01454     0.00459     0.00096     0.00093     0.00009     0.00033     0.00001     0.00004     0.00004     0.00003     0.00007     0.00003     0.00000     0.00003     0.07034
   -18.35050     0.04657     0.00350     0.01561     0.00492     0.00107     0.00101     0.00012     0.00036     0.00001     0.00005     0.00004     0.00003     0.00008     0.00003     0.00000     0.00004     0.07343
   -18.28550     0.04791     0.00371     0.01674     0.00530     0.00118     0.00111     0.00016     0.00038     0.00002     0.00005     0.00004     0.00003     0.00009     0.00003     0.00000     0.00004     0.07680
   -18.22050     0.04950     0.00393     0.01807     0.00564     0.00128     0.00123     0.00020     0.00042     0.00002     0.00006     0.00004     0.00004     0.00011     0.00004     0.00000     0.00005     0.08063
   -18.15550     0.05160     0.00421     0.01966     0.00599     0.00136     0.00137     0.00026     0.00046     0.00003     0.00007     0.00004     0.00005     0.00012     0.00004     0.00000     0.00006     0.08534
   -18.09150     0.05485     0.00466     0.02157     0.00658     0.00157     0.00154     0.00037     0.00053     0.00004     0.00009     0.00004     0.00006     0.00015     0.00005     0.00000     0.00007     0.09217
   -18.02650     0.06719     0.00609     0.02474     0.00823     0.00194     0.00185     0.00054     0.00072     0.00005     0.00013     0.00005     0.00008     0.00021     0.00008     0.00000     0.00011     0.11200
   -17.96150     0.06089     0.00553     0.02608     0.00812     0.00207     0.00188     0.00074     0.00064     0.00007     0.00013     0.00004     0.00008     0.00021     0.00008     0.00000     0.00010     0.10666
   -17.89650     0.05623     0.00513     0.02792     0.00800     0.00214     0.00198     0.00093     0.00059     0.00010     0.00013     0.00004     0.00008     0.00021     0.00007     0.00000     0.00010     0.10366
   -17.83150     0.05261     0.00488     0.03061     0.00789     0.00225     0.00210     0.00118     0.00056     0.00012     0.00013     0.00004     0.00008     0.00022     0.00008     0.00000     0.00010     0.10286
   -17.76750     0.04902     0.00469     0.03497     0.00798     0.00251     0.00224     0.00162     0.00054     0.00014     0.00014     0.00003     0.00009     0.00024     0.00008     0.00000     0.00011     0.10443
   -17.70250     0.04363     0.00429     0.03980     0.00783     0.00266     0.00234     0.00197     0.00051     0.00018     0.00015     0.00003     0.00009     0.00026     0.00008     0.00000     0.00011     0.10393
   -17.63750     0.03906     0.00397     0.03939     0.00776     0.00270     0.00254     0.00233     0.00049     0.00022     0.00015     0.00003     0.00009     0.00026     0.00008     0.00000     0.00011     0.09919
   -17.57250     0.03494     0.00376     0.03777     0.00752     0.00273     0.00266     0.00298     0.00047     0.00025     0.00016     0.00003     0.00010     0.00026     0.00008     0.00000     0.00012     0.09383
   -17.50750     0.03023     0.00343     0.03653     0.00729     0.00274     0.00281     0.00372     0.00044     0.00030     0.00017     0.00002     0.00010     0.00026     0.00008     0.00000     0.00012     0.08826
   -17.44350     0.02549     0.00307     0.03422     0.00685     0.00263     0.00288     0.00442     0.00040     0.00036     0.00017     0.00002     0.00011     0.00025     0.00008     0.00000     0.00012     0.08106
   -17.37850     0.02131     0.00274     0.03212     0.00652     0.00251     0.00285     0.00526     0.00037     0.00043     0.00018     0.00002     0.00011     0.00024     0.00008     0.00000     0.00012     0.07486
   -17.31350     0.01745     0.00248     0.03011     0.00603     0.00236     0.00289     0.00675     0.00032     0.00051     0.00020     0.00002     0.00012     0.00023     0.00008     0.00001     0.00012     0.06966
   -17.24850     0.01305     0.00203     0.02695     0.00530     0.00201     0.00282     0.00800     0.00026     0.00062     0.00020     0.00001     0.00012     0.00020     0.00007     0.00001     0.00012     0.06177
   -17.18350     0.00748     0.00120     0.01860     0.00381     0.00131     0.00234     0.00662     0.00010     0.00067     0.00017     0.00001     0.00009     0.00015     0.00004     0.00000     0.00008     0.04267
   -17.11850     0.00857     0.00074     0.01195     0.00270     0.00111     0.00186     0.03364     0.00007     0.00081     0.00016     0.00003     0.00010     0.00010     0.00003     0.00000     0.00006     0.06194
   -17.05450     0.00945     0.00055     0.00694     0.00153     0.00154     0.00130     0.05168     0.00019     0.00082     0.00020     0.00003     0.00016     0.00007     0.00004     0.00000     0.00005     0.07456
   -16.98950     0.01195     0.00090     0.00588     0.00169     0.00314     0.00112     0.06606     0.00050     0.00106     0.00031     0.00002     0.00029     0.00007     0.00010     0.00000     0.00007     0.09316
   -16.92450     0.01540     0.00131     0.00931     0.00230     0.00539     0.00177     0.06956     0.00092     0.00143     0.00037     0.00001     0.00040     0.00010     0.00015     0.00001     0.00007     0.10851
   -16.85950     0.02202     0.00173     0.01645     0.00413     0.00807     0.00373     0.06609     0.00131     0.00141     0.00033     0.00002     0.00045     0.00017     0.00022     0.00002     0.00007     0.12622
   -16.79450     0.04135     0.00293     0.02877     0.01062     0.01387     0.00866     0.06651     0.00213     0.00214     0.00035     0.00009     0.00057     0.00032     0.00036     0.00005     0.00010     0.17881
   -16.73050     0.11670     0.00938     0.03594     0.02130     0.01929     0.01298     0.06668     0.00503     0.00368     0.00058     0.00053     0.00072     0.00063     0.00052     0.00006     0.00026     0.29428
   -16.66550     0.07126     0.00555     0.02095     0.01152     0.01087     0.00703     0.06184     0.00285     0.00399     0.00049     0.00031     0.00052     0.00051     0.00030     0.00003     0.00021     0.19824
   -16.60050     0.05592     0.00416     0.01484     0.00762     0.00758     0.00476     0.06014     0.00204     0.00484     0.00050     0.00024     0.00043     0.00047     0.00022     0.00002     0.00021     0.16399
   -16.53550     0.04829     0.00346     0.01302     0.00868     0.00690     0.00385     0.06011     0.00162     0.00553     0.00050     0.00020     0.00038     0.00048     0.00020     0.00002     0.00025     0.15350
   -16.47050     0.04457     0.00299     0.01141     0.01016     0.00719     0.00318     0.06299     0.00136     0.00641     0.00054     0.00017     0.00035     0.00048     0.00020     0.00002     0.00029     0.15232
   -16.40650     0.04371     0.00271     0.01125     0.01210     0.00835     0.00302     0.06762     0.00125     0.00771     0.00059     0.00014     0.00034     0.00049     0.00021     0.00003     0.00033     0.15985
   -16.34150     0.04602     0.00273     0.01130     0.01360     0.01073     0.00300     0.07535     0.00124     0.00896     0.00063     0.00013     0.00032     0.00050     0.00023     0.00003     0.00036     0.17513
   -16.27650     0.04761     0.00319     0.01253     0.01516     0.01392     0.00321     0.08389     0.00130     0.00942     0.00062     0.00012     0.00031     0.00051     0.00025     0.00003     0.00039     0.19246
   -16.21150     0.04234     0.00336     0.01227     0.01549     0.01573     0.00320     0.08468     0.00122     0.01001     0.00057     0.00011     0.00027     0.00049     0.00027     0.00004     0.00039     0.19043
   -16.14650     0.03785     0.00342     0.01233     0.01553     0.01693     0.00334     0.08687     0.00120     0.01442     0.00053     0.00011     0.00025     0.00045     0.00028     0.00004     0.00040     0.19393
   -16.08150     0.03436     0.00344     0.01250     0.01568     0.01827     0.00345     0.09782     0.00122     0.01660     0.00049     0.00010     0.00024     0.00043     0.00029     0.00004     0.00039     0.20533
   -16.01750     0.03021     0.00346     0.01170     0.01560     0.01940     0.00340     0.08046     0.00137     0.04347     0.00041     0.00010     0.00025     0.00034     0.00033     0.00007     0.00037     0.21093
   -15.95250     0.02673     0.00334     0.01134     0.01493     0.02011     0.00317     0.06524     0.00131     0.03280     0.00030     0.00010     0.00020     0.00028     0.00028     0.00011     0.00030     0.18054
   -15.88750     0.02468     0.00336     0.01133     0.01447     0.02115     0.00317     0.06867     0.00142     0.03935     0.00030     0.00010     0.00019     0.00024     0.00028     0.00019     0.00034     0.18925
   -15.82250     0.02495     0.00360     0.01144     0.01434     0.02230     0.00321     0.06399     0.00162     0.05258     0.00031     0.00011     0.00021     0.00023     0.00031     0.00029     0.00040     0.19988
   -15.75750     0.02570     0.00377     0.01119     0.01384     0.02285     0.00322     0.05746     0.00176     0.06712     0.00027     0.00012     0.00024     0.00023     0.00032     0.00041     0.00041     0.20891
   -15.69350     0.02937     0.00445     0.01204     0.01425     0.02451     0.00352     0.06816     0.00198     0.08969     0.00032     0.00015     0.00031     0.00027     0.00035     0.00057     0.00050     0.25044
   -15.62850     0.03165     0.00467     0.01246     0.01353     0.02440     0.00378     0.05999     0.00218     0.09328     0.00033     0.00016     0.00033     0.00035     0.00035     0.00064     0.00055     0.24864
   -15.56350     0.02917     0.00456     0.00923     0.01187     0.02485     0.00271     0.04068     0.00184     0.08517     0.00028     0.00014     0.00025     0.00032     0.00033     0.00072     0.00049     0.21261
   -15.49850     0.03084     0.00555     0.00992     0.01101     0.02477     0.00291     0.02600     0.00245     0.11260     0.00031     0.00014     0.00024     0.00042     0.00037     0.00092     0.00054     0.22898
   -15.43350     0.03065     0.00539     0.00950     0.01051     0.01809     0.00286     0.02261     0.00235     0.11150     0.00034     0.00013     0.00024     0.00044     0.00037     0.00100     0.00062     0.21662
   -15.36850     0.02981     0.00528     0.00901     0.01015     0.01461     0.00279     0.01823     0.00213     0.11000     0.00039     0.00013     0.00025     0.00046     0.00036     0.00109     0.00067     0.20536
   -15.30450     0.03018     0.00523     0.00937     0.01020     0.01274     0.00292     0.01610     0.00202     0.10590     0.00044     0.00013     0.00026     0.00051     0.00036     0.00116     0.00073     0.19824
   -15.23950     0.03092     0.00531     0.00961     0.01031     0.01134     0.00300     0.01371     0.00186     0.10150     0.00051     0.00012     0.00027     0.00055     0.00035     0.00121     0.00078     0.19135
   -15.17450     0.03120     0.00530     0.00926     0.01030     0.01006     0.00266     0.01176     0.00167     0.09627     0.00057     0.00012     0.00027     0.00056     0.00034     0.00124     0.00081     0.18240
   -15.10950     0.03326     0.00548     0.00958     0.01063     0.00913     0.00254     0.01110     0.00154     0.09195     0.00065     0.00012     0.00029     0.00061     0.00034     0.00127     0.00085     0.17934
   -15.04450     0.03746     0.00579     0.00991     0.01116     0.00853     0.00226     0.01032     0.00139     0.08841     0.00076     0.00012     0.00030     0.00066     0.00034     0.00129     0.00090     0.17961
   -14.98050     0.04487     0.00615     0.01024     0.01162     0.00757     0.00194     0.00976     0.00122     0.08327     0.00087     0.00012     0.00033     0.00071     0.00035     0.00125     0.00094     0.18121
   -14.91550     0.19290     0.00673     0.01197     0.01371     0.00681     0.00184     0.01131     0.00112     0.08827     0.00119     0.00023     0.00052     0.00082     0.00037     0.00125     0.00106     0.34007
   -14.85050     0.39880     0.00793     0.01474     0.01478     0.00791     0.00149     0.00765     0.00094     0.07201     0.00148     0.00030     0.00041     0.00096     0.00040     0.00116     0.00099     0.53196
   -14.78550     0.25730     0.00877     0.01448     0.01404     0.00700     0.00116     0.00475     0.00074     0.05104     0.00134     0.00019     0.00038     0.00097     0.00044     0.00099     0.00089     0.36448
   -14.72050     0.19060     0.01045     0.01515     0.01405     0.00599     0.00081     0.00394     0.00055     0.03826     0.00128     0.00014     0.00046     0.00106     0.00052     0.00089     0.00086     0.28501
   -14.65650     0.13820     0.01162     0.01599     0.01221     0.00543     0.00044     0.00281     0.00035     0.03038     0.00131     0.00009     0.00041     0.00111     0.00044     0.00085     0.00084     0.22249
   -14.59150     0.08987     0.01010     0.01693     0.00774     0.00411     0.00021     0.00173     0.00019     0.01823     0.00108     0.00006     0.00028     0.00123     0.00025     0.00064     0.00058     0.15323
   -14.52650     0.06730     0.00747     0.01710     0.00547     0.00340     0.00014     0.00144     0.00011     0.01143     0.00075     0.00004     0.00020     0.00130     0.00017     0.00045     0.00043     0.11721
   -14.46150     0.07529     0.00652     0.01106     0.00507     0.00389     0.00024     0.00222     0.00013     0.01162     0.00055     0.00004     0.00019     0.00077     0.00021     0.00033     0.00044     0.11856
   -14.39650     0.10860     0.00848     0.01074     0.00999     0.00533     0.00059     0.00475     0.00022     0.01981     0.00065     0.00004     0.00025     0.00075     0.00049     0.00034     0.00083     0.17187
   -14.33150     0.21440     0.01152     0.01782     0.01517     0.00940     0.00178     0.01446     0.00043     0.04353     0.00086     0.00009     0.00042     0.00131     0.00099     0.00058     0.00114     0.33390
   -14.26750     0.40380     0.01765     0.03302     0.02984     0.01401     0.00622     0.03075     0.00090     0.09924     0.00149     0.00022     0.00097     0.00184     0.00194     0.00173     0.00178     0.64540
   -14.20250     0.49330     0.02604     0.05419     0.04966     0.01955     0.00632     0.04028     0.00120     0.09668     0.00234     0.00043     0.00177     0.00285     0.00309     0.00297     0.00221     0.80287
   -14.13750     0.27190     0.02251     0.03860     0.04039     0.01514     0.00393     0.02140     0.00103     0.04534     0.00222     0.00026     0.00126     0.00217     0.00202     0.00148     0.00201     0.47164
   -14.07250     0.18730     0.02251     0.03469     0.03409     0.01291     0.00313     0.01412     0.00096     0.02860     0.00222     0.00019     0.00110     0.00199     0.00157     0.00104     0.00175     0.34817
   -14.00750     0.14130     0.02136     0.03111     0.02780     0.01032     0.00280     0.01028     0.00091     0.01992     0.00205     0.00013     0.00100     0.00178     0.00131     0.00081     0.00135     0.27423
   -13.94350     0.10830     0.02045     0.02780     0.02347     0.00808     0.00249     0.00773     0.00084     0.01357     0.00189     0.00010     0.00094     0.00156     0.00115     0.00066     0.00108     0.22009
   -13.87850     0.08740     0.02160     0.02657     0.02184     0.00709     0.00223     0.00621     0.00080     0.00917     0.00195     0.00008     0.00092     0.00150     0.00104     0.00054     0.00104     0.18998
   -13.81350     0.07257     0.02270     0.02514     0.02088     0.00645     0.00202     0.00509     0.00077     0.00602     0.00198     0.00006     0.00089     0.00140     0.00095     0.00052     0.00108     0.16854
   -13.74850     0.05994     0.02478     0.02384     0.02197     0.00634     0.00184     0.00427     0.00076     0.00394     0.00212     0.00005     0.00087     0.00131     0.00088     0.00057     0.00139     0.15487
   -13.68350     0.05056     0.02685     0.02306     0.02532     0.00732     0.00181     0.00381     0.00079     0.00371     0.00230     0.00004     0.00085     0.00126     0.00081     0.00076     0.00209     0.15135
   -13.61950     0.04345     0.02661     0.02200     0.02449     0.00845     0.00172     0.00353     0.00076     0.00435     0.00215     0.00004     0.00082     0.00119     0.00074     0.00100     0.00217     0.14346
   -13.55450     0.03651     0.02758     0.02061     0.02400     0.00975     0.00169     0.00339     0.00079     0.00502     0.00217     0.00003     0.00079     0.00109     0.00068     0.00132     0.00233     0.13774
   -13.48950     0.03056     0.02904     0.01962     0.02463     0.01148     0.00172     0.00341     0.00083     0.00571     0.00223     0.00003     0.00078     0.00102     0.00064     0.00167     0.00265     0.13602
   -13.42450     0.02617     0.03096     0.01843     0.02579     0.01418     0.00201     0.00362     0.00093     0.00661     0.00234     0.00002     0.00076     0.00095     0.00061     0.00217     0.00312     0.13866
   -13.35950     0.02202     0.03285     0.01752     0.02564     0.01620     0.00231     0.00388     0.00107     0.00764     0.00238     0.00002     0.00074     0.00089     0.00060     0.00272     0.00334     0.13981
   -13.29450     0.01881     0.03516     0.01659     0.02663     0.01933     0.00321     0.00431     0.00129     0.00901     0.00247     0.00002     0.00072     0.00083     0.00065     0.00356     0.00386     0.14644
   -13.23050     0.01613     0.03823     0.01534     0.02823     0.02427     0.00566     0.00492     0.00163     0.01086     0.00257     0.00002     0.00070     0.00076     0.00085     0.00488     0.00467     0.15971
   -13.16550     0.01382     0.04237     0.01517     0.02902     0.02708     0.00757     0.00589     0.00218     0.01343     0.00266     0.00002     0.00075     0.00074     0.00105     0.00595     0.00516     0.17286
   -13.10050     0.01246     0.04902     0.01456     0.03125     0.02807     0.00959     0.00651     0.00305     0.01704     0.00279     0.00002     0.00080     0.00073     0.00114     0.00726     0.00556     0.18985
   -13.03550     0.01087     0.06326     0.01146     0.03940     0.02861     0.01337     0.00666     0.00470     0.02321     0.00330     0.00002     0.00072     0.00063     0.00113     0.00969     0.00654     0.22357
   -12.97050     0.01021     0.06891     0.00967     0.04063     0.02880     0.01967     0.00688     0.00651     0.02921     0.00310     0.00002     0.00077     0.00066     0.00128     0.01169     0.00694     0.24495
   -12.90650     0.00815     0.04228     0.00448     0.03047     0.02291     0.01734     0.00349     0.00581     0.02427     0.00207     0.00002     0.00053     0.00040     0.00058     0.00913     0.00430     0.17624
   -12.84150     0.00672     0.02940     0.00318     0.02313     0.02215     0.01409     0.00257     0.00552     0.02060     0.00161     0.00002     0.00036     0.00028     0.00029     0.00807     0.00312     0.14112
   -12.77650     0.00579     0.02193     0.00292     0.01777     0.02305     0.01155     0.00241     0.00541     0.01795     0.00138     0.00002     0.00024     0.00022     0.00017     0.00803     0.00252     0.12138
   -12.71150     0.00511     0.01630     0.00292     0.01318     0.02452     0.00962     0.00246     0.00524     0.01474     0.00124     0.00002     0.00016     0.00020     0.00012     0.00745     0.00216     0.10542
   -12.64650     0.00488     0.01221     0.00314     0.00937     0.02677     0.00837     0.00284     0.00506     0.01093     0.00118     0.00002     0.00010     0.00021     0.00011     0.00678     0.00208     0.09403
   -12.58250     0.00498     0.00813     0.00341     0.00504     0.02893     0.00372     0.00324     0.00110     0.00249     0.00115     0.00002     0.00008     0.00023     0.00013     0.00311     0.00206     0.06783
   -12.51750     0.00523     0.00831     0.00384     0.00533     0.03127     0.00521     0.00364     0.00119     0.00160     0.00119     0.00002     0.00010     0.00028     0.00018     0.00312     0.00230     0.07283
   -12.45250     0.00555     0.00849     0.00431     0.00559     0.03237     0.00843     0.00404     0.00138     0.00113     0.00122     0.00003     0.00014     0.00037     0.00026     0.00299     0.00250     0.07880
   -12.38750     0.00601     0.00871     0.00492     0.00623     0.03377     0.01275     0.00445     0.00173     0.00089     0.00125     0.00003     0.00018     0.00048     0.00039     0.00336     0.00289     0.08805
   -12.32250     0.00680     0.00898     0.00564     0.00712     0.03561     0.01726     0.00476     0.00230     0.00111     0.00126     0.00003     0.00028     0.00062     0.00066     0.00359     0.00343     0.09944
   -12.25750     0.00718     0.00889     0.00514     0.00728     0.03482     0.01963     0.00468     0.00298     0.00152     0.00121     0.00003     0.00038     0.00060     0.00057     0.00286     0.00305     0.10084
   -12.19350     0.00736     0.00863     0.00489     0.00757     0.03373     0.02440     0.00445     0.00542     0.00426     0.00117     0.00004     0.00044     0.00068     0.00049     0.00254     0.00274     0.10880
   -12.12850     0.00775     0.00909     0.00479     0.00822     0.03425     0.03047     0.00432     0.01074     0.01138     0.00119     0.00004     0.00049     0.00079     0.00046     0.00281     0.00260     0.12939
   -12.06350     0.00854     0.01118     0.00456     0.00989     0.03537     0.03738     0.00424     0.01981     0.01933     0.00131     0.00005     0.00055     0.00091     0.00043     0.00350     0.00253     0.15960
   -11.99850     0.00852     0.01199     0.00380     0.01033     0.03110     0.02833     0.00405     0.01760     0.02116     0.00130     0.00004     0.00053     0.00067     0.00039     0.00309     0.00225     0.14516
   -11.93350     0.00700     0.01416     0.00326     0.00986     0.02480     0.01913     0.00390     0.01231     0.02817     0.00129     0.00002     0.00049     0.00040     0.00034     0.00280     0.00194     0.12986
   -11.86950     0.00568     0.02763     0.00283     0.01101     0.01976     0.01749     0.00464     0.01394     0.04715     0.00173     0.00001     0.00044     0.00036     0.00029     0.00298     0.00154     0.15748
   -11.80450     0.00532     0.03164     0.00263     0.00856     0.01760     0.01872     0.00674     0.02091     0.04129     0.00178     0.00001     0.00047     0.00037     0.00033     0.00302     0.00133     0.16072
   -11.73950     0.00532     0.05093     0.00246     0.00724     0.01676     0.02469     0.01527     0.03703     0.04055     0.00215     0.00001     0.00069     0.00046     0.00052     0.00331     0.00124     0.20862
   -11.67450     0.00613     0.03932     0.00249     0.00678     0.02298     0.03962     0.01304     0.06242     0.03425     0.00182     0.00001     0.00075     0.00062     0.00088     0.00344     0.00122     0.23577
   -11.60950     0.00700     0.02934     0.00250     0.00614     0.02386     0.03352     0.01066     0.05423     0.03003     0.00160     0.00001     0.00076     0.00070     0.00104     0.00336     0.00124     0.20599
   -11.54550     0.00778     0.02668     0.00248     0.00547     0.02367     0.03701     0.01084     0.05172     0.02789     0.00155     0.00001     0.00083     0.00078     0.00120     0.00334     0.00126     0.20251
   -11.48050     0.00811     0.02269     0.00221     0.00478     0.02303     0.03811     0.00999     0.04982     0.02585     0.00138     0.00001     0.00087     0.00085     0.00131     0.00322     0.00115     0.19338
   -11.41550     0.00868     0.01738     0.00201     0.00436     0.02182     0.03858     0.00802     0.04862     0.02411     0.00118     0.00001     0.00093     0.00089     0.00135     0.00314     0.00106     0.18215
   -11.35050     0.00924     0.01597     0.00203     0.00413     0.02316     0.03963     0.00793     0.04758     0.02314     0.00117     0.00001     0.00102     0.00094     0.00142     0.00312     0.00108     0.18156
   -11.28550     0.01016     0.01467     0.00203     0.00398     0.02338     0.04069     0.00792     0.04763     0.02233     0.00117     0.00001     0.00112     0.00100     0.00152     0.00311     0.00111     0.18182
   -11.22050     0.01136     0.01366     0.00210     0.00396     0.02525     0.04245     0.00847     0.04809     0.02183     0.00128     0.00001     0.00122     0.00105     0.00161     0.00314     0.00124     0.18672
   -11.15650     0.01227     0.01039     0.00186     0.00326     0.02337     0.04280     0.00760     0.04779     0.02067     0.00119     0.00001     0.00129     0.00115     0.00162     0.00293     0.00121     0.17941
   -11.09150     0.01321     0.00954     0.00183     0.00309     0.02412     0.04337     0.00765     0.04855     0.02012     0.00123     0.00001     0.00138     0.00124     0.00169     0.00288     0.00125     0.18115
   -11.02650     0.01450     0.00878     0.00180     0.00296     0.02426     0.04469     0.00784     0.05053     0.01968     0.00130     0.00001     0.00147     0.00136     0.00175     0.00284     0.00132     0.18509
   -10.96150     0.01841     0.00832     0.00190     0.00311     0.02598     0.04887     0.00986     0.05827     0.01968     0.00166     0.00002     0.00161     0.00171     0.00188     0.00288     0.00169     0.20583
   -10.89650     0.01678     0.00746     0.00166     0.00320     0.02421     0.04708     0.00787     0.06086     0.02033     0.00126     0.00001     0.00179     0.00150     0.00201     0.00293     0.00129     0.20024
   -10.83250     0.01473     0.00670     0.00148     0.00280     0.02354     0.04558     0.00679     0.05601     0.01972     0.00106     0.00001     0.00178     0.00134     0.00201     0.00279     0.00108     0.18744
   -10.76750     0.01103     0.00551     0.00121     0.00221     0.02224     0.04324     0.00458     0.04999     0.01899     0.00078     0.00001     0.00159     0.00094     0.00180     0.00262     0.00078     0.16751
   -10.70250     0.00792     0.00432     0.00100     0.00172     0.02235     0.04240     0.00300     0.04477     0.01831     0.00062     0.00001     0.00139     0.00058     0.00151     0.00241     0.00058     0.15289
   -10.63750     0.00855     0.00428     0.00097     0.00172     0.02503     0.05093     0.00248     0.04470     0.01864     0.00061     0.00001     0.00138     0.00060     0.00153     0.00226     0.00057     0.16429
   -10.57250     0.00866     0.00405     0.00100     0.00171     0.02505     0.04893     0.00211     0.03986     0.01778     0.00061     0.00001     0.00139     0.00064     0.00155     0.00210     0.00055     0.15600
   -10.50850     0.00945     0.00418     0.00121     0.00184     0.02735     0.04903     0.00209     0.03649     0.01745     0.00063     0.00001     0.00146     0.00078     0.00168     0.00201     0.00056     0.15622
   -10.44350     0.00916     0.00393     0.00139     0.00187     0.02749     0.04782     0.00201     0.03165     0.01615     0.00063     0.00001     0.00147     0.00085     0.00167     0.00181     0.00054     0.14846
   -10.37850     0.00933     0.00432     0.00183     0.00250     0.03272     0.04734     0.00344     0.02738     0.01460     0.00070     0.00002     0.00153     0.00134     0.00173     0.00156     0.00060     0.15093
   -10.31350     0.01048     0.00673     0.00264     0.00397     0.04857     0.04847     0.00879     0.02877     0.01464     0.00094     0.00003     0.00173     0.00226     0.00232     0.00156     0.00085     0.18277
   -10.24850     0.00577     0.00341     0.00204     0.00173     0.01210     0.04201     0.00247     0.02529     0.01195     0.00033     0.00003     0.00129     0.00176     0.00166     0.00130     0.00038     0.11353
   -10.18350     0.00486     0.00247     0.00172     0.00132     0.00659     0.03378     0.00149     0.02409     0.00961     0.00026     0.00003     0.00110     0.00159     0.00158     0.00107     0.00033     0.09189
   -10.11950     0.00456     0.00192     0.00152     0.00113     0.00493     0.02558     0.00118     0.02335     0.00626     0.00026     0.00003     0.00096     0.00152     0.00155     0.00072     0.00034     0.07580
   -10.05450     0.00636     0.00160     0.00150     0.00109     0.00729     0.01744     0.00156     0.02234     0.00299     0.00063     0.00003     0.00089     0.00148     0.00159     0.00038     0.00067     0.06784
    -9.98950     0.00886     0.00156     0.00162     0.00113     0.00988     0.01268     0.00233     0.02175     0.00103     0.00107     0.00004     0.00087     0.00146     0.00169     0.00016     0.00104     0.06717
    -9.92450     0.01504     0.00180     0.00191     0.00129     0.01352     0.01178     0.00339     0.02318     0.00067     0.00157     0.00004     0.00101     0.00151     0.00191     0.00016     0.00147     0.08025
    -9.85950     0.02196     0.00245     0.00233     0.00163     0.01775     0.01238     0.00468     0.02498     0.00114     0.00213     0.00004     0.00139     0.00163     0.00225     0.00046     0.00194     0.09916
    -9.79550     0.02674     0.00381     0.00289     0.00226     0.01895     0.01533     0.00555     0.02664     0.00399     0.00238     0.00005     0.00244     0.00183     0.00261     0.00167     0.00220     0.11933
    -9.73050     0.03114     0.00488     0.00307     0.00303     0.01999     0.02044     0.00511     0.02888     0.00854     0.00232     0.00005     0.00340     0.00195     0.00292     0.00318     0.00214     0.14104
    -9.66550     0.03242     0.00682     0.00276     0.00454     0.01989     0.03102     0.00492     0.03322     0.01865     0.00206     0.00005     0.00486     0.00186     0.00323     0.00638     0.00192     0.17461
    -9.60050     0.02859     0.00900     0.00318     0.00723     0.01925     0.03298     0.00479     0.03682     0.02131     0.00212     0.00005     0.00566     0.00184     0.00410     0.00859     0.00199     0.18751
    -9.53550     0.02605     0.00636     0.00344     0.00573     0.01898     0.03081     0.00458     0.03668     0.01522     0.00211     0.00005     0.00444     0.00181     0.00334     0.00593     0.00197     0.16751
    -9.47150     0.02544     0.00530     0.00337     0.00502     0.01860     0.03097     0.00455     0.03754     0.01297     0.00202     0.00006     0.00394     0.00176     0.00300     0.00493     0.00190     0.16137
    -9.40650     0.02545     0.00482     0.00331     0.00462     0.01856     0.03152     0.00456     0.03864     0.01189     0.00198     0.00006     0.00366     0.00173     0.00286     0.00444     0.00187     0.15996
    -9.34150     0.02617     0.00444     0.00328     0.00432     0.01887     0.03226     0.00456     0.03997     0.01125     0.00197     0.00006     0.00345     0.00172     0.00274     0.00407     0.00186     0.16099
    -9.27650     0.02804     0.00414     0.00344     0.00430     0.01976     0.03331     0.00455     0.04235     0.01082     0.00202     0.00006     0.00332     0.00176     0.00267     0.00383     0.00189     0.16624
    -9.21150     0.02855     0.00397     0.00357     0.00422     0.02003     0.03442     0.00451     0.04418     0.01052     0.00205     0.00006     0.00323     0.00177     0.00265     0.00370     0.00192     0.16936
    -9.14650     0.02900     0.00370     0.00353     0.00402     0.01994     0.03521     0.00447     0.04587     0.01024     0.00202     0.00006     0.00308     0.00177     0.00255     0.00349     0.00189     0.17085
    -9.08250     0.02949     0.00354     0.00357     0.00396     0.01996     0.03593     0.00453     0.04778     0.00994     0.00203     0.00007     0.00298     0.00178     0.00250     0.00335     0.00190     0.17332
    -9.01750     0.03026     0.00347     0.00364     0.00398     0.02026     0.03669     0.00462     0.04944     0.00967     0.00206     0.00007     0.00292     0.00178     0.00249     0.00324     0.00193     0.17653
    -8.95250     0.03104     0.00341     0.00374     0.00402     0.02066     0.03767     0.00471     0.05109     0.00943     0.00208     0.00007     0.00286     0.00179     0.00248     0.00316     0.00197     0.18019
    -8.88750     0.03226     0.00336     0.00386     0.00408     0.02134     0.03905     0.00480     0.05306     0.00922     0.00212     0.00007     0.00281     0.00182     0.00248     0.00309     0.00201     0.18544
    -8.82250     0.03331     0.00332     0.00398     0.00411     0.02162     0.04071     0.00489     0.05510     0.00903     0.00214     0.00007     0.00278     0.00186     0.00248     0.00304     0.00203     0.19049
    -8.75850     0.03390     0.00327     0.00404     0.00411     0.02159     0.04204     0.00496     0.05727     0.00887     0.00213     0.00007     0.00273     0.00189     0.00247     0.00300     0.00204     0.19438
    -8.69350     0.03439     0.00319     0.00406     0.00411     0.02151     0.04298     0.00495     0.05856     0.00879     0.00210     0.00007     0.00264     0.00190     0.00242     0.00295     0.00201     0.19665
    -8.62850     0.03513     0.00317     0.00413     0.00417     0.02187     0.04484     0.00498     0.06026     0.00872     0.00212     0.00008     0.00260     0.00192     0.00242     0.00294     0.00203     0.20136
    -8.56350     0.03599     0.00319     0.00424     0.00428     0.02247     0.04713     0.00512     0.06203     0.00856     0.00215     0.00008     0.00257     0.00194     0.00245     0.00294     0.00206     0.20719
    -8.49850     0.03678     0.00320     0.00435     0.00438     0.02294     0.04951     0.00527     0.06416     0.00842     0.00217     0.00008     0.00252     0.00196     0.00247     0.00292     0.00208     0.21322
    -8.43350     0.03767     0.00321     0.00446     0.00447     0.02338     0.05238     0.00544     0.06747     0.00830     0.00218     0.00008     0.00250     0.00201     0.00249     0.00292     0.00209     0.22104
    -8.36950     0.03862     0.00326     0.00460     0.00463     0.02383     0.05648     0.00562     0.07149     0.00819     0.00220     0.00008     0.00247     0.00204     0.00251     0.00294     0.00211     0.23106
    -8.30450     0.03940     0.00331     0.00474     0.00477     0.02421     0.06194     0.00580     0.07603     0.00809     0.00221     0.00009     0.00242     0.00205     0.00251     0.00296     0.00212     0.24265
    -8.23950     0.04011     0.00337     0.00496     0.00497     0.02472     0.07453     0.00597     0.08421     0.00803     0.00224     0.00009     0.00236     0.00209     0.00251     0.00301     0.00216     0.26533
    -8.17450     0.04097     0.00339     0.00512     0.00510     0.02532     0.06799     0.00611     0.08146     0.00802     0.00226     0.00009     0.00229     0.00215     0.00248     0.00306     0.00217     0.25797
    -8.10950     0.04176     0.00340     0.00525     0.00522     0.02582     0.06481     0.00621     0.07811     0.00807     0.00228     0.00010     0.00222     0.00220     0.00244     0.00312     0.00215     0.25316
    -8.04550     0.04204     0.00317     0.00488     0.00488     0.02579     0.05581     0.00634     0.07418     0.00805     0.00214     0.00009     0.00217     0.00226     0.00240     0.00318     0.00196     0.23934
    -7.98050     0.04302     0.00324     0.00516     0.00516     0.02708     0.05386     0.00667     0.07093     0.00801     0.00221     0.00009     0.00213     0.00230     0.00242     0.00315     0.00205     0.23749
    -7.91550     0.04357     0.00332     0.00456     0.00495     0.02704     0.04308     0.00691     0.05772     0.00774     0.00216     0.00008     0.00208     0.00178     0.00238     0.00294     0.00189     0.21222
    -7.85050     0.04478     0.00349     0.00437     0.00497     0.02736     0.04354     0.00732     0.05592     0.00769     0.00222     0.00008     0.00212     0.00159     0.00241     0.00298     0.00184     0.21268
    -7.78550     0.04597     0.00366     0.00446     0.00515     0.02802     0.04813     0.00780     0.05475     0.00767     0.00227     0.00009     0.00218     0.00156     0.00245     0.00315     0.00189     0.21919
    -7.72150     0.04741     0.00387     0.00460     0.00543     0.02909     0.05146     0.00839     0.05602     0.00773     0.00239     0.00010     0.00225     0.00162     0.00250     0.00327     0.00200     0.22813
    -7.65650     0.04893     0.00409     0.00477     0.00572     0.03029     0.05366     0.00911     0.05645     0.00777     0.00251     0.00011     0.00233     0.00168     0.00256     0.00334     0.00213     0.23546
    -7.59150     0.05086     0.00438     0.00492     0.00605     0.03157     0.05481     0.00996     0.05744     0.00783     0.00263     0.00012     0.00241     0.00172     0.00263     0.00335     0.00229     0.24298
    -7.52650     0.05350     0.00474     0.00519     0.00644     0.03327     0.05703     0.01116     0.06127     0.00792     0.00278     0.00013     0.00254     0.00176     0.00274     0.00336     0.00249     0.25632
    -7.46150     0.05835     0.00518     0.00592     0.00693     0.03670     0.06403     0.01344     0.07087     0.00812     0.00296     0.00014     0.00283     0.00184     0.00301     0.00343     0.00277     0.28652
    -7.39650     0.06144     0.00569     0.00636     0.00755     0.03935     0.06671     0.01495     0.07824     0.00829     0.00312     0.00015     0.00300     0.00195     0.00315     0.00344     0.00317     0.30654
    -7.33250     0.05643     0.00586     0.00589     0.00818     0.03750     0.06270     0.01327     0.08035     0.00843     0.00318     0.00014     0.00270     0.00202     0.00291     0.00332     0.00350     0.29638
    -7.26750     0.05262     0.00597     0.00531     0.00824     0.03490     0.05856     0.01191     0.07550     0.00855     0.00317     0.00013     0.00242     0.00198     0.00262     0.00331     0.00346     0.27864
    -7.20250     0.05102     0.00634     0.00390     0.00799     0.03065     0.04961     0.01120     0.06392     0.00863     0.00317     0.00011     0.00218     0.00197     0.00238     0.00304     0.00343     0.24955
    -7.13750     0.04667     0.00640     0.00316     0.00781     0.02626     0.04608     0.00968     0.05972     0.00879     0.00321     0.00013     0.00187     0.00198     0.00211     0.00294     0.00334     0.23016
    -7.07250     0.04382     0.00656     0.00273     0.00785     0.02291     0.04377     0.00869     0.05079     0.00873     0.00326     0.00010     0.00163     0.00196     0.00198     0.00286     0.00341     0.21105
    -7.00850     0.03961     0.00645     0.00253     0.00729     0.01904     0.04203     0.00744     0.04662     0.00832     0.00313     0.00009     0.00139     0.00191     0.00174     0.00278     0.00317     0.19353
    -6.94350     0.03962     0.00710     0.00248     0.00760     0.01717     0.04281     0.00731     0.04453     0.00877     0.00340     0.00009     0.00133     0.00201     0.00175     0.00272     0.00337     0.19206
    -6.87850     0.03930     0.00719     0.00273     0.00713     0.01712     0.04433     0.00794     0.04581     0.00901     0.00349     0.00010     0.00143     0.00208     0.00182     0.00274     0.00322     0.19543
    -6.81350     0.03720     0.00705     0.00282     0.00677     0.01685     0.04038     0.00841     0.04131     0.00812     0.00326     0.00009     0.00158     0.00194     0.00191     0.00249     0.00308     0.18326
    -6.74850     0.03772     0.00950     0.00320     0.00745     0.01766     0.04210     0.00995     0.04413     0.00988     0.00493     0.00010     0.00219     0.00199     0.00219     0.00240     0.00346     0.19886
    -6.68450     0.03768     0.00952     0.00356     0.00707     0.01784     0.04230     0.01041     0.04409     0.01025     0.00470     0.00009     0.00216     0.00200     0.00228     0.00236     0.00333     0.19963
    -6.61950     0.03666     0.00894     0.00355     0.00686     0.01861     0.03651     0.01119     0.04227     0.00913     0.00411     0.00008     0.00230     0.00182     0.00241     0.00228     0.00319     0.18991
    -6.55450     0.03975     0.01031     0.00393     0.00734     0.01898     0.03954     0.01331     0.05862     0.01592     0.00652     0.00011     0.00257     0.00197     0.00262     0.00228     0.00341     0.22717
    -6.48950     0.03857     0.00942     0.00433     0.00706     0.02016     0.03943     0.01650     0.06069     0.01511     0.00621     0.00011     0.00319     0.00201     0.00289     0.00225     0.00319     0.23112
    -6.42450     0.03640     0.00894     0.00434     0.00733     0.02055     0.04232     0.01543     0.06266     0.01383     0.00533     0.00011     0.00316     0.00209     0.00311     0.00219     0.00332     0.23112
    -6.35950     0.03415     0.00862     0.00454     0.00772     0.01965     0.04055     0.01449     0.06342     0.01361     0.00500     0.00011     0.00294     0.00205     0.00315     0.00213     0.00349     0.22561
    -6.29550     0.03338     0.00819     0.00494     0.00810     0.01988     0.03809     0.01479     0.06427     0.01352     0.00464     0.00012     0.00305     0.00202     0.00336     0.00194     0.00360     0.22390
    -6.23050     0.03173     0.00792     0.00510     0.00844     0.01910     0.03742     0.01427     0.06407     0.01342     0.00441     0.00011     0.00290     0.00201     0.00335     0.00199     0.00361     0.21987
    -6.16550     0.03252     0.00752     0.00573     0.00905     0.02367     0.05080     0.01506     0.06584     0.01495     0.00462     0.00012     0.00321     0.00268     0.00411     0.00282     0.00367     0.24637
    -6.10050     0.03077     0.00714     0.00581     0.00894     0.02098     0.04673     0.01521     0.06491     0.01478     0.00444     0.00012     0.00312     0.00253     0.00380     0.00246     0.00360     0.23535
    -6.03550     0.02856     0.00704     0.00608     0.00945     0.01952     0.04980     0.01510     0.07108     0.01524     0.00447     0.00012     0.00308     0.00262     0.00367     0.00238     0.00363     0.24183
    -5.97150     0.02690     0.00699     0.00622     0.00980     0.02038     0.05559     0.01548     0.07425     0.01628     0.00470     0.00013     0.00323     0.00283     0.00397     0.00251     0.00362     0.25288
    -5.90650     0.02848     0.00675     0.00615     0.01003     0.02313     0.05861     0.01762     0.07331     0.01750     0.00459     0.00012     0.00422     0.00268     0.00489     0.00240     0.00373     0.26422
    -5.84150     0.02618     0.00651     0.00656     0.01038     0.02232     0.06474     0.01708     0.07786     0.01762     0.00447     0.00013     0.00393     0.00273     0.00465     0.00248     0.00366     0.27129
    -5.77650     0.02583     0.00656     0.00672     0.01152     0.02415     0.07908     0.01789     0.08636     0.01885     0.00467     0.00013     0.00428     0.00285     0.00521     0.00267     0.00371     0.30048
    -5.71150     0.02531     0.00642     0.00675     0.01131     0.02336     0.08244     0.01849     0.09020     0.01938     0.00460     0.00013     0.00460     0.00277     0.00525     0.00262     0.00356     0.30717
    -5.64750     0.02494     0.00610     0.00669     0.01133     0.02403     0.07410     0.01930     0.08566     0.02005     0.00441     0.00013     0.00498     0.00259     0.00550     0.00259     0.00348     0.29588
    -5.58250     0.02473     0.00604     0.00711     0.01191     0.02441     0.07666     0.02001     0.09067     0.02096     0.00443     0.00014     0.00533     0.00263     0.00579     0.00269     0.00345     0.30695
    -5.51750     0.02475     0.00613     0.00736     0.01241     0.02570     0.07494     0.02122     0.08647     0.02220     0.00470     0.00014     0.00586     0.00270     0.00625     0.00293     0.00349     0.30725
    -5.45250     0.02381     0.00606     0.00737     0.01252     0.02626     0.06768     0.02150     0.08122     0.02255     0.00451     0.00014     0.00598     0.00255     0.00653     0.00284     0.00343     0.29494
    -5.38750     0.02319     0.00614     0.00736     0.01296     0.02671     0.06766     0.02216     0.07933     0.02333     0.00442     0.00014     0.00648     0.00248     0.00695     0.00275     0.00343     0.29548
    -5.32250     0.02214     0.00611     0.00786     0.01318     0.02647     0.06743     0.02224     0.07999     0.02438     0.00435     0.00014     0.00674     0.00250     0.00715     0.00287     0.00332     0.29686
    -5.25850     0.02118     0.00608     0.00799     0.01328     0.02628     0.06966     0.02253     0.07985     0.02572     0.00441     0.00014     0.00683     0.00253     0.00703     0.00303     0.00326     0.29981
    -5.19350     0.02061     0.00620     0.00777     0.01359     0.02670     0.06763     0.02308     0.07756     0.02668     0.00427     0.00014     0.00737     0.00240     0.00749     0.00299     0.00326     0.29773
    -5.12850     0.01993     0.00628     0.00751     0.01395     0.02700     0.06458     0.02363     0.07450     0.02789     0.00421     0.00013     0.00767     0.00229     0.00777     0.00304     0.00324     0.29362
    -5.06350     0.01976     0.00649     0.00753     0.01463     0.02763     0.06328     0.02439     0.07272     0.02907     0.00422     0.00013     0.00801     0.00226     0.00818     0.00307     0.00327     0.29463
    -4.99850     0.01933     0.00661     0.00750     0.01473     0.02779     0.06285     0.02517     0.07116     0.03046     0.00422     0.00013     0.00841     0.00224     0.00841     0.00312     0.00320     0.29534
    -4.93450     0.01862     0.00669     0.00747     0.01473     0.02799     0.06278     0.02599     0.06951     0.03253     0.00438     0.00013     0.00893     0.00224     0.00874     0.00329     0.00315     0.29717
    -4.86950     0.01798     0.00676     0.00741     0.01468     0.02732     0.05958     0.02636     0.06732     0.03349     0.00415     0.00013     0.00878     0.00218     0.00871     0.00322     0.00310     0.29116
    -4.80450     0.01727     0.00688     0.00772     0.01460     0.02727     0.05731     0.02689     0.06444     0.03487     0.00411     0.00013     0.00893     0.00217     0.00876     0.00328     0.00306     0.28768
    -4.73950     0.01751     0.00741     0.00796     0.01519     0.02776     0.05610     0.02795     0.06279     0.03676     0.00419     0.00012     0.00963     0.00221     0.00963     0.00325     0.00311     0.29158
    -4.67450     0.01761     0.00787     0.00801     0.01527     0.02756     0.05519     0.02898     0.06073     0.03902     0.00426     0.00012     0.01016     0.00227     0.00990     0.00325     0.00310     0.29330
    -4.61050     0.01740     0.00836     0.00764     0.01517     0.02675     0.05390     0.02963     0.05843     0.04076     0.00424     0.00012     0.01024     0.00224     0.00985     0.00320     0.00311     0.29103
    -4.54550     0.01719     0.00880     0.00751     0.01564     0.02619     0.05289     0.03032     0.05735     0.04250     0.00425     0.00012     0.01042     0.00227     0.01001     0.00325     0.00315     0.29184
    -4.48050     0.01739     0.01104     0.00747     0.01778     0.02602     0.05215     0.03116     0.05602     0.04626     0.00454     0.00011     0.01336     0.00231     0.01288     0.00329     0.00341     0.30520
    -4.41550     0.01701     0.01158     0.00679     0.01744     0.02525     0.05166     0.03240     0.05498     0.04888     0.00465     0.00011     0.01313     0.00227     0.01245     0.00336     0.00345     0.30541
    -4.35050     0.01679     0.01093     0.00727     0.01576     0.02449     0.05053     0.03362     0.05290     0.04947     0.00447     0.00011     0.01155     0.00240     0.01106     0.00332     0.00322     0.29790
    -4.28550     0.01696     0.01072     0.00775     0.01377     0.02407     0.05005     0.03601     0.05164     0.04956     0.00439     0.00011     0.01089     0.00254     0.01030     0.00325     0.00301     0.29502
    -4.22150     0.01682     0.01118     0.00885     0.01134     0.02355     0.04790     0.03864     0.04994     0.04922     0.00436     0.00010     0.01044     0.00279     0.00977     0.00320     0.00277     0.29087
    -4.15650     0.01642     0.01219     0.00993     0.01019     0.02282     0.04557     0.04062     0.04786     0.04929     0.00434     0.00010     0.00996     0.00302     0.00926     0.00321     0.00263     0.28742
    -4.09150     0.01628     0.01016     0.00716     0.00769     0.02221     0.04328     0.04287     0.04538     0.04984     0.00403     0.00010     0.00942     0.00269     0.00876     0.00329     0.00238     0.27554
    -4.02650     0.01666     0.01172     0.00900     0.00892     0.02294     0.04184     0.04970     0.04413     0.05127     0.00431     0.00010     0.00903     0.00325     0.00847     0.00321     0.00263     0.28718
    -3.96150     0.01677     0.01352     0.00982     0.00910     0.02359     0.04083     0.05548     0.04381     0.05344     0.00452     0.00010     0.00879     0.00357     0.00825     0.00336     0.00265     0.29760
    -3.89750     0.01660     0.01297     0.00900     0.00860     0.02407     0.03978     0.06062     0.04283     0.05486     0.00436     0.00010     0.00849     0.00355     0.00788     0.00342     0.00251     0.29962
    -3.83250     0.01689     0.01183     0.00810     0.00738     0.02473     0.03884     0.06777     0.04226     0.05714     0.00412     0.00011     0.00837     0.00360     0.00773     0.00329     0.00230     0.30446
    -3.76750     0.01783     0.01165     0.00759     0.00696     0.02569     0.03721     0.07721     0.04185     0.06030     0.00398     0.00011     0.00837     0.00381     0.00779     0.00315     0.00222     0.31573
    -3.70250     0.01571     0.01118     0.00692     0.00671     0.02666     0.03585     0.08373     0.04137     0.06408     0.00383     0.00011     0.00800     0.00359     0.00757     0.00316     0.00217     0.32065
    -3.63750     0.01259     0.01117     0.00642     0.00646     0.02878     0.03520     0.09207     0.04142     0.07038     0.00374     0.00012     0.00749     0.00326     0.00713     0.00314     0.00209     0.33146
    -3.57350     0.01091     0.01091     0.00596     0.00630     0.03236     0.03532     0.10520     0.04226     0.07813     0.00365     0.00014     0.00718     0.00310     0.00691     0.00313     0.00204     0.35350
    -3.50850     0.00912     0.01076     0.00578     0.00598     0.03917     0.03763     0.12440     0.04392     0.08890     0.00359     0.00015     0.00681     0.00293     0.00663     0.00311     0.00198     0.39086
    -3.44350     0.00743     0.01012     0.00498     0.00535     0.03628     0.03310     0.11600     0.04280     0.08942     0.00349     0.00013     0.00637     0.00250     0.00637     0.00310     0.00189     0.36934
    -3.37850     0.00834     0.00785     0.00272     0.00449     0.01612     0.02972     0.06265     0.03237     0.08890     0.00316     0.00008     0.00631     0.00200     0.00632     0.00298     0.00171     0.27572
    -3.31350     0.00883     0.00582     0.00184     0.00336     0.01116     0.02214     0.04823     0.02355     0.07403     0.00297     0.00006     0.00619     0.00183     0.00630     0.00282     0.00162     0.22074
    -3.24850     0.00918     0.00514     0.00138     0.00326     0.00959     0.02127     0.03779     0.02265     0.08636     0.00269     0.00006     0.00606     0.00169     0.00622     0.00281     0.00151     0.21765
    -3.18450     0.00938     0.00447     0.00094     0.00315     0.00836     0.02124     0.02824     0.02253     0.09855     0.00245     0.00005     0.00611     0.00155     0.00629     0.00285     0.00143     0.21759
    -3.11950     0.00965     0.00388     0.00060     0.00310     0.00730     0.02106     0.01859     0.02256     0.10760     0.00212     0.00004     0.00623     0.00143     0.00646     0.00285     0.00134     0.21481
    -3.05450     0.01047     0.00300     0.00051     0.00263     0.00665     0.02034     0.01576     0.02242     0.09883     0.00183     0.00003     0.00616     0.00148     0.00644     0.00285     0.00120     0.20060
    -2.98950     0.01124     0.00200     0.00051     0.00191     0.00628     0.01900     0.01586     0.02155     0.06591     0.00164     0.00003     0.00557     0.00157     0.00587     0.00281     0.00107     0.16283
    -2.92450     0.01202     0.00100     0.00053     0.00105     0.00611     0.01840     0.01676     0.02107     0.02107     0.00148     0.00003     0.00488     0.00168     0.00525     0.00275     0.00096     0.11505
    -2.86050     0.01289     0.00101     0.00058     0.00100     0.00601     0.01836     0.01781     0.02092     0.01919     0.00144     0.00003     0.00481     0.00180     0.00514     0.00272     0.00093     0.11462
    -2.79550     0.01380     0.00103     0.00064     0.00095     0.00594     0.01849     0.01896     0.02087     0.01777     0.00144     0.00003     0.00485     0.00192     0.00511     0.00281     0.00093     0.11555
    -2.73050     0.01528     0.00108     0.00073     0.00092     0.00593     0.01843     0.02088     0.02060     0.01660     0.00136     0.00003     0.00482     0.00213     0.00497     0.00275     0.00086     0.11736
    -2.66550     0.01660     0.00111     0.00082     0.00087     0.00589     0.01843     0.02257     0.02042     0.01572     0.00131     0.00003     0.00479     0.00228     0.00485     0.00268     0.00082     0.11919
    -2.60050     0.01926     0.00116     0.00092     0.00085     0.00589     0.01853     0.02720     0.02033     0.01506     0.00126     0.00003     0.00482     0.00252     0.00477     0.00259     0.00079     0.12597
    -2.53650     0.01971     0.00123     0.00104     0.00083     0.00590     0.01862     0.02734     0.02021     0.01446     0.00121     0.00003     0.00484     0.00272     0.00469     0.00250     0.00075     0.12609
    -2.47150     0.02042     0.00129     0.00114     0.00081     0.00593     0.01870     0.02848     0.02006     0.01394     0.00117     0.00003     0.00488     0.00287     0.00459     0.00240     0.00071     0.12743
    -2.40650     0.02095     0.00135     0.00124     0.00080     0.00599     0.01875     0.02960     0.01990     0.01351     0.00109     0.00003     0.00487     0.00301     0.00444     0.00224     0.00063     0.12840
    -2.34150     0.02193     0.00143     0.00139     0.00080     0.00609     0.01894     0.03106     0.01982     0.01315     0.00104     0.00003     0.00496     0.00325     0.00436     0.00216     0.00059     0.13102
    -2.27650     0.02283     0.00151     0.00154     0.00081     0.00618     0.01916     0.03232     0.01972     0.01285     0.00101     0.00003     0.00507     0.00350     0.00430     0.00209     0.00056     0.13346
    -2.21150     0.02306     0.00159     0.00166     0.00084     0.00632     0.01930     0.03235     0.01958     0.01262     0.00101     0.00003     0.00516     0.00368     0.00423     0.00203     0.00056     0.13402
    -2.14750     0.02371     0.00169     0.00179     0.00089     0.00651     0.01942     0.03334     0.01948     0.01249     0.00105     0.00004     0.00525     0.00389     0.00418     0.00197     0.00058     0.13627
    -2.08250     0.02424     0.00179     0.00193     0.00096     0.00673     0.01951     0.03403     0.01942     0.01250     0.00110     0.00004     0.00532     0.00411     0.00415     0.00192     0.00061     0.13836
    -2.01750     0.02513     0.00188     0.00207     0.00104     0.00698     0.01960     0.03598     0.01931     0.01264     0.00115     0.00004     0.00542     0.00432     0.00412     0.00188     0.00066     0.14222
    -1.95250     0.02572     0.00198     0.00221     0.00112     0.00727     0.01968     0.03764     0.01925     0.01289     0.00122     0.00004     0.00552     0.00453     0.00409     0.00184     0.00071     0.14571
    -1.88750     0.02599     0.00210     0.00233     0.00123     0.00765     0.01969     0.03907     0.01918     0.01331     0.00134     0.00004     0.00557     0.00469     0.00408     0.00180     0.00080     0.14886
    -1.82350     0.02661     0.00227     0.00247     0.00143     0.00814     0.01966     0.04195     0.01916     0.01389     0.00158     0.00004     0.00559     0.00490     0.00413     0.00175     0.00099     0.15455
    -1.75850     0.02730     0.00245     0.00259     0.00168     0.00869     0.01972     0.04530     0.01920     0.01471     0.00186     0.00004     0.00560     0.00508     0.00419     0.00172     0.00123     0.16137
    -1.69350     0.02814     0.00262     0.00271     0.00194     0.00940     0.02012     0.04888     0.01935     0.01584     0.00212     0.00004     0.00564     0.00529     0.00427     0.00170     0.00148     0.16955
    -1.62850     0.02867     0.00280     0.00283     0.00226     0.01024     0.02054     0.05170     0.01948     0.01703     0.00242     0.00004     0.00568     0.00546     0.00435     0.00169     0.00177     0.17695
    -1.56350     0.02961     0.00304     0.00303     0.00264     0.01124     0.02110     0.05551     0.01965     0.01840     0.00280     0.00004     0.00574     0.00576     0.00449     0.00168     0.00214     0.18689
    -1.49950     0.03093     0.00349     0.00337     0.00331     0.01265     0.02195     0.06000     0.01993     0.02034     0.00348     0.00004     0.00583     0.00623     0.00473     0.00169     0.00281     0.20079
    -1.43450     0.03237     0.00385     0.00360     0.00408     0.01459     0.02300     0.06522     0.02026     0.02302     0.00415     0.00005     0.00585     0.00656     0.00495     0.00172     0.00357     0.21685
    -1.36950     0.03506     0.00426     0.00392     0.00504     0.01701     0.02423     0.07136     0.01998     0.02601     0.00495     0.00005     0.00592     0.00710     0.00511     0.00167     0.00455     0.23622
    -1.30450     0.03722     0.00501     0.00419     0.00624     0.01985     0.02558     0.07706     0.01961     0.02922     0.00629     0.00005     0.00594     0.00754     0.00530     0.00157     0.00598     0.25666
    -1.23950     0.03467     0.00644     0.00346     0.00729     0.02153     0.02551     0.07950     0.01950     0.03066     0.00859     0.00005     0.00553     0.00649     0.00504     0.00144     0.00803     0.26373
    -1.17450     0.03574     0.00524     0.00287     0.00636     0.02346     0.02628     0.08592     0.01961     0.03661     0.00721     0.00006     0.00502     0.00596     0.00483     0.00145     0.00698     0.27359
    -1.11050     0.03240     0.00398     0.00164     0.00449     0.02542     0.02570     0.08630     0.01935     0.03501     0.00564     0.00005     0.00431     0.00417     0.00392     0.00126     0.00523     0.25887
    -1.04550     0.03186     0.00336     0.00139     0.00368     0.02790     0.02591     0.08942     0.01906     0.03513     0.00477     0.00006     0.00401     0.00373     0.00363     0.00117     0.00439     0.25947
    -0.98050     0.03219     0.00284     0.00122     0.00307     0.03114     0.02712     0.09398     0.01957     0.03570     0.00410     0.00006     0.00381     0.00346     0.00345     0.00114     0.00376     0.26662
    -0.91550     0.05111     0.00371     0.00151     0.00329     0.03660     0.02984     0.11080     0.02346     0.04014     0.00494     0.00008     0.00439     0.00408     0.00367     0.00138     0.00438     0.32339
    -0.85050     0.06404     0.00322     0.00152     0.00304     0.04340     0.03095     0.11560     0.02280     0.04600     0.00438     0.00009     0.00415     0.00398     0.00368     0.00128     0.00400     0.35214
    -0.78650     0.05755     0.00306     0.00127     0.00266     0.04927     0.03101     0.10290     0.02262     0.04444     0.00414     0.00010     0.00363     0.00402     0.00320     0.00119     0.00369     0.33474
    -0.72150     0.06156     0.00314     0.00133     0.00258     0.06340     0.03646     0.10220     0.02683     0.04536     0.00413     0.00012     0.00351     0.00512     0.00308     0.00119     0.00365     0.36366
    -0.65650     0.06332     0.00319     0.00126     0.00252     0.07216     0.03764     0.09242     0.02876     0.04694     0.00420     0.00015     0.00343     0.00514     0.00301     0.00124     0.00370     0.36908
    -0.59150     0.06105     0.00324     0.00118     0.00229     0.08058     0.03525     0.07563     0.03114     0.04277     0.00421     0.00022     0.00342     0.00579     0.00268     0.00135     0.00359     0.35438
    -0.52650     0.06405     0.00257     0.00103     0.00192     0.08257     0.03643     0.07027     0.03278     0.04090     0.00352     0.00030     0.00319     0.00654     0.00248     0.00129     0.00302     0.35287
    -0.46150     0.06807     0.00290     0.00132     0.00209     0.07688     0.04425     0.08079     0.03621     0.04713     0.00388     0.00042     0.00320     0.00688     0.00231     0.00141     0.00328     0.38103
    -0.39750     0.07129     0.00325     0.00136     0.00224     0.07916     0.04947     0.07905     0.03909     0.04838     0.00420     0.00053     0.00316     0.00771     0.00219     0.00152     0.00362     0.39623
    -0.33250     0.07686     0.00294     0.00119     0.00167     0.08038     0.04355     0.07324     0.03517     0.04038     0.00307     0.00070     0.00321     0.00860     0.00209     0.00110     0.00263     0.37676
    -0.26750     0.08924     0.00346     0.00143     0.00181     0.14370     0.07581     0.13180     0.04341     0.05640     0.00345     0.00098     0.00437     0.01107     0.00271     0.00111     0.00305     0.57380
    -0.20250     0.09647     0.00366     0.00153     0.00203     0.16210     0.09152     0.16530     0.05016     0.07652     0.00424     0.00095     0.00409     0.01187     0.00270     0.00119     0.00386     0.67818
    -0.13750     0.09984     0.00336     0.00152     0.00198     0.15710     0.08861     0.16880     0.04392     0.07183     0.00392     0.00098     0.00346     0.01210     0.00233     0.00111     0.00369     0.66454
    -0.07350     0.10930     0.00359     0.00164     0.00207     0.16030     0.08879     0.17270     0.04368     0.07097     0.00415     0.00104     0.00343     0.01242     0.00232     0.00116     0.00392     0.68148
    -0.00850     0.12170     0.00378     0.00180     0.00212     0.15830     0.09354     0.16550     0.04669     0.07435     0.00425     0.00129     0.00357     0.01382     0.00251     0.00124     0.00400     0.69846
     0.05650     0.12600     0.00384     0.00185     0.00208     0.14810     0.08840     0.16330     0.04343     0.07036     0.00427     0.00135     0.00337     0.01475     0.00239     0.00128     0.00403     0.67879
     0.12150     0.11640     0.00360     0.00175     0.00185     0.14700     0.07646     0.17140     0.03357     0.06490     0.00388     0.00141     0.00314     0.01556     0.00225     0.00107     0.00375     0.64799
     0.18650     0.13310     0.00368     0.00184     0.00183     0.15040     0.07095     0.14950     0.03068     0.06675     0.00393     0.00163     0.00309     0.01601     0.00243     0.00090     0.00371     0.64044
     0.25050     0.15920     0.00385     0.00209     0.00202     0.15670     0.06199     0.13740     0.03004     0.07125     0.00422     0.00194     0.00293     0.01743     0.00264     0.00071     0.00397     0.65838
     0.31550     0.19150     0.00377     0.00245     0.00201     0.17560     0.06385     0.13080     0.04234     0.06991     0.00377     0.00230     0.00285     0.01632     0.00288     0.00068     0.00349     0.71451
     0.38050     0.13130     0.00358     0.00204     0.00212     0.18800     0.05543     0.12070     0.05657     0.06127     0.00343     0.00273     0.00251     0.01644     0.00285     0.00068     0.00326     0.65291
     0.44550     0.13290     0.00345     0.00208     0.00226     0.19850     0.06117     0.11650     0.07972     0.05852     0.00326     0.00323     0.00234     0.01595     0.00286     0.00078     0.00303     0.68656
     0.51050     0.15180     0.00357     0.00198     0.00233     0.20930     0.06479     0.11390     0.08044     0.05995     0.00328     0.00327     0.00219     0.01595     0.00278     0.00091     0.00303     0.71949
     0.57550     0.12580     0.00338     0.00165     0.00218     0.19390     0.06412     0.10540     0.07209     0.05864     0.00326     0.00323     0.00190     0.01549     0.00258     0.00088     0.00291     0.65741
     0.63950     0.09705     0.00318     0.00147     0.00193     0.16440     0.06139     0.08782     0.05745     0.06298     0.00337     0.00312     0.00161     0.01640     0.00238     0.00077     0.00297     0.56829
     0.70450     0.08407     0.00307     0.00134     0.00193     0.14910     0.05882     0.07580     0.05374     0.06117     0.00330     0.00297     0.00153     0.01319     0.00223     0.00073     0.00316     0.51614
     0.76950     0.08694     0.00301     0.00128     0.00190     0.16740     0.06013     0.08234     0.05536     0.05597     0.00304     0.00314     0.00141     0.01105     0.00213     0.00071     0.00296     0.53878
     0.83450     0.11070     0.00307     0.00137     0.00209     0.19370     0.06530     0.10620     0.06147     0.05245     0.00289     0.00373     0.00137     0.01155     0.00207     0.00071     0.00284     0.62152
     0.89950     0.14440     0.00312     0.00163     0.00244     0.24460     0.07140     0.14420     0.07017     0.05292     0.00290     0.00411     0.00139     0.01228     0.00208     0.00072     0.00285     0.76119
     0.96350     0.15950     0.00314     0.00218     0.00257     0.21300     0.07911     0.11690     0.08096     0.05183     0.00278     0.00346     0.00158     0.01240     0.00208     0.00081     0.00273     0.73504
     1.02850     0.20830     0.00342     0.00417     0.00282     0.18620     0.08292     0.10580     0.08788     0.05431     0.00280     0.00326     0.00251     0.01357     0.00233     0.00074     0.00276     0.76380
     1.09350     0.23080     0.00355     0.00499     0.00317     0.18180     0.08101     0.10820     0.09052     0.05296     0.00284     0.00333     0.00266     0.01367     0.00260     0.00068     0.00305     0.78584
     1.15850     0.24280     0.00384     0.00550     0.00370     0.18000     0.08564     0.11530     0.09364     0.06062     0.00333     0.00346     0.00270     0.01393     0.00284     0.00070     0.00393     0.82194
     1.22350     0.19040     0.00338     0.00422     0.00326     0.15710     0.07614     0.09616     0.07339     0.05366     0.00295     0.00332     0.00215     0.01338     0.00238     0.00060     0.00379     0.68628
     1.28750     0.17900     0.00302     0.00386     0.00290     0.13190     0.06453     0.08591     0.05521     0.04760     0.00247     0.00297     0.00183     0.01235     0.00217     0.00055     0.00355     0.59982
     1.35250     0.17310     0.00290     0.00399     0.00280     0.12550     0.06628     0.08219     0.05293     0.04565     0.00234     0.00298     0.00178     0.01233     0.00228     0.00061     0.00371     0.58136
     1.41750     0.17010     0.00274     0.00427     0.00266     0.11790     0.06540     0.08335     0.05046     0.04459     0.00220     0.00296     0.00189     0.01280     0.00248     0.00073     0.00397     0.56850
     1.48250     0.15180     0.00244     0.00418     0.00254     0.12010     0.06385     0.08362     0.04832     0.04333     0.00215     0.00319     0.00206     0.01362     0.00258     0.00096     0.00370     0.54844
     1.54750     0.14750     0.00260     0.00455     0.00286     0.13950     0.06997     0.08703     0.05140     0.05620     0.00271     0.00412     0.00248     0.01488     0.00331     0.00140     0.00473     0.59525
     1.61250     0.13770     0.00259     0.00471     0.00250     0.12590     0.06659     0.08026     0.04573     0.05090     0.00235     0.00270     0.00242     0.01471     0.00367     0.00183     0.00427     0.54882
     1.67650     0.13510     0.00241     0.00476     0.00215     0.10340     0.06383     0.07399     0.04349     0.05750     0.00265     0.00277     0.00260     0.01342     0.00393     0.00217     0.00447     0.51865
     1.74150     0.15290     0.00237     0.00550     0.00215     0.09313     0.06436     0.07215     0.04334     0.04238     0.00229     0.00356     0.00270     0.01410     0.00374     0.00212     0.00430     0.51109
     1.80650     0.16550     0.00291     0.00613     0.00256     0.11800     0.06567     0.09403     0.04487     0.04580     0.00292     0.00526     0.00362     0.01593     0.00580     0.00295     0.00592     0.58788
     1.87150     0.14640     0.00282     0.00519     0.00232     0.07957     0.04927     0.08420     0.03160     0.03770     0.00269     0.00478     0.00402     0.01202     0.00477     0.00350     0.00440     0.47525
     1.93650     0.16730     0.00378     0.00539     0.00277     0.07937     0.04792     0.09421     0.03017     0.04207     0.00313     0.00555     0.00589     0.01265     0.00630     0.00484     0.00465     0.51599
     2.00050     0.16770     0.00432     0.00510     0.00313     0.08227     0.05327     0.10460     0.03124     0.05201     0.00309     0.00628     0.00543     0.01262     0.00601     0.00437     0.00437     0.54581
     2.06550     0.15070     0.00400     0.00530     0.00255     0.07405     0.05415     0.11250     0.03301     0.06349     0.00289     0.00655     0.00528     0.01126     0.00590     0.00447     0.00447     0.54056
     2.13050     0.14800     0.00376     0.00574     0.00246     0.08267     0.06413     0.12860     0.04894     0.06900     0.00329     0.00773     0.00589     0.01596     0.00604     0.00502     0.00487     0.60209
     2.19550     0.16140     0.00373     0.00669     0.00285     0.10520     0.07339     0.13660     0.05480     0.06765     0.00558     0.00810     0.00738     0.02163     0.00742     0.00651     0.00748     0.67641
     2.26050     0.15760     0.00351     0.00598     0.00295     0.10990     0.06935     0.13770     0.05319     0.06383     0.00542     0.00771     0.00598     0.01850     0.00674     0.00455     0.00706     0.65997
     2.32450     0.13510     0.00316     0.00501     0.00293     0.10980     0.06946     0.12030     0.05633     0.05997     0.00558     0.00721     0.00607     0.01582     0.00704     0.00459     0.00719     0.61555
     2.38950     0.12420     0.00293     0.00460     0.00300     0.10950     0.06999     0.10740     0.05864     0.05906     0.00757     0.00668     0.00637     0.01411     0.00737     0.00512     0.00884     0.59537
     2.45450     0.10120     0.00253     0.00393     0.00255     0.09675     0.05273     0.08251     0.04174     0.05897     0.00617     0.00576     0.00689     0.00973     0.00698     0.00480     0.00668     0.48992
     2.51950     0.09216     0.00241     0.00368     0.00254     0.09476     0.04848     0.07137     0.03784     0.05949     0.00531     0.00516     0.00691     0.00808     0.00684     0.00454     0.00576     0.45532
     2.58450     0.09113     0.00255     0.00373     0.00280     0.10120     0.04870     0.07029     0.03902     0.06571     0.00494     0.00518     0.00745     0.00713     0.00701     0.00429     0.00513     0.46625
     2.64950     0.07678     0.00275     0.00332     0.00285     0.10290     0.04661     0.06258     0.03854     0.07889     0.00521     0.00478     0.00893     0.00529     0.00759     0.00475     0.00485     0.45662
     2.71350     0.08274     0.00346     0.00368     0.00350     0.12350     0.05158     0.06389     0.04268     0.10310     0.00558     0.00540     0.00990     0.00539     0.00946     0.00489     0.00493     0.52366
     2.77850     0.09443     0.00439     0.00416     0.00388     0.12610     0.05417     0.07441     0.04284     0.12640     0.00522     0.00529     0.00777     0.00540     0.00892     0.00422     0.00437     0.57199
     2.84350     0.11530     0.00512     0.00505     0.00461     0.12230     0.05860     0.08163     0.04218     0.14400     0.00526     0.00485     0.00741     0.00656     0.01015     0.00412     0.00495     0.62208
     2.90850     0.11240     0.00502     0.00449     0.00472     0.10960     0.04963     0.09332     0.03490     0.13900     0.00488     0.00460     0.00573     0.00682     0.00923     0.00382     0.00532     0.59347
     2.97350     0.12470     0.00568     0.00497     0.00546     0.13630     0.05740     0.11070     0.04585     0.16500     0.00505     0.00607     0.00529     0.00762     0.00893     0.00348     0.00564     0.69812
     3.03750     0.12740     0.00613     0.00459     0.00592     0.14830     0.05295     0.11440     0.04226     0.25350     0.00576     0.00596     0.00556     0.00849     0.00912     0.00356     0.00584     0.79973
     3.10250     0.10710     0.00570     0.00377     0.00497     0.12000     0.03863     0.10930     0.03198     0.31100     0.00630     0.00478     0.00671     0.00724     0.00963     0.00375     0.00622     0.77707
     3.16750     0.08206     0.00502     0.00341     0.00364     0.10070     0.03405     0.09626     0.02785     0.31620     0.00588     0.00430     0.00766     0.00609     0.00895     0.00362     0.00606     0.71175
     3.23250     0.08448     0.00506     0.00344     0.00387     0.10460     0.03835     0.09679     0.03141     0.33710     0.00591     0.00476     0.00856     0.00619     0.00921     0.00367     0.00675     0.75015
     3.29750     0.07802     0.00444     0.00302     0.00322     0.08848     0.03391     0.08566     0.02893     0.26180     0.00486     0.00490     0.00716     0.00528     0.00813     0.00348     0.00553     0.62683
     3.36150     0.07548     0.00437     0.00247     0.00283     0.08482     0.02924     0.07504     0.02574     0.23250     0.00412     0.00461     0.00680     0.00464     0.00773     0.00325     0.00459     0.56823
     3.42650     0.08799     0.00586     0.00234     0.00333     0.08591     0.03175     0.07228     0.02890     0.18630     0.00357     0.00511     0.00651     0.00447     0.00751     0.00326     0.00361     0.53872
     3.49150     0.12180     0.00679     0.00238     0.00364     0.09796     0.04403     0.07823     0.04071     0.14340     0.00332     0.00948     0.00660     0.00421     0.00838     0.00391     0.00379     0.57862
     3.55650     0.11480     0.00601     0.00263     0.00384     0.09311     0.04848     0.07581     0.03353     0.10750     0.00370     0.01018     0.00691     0.00587     0.00816     0.00546     0.00449     0.53049
     3.62150     0.07950     0.00473     0.00205     0.00353     0.07509     0.04168     0.06127     0.02679     0.09804     0.00344     0.00709     0.00663     0.00444     0.00759     0.00453     0.00418     0.43059
     3.68650     0.07275     0.00435     0.00191     0.00353     0.07209     0.04368     0.06261     0.02701     0.09336     0.00346     0.00708     0.00685     0.00490     0.00784     0.00495     0.00434     0.42072
     3.75050     0.09088     0.00459     0.00413     0.00381     0.08763     0.06486     0.18760     0.03101     0.09632     0.00360     0.00897     0.00838     0.01627     0.00874     0.00621     0.00482     0.62781
     3.81550     0.07900     0.00390     0.00357     0.00374     0.08778     0.05015     0.11740     0.02940     0.09214     0.00348     0.00728     0.00726     0.01121     0.00863     0.00624     0.00480     0.51599
     3.88050     0.07515     0.00357     0.00405     0.00368     0.10270     0.04726     0.11140     0.02874     0.07993     0.00322     0.00552     0.00628     0.01105     0.00787     0.00542     0.00434     0.50017
     3.94550     0.08066     0.00350     0.00341     0.00375     0.08309     0.04724     0.09185     0.02908     0.07536     0.00325     0.00574     0.00578     0.00979     0.00723     0.00512     0.00443     0.45929
     4.01050     0.10360     0.00370     0.00374     0.00409     0.07858     0.05192     0.08018     0.02924     0.07488     0.00351     0.00909     0.00544     0.00865     0.00628     0.00480     0.00444     0.47212
     4.07450     0.13800     0.00388     0.00517     0.00450     0.08939     0.06823     0.07812     0.03314     0.06587     0.00319     0.01546     0.00533     0.00878     0.00551     0.00419     0.00425     0.53302
     4.13950     0.21660     0.00449     0.00800     0.00504     0.10350     0.08931     0.07850     0.04677     0.05560     0.00295     0.02155     0.00609     0.01083     0.00537     0.00398     0.00427     0.66287
     4.20450     0.13170     0.00445     0.00592     0.00459     0.09190     0.07205     0.06992     0.04011     0.03887     0.00265     0.01510     0.00485     0.00700     0.00471     0.00272     0.00350     0.50005
     4.26950     0.09520     0.00455     0.00487     0.00445     0.07831     0.06902     0.07653     0.04838     0.03322     0.00246     0.01438     0.00530     0.00581     0.00548     0.00324     0.00331     0.45450
     4.33450     0.11710     0.00606     0.00661     0.00607     0.11560     0.09208     0.08977     0.06952     0.04696     0.00347     0.01976     0.00637     0.00754     0.00627     0.00479     0.00435     0.60231
     4.39850     0.19630     0.00876     0.01123     0.00977     0.23640     0.11910     0.13700     0.10250     0.07621     0.00489     0.02547     0.00931     0.01222     0.00880     0.00710     0.00563     0.97070
     4.46350     0.17440     0.00787     0.01007     0.00832     0.19390     0.11650     0.11940     0.08086     0.05673     0.00412     0.02202     0.00764     0.01158     0.00815     0.00613     0.00573     0.83343
     4.52850     0.13970     0.00695     0.00812     0.00662     0.10650     0.10060     0.09333     0.05235     0.04746     0.00341     0.01590     0.00557     0.00899     0.00638     0.00542     0.00551     0.61282
     4.59350     0.10150     0.00520     0.00769     0.00512     0.10190     0.07807     0.08082     0.05321     0.04474     0.00350     0.01206     0.00521     0.00747     0.00538     0.00549     0.00548     0.52284
     4.65850     0.09535     0.00580     0.00850     0.00543     0.12680     0.08842     0.09045     0.05788     0.03938     0.00354     0.01309     0.00518     0.00772     0.00552     0.00603     0.00595     0.56504
     4.72350     0.10440     0.00662     0.00924     0.00631     0.17330     0.10480     0.10500     0.07168     0.03819     0.00379     0.01735     0.00574     0.00891     0.00624     0.00692     0.00690     0.67540
     4.78750     0.13340     0.00775     0.01123     0.00753     0.23720     0.13870     0.12540     0.10330     0.04203     0.00433     0.01989     0.00602     0.01119     0.00710     0.01125     0.00974     0.87607
     4.85250     0.11900     0.00652     0.01096     0.00677     0.21320     0.12800     0.10430     0.10170     0.04084     0.00452     0.01780     0.00557     0.00879     0.00642     0.01132     0.00861     0.79432
     4.91750     0.10820     0.00607     0.00977     0.00657     0.17660     0.11960     0.08591     0.09565     0.04270     0.00433     0.01615     0.00509     0.00744     0.00636     0.00946     0.00778     0.70767
     4.98250     0.09586     0.00623     0.00866     0.00680     0.13990     0.11240     0.07297     0.07327     0.04719     0.00437     0.01065     0.00475     0.00646     0.00658     0.00947     0.00739     0.61297
     5.04750     0.08460     0.00561     0.00825     0.00619     0.12660     0.11820     0.06485     0.05845     0.04786     0.00378     0.00912     0.00473     0.00549     0.00663     0.00946     0.00709     0.56693
     5.11150     0.08413     0.00490     0.00932     0.00599     0.13100     0.13350     0.06653     0.05139     0.04720     0.00348     0.00980     0.00472     0.00550     0.00704     0.00965     0.00775     0.58191
     5.17650     0.07936     0.00443     0.00848     0.00549     0.13220     0.13030     0.06872     0.04996     0.03721     0.00395     0.01146     0.00489     0.00573     0.00691     0.01033     0.00912     0.56853
     5.24150     0.09508     0.00524     0.00989     0.00641     0.16380     0.14620     0.08555     0.04645     0.02881     0.00426     0.00953     0.00544     0.00755     0.00776     0.00993     0.01019     0.64210
     5.30650     0.11970     0.00560     0.01174     0.00675     0.16270     0.13780     0.08770     0.05967     0.02779     0.00420     0.00925     0.00556     0.00737     0.00770     0.00854     0.00856     0.67063
     5.37150     0.10000     0.00505     0.01083     0.00576     0.12660     0.11230     0.08519     0.05309     0.03235     0.00387     0.00959     0.00487     0.00625     0.00633     0.00780     0.00722     0.57710
     5.43550     0.09141     0.00413     0.00823     0.00461     0.09213     0.09159     0.08569     0.05167     0.04411     0.00427     0.01238     0.00542     0.00548     0.00641     0.00652     0.00725     0.52131
     5.50050     0.08972     0.00360     0.00721     0.00381     0.07538     0.07298     0.08766     0.05623     0.05287     0.00497     0.01105     0.00644     0.00433     0.00641     0.00616     0.00636     0.49519
     5.56550     0.07143     0.00326     0.00675     0.00346     0.05597     0.05771     0.08069     0.06254     0.04956     0.00499     0.00891     0.00630     0.00396     0.00570     0.00549     0.00562     0.43234
     5.63050     0.07338     0.00500     0.00978     0.00552     0.06628     0.06560     0.08357     0.08068     0.03080     0.00570     0.00838     0.00621     0.00515     0.00577     0.00656     0.00577     0.46414
     5.69550     0.06620     0.00364     0.01050     0.00495     0.08051     0.08681     0.09710     0.08726     0.02945     0.00585     0.01005     0.00707     0.00652     0.00654     0.00739     0.00702     0.51685
     5.76050     0.08327     0.00333     0.01273     0.00590     0.12890     0.13190     0.15000     0.12070     0.05564     0.00791     0.01795     0.01113     0.00986     0.01131     0.01032     0.00979     0.77065
     5.82450     0.13080     0.00426     0.01335     0.00708     0.13010     0.12980     0.14410     0.11250     0.05669     0.00740     0.01810     0.01004     0.00975     0.01060     0.00998     0.01125     0.80580
     5.88950     0.14850     0.00422     0.01127     0.00553     0.14300     0.13200     0.15720     0.10780     0.06257     0.00770     0.01971     0.00951     0.00912     0.01008     0.01081     0.01283     0.85185
     5.95450     0.20090     0.00472     0.01087     0.00549     0.17740     0.12490     0.16230     0.10200     0.06261     0.00880     0.02120     0.00822     0.00908     0.00992     0.01074     0.01251     0.93167
     6.01950     0.19910     0.00523     0.00899     0.00595     0.18070     0.12370     0.13890     0.09970     0.05886     0.00869     0.02053     0.00730     0.00813     0.00915     0.01007     0.01108     0.89610
     6.08450     0.17160     0.00519     0.00774     0.00620     0.16810     0.12660     0.11150     0.10160     0.05292     0.00740     0.01977     0.00662     0.00750     0.00776     0.00984     0.00899     0.81932
     6.14850     0.09248     0.00313     0.00762     0.00417     0.12880     0.10660     0.09089     0.10010     0.06089     0.00703     0.01460     0.00698     0.00411     0.00786     0.01258     0.00943     0.65728
     6.21350     0.08988     0.00327     0.00891     0.00456     0.14020     0.11470     0.09242     0.10760     0.08564     0.00669     0.01626     0.00659     0.00430     0.00856     0.01383     0.00947     0.71288
     6.27850     0.09775     0.00355     0.00861     0.00476     0.17340     0.12600     0.08404     0.11850     0.13560     0.00775     0.01867     0.00689     0.00459     0.00985     0.01640     0.01076     0.82712
     6.34350     0.10290     0.00319     0.00701     0.00456     0.17760     0.10810     0.08496     0.09956     0.11050     0.00772     0.01422     0.00559     0.00475     0.00899     0.01366     0.01011     0.76343
     6.40850     0.11350     0.00436     0.00917     0.00573     0.21010     0.12120     0.10700     0.10800     0.11570     0.00871     0.01442     0.00574     0.00577     0.01002     0.01327     0.01100     0.86369
     6.47350     0.10460     0.00383     0.00811     0.00520     0.19660     0.14040     0.11720     0.10920     0.12610     0.00812     0.01399     0.00629     0.00586     0.00908     0.01357     0.01175     0.87991
     6.53750     0.08456     0.00318     0.00783     0.00411     0.15150     0.13250     0.11640     0.10110     0.11890     0.00726     0.01290     0.00574     0.00574     0.00734     0.01257     0.01118     0.78281
     6.60250     0.08174     0.00311     0.00953     0.00357     0.12480     0.13110     0.11780     0.09622     0.11050     0.00743     0.01397     0.00583     0.00574     0.00652     0.01303     0.01172     0.74260
     6.66750     0.07477     0.00296     0.00894     0.00360     0.09718     0.12950     0.11260     0.09325     0.10790     0.00799     0.01418     0.00579     0.00449     0.00624     0.01387     0.01193     0.69519
     6.73250     0.08656     0.00351     0.00847     0.00417     0.10190     0.15180     0.12610     0.09886     0.12640     0.01027     0.01517     0.00652     0.00342     0.00772     0.01475     0.01076     0.77638
     6.79750     0.07843     0.00430     0.00906     0.00425     0.08549     0.14090     0.11170     0.08616     0.11780     0.00904     0.01418     0.00680     0.00291     0.00716     0.01098     0.00945     0.69861
     6.86150     0.09587     0.00511     0.00978     0.00569     0.09785     0.15270     0.14500     0.09510     0.12790     0.01113     0.01690     0.01016     0.00278     0.00704     0.01173     0.01007     0.80481
     6.92650     0.08249     0.00372     0.00841     0.00385     0.07307     0.14690     0.15750     0.09141     0.11860     0.01038     0.01291     0.00880     0.00263     0.00666     0.01201     0.00865     0.74799
     6.99150     0.07237     0.00587     0.00836     0.00426     0.05634     0.12750     0.13660     0.09295     0.10490     0.01006     0.00959     0.00861     0.00273     0.00720     0.01362     0.00879     0.66977
     7.05650     0.07180     0.00428     0.00936     0.00398     0.04086     0.11760     0.10600     0.10600     0.10310     0.00905     0.00875     0.00760     0.00227     0.00761     0.01465     0.00941     0.62232
     7.12150     0.06632     0.00324     0.00876     0.00327     0.02761     0.09940     0.08276     0.09926     0.10540     0.00743     0.00769     0.00658     0.00179     0.00673     0.01364     0.00856     0.54844
     7.18550     0.05965     0.00301     0.00992     0.00332     0.02655     0.08295     0.07159     0.10400     0.08445     0.00664     0.00758     0.00658     0.00183     0.00605     0.01312     0.00842     0.49566
     7.25050     0.07184     0.00349     0.01326     0.00416     0.03866     0.07825     0.07002     0.11320     0.08034     0.00556     0.00808     0.00694     0.00278     0.00680     0.01353     0.00897     0.52588
     7.31550     0.15000     0.00901     0.01863     0.01013     0.07367     0.11150     0.12460     0.17190     0.10880     0.00814     0.01416     0.00903     0.00468     0.01125     0.01813     0.01731     0.86095
     7.38050     0.10600     0.00590     0.01274     0.00452     0.04216     0.10170     0.09563     0.09524     0.07169     0.00547     0.01102     0.00671     0.00275     0.00842     0.01510     0.01235     0.59740
     7.44550     0.07297     0.00454     0.01029     0.00294     0.03273     0.08672     0.07309     0.07011     0.05385     0.00443     0.00903     0.00652     0.00210     0.00675     0.01185     0.00934     0.45725
     7.51050     0.05302     0.00369     0.00922     0.00238     0.02290     0.07038     0.04280     0.05045     0.04364     0.00347     0.00619     0.00634     0.00168     0.00577     0.00860     0.00754     0.33805
     7.57450     0.03699     0.00307     0.00648     0.00175     0.01657     0.06018     0.02762     0.04535     0.03958     0.00329     0.00519     0.00620     0.00156     0.00492     0.00754     0.00643     0.27272
     7.63950     0.03853     0.00349     0.00490     0.00194     0.01435     0.06210     0.03079     0.05097     0.04555     0.00413     0.00636     0.00664     0.00154     0.00493     0.00762     0.00680     0.29064
     7.70450     0.07054     0.00452     0.00519     0.00246     0.01523     0.06788     0.03828     0.05947     0.05386     0.00524     0.00722     0.00850     0.00165     0.00522     0.00889     0.00727     0.36142
     7.76950     0.10150     0.00652     0.00638     0.00342     0.02002     0.08160     0.04502     0.08176     0.07194     0.00716     0.00733     0.01180     0.00209     0.00604     0.00935     0.00814     0.47007
     7.83450     0.12110     0.00831     0.00789     0.00412     0.02640     0.09380     0.05362     0.10040     0.08784     0.00788     0.00863     0.01378     0.00274     0.00656     0.00996     0.00904     0.56206
     7.89850     0.12850     0.00825     0.00858     0.00420     0.03067     0.09470     0.06168     0.10970     0.09473     0.00808     0.00884     0.01401     0.00323     0.00683     0.01090     0.01017     0.60307
     7.96350     0.10000     0.00722     0.00759     0.00352     0.02417     0.07382     0.04560     0.09056     0.07842     0.00649     0.00744     0.01307     0.00248     0.00653     0.00948     0.01023     0.48662
     8.02850     0.06657     0.00564     0.00630     0.00275     0.01964     0.06295     0.03018     0.07376     0.05835     0.00513     0.00682     0.01083     0.00181     0.00581     0.00851     0.00963     0.37469
     8.09350     0.05470     0.00460     0.00520     0.00220     0.01378     0.05236     0.01721     0.05387     0.04557     0.00393     0.00581     0.00794     0.00094     0.00454     0.00725     0.00825     0.28814
     8.15850     0.05442     0.00361     0.00483     0.00201     0.01053     0.04354     0.01399     0.04086     0.04207     0.00341     0.00464     0.00625     0.00059     0.00393     0.00651     0.00701     0.24820
     8.22250     0.04776     0.00298     0.00426     0.00157     0.00797     0.03525     0.01243     0.03266     0.03388     0.00283     0.00366     0.00514     0.00046     0.00356     0.00570     0.00659     0.20671
     8.28750     0.04574     0.00243     0.00377     0.00103     0.00471     0.02767     0.01034     0.02672     0.02779     0.00231     0.00275     0.00412     0.00027     0.00307     0.00480     0.00617     0.17369
     8.35250     0.04622     0.00211     0.00347     0.00073     0.00385     0.02491     0.00964     0.02398     0.02520     0.00217     0.00229     0.00369     0.00021     0.00274     0.00439     0.00590     0.16150
     8.41750     0.04257     0.00201     0.00346     0.00064     0.00330     0.02456     0.00922     0.02244     0.02227     0.00205     0.00227     0.00343     0.00019     0.00278     0.00417     0.00565     0.15100
     8.48250     0.03858     0.00177     0.00305     0.00049     0.00276     0.02258     0.00869     0.02086     0.01840     0.00179     0.00198     0.00312     0.00016     0.00258     0.00377     0.00527     0.13586
     8.54750     0.03636     0.00152     0.00258     0.00035     0.00233     0.02071     0.00825     0.01905     0.01565     0.00157     0.00161     0.00285     0.00013     0.00240     0.00342     0.00499     0.12377
     8.61150     0.03248     0.00130     0.00195     0.00028     0.00199     0.01899     0.00727     0.01692     0.01318     0.00142     0.00124     0.00241     0.00010     0.00214     0.00316     0.00476     0.10959
     8.67650     0.02909     0.00112     0.00165     0.00025     0.00174     0.01837     0.00671     0.01559     0.01186     0.00141     0.00107     0.00221     0.00009     0.00202     0.00310     0.00466     0.10096
     8.74150     0.02676     0.00094     0.00139     0.00022     0.00152     0.01756     0.00669     0.01473     0.01016     0.00117     0.00093     0.00205     0.00008     0.00187     0.00283     0.00428     0.09318
     8.80650     0.02402     0.00083     0.00113     0.00020     0.00136     0.01619     0.00604     0.01273     0.00897     0.00104     0.00078     0.00179     0.00007     0.00168     0.00256     0.00394     0.08335
     8.87150     0.02202     0.00076     0.00091     0.00018     0.00125     0.01495     0.00553     0.01083     0.00807     0.00093     0.00065     0.00154     0.00007     0.00153     0.00227     0.00341     0.07488
     8.93550     0.01993     0.00069     0.00071     0.00016     0.00114     0.01353     0.00493     0.00882     0.00720     0.00082     0.00055     0.00128     0.00006     0.00134     0.00195     0.00296     0.06606
     9.00050     0.01644     0.00064     0.00056     0.00015     0.00107     0.01249     0.00367     0.00694     0.00649     0.00071     0.00051     0.00107     0.00005     0.00118     0.00171     0.00277     0.05645
     9.06550     0.01438     0.00060     0.00044     0.00015     0.00101     0.01152     0.00279     0.00546     0.00591     0.00063     0.00049     0.00091     0.00005     0.00103     0.00153     0.00265     0.04955
     9.13050     0.01445     0.00056     0.00039     0.00015     0.00095     0.01162     0.00259     0.00506     0.00548     0.00063     0.00048     0.00086     0.00005     0.00105     0.00143     0.00254     0.04828
     9.19550     0.01486     0.00052     0.00037     0.00016     0.00082     0.01240     0.00281     0.00441     0.00499     0.00057     0.00048     0.00080     0.00005     0.00112     0.00142     0.00246     0.04824
     9.25950     0.01314     0.00045     0.00031     0.00015     0.00069     0.00977     0.00252     0.00300     0.00415     0.00047     0.00045     0.00063     0.00005     0.00077     0.00128     0.00210     0.03993
     9.32450     0.01140     0.00039     0.00030     0.00013     0.00058     0.00906     0.00222     0.00260     0.00326     0.00038     0.00042     0.00056     0.00004     0.00072     0.00112     0.00175     0.03492
     9.38950     0.01159     0.00034     0.00033     0.00013     0.00050     0.00913     0.00226     0.00268     0.00269     0.00039     0.00042     0.00057     0.00003     0.00074     0.00105     0.00151     0.03436
     9.45450     0.01552     0.00031     0.00048     0.00015     0.00048     0.01232     0.00334     0.00508     0.00241     0.00067     0.00058     0.00097     0.00003     0.00099     0.00116     0.00161     0.04609
     9.51950     0.01573     0.00026     0.00046     0.00014     0.00043     0.01248     0.00335     0.00373     0.00205     0.00045     0.00061     0.00080     0.00003     0.00105     0.00093     0.00139     0.04389
     9.58450     0.00885     0.00016     0.00029     0.00008     0.00023     0.00530     0.00183     0.00096     0.00120     0.00011     0.00031     0.00028     0.00002     0.00052     0.00043     0.00064     0.02121
     9.64850     0.00538     0.00009     0.00021     0.00005     0.00012     0.00349     0.00113     0.00054     0.00067     0.00005     0.00018     0.00015     0.00002     0.00038     0.00031     0.00042     0.01320
     9.71350     0.00325     0.00005     0.00016     0.00004     0.00005     0.00229     0.00068     0.00031     0.00039     0.00002     0.00010     0.00008     0.00001     0.00030     0.00030     0.00031     0.00833
     9.77850     0.00156     0.00003     0.00008     0.00002     0.00002     0.00111     0.00032     0.00014     0.00019     0.00001     0.00004     0.00004     0.00001     0.00016     0.00018     0.00016     0.00406
     9.84350     0.00034     0.00001     0.00002     0.00000     0.00000     0.00024     0.00007     0.00003     0.00004     0.00000     0.00001     0.00001     0.00000     0.00003     0.00004     0.00003     0.00087
     9.90850     0.00000     0.00000     0.00000     0.00000     0.00000     0.00000     0.00000     0.00000     0.00000     0.00000     0.00000     0.00000     0.00000     0.00000     0.00000     0.00000     0.00000
     9.97250     0.00000     0.00000     0.00000     0.00000     0.00000     0.00000     0.00000     0.00000     0.00000     0.00000     0.00000     0.00000     0.00000     0.00000     0.00000     0.00000     0.00000
    10.03750     0.00000     0.00000     0.00000     0.00000     0.00000     0.00000     0.00000     0.00000     0.00000     0.00000     0.00000     0.00000     0.00000     0.00000     0.00000     0.00000     0.00000
    10.10250     0.00000     0.00000     0.00000     0.00000     0.00000     0.00000     0.00000     0.00000     0.00000     0.00000     0.00000     0.00000     0.00000     0.00000     0.00000     0.00000     0.00000
    10.16750     0.00000     0.00000     0.00000     0.00000     0.00000     0.00000     0.00000     0.00000     0.00000     0.00000     0.00000     0.00000     0.00000     0.00000     0.00000     0.00000     0.00000
    10.23250     0.00000     0.00000     0.00000     0.00000     0.00000     0.00000     0.00000     0.00000     0.00000     0.00000     0.00000     0.00000     0.00000     0.00000     0.00000     0.00000     0.00000
    10.29650     0.00000     0.00000     0.00000     0.00000     0.00000     0.00000     0.00000     0.00000     0.00000     0.00000     0.00000     0.00000     0.00000     0.00000     0.00000     0.00000     0.00000
    10.36150     0.00000     0.00000     0.00000     0.00000     0.00000     0.00000     0.00000     0.00000     0.00000     0.00000     0.00000     0.00000     0.00000     0.00000     0.00000     0.00000     0.00000
    10.42650     0.00000     0.00000     0.00000     0.00000     0.00000     0.00000     0.00000     0.00000     0.00000     0.00000     0.00000     0.00000     0.00000     0.00000     0.00000     0.00000     0.00000
    10.49150     0.00000     0.00000     0.00000     0.00000     0.00000     0.00000     0.00000     0.00000     0.00000     0.00000     0.00000     0.00000     0.00000     0.00000     0.00000     0.00000     0.00000
    10.55650     0.00000     0.00000     0.00000     0.00000     0.00000     0.00000     0.00000     0.00000     0.00000     0.00000     0.00000     0.00000     0.00000     0.00000     0.00000     0.00000     0.00000
    10.62150     0.00000     0.00000     0.00000     0.00000     0.00000     0.00000     0.00000     0.00000     0.00000     0.00000     0.00000     0.00000     0.00000     0.00000     0.00000     0.00000     0.00000
    10.68550     0.00000     0.00000     0.00000     0.00000     0.00000     0.00000     0.00000     0.00000     0.00000     0.00000     0.00000     0.00000     0.00000     0.00000     0.00000     0.00000     0.00000
    10.75050     0.00000     0.00000     0.00000     0.00000     0.00000     0.00000     0.00000     0.00000     0.00000     0.00000     0.00000     0.00000     0.00000     0.00000     0.00000     0.00000     0.00000
    10.81550     0.00000     0.00000     0.00000     0.00000     0.00000     0.00000     0.00000     0.00000     0.00000     0.00000     0.00000     0.00000     0.00000     0.00000     0.00000     0.00000     0.00000
    10.88050     0.00000     0.00000     0.00000     0.00000     0.00000     0.00000     0.00000     0.00000     0.00000     0.00000     0.00000     0.00000     0.00000     0.00000     0.00000     0.00000     0.00000
    10.94550     0.00000     0.00000     0.00000     0.00000     0.00000     0.00000     0.00000     0.00000     0.00000     0.00000     0.00000     0.00000     0.00000     0.00000     0.00000     0.00000     0.00000
    11.00950     0.00000     0.00000     0.00000     0.00000     0.00000     0.00000     0.00000     0.00000     0.00000     0.00000     0.00000     0.00000     0.00000     0.00000     0.00000     0.00000     0.00000
    11.07450     0.00000     0.00000     0.00000     0.00000     0.00000     0.00000     0.00000     0.00000     0.00000     0.00000     0.00000     0.00000     0.00000     0.00000     0.00000     0.00000     0.00000
    11.13950     0.00000     0.00000     0.00000     0.00000     0.00000     0.00000     0.00000     0.00000     0.00000     0.00000     0.00000     0.00000     0.00000     0.00000     0.00000     0.00000     0.00000
    11.20450     0.00000     0.00000     0.00000     0.00000     0.00000     0.00000     0.00000     0.00000     0.00000     0.00000     0.00000     0.00000     0.00000     0.00000     0.00000     0.00000     0.00000
    11.26950     0.00000     0.00000     0.00000     0.00000     0.00000     0.00000     0.00000     0.00000     0.00000     0.00000     0.00000     0.00000     0.00000     0.00000     0.00000     0.00000     0.00000
    11.33350     0.00000     0.00000     0.00000     0.00000     0.00000     0.00000     0.00000     0.00000     0.00000     0.00000     0.00000     0.00000     0.00000     0.00000     0.00000     0.00000     0.00000
    11.39850     0.00000     0.00000     0.00000     0.00000     0.00000     0.00000     0.00000     0.00000     0.00000     0.00000     0.00000     0.00000     0.00000     0.00000     0.00000     0.00000     0.00000
    11.46350     0.00000     0.00000     0.00000     0.00000     0.00000     0.00000     0.00000     0.00000     0.00000     0.00000     0.00000     0.00000     0.00000     0.00000     0.00000     0.00000     0.00000
    11.52850     0.00000     0.00000     0.00000     0.00000     0.00000     0.00000     0.00000     0.00000     0.00000     0.00000     0.00000     0.00000     0.00000     0.00000     0.00000     0.00000     0.00000
    11.59350     0.00000     0.00000     0.00000     0.00000     0.00000     0.00000     0.00000     0.00000     0.00000     0.00000     0.00000     0.00000     0.00000     0.00000     0.00000     0.00000     0.00000
    11.65850     0.00000     0.00000     0.00000     0.00000     0.00000     0.00000     0.00000     0.00000     0.00000     0.00000     0.00000     0.00000     0.00000     0.00000     0.00000     0.00000     0.00000
    11.72250     0.00000     0.00000     0.00000     0.00000     0.00000     0.00000     0.00000     0.00000     0.00000     0.00000     0.00000     0.00000     0.00000     0.00000     0.00000     0.00000     0.00000
    11.78750     0.00000     0.00000     0.00000     0.00000     0.00000     0.00000     0.00000     0.00000     0.00000     0.00000     0.00000     0.00000     0.00000     0.00000     0.00000     0.00000     0.00000
    11.85250     0.00000     0.00000     0.00000     0.00000     0.00000     0.00000     0.00000     0.00000     0.00000     0.00000     0.00000     0.00000     0.00000     0.00000     0.00000     0.00000     0.00000
    11.91750     0.00000     0.00000     0.00000     0.00000     0.00000     0.00000     0.00000     0.00000     0.00000     0.00000     0.00000     0.00000     0.00000     0.00000     0.00000     0.00000     0.00000
    11.98250     0.00000     0.00000     0.00000     0.00000     0.00000     0.00000     0.00000     0.00000     0.00000     0.00000     0.00000     0.00000     0.00000     0.00000     0.00000     0.00000     0.00000
    12.04650     0.00000     0.00000     0.00000     0.00000     0.00000     0.00000     0.00000     0.00000     0.00000     0.00000     0.00000     0.00000     0.00000     0.00000     0.00000     0.00000     0.00000
    12.11150     0.00000     0.00000     0.00000     0.00000     0.00000     0.00000     0.00000     0.00000     0.00000     0.00000     0.00000     0.00000     0.00000     0.00000     0.00000     0.00000     0.00000
    12.17650     0.00000     0.00000     0.00000     0.00000     0.00000     0.00000     0.00000     0.00000     0.00000     0.00000     0.00000     0.00000     0.00000     0.00000     0.00000     0.00000     0.00000
    12.24150     0.00000     0.00000     0.00000     0.00000     0.00000     0.00000     0.00000     0.00000     0.00000     0.00000     0.00000     0.00000     0.00000     0.00000     0.00000     0.00000     0.00000
    12.30650     0.00000     0.00000     0.00000     0.00000     0.00000     0.00000     0.00000     0.00000     0.00000     0.00000     0.00000     0.00000     0.00000     0.00000     0.00000     0.00000     0.00000
    12.37050     0.00000     0.00000     0.00000     0.00000     0.00000     0.00000     0.00000     0.00000     0.00000     0.00000     0.00000     0.00000     0.00000     0.00000     0.00000     0.00000     0.00000
    12.43550     0.00000     0.00000     0.00000     0.00000     0.00000     0.00000     0.00000     0.00000     0.00000     0.00000     0.00000     0.00000     0.00000     0.00000     0.00000     0.00000     0.00000
    12.50050     0.00000     0.00000     0.00000     0.00000     0.00000     0.00000     0.00000     0.00000     0.00000     0.00000     0.00000     0.00000     0.00000     0.00000     0.00000     0.00000     0.00000
    12.56550     0.00000     0.00000     0.00000     0.00000     0.00000     0.00000     0.00000     0.00000     0.00000     0.00000     0.00000     0.00000     0.00000     0.00000     0.00000     0.00000     0.00000
    12.63050     0.00000     0.00000     0.00000     0.00000     0.00000     0.00000     0.00000     0.00000     0.00000     0.00000     0.00000     0.00000     0.00000     0.00000     0.00000     0.00000     0.00000
    12.69550     0.00000     0.00000     0.00000     0.00000     0.00000     0.00000     0.00000     0.00000     0.00000     0.00000     0.00000     0.00000     0.00000     0.00000     0.00000     0.00000     0.00000
    12.75950     0.00000     0.00000     0.00000     0.00000     0.00000     0.00000     0.00000     0.00000     0.00000     0.00000     0.00000     0.00000     0.00000     0.00000     0.00000     0.00000     0.00000
    12.82450     0.00000     0.00000     0.00000     0.00000     0.00000     0.00000     0.00000     0.00000     0.00000     0.00000     0.00000     0.00000     0.00000     0.00000     0.00000     0.00000     0.00000
    12.88950     0.00000     0.00000     0.00000     0.00000     0.00000     0.00000     0.00000     0.00000     0.00000     0.00000     0.00000     0.00000     0.00000     0.00000     0.00000     0.00000     0.00000
    12.95450     0.00000     0.00000     0.00000     0.00000     0.00000     0.00000     0.00000     0.00000     0.00000     0.00000     0.00000     0.00000     0.00000     0.00000     0.00000     0.00000     0.00000
    13.01950     0.00000     0.00000     0.00000     0.00000     0.00000     0.00000     0.00000     0.00000     0.00000     0.00000     0.00000     0.00000     0.00000     0.00000     0.00000     0.00000     0.00000
    13.08350     0.00000     0.00000     0.00000     0.00000     0.00000     0.00000     0.00000     0.00000     0.00000     0.00000     0.00000     0.00000     0.00000     0.00000     0.00000     0.00000     0.00000
    13.14850     0.00000     0.00000     0.00000     0.00000     0.00000     0.00000     0.00000     0.00000     0.00000     0.00000     0.00000     0.00000     0.00000     0.00000     0.00000     0.00000     0.00000
    13.21350     0.00000     0.00000     0.00000     0.00000     0.00000     0.00000     0.00000     0.00000     0.00000     0.00000     0.00000     0.00000     0.00000     0.00000     0.00000     0.00000     0.00000
    13.27850     0.00000     0.00000     0.00000     0.00000     0.00000     0.00000     0.00000     0.00000     0.00000     0.00000     0.00000     0.00000     0.00000     0.00000     0.00000     0.00000     0.00000
    13.34350     0.00000     0.00000     0.00000     0.00000     0.00000     0.00000     0.00000     0.00000     0.00000     0.00000     0.00000     0.00000     0.00000     0.00000     0.00000     0.00000     0.00000
    13.40750     0.00000     0.00000     0.00000     0.00000     0.00000     0.00000     0.00000     0.00000     0.00000     0.00000     0.00000     0.00000     0.00000     0.00000     0.00000     0.00000     0.00000
    13.47250     0.00000     0.00000     0.00000     0.00000     0.00000     0.00000     0.00000     0.00000     0.00000     0.00000     0.00000     0.00000     0.00000     0.00000     0.00000     0.00000     0.00000
    13.53750     0.00000     0.00000     0.00000     0.00000     0.00000     0.00000     0.00000     0.00000     0.00000     0.00000     0.00000     0.00000     0.00000     0.00000     0.00000     0.00000     0.00000
    13.60250     0.00000     0.00000     0.00000     0.00000     0.00000     0.00000     0.00000     0.00000     0.00000     0.00000     0.00000     0.00000     0.00000     0.00000     0.00000     0.00000     0.00000
    13.66750     0.00000     0.00000     0.00000     0.00000     0.00000     0.00000     0.00000     0.00000     0.00000     0.00000     0.00000     0.00000     0.00000     0.00000     0.00000     0.00000     0.00000
    13.73250     0.00000     0.00000     0.00000     0.00000     0.00000     0.00000     0.00000     0.00000     0.00000     0.00000     0.00000     0.00000     0.00000     0.00000     0.00000     0.00000     0.00000
    13.79650     0.00000     0.00000     0.00000     0.00000     0.00000     0.00000     0.00000     0.00000     0.00000     0.00000     0.00000     0.00000     0.00000     0.00000     0.00000     0.00000     0.00000
    13.86150     0.00000     0.00000     0.00000     0.00000     0.00000     0.00000     0.00000     0.00000     0.00000     0.00000     0.00000     0.00000     0.00000     0.00000     0.00000     0.00000     0.00000
    13.92650     0.00000     0.00000     0.00000     0.00000     0.00000     0.00000     0.00000     0.00000     0.00000     0.00000     0.00000     0.00000     0.00000     0.00000     0.00000     0.00000     0.00000
    13.99150     0.00000     0.00000     0.00000     0.00000     0.00000     0.00000     0.00000     0.00000     0.00000     0.00000     0.00000     0.00000     0.00000     0.00000     0.00000     0.00000     0.00000
    14.05650     0.00000     0.00000     0.00000     0.00000     0.00000     0.00000     0.00000     0.00000     0.00000     0.00000     0.00000     0.00000     0.00000     0.00000     0.00000     0.00000     0.00000
    14.12050     0.00000     0.00000     0.00000     0.00000     0.00000     0.00000     0.00000     0.00000     0.00000     0.00000     0.00000     0.00000     0.00000     0.00000     0.00000     0.00000     0.00000
    14.18550     0.00000     0.00000     0.00000     0.00000     0.00000     0.00000     0.00000     0.00000     0.00000     0.00000     0.00000     0.00000     0.00000     0.00000     0.00000     0.00000     0.00000
    14.25050     0.00000     0.00000     0.00000     0.00000     0.00000     0.00000     0.00000     0.00000     0.00000     0.00000     0.00000     0.00000     0.00000     0.00000     0.00000     0.00000     0.00000
    14.31550     0.00000     0.00000     0.00000     0.00000     0.00000     0.00000     0.00000     0.00000     0.00000     0.00000     0.00000     0.00000     0.00000     0.00000     0.00000     0.00000     0.00000
