     #Energy           s          py          pz          px         dxy         dyz         dz2         dxz         dx2       fy3x2        fxyz        fyz2         fz3        fxz2        fzx2         fx3       tot  
   -82.51440     0.00000     0.00000     0.00000     0.00000     0.00000     0.00000     0.00000     0.00000     0.00000     0.00000     0.00000     0.00000     0.00000     0.00000     0.00000     0.00000     0.00000
   -82.45140     0.00000     0.00000     0.00000     0.00000     0.00000     0.00000     0.00000     0.00000     0.00000     0.00000     0.00000     0.00000     0.00000     0.00000     0.00000     0.00000     0.00000
   -82.38740     0.00000     0.00000     0.00000     0.00000     0.00000     0.00000     0.00000     0.00000     0.00000     0.00000     0.00000     0.00000     0.00000     0.00000     0.00000     0.00000     0.00000
   -82.32440     0.00000     0.00000     0.00000     0.00000     0.00000     0.00000     0.00000     0.00000     0.00000     0.00000     0.00000     0.00000     0.00000     0.00000     0.00000     0.00000     0.00000
   -82.26040     0.00000     0.00000     0.00000     0.00000     0.00000     0.00000     0.00000     0.00000     0.00000     0.00000     0.00000     0.00000     0.00000     0.00000     0.00000     0.00000     0.00000
   -82.19740     0.00000     0.00000     0.00000     0.00000     0.00000     0.00000     0.00000     0.00000     0.00000     0.00000     0.00000     0.00000     0.00000     0.00000     0.00000     0.00000     0.00000
   -82.13440     0.00000     0.00000     0.00000     0.00000     0.00000     0.00000     0.00000     0.00000     0.00000     0.00000     0.00000     0.00000     0.00000     0.00000     0.00000     0.00000     0.00000
   -82.07040     0.00000     0.00000     0.00000     0.00000     0.00000     0.00000     0.00000     0.00000     0.00000     0.00000     0.00000     0.00000     0.00000     0.00000     0.00000     0.00000     0.00000
   -82.00740     0.00000     0.00000     0.00000     0.00000     0.00000     0.00000     0.00000     0.00000     0.00000     0.00000     0.00000     0.00000     0.00000     0.00000     0.00000     0.00000     0.00000
   -81.94340     0.00000     0.00000     0.00000     0.00000     0.00000     0.00000     0.00000     0.00000     0.00000     0.00000     0.00000     0.00000     0.00000     0.00000     0.00000     0.00000     0.00000
   -81.88040     0.00000     0.00000     0.00000     0.00000     0.00000     0.00000     0.00000     0.00000     0.00000     0.00000     0.00000     0.00000     0.00000     0.00000     0.00000     0.00000     0.00000
   -81.81740     0.00000     0.00000     0.00000     0.00000     0.00000     0.00000     0.00000     0.00000     0.00000     0.00000     0.00000     0.00000     0.00000     0.00000     0.00000     0.00000     0.00000
   -81.75340     0.00000     0.00000     0.00000     0.00000     0.00000     0.00000     0.00000     0.00000     0.00000     0.00000     0.00000     0.00000     0.00000     0.00000     0.00000     0.00000     0.00000
   -81.69040     0.00000     0.00000     0.00000     0.00000     0.00000     0.00000     0.00000     0.00000     0.00000     0.00000     0.00000     0.00000     0.00000     0.00000     0.00000     0.00000     0.00000
   -81.62640     0.00000     0.00000     0.00000     0.00000     0.00000     0.00000     0.00000     0.00000     0.00000     0.00000     0.00000     0.00000     0.00000     0.00000     0.00000     0.00000     0.00000
   -81.56340     0.00000     0.00000     0.00000     0.00000     0.00000     0.00000     0.00000     0.00000     0.00000     0.00000     0.00000     0.00000     0.00000     0.00000     0.00000     0.00000     0.00000
   -81.50040     0.00000     0.00000     0.00000     0.00000     0.00000     0.00000     0.00000     0.00000     0.00000     0.00000     0.00000     0.00000     0.00000     0.00000     0.00000     0.00000     0.00000
   -81.43640     0.00000     0.00000     0.00000     0.00000     0.00000     0.00000     0.00000     0.00000     0.00000     0.00000     0.00000     0.00000     0.00000     0.00000     0.00000     0.00000     0.00000
   -81.37340     0.00000     0.00000     0.00000     0.00000     0.00000     0.00000     0.00000     0.00000     0.00000     0.00000     0.00000     0.00000     0.00000     0.00000     0.00000     0.00000     0.00000
   -81.30940     0.00000     0.00000     0.00000     0.00000     0.00000     0.00000     0.00000     0.00000     0.00000     0.00000     0.00000     0.00000     0.00000     0.00000     0.00000     0.00000     0.00000
   -81.24640     0.00000     0.00000     0.00000     0.00000     0.00000     0.00000     0.00000     0.00000     0.00000     0.00000     0.00000     0.00000     0.00000     0.00000     0.00000     0.00000     0.00000
   -81.18240     0.00000     0.00000     0.00000     0.00000     0.00000     0.00000     0.00000     0.00000     0.00000     0.00000     0.00000     0.00000     0.00000     0.00000     0.00000     0.00000     0.00000
   -81.11940     0.00000     0.00000     0.00000     0.00000     0.00000     0.00000     0.00000     0.00000     0.00000     0.00000     0.00000     0.00000     0.00000     0.00000     0.00000     0.00000     0.00000
   -81.05640     0.00000     0.00000     0.00000     0.00000     0.00000     0.00000     0.00000     0.00000     0.00000     0.00000     0.00000     0.00000     0.00000     0.00000     0.00000     0.00000     0.00000
   -80.99240     0.00000     0.00000     0.00000     0.00000     0.00000     0.00000     0.00000     0.00000     0.00000     0.00000     0.00000     0.00000     0.00000     0.00000     0.00000     0.00000     0.00000
   -80.92940     0.00000     0.00000     0.00000     0.00000     0.00000     0.00000     0.00000     0.00000     0.00000     0.00000     0.00000     0.00000     0.00000     0.00000     0.00000     0.00000     0.00000
   -80.86540     0.00000     0.00000     0.00000     0.00000     0.00000     0.00000     0.00000     0.00000     0.00000     0.00000     0.00000     0.00000     0.00000     0.00000     0.00000     0.00000     0.00000
   -80.80240     0.00000     0.00000     0.00000     0.00000     0.00000     0.00000     0.00000     0.00000     0.00000     0.00000     0.00000     0.00000     0.00000     0.00000     0.00000     0.00000     0.00000
   -80.73940     0.00000     0.00000     0.00000     0.00000     0.00000     0.00000     0.00000     0.00000     0.00000     0.00000     0.00000     0.00000     0.00000     0.00000     0.00000     0.00000     0.00000
   -80.67540     0.00000     0.00000     0.00000     0.00000     0.00000     0.00000     0.00000     0.00000     0.00000     0.00000     0.00000     0.00000     0.00000     0.00000     0.00000     0.00000     0.00000
   -80.61240     0.00000     0.00000     0.00000     0.00000     0.00000     0.00000     0.00000     0.00000     0.00000     0.00000     0.00000     0.00000     0.00000     0.00000     0.00000     0.00000     0.00000
   -80.54840     0.00000     0.00000     0.00000     0.00000     0.00000     0.00000     0.00000     0.00000     0.00000     0.00000     0.00000     0.00000     0.00000     0.00000     0.00000     0.00000     0.00000
   -80.48540     0.00000     0.00000     0.00000     0.00000     0.00000     0.00000     0.00000     0.00000     0.00000     0.00000     0.00000     0.00000     0.00000     0.00000     0.00000     0.00000     0.00000
   -80.42140     0.00000     0.00000     0.00000     0.00000     0.00000     0.00000     0.00000     0.00000     0.00000     0.00000     0.00000     0.00000     0.00000     0.00000     0.00000     0.00000     0.00000
   -80.35840     0.00000     0.00000     0.00000     0.00000     0.00000     0.00000     0.00000     0.00000     0.00000     0.00000     0.00000     0.00000     0.00000     0.00000     0.00000     0.00000     0.00000
   -80.29540     0.00000     0.00000     0.00000     0.00000     0.00000     0.00000     0.00000     0.00000     0.00000     0.00000     0.00000     0.00000     0.00000     0.00000     0.00000     0.00000     0.00000
   -80.23140     0.00000     0.00000     0.00000     0.00000     0.00000     0.00000     0.00000     0.00000     0.00000     0.00000     0.00000     0.00000     0.00000     0.00000     0.00000     0.00000     0.00000
   -80.16840     0.00000     0.00000     0.00000     0.00000     0.00000     0.00000     0.00000     0.00000     0.00000     0.00000     0.00000     0.00000     0.00000     0.00000     0.00000     0.00000     0.00000
   -80.10440     0.00000     0.00000     0.00000     0.00000     0.00000     0.00000     0.00000     0.00000     0.00000     0.00000     0.00000     0.00000     0.00000     0.00000     0.00000     0.00000     0.00000
   -80.04140     0.00000     0.00000     0.00000     0.00000     0.00000     0.00000     0.00000     0.00000     0.00000     0.00000     0.00000     0.00000     0.00000     0.00000     0.00000     0.00000     0.00000
   -79.97840     0.00000     0.00000     0.00000     0.00000     0.00000     0.00000     0.00000     0.00000     0.00000     0.00000     0.00000     0.00000     0.00000     0.00000     0.00000     0.00000     0.00000
   -79.91440     0.00000     0.00000     0.00000     0.00000     0.00000     0.00000     0.00000     0.00000     0.00000     0.00000     0.00000     0.00000     0.00000     0.00000     0.00000     0.00000     0.00000
   -79.85140     0.00000     0.00000     0.00000     0.00000     0.00000     0.00000     0.00000     0.00000     0.00000     0.00000     0.00000     0.00000     0.00000     0.00000     0.00000     0.00000     0.00000
   -79.78740     0.00000     0.00000     0.00000     0.00000     0.00000     0.00000     0.00000     0.00000     0.00000     0.00000     0.00000     0.00000     0.00000     0.00000     0.00000     0.00000     0.00000
   -79.72440     0.00000     0.00000     0.00000     0.00000     0.00000     0.00000     0.00000     0.00000     0.00000     0.00000     0.00000     0.00000     0.00000     0.00000     0.00000     0.00000     0.00000
   -79.66040     0.00000     0.00000     0.00000     0.00000     0.00000     0.00000     0.00000     0.00000     0.00000     0.00000     0.00000     0.00000     0.00000     0.00000     0.00000     0.00000     0.00000
   -79.59740     0.00000     0.00000     0.00000     0.00000     0.00000     0.00000     0.00000     0.00000     0.00000     0.00000     0.00000     0.00000     0.00000     0.00000     0.00000     0.00000     0.00000
   -79.53440     0.00000     0.00000     0.00000     0.00000     0.00000     0.00000     0.00000     0.00000     0.00000     0.00000     0.00000     0.00000     0.00000     0.00000     0.00000     0.00000     0.00000
   -79.47040     0.00000     0.00000     0.00000     0.00000     0.00000     0.00000     0.00000     0.00000     0.00000     0.00000     0.00000     0.00000     0.00000     0.00000     0.00000     0.00000     0.00000
   -79.40740     0.00000     0.00000     0.00000     0.00000     0.00000     0.00000     0.00000     0.00000     0.00000     0.00000     0.00000     0.00000     0.00000     0.00000     0.00000     0.00000     0.00000
   -79.34340     0.00000     0.00000     0.00000     0.00000     0.00000     0.00000     0.00000     0.00000     0.00000     0.00000     0.00000     0.00000     0.00000     0.00000     0.00000     0.00000     0.00000
   -79.28040     0.00000     0.00000     0.00000     0.00000     0.00000     0.00000     0.00000     0.00000     0.00000     0.00000     0.00000     0.00000     0.00000     0.00000     0.00000     0.00000     0.00000
   -79.21740     0.00000     0.00000     0.00000     0.00000     0.00000     0.00000     0.00000     0.00000     0.00000     0.00000     0.00000     0.00000     0.00000     0.00000     0.00000     0.00000     0.00000
   -79.15340     0.00000     0.00000     0.00000     0.00000     0.00000     0.00000     0.00000     0.00000     0.00000     0.00000     0.00000     0.00000     0.00000     0.00000     0.00000     0.00000     0.00000
   -79.09040     0.00000     0.00000     0.00000     0.00000     0.00000     0.00000     0.00000     0.00000     0.00000     0.00000     0.00000     0.00000     0.00000     0.00000     0.00000     0.00000     0.00000
   -79.02640     0.00000     0.00000     0.00000     0.00000     0.00000     0.00000     0.00000     0.00000     0.00000     0.00000     0.00000     0.00000     0.00000     0.00000     0.00000     0.00000     0.00000
   -78.96340     0.00000     0.00000     0.00000     0.00000     0.00000     0.00000     0.00000     0.00000     0.00000     0.00000     0.00000     0.00000     0.00000     0.00000     0.00000     0.00000     0.00000
   -78.89940     0.00000     0.00000     0.00000     0.00000     0.00000     0.00000     0.00000     0.00000     0.00000     0.00000     0.00000     0.00000     0.00000     0.00000     0.00000     0.00000     0.00000
   -78.83640     0.00000     0.00000     0.00000     0.00000     0.00000     0.00000     0.00000     0.00000     0.00000     0.00000     0.00000     0.00000     0.00000     0.00000     0.00000     0.00000     0.00000
   -78.77340     0.00000     0.00000     0.00000     0.00000     0.00000     0.00000     0.00000     0.00000     0.00000     0.00000     0.00000     0.00000     0.00000     0.00000     0.00000     0.00000     0.00000
   -78.70940     0.00000     0.00000     0.00000     0.00000     0.00000     0.00000     0.00000     0.00000     0.00000     0.00000     0.00000     0.00000     0.00000     0.00000     0.00000     0.00000     0.00000
   -78.64640     0.00000     0.00000     0.00000     0.00000     0.00000     0.00000     0.00000     0.00000     0.00000     0.00000     0.00000     0.00000     0.00000     0.00000     0.00000     0.00000     0.00000
   -78.58240     0.00000     0.00000     0.00000     0.00000     0.00000     0.00000     0.00000     0.00000     0.00000     0.00000     0.00000     0.00000     0.00000     0.00000     0.00000     0.00000     0.00000
   -78.51940     0.00000     0.00000     0.00000     0.00000     0.00000     0.00000     0.00000     0.00000     0.00000     0.00000     0.00000     0.00000     0.00000     0.00000     0.00000     0.00000     0.00000
   -78.45640     0.00000     0.00000     0.00000     0.00000     0.00000     0.00000     0.00000     0.00000     0.00000     0.00000     0.00000     0.00000     0.00000     0.00000     0.00000     0.00000     0.00000
   -78.39240     0.00000     0.00000     0.00000     0.00000     0.00000     0.00000     0.00000     0.00000     0.00000     0.00000     0.00000     0.00000     0.00000     0.00000     0.00000     0.00000     0.00000
   -78.32940     0.00000     0.00000     0.00000     0.00000     0.00000     0.00000     0.00000     0.00000     0.00000     0.00000     0.00000     0.00000     0.00000     0.00000     0.00000     0.00000     0.00000
   -78.26540     0.00000     0.00000     0.00000     0.00000     0.00000     0.00000     0.00000     0.00000     0.00000     0.00000     0.00000     0.00000     0.00000     0.00000     0.00000     0.00000     0.00000
   -78.20240     0.00000     0.00000     0.00000     0.00000     0.00000     0.00000     0.00000     0.00000     0.00000     0.00000     0.00000     0.00000     0.00000     0.00000     0.00000     0.00000     0.00000
   -78.13940     0.00000     0.00000     0.00000     0.00000     0.00000     0.00000     0.00000     0.00000     0.00000     0.00000     0.00000     0.00000     0.00000     0.00000     0.00000     0.00000     0.00000
   -78.07540     0.00000     0.00000     0.00000     0.00000     0.00000     0.00000     0.00000     0.00000     0.00000     0.00000     0.00000     0.00000     0.00000     0.00000     0.00000     0.00000     0.00000
   -78.01240     0.00000     0.00000     0.00000     0.00000     0.00000     0.00000     0.00000     0.00000     0.00000     0.00000     0.00000     0.00000     0.00000     0.00000     0.00000     0.00000     0.00000
   -77.94840     0.00000     0.00000     0.00000     0.00000     0.00000     0.00000     0.00000     0.00000     0.00000     0.00000     0.00000     0.00000     0.00000     0.00000     0.00000     0.00000     0.00000
   -77.88540     0.00000     0.00000     0.00000     0.00000     0.00000     0.00000     0.00000     0.00000     0.00000     0.00000     0.00000     0.00000     0.00000     0.00000     0.00000     0.00000     0.00000
   -77.82140     0.00000     0.00000     0.00000     0.00000     0.00000     0.00000     0.00000     0.00000     0.00000     0.00000     0.00000     0.00000     0.00000     0.00000     0.00000     0.00000     0.00000
   -77.75840     0.00000     0.00000     0.00000     0.00000     0.00000     0.00000     0.00000     0.00000     0.00000     0.00000     0.00000     0.00000     0.00000     0.00000     0.00000     0.00000     0.00000
   -77.69540     0.00000     0.00000     0.00000     0.00000     0.00000     0.00000     0.00000     0.00000     0.00000     0.00000     0.00000     0.00000     0.00000     0.00000     0.00000     0.00000     0.00000
   -77.63140     0.00000     0.00000     0.00000     0.00000     0.00000     0.00000     0.00000     0.00000     0.00000     0.00000     0.00000     0.00000     0.00000     0.00000     0.00000     0.00000     0.00000
   -77.56840     0.00000     0.00000     0.00000     0.00000     0.00000     0.00000     0.00000     0.00000     0.00000     0.00000     0.00000     0.00000     0.00000     0.00000     0.00000     0.00000     0.00000
   -77.50440     0.00000     0.00000     0.00000     0.00000     0.00000     0.00000     0.00000     0.00000     0.00000     0.00000     0.00000     0.00000     0.00000     0.00000     0.00000     0.00000     0.00000
   -77.44140     0.00000     0.00000     0.00000     0.00000     0.00000     0.00000     0.00000     0.00000     0.00000     0.00000     0.00000     0.00000     0.00000     0.00000     0.00000     0.00000     0.00000
   -77.37840     0.00000     0.00000     0.00000     0.00000     0.00000     0.00000     0.00000     0.00000     0.00000     0.00000     0.00000     0.00000     0.00000     0.00000     0.00000     0.00000     0.00000
   -77.31440     0.00000     0.00000     0.00000     0.00000     0.00000     0.00000     0.00000     0.00000     0.00000     0.00000     0.00000     0.00000     0.00000     0.00000     0.00000     0.00000     0.00000
   -77.25140     0.00000     0.00000     0.00000     0.00000     0.00000     0.00000     0.00000     0.00000     0.00000     0.00000     0.00000     0.00000     0.00000     0.00000     0.00000     0.00000     0.00000
   -77.18740     0.00000     0.00000     0.00000     0.00000     0.00000     0.00000     0.00000     0.00000     0.00000     0.00000     0.00000     0.00000     0.00000     0.00000     0.00000     0.00000     0.00000
   -77.12440     0.00000     0.00000     0.00000     0.00000     0.00000     0.00000     0.00000     0.00000     0.00000     0.00000     0.00000     0.00000     0.00000     0.00000     0.00000     0.00000     0.00000
   -77.06040     0.00000     0.00000     0.00000     0.00000     0.00000     0.00000     0.00000     0.00000     0.00000     0.00000     0.00000     0.00000     0.00000     0.00000     0.00000     0.00000     0.00000
   -76.99740     0.00000     0.00000     0.00000     0.00000     0.00000     0.00000     0.00000     0.00000     0.00000     0.00000     0.00000     0.00000     0.00000     0.00000     0.00000     0.00000     0.00000
   -76.93440     0.00000     0.00000     0.00000     0.00000     0.00000     0.00000     0.00000     0.00000     0.00000     0.00000     0.00000     0.00000     0.00000     0.00000     0.00000     0.00000     0.00000
   -76.87040     0.00000     0.00000     0.00000     0.00000     0.00000     0.00000     0.00000     0.00000     0.00000     0.00000     0.00000     0.00000     0.00000     0.00000     0.00000     0.00000     0.00000
   -76.80740     0.00000     0.00000     0.00000     0.00000     0.00000     0.00000     0.00000     0.00000     0.00000     0.00000     0.00000     0.00000     0.00000     0.00000     0.00000     0.00000     0.00000
   -76.74340     0.00000     0.00000     0.00000     0.00000     0.00000     0.00000     0.00000     0.00000     0.00000     0.00000     0.00000     0.00000     0.00000     0.00000     0.00000     0.00000     0.00000
   -76.68040     0.00000     0.00000     0.00000     0.00000     0.00000     0.00000     0.00000     0.00000     0.00000     0.00000     0.00000     0.00000     0.00000     0.00000     0.00000     0.00000     0.00000
   -76.61740     0.00000     0.00000     0.00000     0.00000     0.00000     0.00000     0.00000     0.00000     0.00000     0.00000     0.00000     0.00000     0.00000     0.00000     0.00000     0.00000     0.00000
   -76.55340     0.00000     0.00000     0.00000     0.00000     0.00000     0.00000     0.00000     0.00000     0.00000     0.00000     0.00000     0.00000     0.00000     0.00000     0.00000     0.00000     0.00000
   -76.49040     0.00000     0.00000     0.00000     0.00000     0.00000     0.00000     0.00000     0.00000     0.00000     0.00000     0.00000     0.00000     0.00000     0.00000     0.00000     0.00000     0.00000
   -76.42640     0.00000     0.00000     0.00000     0.00000     0.00000     0.00000     0.00000     0.00000     0.00000     0.00000     0.00000     0.00000     0.00000     0.00000     0.00000     0.00000     0.00000
   -76.36340     0.00000     0.00000     0.00000     0.00000     0.00000     0.00000     0.00000     0.00000     0.00000     0.00000     0.00000     0.00000     0.00000     0.00000     0.00000     0.00000     0.00000
   -76.29940     0.00000     0.00000     0.00000     0.00000     0.00000     0.00000     0.00000     0.00000     0.00000     0.00000     0.00000     0.00000     0.00000     0.00000     0.00000     0.00000     0.00000
   -76.23640     0.00000     0.00000     0.00000     0.00000     0.00000     0.00000     0.00000     0.00000     0.00000     0.00000     0.00000     0.00000     0.00000     0.00000     0.00000     0.00000     0.00000
   -76.17340     0.00000     0.00000     0.00000     0.00000     0.00000     0.00000     0.00000     0.00000     0.00000     0.00000     0.00000     0.00000     0.00000     0.00000     0.00000     0.00000     0.00000
   -76.10940     0.00000     0.00000     0.00000     0.00000     0.00000     0.00000     0.00000     0.00000     0.00000     0.00000     0.00000     0.00000     0.00000     0.00000     0.00000     0.00000     0.00000
   -76.04640     0.00000     0.00000     0.00000     0.00000     0.00000     0.00000     0.00000     0.00000     0.00000     0.00000     0.00000     0.00000     0.00000     0.00000     0.00000     0.00000     0.00000
   -75.98240     0.00000     0.00000     0.00000     0.00000     0.00000     0.00000     0.00000     0.00000     0.00000     0.00000     0.00000     0.00000     0.00000     0.00000     0.00000     0.00000     0.00000
   -75.91940     0.00000     0.00000     0.00000     0.00000     0.00000     0.00000     0.00000     0.00000     0.00000     0.00000     0.00000     0.00000     0.00000     0.00000     0.00000     0.00000     0.00000
   -75.85640     0.00000     0.00000     0.00000     0.00000     0.00000     0.00000     0.00000     0.00000     0.00000     0.00000     0.00000     0.00000     0.00000     0.00000     0.00000     0.00000     0.00000
   -75.79240     0.00000     0.00000     0.00000     0.00000     0.00000     0.00000     0.00000     0.00000     0.00000     0.00000     0.00000     0.00000     0.00000     0.00000     0.00000     0.00000     0.00000
   -75.72940     0.00000     0.00000     0.00000     0.00000     0.00000     0.00000     0.00000     0.00000     0.00000     0.00000     0.00000     0.00000     0.00000     0.00000     0.00000     0.00000     0.00000
   -75.66540     0.00000     0.00000     0.00000     0.00000     0.00000     0.00000     0.00000     0.00000     0.00000     0.00000     0.00000     0.00000     0.00000     0.00000     0.00000     0.00000     0.00000
   -75.60240     0.00000     0.00000     0.00000     0.00000     0.00000     0.00000     0.00000     0.00000     0.00000     0.00000     0.00000     0.00000     0.00000     0.00000     0.00000     0.00000     0.00000
   -75.53940     0.00000     0.00000     0.00000     0.00000     0.00000     0.00000     0.00000     0.00000     0.00000     0.00000     0.00000     0.00000     0.00000     0.00000     0.00000     0.00000     0.00000
   -75.47540     0.00000     0.00000     0.00000     0.00000     0.00000     0.00000     0.00000     0.00000     0.00000     0.00000     0.00000     0.00000     0.00000     0.00000     0.00000     0.00000     0.00000
   -75.41240     0.00000     0.00000     0.00000     0.00000     0.00000     0.00000     0.00000     0.00000     0.00000     0.00000     0.00000     0.00000     0.00000     0.00000     0.00000     0.00000     0.00000
   -75.34840     0.00000     0.00000     0.00000     0.00000     0.00000     0.00000     0.00000     0.00000     0.00000     0.00000     0.00000     0.00000     0.00000     0.00000     0.00000     0.00000     0.00000
   -75.28540     0.00000     0.00000     0.00000     0.00000     0.00000     0.00000     0.00000     0.00000     0.00000     0.00000     0.00000     0.00000     0.00000     0.00000     0.00000     0.00000     0.00000
   -75.22140     0.00000     0.00000     0.00000     0.00000     0.00000     0.00000     0.00000     0.00000     0.00000     0.00000     0.00000     0.00000     0.00000     0.00000     0.00000     0.00000     0.00000
   -75.15840     0.00000     0.00000     0.00000     0.00000     0.00000     0.00000     0.00000     0.00000     0.00000     0.00000     0.00000     0.00000     0.00000     0.00000     0.00000     0.00000     0.00000
   -75.09540     0.00000     0.00000     0.00000     0.00000     0.00000     0.00000     0.00000     0.00000     0.00000     0.00000     0.00000     0.00000     0.00000     0.00000     0.00000     0.00000     0.00000
   -75.03140     0.00000     0.00000     0.00000     0.00000     0.00000     0.00000     0.00000     0.00000     0.00000     0.00000     0.00000     0.00000     0.00000     0.00000     0.00000     0.00000     0.00000
   -74.96840     0.00000     0.00000     0.00000     0.00000     0.00000     0.00000     0.00000     0.00000     0.00000     0.00000     0.00000     0.00000     0.00000     0.00000     0.00000     0.00000     0.00000
   -74.90440     0.00000     0.00000     0.00000     0.00000     0.00000     0.00000     0.00000     0.00000     0.00000     0.00000     0.00000     0.00000     0.00000     0.00000     0.00000     0.00000     0.00000
   -74.84140     0.00000     0.00000     0.00000     0.00000     0.00000     0.00000     0.00000     0.00000     0.00000     0.00000     0.00000     0.00000     0.00000     0.00000     0.00000     0.00000     0.00000
   -74.77840     0.00000     0.00000     0.00000     0.00000     0.00000     0.00000     0.00000     0.00000     0.00000     0.00000     0.00000     0.00000     0.00000     0.00000     0.00000     0.00000     0.00000
   -74.71440     0.00000     0.00000     0.00000     0.00000     0.00000     0.00000     0.00000     0.00000     0.00000     0.00000     0.00000     0.00000     0.00000     0.00000     0.00000     0.00000     0.00000
   -74.65140     0.00000     0.00000     0.00000     0.00000     0.00000     0.00000     0.00000     0.00000     0.00000     0.00000     0.00000     0.00000     0.00000     0.00000     0.00000     0.00000     0.00000
   -74.58740     0.00000     0.00000     0.00000     0.00000     0.00000     0.00000     0.00000     0.00000     0.00000     0.00000     0.00000     0.00000     0.00000     0.00000     0.00000     0.00000     0.00000
   -74.52440     0.00000     0.00000     0.00000     0.00000     0.00000     0.00000     0.00000     0.00000     0.00000     0.00000     0.00000     0.00000     0.00000     0.00000     0.00000     0.00000     0.00000
   -74.46040     0.00000     0.00000     0.00000     0.00000     0.00000     0.00000     0.00000     0.00000     0.00000     0.00000     0.00000     0.00000     0.00000     0.00000     0.00000     0.00000     0.00000
   -74.39740     0.00000     0.00000     0.00000     0.00000     0.00000     0.00000     0.00000     0.00000     0.00000     0.00000     0.00000     0.00000     0.00000     0.00000     0.00000     0.00000     0.00000
   -74.33440     0.00000     0.00000     0.00000     0.00000     0.00000     0.00000     0.00000     0.00000     0.00000     0.00000     0.00000     0.00000     0.00000     0.00000     0.00000     0.00000     0.00000
   -74.27040     0.00000     0.00000     0.00000     0.00000     0.00000     0.00000     0.00000     0.00000     0.00000     0.00000     0.00000     0.00000     0.00000     0.00000     0.00000     0.00000     0.00000
   -74.20740     0.00000     0.00000     0.00000     0.00000     0.00000     0.00000     0.00000     0.00000     0.00000     0.00000     0.00000     0.00000     0.00000     0.00000     0.00000     0.00000     0.00000
   -74.14340     0.00000     0.00000     0.00000     0.00000     0.00000     0.00000     0.00000     0.00000     0.00000     0.00000     0.00000     0.00000     0.00000     0.00000     0.00000     0.00000     0.00000
   -74.08040     0.00000     0.00000     0.00000     0.00000     0.00000     0.00000     0.00000     0.00000     0.00000     0.00000     0.00000     0.00000     0.00000     0.00000     0.00000     0.00000     0.00000
   -74.01740     0.00000     0.00000     0.00000     0.00000     0.00000     0.00000     0.00000     0.00000     0.00000     0.00000     0.00000     0.00000     0.00000     0.00000     0.00000     0.00000     0.00000
   -73.95340     0.00000     0.00000     0.00000     0.00000     0.00000     0.00000     0.00000     0.00000     0.00000     0.00000     0.00000     0.00000     0.00000     0.00000     0.00000     0.00000     0.00000
   -73.89040     0.00000     0.00000     0.00000     0.00000     0.00000     0.00000     0.00000     0.00000     0.00000     0.00000     0.00000     0.00000     0.00000     0.00000     0.00000     0.00000     0.00000
   -73.82640     0.00000     0.00000     0.00000     0.00000     0.00000     0.00000     0.00000     0.00000     0.00000     0.00000     0.00000     0.00000     0.00000     0.00000     0.00000     0.00000     0.00000
   -73.76340     0.00000     0.00000     0.00000     0.00000     0.00000     0.00000     0.00000     0.00000     0.00000     0.00000     0.00000     0.00000     0.00000     0.00000     0.00000     0.00000     0.00000
   -73.69940     0.00000     0.00000     0.00000     0.00000     0.00000     0.00000     0.00000     0.00000     0.00000     0.00000     0.00000     0.00000     0.00000     0.00000     0.00000     0.00000     0.00000
   -73.63640     0.00000     0.00000     0.00000     0.00000     0.00000     0.00000     0.00000     0.00000     0.00000     0.00000     0.00000     0.00000     0.00000     0.00000     0.00000     0.00000     0.00000
   -73.57340     0.00000     0.00000     0.00000     0.00000     0.00000     0.00000     0.00000     0.00000     0.00000     0.00000     0.00000     0.00000     0.00000     0.00000     0.00000     0.00000     0.00000
   -73.50940     0.00000     0.00000     0.00000     0.00000     0.00000     0.00000     0.00000     0.00000     0.00000     0.00000     0.00000     0.00000     0.00000     0.00000     0.00000     0.00000     0.00000
   -73.44640     0.00000     0.00000     0.00000     0.00000     0.00000     0.00000     0.00000     0.00000     0.00000     0.00000     0.00000     0.00000     0.00000     0.00000     0.00000     0.00000     0.00000
   -73.38240     0.00000     0.00000     0.00000     0.00000     0.00000     0.00000     0.00000     0.00000     0.00000     0.00000     0.00000     0.00000     0.00000     0.00000     0.00000     0.00000     0.00000
   -73.31940     0.00000     0.00000     0.00000     0.00000     0.00000     0.00000     0.00000     0.00000     0.00000     0.00000     0.00000     0.00000     0.00000     0.00000     0.00000     0.00000     0.00000
   -73.25640     0.00000     0.00000     0.00000     0.00000     0.00000     0.00000     0.00000     0.00000     0.00000     0.00000     0.00000     0.00000     0.00000     0.00000     0.00000     0.00000     0.00000
   -73.19240     0.00000     0.00000     0.00000     0.00000     0.00000     0.00000     0.00000     0.00000     0.00000     0.00000     0.00000     0.00000     0.00000     0.00000     0.00000     0.00000     0.00000
   -73.12940     0.00000     0.00000     0.00000     0.00000     0.00000     0.00000     0.00000     0.00000     0.00000     0.00000     0.00000     0.00000     0.00000     0.00000     0.00000     0.00000     0.00000
   -73.06540     0.00000     0.00000     0.00000     0.00000     0.00000     0.00000     0.00000     0.00000     0.00000     0.00000     0.00000     0.00000     0.00000     0.00000     0.00000     0.00000     0.00000
   -73.00240     0.00000     0.00000     0.00000     0.00000     0.00000     0.00000     0.00000     0.00000     0.00000     0.00000     0.00000     0.00000     0.00000     0.00000     0.00000     0.00000     0.00000
   -72.93840     0.00000     0.00000     0.00000     0.00000     0.00000     0.00000     0.00000     0.00000     0.00000     0.00000     0.00000     0.00000     0.00000     0.00000     0.00000     0.00000     0.00000
   -72.87540     0.00000     0.00000     0.00000     0.00000     0.00000     0.00000     0.00000     0.00000     0.00000     0.00000     0.00000     0.00000     0.00000     0.00000     0.00000     0.00000     0.00000
   -72.81240     0.00000     0.00000     0.00000     0.00000     0.00000     0.00000     0.00000     0.00000     0.00000     0.00000     0.00000     0.00000     0.00000     0.00000     0.00000     0.00000     0.00000
   -72.74840     0.00000     0.00000     0.00000     0.00000     0.00000     0.00000     0.00000     0.00000     0.00000     0.00000     0.00000     0.00000     0.00000     0.00000     0.00000     0.00000     0.00000
   -72.68540     0.00000     0.00000     0.00000     0.00000     0.00000     0.00000     0.00000     0.00000     0.00000     0.00000     0.00000     0.00000     0.00000     0.00000     0.00000     0.00000     0.00000
   -72.62140     0.00000     0.00000     0.00000     0.00000     0.00000     0.00000     0.00000     0.00000     0.00000     0.00000     0.00000     0.00000     0.00000     0.00000     0.00000     0.00000     0.00000
   -72.55840     0.00000     0.00000     0.00000     0.00000     0.00000     0.00000     0.00000     0.00000     0.00000     0.00000     0.00000     0.00000     0.00000     0.00000     0.00000     0.00000     0.00000
   -72.49540     0.00000     0.00000     0.00000     0.00000     0.00000     0.00000     0.00000     0.00000     0.00000     0.00000     0.00000     0.00000     0.00000     0.00000     0.00000     0.00000     0.00000
   -72.43140     0.00000     0.00000     0.00000     0.00000     0.00000     0.00000     0.00000     0.00000     0.00000     0.00000     0.00000     0.00000     0.00000     0.00000     0.00000     0.00000     0.00000
   -72.36840     0.00000     0.00000     0.00000     0.00000     0.00000     0.00000     0.00000     0.00000     0.00000     0.00000     0.00000     0.00000     0.00000     0.00000     0.00000     0.00000     0.00000
   -72.30440     0.00000     0.00000     0.00000     0.00000     0.00000     0.00000     0.00000     0.00000     0.00000     0.00000     0.00000     0.00000     0.00000     0.00000     0.00000     0.00000     0.00000
   -72.24140     0.00000     0.00000     0.00000     0.00000     0.00000     0.00000     0.00000     0.00000     0.00000     0.00000     0.00000     0.00000     0.00000     0.00000     0.00000     0.00000     0.00000
   -72.17840     0.00000     0.00000     0.00000     0.00000     0.00000     0.00000     0.00000     0.00000     0.00000     0.00000     0.00000     0.00000     0.00000     0.00000     0.00000     0.00000     0.00000
   -72.11440     0.00000     0.00000     0.00000     0.00000     0.00000     0.00000     0.00000     0.00000     0.00000     0.00000     0.00000     0.00000     0.00000     0.00000     0.00000     0.00000     0.00000
   -72.05140     0.00000     0.00000     0.00000     0.00000     0.00000     0.00000     0.00000     0.00000     0.00000     0.00000     0.00000     0.00000     0.00000     0.00000     0.00000     0.00000     0.00000
   -71.98740     0.00000     0.00000     0.00000     0.00000     0.00000     0.00000     0.00000     0.00000     0.00000     0.00000     0.00000     0.00000     0.00000     0.00000     0.00000     0.00000     0.00000
   -71.92440     0.00000     0.00000     0.00000     0.00000     0.00000     0.00000     0.00000     0.00000     0.00000     0.00000     0.00000     0.00000     0.00000     0.00000     0.00000     0.00000     0.00000
   -71.86040     0.00000     0.00000     0.00000     0.00000     0.00000     0.00000     0.00000     0.00000     0.00000     0.00000     0.00000     0.00000     0.00000     0.00000     0.00000     0.00000     0.00000
   -71.79740     0.00000     0.00000     0.00000     0.00000     0.00000     0.00000     0.00000     0.00000     0.00000     0.00000     0.00000     0.00000     0.00000     0.00000     0.00000     0.00000     0.00000
   -71.73440     0.00000     0.00000     0.00000     0.00000     0.00000     0.00000     0.00000     0.00000     0.00000     0.00000     0.00000     0.00000     0.00000     0.00000     0.00000     0.00000     0.00000
   -71.67040     0.00000     0.00000     0.00000     0.00000     0.00000     0.00000     0.00000     0.00000     0.00000     0.00000     0.00000     0.00000     0.00000     0.00000     0.00000     0.00000     0.00000
   -71.60740     0.00000     0.00000     0.00000     0.00000     0.00000     0.00000     0.00000     0.00000     0.00000     0.00000     0.00000     0.00000     0.00000     0.00000     0.00000     0.00000     0.00000
   -71.54340     0.00000     0.00000     0.00000     0.00000     0.00000     0.00000     0.00000     0.00000     0.00000     0.00000     0.00000     0.00000     0.00000     0.00000     0.00000     0.00000     0.00000
   -71.48040     0.00000     0.00000     0.00000     0.00000     0.00000     0.00000     0.00000     0.00000     0.00000     0.00000     0.00000     0.00000     0.00000     0.00000     0.00000     0.00000     0.00000
   -71.41740     0.00000     0.00000     0.00000     0.00000     0.00000     0.00000     0.00000     0.00000     0.00000     0.00000     0.00000     0.00000     0.00000     0.00000     0.00000     0.00000     0.00000
   -71.35340     0.00000     0.00000     0.00000     0.00000     0.00000     0.00000     0.00000     0.00000     0.00000     0.00000     0.00000     0.00000     0.00000     0.00000     0.00000     0.00000     0.00000
   -71.29040     0.00000     0.00000     0.00000     0.00000     0.00000     0.00000     0.00000     0.00000     0.00000     0.00000     0.00000     0.00000     0.00000     0.00000     0.00000     0.00000     0.00000
   -71.22640     0.00000     0.00000     0.00000     0.00000     0.00000     0.00000     0.00000     0.00000     0.00000     0.00000     0.00000     0.00000     0.00000     0.00000     0.00000     0.00000     0.00000
   -71.16340     0.00000     0.00000     0.00000     0.00000     0.00000     0.00000     0.00000     0.00000     0.00000     0.00000     0.00000     0.00000     0.00000     0.00000     0.00000     0.00000     0.00000
   -71.09940     0.00000     0.00000     0.00000     0.00000     0.00000     0.00000     0.00000     0.00000     0.00000     0.00000     0.00000     0.00000     0.00000     0.00000     0.00000     0.00000     0.00000
   -71.03640     0.00000     0.00000     0.00000     0.00000     0.00000     0.00000     0.00000     0.00000     0.00000     0.00000     0.00000     0.00000     0.00000     0.00000     0.00000     0.00000     0.00000
   -70.97340     0.00000     0.00000     0.00000     0.00000     0.00000     0.00000     0.00000     0.00000     0.00000     0.00000     0.00000     0.00000     0.00000     0.00000     0.00000     0.00000     0.00000
   -70.90940     0.00000     0.00000     0.00000     0.00000     0.00000     0.00000     0.00000     0.00000     0.00000     0.00000     0.00000     0.00000     0.00000     0.00000     0.00000     0.00000     0.00000
   -70.84640     0.00000     0.00000     0.00000     0.00000     0.00000     0.00000     0.00000     0.00000     0.00000     0.00000     0.00000     0.00000     0.00000     0.00000     0.00000     0.00000     0.00000
   -70.78240     0.00000     0.00000     0.00000     0.00000     0.00000     0.00000     0.00000     0.00000     0.00000     0.00000     0.00000     0.00000     0.00000     0.00000     0.00000     0.00000     0.00000
   -70.71940     0.00000     0.00000     0.00000     0.00000     0.00000     0.00000     0.00000     0.00000     0.00000     0.00000     0.00000     0.00000     0.00000     0.00000     0.00000     0.00000     0.00000
   -70.65640     0.00000     0.00000     0.00000     0.00000     0.00000     0.00000     0.00000     0.00000     0.00000     0.00000     0.00000     0.00000     0.00000     0.00000     0.00000     0.00000     0.00000
   -70.59240     0.00000     0.00000     0.00000     0.00000     0.00000     0.00000     0.00000     0.00000     0.00000     0.00000     0.00000     0.00000     0.00000     0.00000     0.00000     0.00000     0.00000
   -70.52940     0.00000     0.00000     0.00000     0.00000     0.00000     0.00000     0.00000     0.00000     0.00000     0.00000     0.00000     0.00000     0.00000     0.00000     0.00000     0.00000     0.00000
   -70.46540     0.00000     0.00000     0.00000     0.00000     0.00000     0.00000     0.00000     0.00000     0.00000     0.00000     0.00000     0.00000     0.00000     0.00000     0.00000     0.00000     0.00000
   -70.40240     0.00000     0.00000     0.00000     0.00000     0.00000     0.00000     0.00000     0.00000     0.00000     0.00000     0.00000     0.00000     0.00000     0.00000     0.00000     0.00000     0.00000
   -70.33840     0.00000     0.00000     0.00000     0.00000     0.00000     0.00000     0.00000     0.00000     0.00000     0.00000     0.00000     0.00000     0.00000     0.00000     0.00000     0.00000     0.00000
   -70.27540     0.00000     0.00000     0.00000     0.00000     0.00000     0.00000     0.00000     0.00000     0.00000     0.00000     0.00000     0.00000     0.00000     0.00000     0.00000     0.00000     0.00000
   -70.21240     0.00000     0.00000     0.00000     0.00000     0.00000     0.00000     0.00000     0.00000     0.00000     0.00000     0.00000     0.00000     0.00000     0.00000     0.00000     0.00000     0.00000
   -70.14840     0.00000     0.00000     0.00000     0.00000     0.00000     0.00000     0.00000     0.00000     0.00000     0.00000     0.00000     0.00000     0.00000     0.00000     0.00000     0.00000     0.00000
   -70.08540     0.00000     0.00000     0.00000     0.00000     0.00000     0.00000     0.00000     0.00000     0.00000     0.00000     0.00000     0.00000     0.00000     0.00000     0.00000     0.00000     0.00000
   -70.02140     0.00000     0.00000     0.00000     0.00000     0.00000     0.00000     0.00000     0.00000     0.00000     0.00000     0.00000     0.00000     0.00000     0.00000     0.00000     0.00000     0.00000
   -69.95840     0.00000     0.00000     0.00000     0.00000     0.00000     0.00000     0.00000     0.00000     0.00000     0.00000     0.00000     0.00000     0.00000     0.00000     0.00000     0.00000     0.00000
   -69.89540     0.00000     0.00000     0.00000     0.00000     0.00000     0.00000     0.00000     0.00000     0.00000     0.00000     0.00000     0.00000     0.00000     0.00000     0.00000     0.00000     0.00000
   -69.83140     0.00000     0.00000     0.00000     0.00000     0.00000     0.00000     0.00000     0.00000     0.00000     0.00000     0.00000     0.00000     0.00000     0.00000     0.00000     0.00000     0.00000
   -69.76840     0.00000     0.00000     0.00000     0.00000     0.00000     0.00000     0.00000     0.00000     0.00000     0.00000     0.00000     0.00000     0.00000     0.00000     0.00000     0.00000     0.00000
   -69.70440     0.00000     0.00000     0.00000     0.00000     0.00000     0.00000     0.00000     0.00000     0.00000     0.00000     0.00000     0.00000     0.00000     0.00000     0.00000     0.00000     0.00000
   -69.64140     0.00000     0.00000     0.00000     0.00000     0.00000     0.00000     0.00000     0.00000     0.00000     0.00000     0.00000     0.00000     0.00000     0.00000     0.00000     0.00000     0.00000
   -69.57840     0.00000     0.00000     0.00000     0.00000     0.00000     0.00000     0.00000     0.00000     0.00000     0.00000     0.00000     0.00000     0.00000     0.00000     0.00000     0.00000     0.00000
   -69.51440     0.00000     0.00000     0.00000     0.00000     0.00000     0.00000     0.00000     0.00000     0.00000     0.00000     0.00000     0.00000     0.00000     0.00000     0.00000     0.00000     0.00000
   -69.45140     0.00000     0.00000     0.00000     0.00000     0.00000     0.00000     0.00000     0.00000     0.00000     0.00000     0.00000     0.00000     0.00000     0.00000     0.00000     0.00000     0.00000
   -69.38740     0.00000     0.00000     0.00000     0.00000     0.00000     0.00000     0.00000     0.00000     0.00000     0.00000     0.00000     0.00000     0.00000     0.00000     0.00000     0.00000     0.00000
   -69.32440     0.00000     0.00000     0.00000     0.00000     0.00000     0.00000     0.00000     0.00000     0.00000     0.00000     0.00000     0.00000     0.00000     0.00000     0.00000     0.00000     0.00000
   -69.26040     0.00000     0.00000     0.00000     0.00000     0.00000     0.00000     0.00000     0.00000     0.00000     0.00000     0.00000     0.00000     0.00000     0.00000     0.00000     0.00000     0.00000
   -69.19740     0.00000     0.00000     0.00000     0.00000     0.00000     0.00000     0.00000     0.00000     0.00000     0.00000     0.00000     0.00000     0.00000     0.00000     0.00000     0.00000     0.00000
   -69.13440     0.00000     0.00000     0.00000     0.00000     0.00000     0.00000     0.00000     0.00000     0.00000     0.00000     0.00000     0.00000     0.00000     0.00000     0.00000     0.00000     0.00000
   -69.07040     0.00000     0.00000     0.00000     0.00000     0.00000     0.00000     0.00000     0.00000     0.00000     0.00000     0.00000     0.00000     0.00000     0.00000     0.00000     0.00000     0.00000
   -69.00740     0.00000     0.00000     0.00000     0.00000     0.00000     0.00000     0.00000     0.00000     0.00000     0.00000     0.00000     0.00000     0.00000     0.00000     0.00000     0.00000     0.00000
   -68.94340     0.00000     0.00000     0.00000     0.00000     0.00000     0.00000     0.00000     0.00000     0.00000     0.00000     0.00000     0.00000     0.00000     0.00000     0.00000     0.00000     0.00000
   -68.88040     0.00000     0.00000     0.00000     0.00000     0.00000     0.00000     0.00000     0.00000     0.00000     0.00000     0.00000     0.00000     0.00000     0.00000     0.00000     0.00000     0.00000
   -68.81740     0.00000     0.00000     0.00000     0.00000     0.00000     0.00000     0.00000     0.00000     0.00000     0.00000     0.00000     0.00000     0.00000     0.00000     0.00000     0.00000     0.00000
   -68.75340     0.00000     0.00000     0.00000     0.00000     0.00000     0.00000     0.00000     0.00000     0.00000     0.00000     0.00000     0.00000     0.00000     0.00000     0.00000     0.00000     0.00000
   -68.69040     0.00000     0.00000     0.00000     0.00000     0.00000     0.00000     0.00000     0.00000     0.00000     0.00000     0.00000     0.00000     0.00000     0.00000     0.00000     0.00000     0.00000
   -68.62640     0.00000     0.00000     0.00000     0.00000     0.00000     0.00000     0.00000     0.00000     0.00000     0.00000     0.00000     0.00000     0.00000     0.00000     0.00000     0.00000     0.00000
   -68.56340     0.00000     0.00000     0.00000     0.00000     0.00000     0.00000     0.00000     0.00000     0.00000     0.00000     0.00000     0.00000     0.00000     0.00000     0.00000     0.00000     0.00000
   -68.49940     0.00000     0.00000     0.00000     0.00000     0.00000     0.00000     0.00000     0.00000     0.00000     0.00000     0.00000     0.00000     0.00000     0.00000     0.00000     0.00000     0.00000
   -68.43640     0.00000     0.00000     0.00000     0.00000     0.00000     0.00000     0.00000     0.00000     0.00000     0.00000     0.00000     0.00000     0.00000     0.00000     0.00000     0.00000     0.00000
   -68.37340     0.00000     0.00000     0.00000     0.00000     0.00000     0.00000     0.00000     0.00000     0.00000     0.00000     0.00000     0.00000     0.00000     0.00000     0.00000     0.00000     0.00000
   -68.30940     0.00000     0.00000     0.00000     0.00000     0.00000     0.00000     0.00000     0.00000     0.00000     0.00000     0.00000     0.00000     0.00000     0.00000     0.00000     0.00000     0.00000
   -68.24640     0.00000     0.00000     0.00000     0.00000     0.00000     0.00000     0.00000     0.00000     0.00000     0.00000     0.00000     0.00000     0.00000     0.00000     0.00000     0.00000     0.00000
   -68.18240     0.00000     0.00000     0.00000     0.00000     0.00000     0.00000     0.00000     0.00000     0.00000     0.00000     0.00000     0.00000     0.00000     0.00000     0.00000     0.00000     0.00000
   -68.11940     0.00000     0.00000     0.00000     0.00000     0.00000     0.00000     0.00000     0.00000     0.00000     0.00000     0.00000     0.00000     0.00000     0.00000     0.00000     0.00000     0.00000
   -68.05640     0.00000     0.00000     0.00000     0.00000     0.00000     0.00000     0.00000     0.00000     0.00000     0.00000     0.00000     0.00000     0.00000     0.00000     0.00000     0.00000     0.00000
   -67.99240     0.00000     0.00000     0.00000     0.00000     0.00000     0.00000     0.00000     0.00000     0.00000     0.00000     0.00000     0.00000     0.00000     0.00000     0.00000     0.00000     0.00000
   -67.92940     0.00000     0.00000     0.00000     0.00000     0.00000     0.00000     0.00000     0.00000     0.00000     0.00000     0.00000     0.00000     0.00000     0.00000     0.00000     0.00000     0.00000
   -67.86540     0.00000     0.00000     0.00000     0.00000     0.00000     0.00000     0.00000     0.00000     0.00000     0.00000     0.00000     0.00000     0.00000     0.00000     0.00000     0.00000     0.00000
   -67.80240     0.00000     0.00000     0.00000     0.00000     0.00000     0.00000     0.00000     0.00000     0.00000     0.00000     0.00000     0.00000     0.00000     0.00000     0.00000     0.00000     0.00000
   -67.73840     0.00000     0.00000     0.00000     0.00000     0.00000     0.00000     0.00000     0.00000     0.00000     0.00000     0.00000     0.00000     0.00000     0.00000     0.00000     0.00000     0.00000
   -67.67540     0.00000     0.00000     0.00000     0.00000     0.00000     0.00000     0.00000     0.00000     0.00000     0.00000     0.00000     0.00000     0.00000     0.00000     0.00000     0.00000     0.00000
   -67.61240     0.00000     0.00000     0.00000     0.00000     0.00000     0.00000     0.00000     0.00000     0.00000     0.00000     0.00000     0.00000     0.00000     0.00000     0.00000     0.00000     0.00000
   -67.54840     0.00000     0.00000     0.00000     0.00000     0.00000     0.00000     0.00000     0.00000     0.00000     0.00000     0.00000     0.00000     0.00000     0.00000     0.00000     0.00000     0.00000
   -67.48540     0.00000     0.00000     0.00000     0.00000     0.00000     0.00000     0.00000     0.00000     0.00000     0.00000     0.00000     0.00000     0.00000     0.00000     0.00000     0.00000     0.00000
   -67.42140     0.00000     0.00000     0.00000     0.00000     0.00000     0.00000     0.00000     0.00000     0.00000     0.00000     0.00000     0.00000     0.00000     0.00000     0.00000     0.00000     0.00000
   -67.35840     0.00000     0.00000     0.00000     0.00000     0.00000     0.00000     0.00000     0.00000     0.00000     0.00000     0.00000     0.00000     0.00000     0.00000     0.00000     0.00000     0.00000
   -67.29540     0.00000     0.00000     0.00000     0.00000     0.00000     0.00000     0.00000     0.00000     0.00000     0.00000     0.00000     0.00000     0.00000     0.00000     0.00000     0.00000     0.00000
   -67.23140     0.00000     0.00000     0.00000     0.00000     0.00000     0.00000     0.00000     0.00000     0.00000     0.00000     0.00000     0.00000     0.00000     0.00000     0.00000     0.00000     0.00000
   -67.16840     0.00000     0.00000     0.00000     0.00000     0.00000     0.00000     0.00000     0.00000     0.00000     0.00000     0.00000     0.00000     0.00000     0.00000     0.00000     0.00000     0.00000
   -67.10440     0.00000     0.00000     0.00000     0.00000     0.00000     0.00000     0.00000     0.00000     0.00000     0.00000     0.00000     0.00000     0.00000     0.00000     0.00000     0.00000     0.00000
   -67.04140     0.00000     0.00000     0.00000     0.00000     0.00000     0.00000     0.00000     0.00000     0.00000     0.00000     0.00000     0.00000     0.00000     0.00000     0.00000     0.00000     0.00000
   -66.97840     0.00000     0.00000     0.00000     0.00000     0.00000     0.00000     0.00000     0.00000     0.00000     0.00000     0.00000     0.00000     0.00000     0.00000     0.00000     0.00000     0.00000
   -66.91440     0.00000     0.00000     0.00000     0.00000     0.00000     0.00000     0.00000     0.00000     0.00000     0.00000     0.00000     0.00000     0.00000     0.00000     0.00000     0.00000     0.00000
   -66.85140     0.00000     0.00000     0.00000     0.00000     0.00000     0.00000     0.00000     0.00000     0.00000     0.00000     0.00000     0.00000     0.00000     0.00000     0.00000     0.00000     0.00000
   -66.78740     0.00000     0.00000     0.00000     0.00000     0.00000     0.00000     0.00000     0.00000     0.00000     0.00000     0.00000     0.00000     0.00000     0.00000     0.00000     0.00000     0.00000
   -66.72440     0.00000     0.00000     0.00000     0.00000     0.00000     0.00000     0.00000     0.00000     0.00000     0.00000     0.00000     0.00000     0.00000     0.00000     0.00000     0.00000     0.00000
   -66.66040     0.00000     0.00000     0.00000     0.00000     0.00000     0.00000     0.00000     0.00000     0.00000     0.00000     0.00000     0.00000     0.00000     0.00000     0.00000     0.00000     0.00000
   -66.59740     0.00000     0.00000     0.00000     0.00000     0.00000     0.00000     0.00000     0.00000     0.00000     0.00000     0.00000     0.00000     0.00000     0.00000     0.00000     0.00000     0.00000
   -66.53440     0.00000     0.00000     0.00000     0.00000     0.00000     0.00000     0.00000     0.00000     0.00000     0.00000     0.00000     0.00000     0.00000     0.00000     0.00000     0.00000     0.00000
   -66.47040     0.00000     0.00000     0.00000     0.00000     0.00000     0.00000     0.00000     0.00000     0.00000     0.00000     0.00000     0.00000     0.00000     0.00000     0.00000     0.00000     0.00000
   -66.40740     0.00000     0.00000     0.00000     0.00000     0.00000     0.00000     0.00000     0.00000     0.00000     0.00000     0.00000     0.00000     0.00000     0.00000     0.00000     0.00000     0.00000
   -66.34340     0.00000     0.00000     0.00000     0.00000     0.00000     0.00000     0.00000     0.00000     0.00000     0.00000     0.00000     0.00000     0.00000     0.00000     0.00000     0.00000     0.00000
   -66.28040     0.00000     0.00000     0.00000     0.00000     0.00000     0.00000     0.00000     0.00000     0.00000     0.00000     0.00000     0.00000     0.00000     0.00000     0.00000     0.00000     0.00000
   -66.21740     0.00000     0.00000     0.00000     0.00000     0.00000     0.00000     0.00000     0.00000     0.00000     0.00000     0.00000     0.00000     0.00000     0.00000     0.00000     0.00000     0.00000
   -66.15340     0.00000     0.00000     0.00000     0.00000     0.00000     0.00000     0.00000     0.00000     0.00000     0.00000     0.00000     0.00000     0.00000     0.00000     0.00000     0.00000     0.00000
   -66.09040     0.00000     0.00000     0.00000     0.00000     0.00000     0.00000     0.00000     0.00000     0.00000     0.00000     0.00000     0.00000     0.00000     0.00000     0.00000     0.00000     0.00000
   -66.02640     0.00000     0.00000     0.00000     0.00000     0.00000     0.00000     0.00000     0.00000     0.00000     0.00000     0.00000     0.00000     0.00000     0.00000     0.00000     0.00000     0.00000
   -65.96340     0.00000     0.00000     0.00000     0.00000     0.00000     0.00000     0.00000     0.00000     0.00000     0.00000     0.00000     0.00000     0.00000     0.00000     0.00000     0.00000     0.00000
   -65.89940     0.00000     0.00000     0.00000     0.00000     0.00000     0.00000     0.00000     0.00000     0.00000     0.00000     0.00000     0.00000     0.00000     0.00000     0.00000     0.00000     0.00000
   -65.83640     0.00000     0.00000     0.00000     0.00000     0.00000     0.00000     0.00000     0.00000     0.00000     0.00000     0.00000     0.00000     0.00000     0.00000     0.00000     0.00000     0.00000
   -65.77340     0.00000     0.00000     0.00000     0.00000     0.00000     0.00000     0.00000     0.00000     0.00000     0.00000     0.00000     0.00000     0.00000     0.00000     0.00000     0.00000     0.00000
   -65.70940     0.00000     0.00000     0.00000     0.00000     0.00000     0.00000     0.00000     0.00000     0.00000     0.00000     0.00000     0.00000     0.00000     0.00000     0.00000     0.00000     0.00000
   -65.64640     0.00000     0.00000     0.00000     0.00000     0.00000     0.00000     0.00000     0.00000     0.00000     0.00000     0.00000     0.00000     0.00000     0.00000     0.00000     0.00000     0.00000
   -65.58240     0.00000     0.00000     0.00000     0.00000     0.00000     0.00000     0.00000     0.00000     0.00000     0.00000     0.00000     0.00000     0.00000     0.00000     0.00000     0.00000     0.00000
   -65.51940     0.00000     0.00000     0.00000     0.00000     0.00000     0.00000     0.00000     0.00000     0.00000     0.00000     0.00000     0.00000     0.00000     0.00000     0.00000     0.00000     0.00000
   -65.45640     0.00000     0.00000     0.00000     0.00000     0.00000     0.00000     0.00000     0.00000     0.00000     0.00000     0.00000     0.00000     0.00000     0.00000     0.00000     0.00000     0.00000
   -65.39240     0.00000     0.00000     0.00000     0.00000     0.00000     0.00000     0.00000     0.00000     0.00000     0.00000     0.00000     0.00000     0.00000     0.00000     0.00000     0.00000     0.00000
   -65.32940     0.00000     0.00000     0.00000     0.00000     0.00000     0.00000     0.00000     0.00000     0.00000     0.00000     0.00000     0.00000     0.00000     0.00000     0.00000     0.00000     0.00000
   -65.26540     0.00000     0.00000     0.00000     0.00000     0.00000     0.00000     0.00000     0.00000     0.00000     0.00000     0.00000     0.00000     0.00000     0.00000     0.00000     0.00000     0.00000
   -65.20240     0.00000     0.00000     0.00000     0.00000     0.00000     0.00000     0.00000     0.00000     0.00000     0.00000     0.00000     0.00000     0.00000     0.00000     0.00000     0.00000     0.00000
   -65.13840     0.00000     0.00000     0.00000     0.00000     0.00000     0.00000     0.00000     0.00000     0.00000     0.00000     0.00000     0.00000     0.00000     0.00000     0.00000     0.00000     0.00000
   -65.07540     0.00000     0.00000     0.00000     0.00000     0.00000     0.00000     0.00000     0.00000     0.00000     0.00000     0.00000     0.00000     0.00000     0.00000     0.00000     0.00000     0.00000
   -65.01240     0.00000     0.00000     0.00000     0.00000     0.00000     0.00000     0.00000     0.00000     0.00000     0.00000     0.00000     0.00000     0.00000     0.00000     0.00000     0.00000     0.00000
   -64.94840     0.00000     0.00000     0.00000     0.00000     0.00000     0.00000     0.00000     0.00000     0.00000     0.00000     0.00000     0.00000     0.00000     0.00000     0.00000     0.00000     0.00000
   -64.88540     0.00000     0.00000     0.00000     0.00000     0.00000     0.00000     0.00000     0.00000     0.00000     0.00000     0.00000     0.00000     0.00000     0.00000     0.00000     0.00000     0.00000
   -64.82140     0.00000     0.00000     0.00000     0.00000     0.00000     0.00000     0.00000     0.00000     0.00000     0.00000     0.00000     0.00000     0.00000     0.00000     0.00000     0.00000     0.00000
   -64.75840     0.00000     0.00000     0.00000     0.00000     0.00000     0.00000     0.00000     0.00000     0.00000     0.00000     0.00000     0.00000     0.00000     0.00000     0.00000     0.00000     0.00000
   -64.69540     0.00000     0.00000     0.00000     0.00000     0.00000     0.00000     0.00000     0.00000     0.00000     0.00000     0.00000     0.00000     0.00000     0.00000     0.00000     0.00000     0.00000
   -64.63140     0.00000     0.00000     0.00000     0.00000     0.00000     0.00000     0.00000     0.00000     0.00000     0.00000     0.00000     0.00000     0.00000     0.00000     0.00000     0.00000     0.00000
   -64.56840     0.00000     0.00000     0.00000     0.00000     0.00000     0.00000     0.00000     0.00000     0.00000     0.00000     0.00000     0.00000     0.00000     0.00000     0.00000     0.00000     0.00000
   -64.50440     0.00000     0.00000     0.00000     0.00000     0.00000     0.00000     0.00000     0.00000     0.00000     0.00000     0.00000     0.00000     0.00000     0.00000     0.00000     0.00000     0.00000
   -64.44140     0.00000     0.00000     0.00000     0.00000     0.00000     0.00000     0.00000     0.00000     0.00000     0.00000     0.00000     0.00000     0.00000     0.00000     0.00000     0.00000     0.00000
   -64.37740     0.00000     0.00000     0.00000     0.00000     0.00000     0.00000     0.00000     0.00000     0.00000     0.00000     0.00000     0.00000     0.00000     0.00000     0.00000     0.00000     0.00000
   -64.31440     0.00000     0.00000     0.00000     0.00000     0.00000     0.00000     0.00000     0.00000     0.00000     0.00000     0.00000     0.00000     0.00000     0.00000     0.00000     0.00000     0.00000
   -64.25140     0.00000     0.00000     0.00000     0.00000     0.00000     0.00000     0.00000     0.00000     0.00000     0.00000     0.00000     0.00000     0.00000     0.00000     0.00000     0.00000     0.00000
   -64.18740     0.00000     0.00000     0.00000     0.00000     0.00000     0.00000     0.00000     0.00000     0.00000     0.00000     0.00000     0.00000     0.00000     0.00000     0.00000     0.00000     0.00000
   -64.12440     0.00000     0.00000     0.00000     0.00000     0.00000     0.00000     0.00000     0.00000     0.00000     0.00000     0.00000     0.00000     0.00000     0.00000     0.00000     0.00000     0.00000
   -64.06040     0.00000     0.00000     0.00000     0.00000     0.00000     0.00000     0.00000     0.00000     0.00000     0.00000     0.00000     0.00000     0.00000     0.00000     0.00000     0.00000     0.00000
   -63.99740     0.00000     0.00000     0.00000     0.00000     0.00000     0.00000     0.00000     0.00000     0.00000     0.00000     0.00000     0.00000     0.00000     0.00000     0.00000     0.00000     0.00000
   -63.93440     0.00000     0.00000     0.00000     0.00000     0.00000     0.00000     0.00000     0.00000     0.00000     0.00000     0.00000     0.00000     0.00000     0.00000     0.00000     0.00000     0.00000
   -63.87040     0.00000     0.00000     0.00000     0.00000     0.00000     0.00000     0.00000     0.00000     0.00000     0.00000     0.00000     0.00000     0.00000     0.00000     0.00000     0.00000     0.00000
   -63.80740     0.00000     0.00000     0.00000     0.00000     0.00000     0.00000     0.00000     0.00000     0.00000     0.00000     0.00000     0.00000     0.00000     0.00000     0.00000     0.00000     0.00000
   -63.74340     0.00000     0.00000     0.00000     0.00000     0.00000     0.00000     0.00000     0.00000     0.00000     0.00000     0.00000     0.00000     0.00000     0.00000     0.00000     0.00000     0.00000
   -63.68040     0.00000     0.00000     0.00000     0.00000     0.00000     0.00000     0.00000     0.00000     0.00000     0.00000     0.00000     0.00000     0.00000     0.00000     0.00000     0.00000     0.00000
   -63.61740     0.00000     0.00000     0.00000     0.00000     0.00000     0.00000     0.00000     0.00000     0.00000     0.00000     0.00000     0.00000     0.00000     0.00000     0.00000     0.00000     0.00000
   -63.55340     0.00000     0.00000     0.00000     0.00000     0.00000     0.00000     0.00000     0.00000     0.00000     0.00000     0.00000     0.00000     0.00000     0.00000     0.00000     0.00000     0.00000
   -63.49040     0.00000     0.00000     0.00000     0.00000     0.00000     0.00000     0.00000     0.00000     0.00000     0.00000     0.00000     0.00000     0.00000     0.00000     0.00000     0.00000     0.00000
   -63.42640     0.00000     0.00000     0.00000     0.00000     0.00000     0.00000     0.00000     0.00000     0.00000     0.00000     0.00000     0.00000     0.00000     0.00000     0.00000     0.00000     0.00000
   -63.36340     0.00000     0.00000     0.00000     0.00000     0.00000     0.00000     0.00000     0.00000     0.00000     0.00000     0.00000     0.00000     0.00000     0.00000     0.00000     0.00000     0.00000
   -63.29940     0.00000     0.00000     0.00000     0.00000     0.00000     0.00000     0.00000     0.00000     0.00000     0.00000     0.00000     0.00000     0.00000     0.00000     0.00000     0.00000     0.00000
   -63.23640     0.00000     0.00000     0.00000     0.00000     0.00000     0.00000     0.00000     0.00000     0.00000     0.00000     0.00000     0.00000     0.00000     0.00000     0.00000     0.00000     0.00000
   -63.17340     0.00000     0.00000     0.00000     0.00000     0.00000     0.00000     0.00000     0.00000     0.00000     0.00000     0.00000     0.00000     0.00000     0.00000     0.00000     0.00000     0.00000
   -63.10940     0.00000     0.00000     0.00000     0.00000     0.00000     0.00000     0.00000     0.00000     0.00000     0.00000     0.00000     0.00000     0.00000     0.00000     0.00000     0.00000     0.00000
   -63.04640     0.00000     0.00000     0.00000     0.00000     0.00000     0.00000     0.00000     0.00000     0.00000     0.00000     0.00000     0.00000     0.00000     0.00000     0.00000     0.00000     0.00000
   -62.98240     0.00000     0.00000     0.00000     0.00000     0.00000     0.00000     0.00000     0.00000     0.00000     0.00000     0.00000     0.00000     0.00000     0.00000     0.00000     0.00000     0.00000
   -62.91940     0.00000     0.00000     0.00000     0.00000     0.00000     0.00000     0.00000     0.00000     0.00000     0.00000     0.00000     0.00000     0.00000     0.00000     0.00000     0.00000     0.00000
   -62.85640     0.00000     0.00000     0.00000     0.00000     0.00000     0.00000     0.00000     0.00000     0.00000     0.00000     0.00000     0.00000     0.00000     0.00000     0.00000     0.00000     0.00000
   -62.79240     0.00000     0.00000     0.00000     0.00000     0.00000     0.00000     0.00000     0.00000     0.00000     0.00000     0.00000     0.00000     0.00000     0.00000     0.00000     0.00000     0.00000
   -62.72940     0.00000     0.00000     0.00000     0.00000     0.00000     0.00000     0.00000     0.00000     0.00000     0.00000     0.00000     0.00000     0.00000     0.00000     0.00000     0.00000     0.00000
   -62.66540     0.00000     0.00000     0.00000     0.00000     0.00000     0.00000     0.00000     0.00000     0.00000     0.00000     0.00000     0.00000     0.00000     0.00000     0.00000     0.00000     0.00000
   -62.60240     0.00000     0.00000     0.00000     0.00000     0.00000     0.00000     0.00000     0.00000     0.00000     0.00000     0.00000     0.00000     0.00000     0.00000     0.00000     0.00000     0.00000
   -62.53840     0.00000     0.00000     0.00000     0.00000     0.00000     0.00000     0.00000     0.00000     0.00000     0.00000     0.00000     0.00000     0.00000     0.00000     0.00000     0.00000     0.00000
   -62.47540     0.00000     0.00000     0.00000     0.00000     0.00000     0.00000     0.00000     0.00000     0.00000     0.00000     0.00000     0.00000     0.00000     0.00000     0.00000     0.00000     0.00000
   -62.41240     0.00000     0.00000     0.00000     0.00000     0.00000     0.00000     0.00000     0.00000     0.00000     0.00000     0.00000     0.00000     0.00000     0.00000     0.00000     0.00000     0.00000
   -62.34840     0.00000     0.00000     0.00000     0.00000     0.00000     0.00000     0.00000     0.00000     0.00000     0.00000     0.00000     0.00000     0.00000     0.00000     0.00000     0.00000     0.00000
   -62.28540     0.00000     0.00000     0.00000     0.00000     0.00000     0.00000     0.00000     0.00000     0.00000     0.00000     0.00000     0.00000     0.00000     0.00000     0.00000     0.00000     0.00000
   -62.22140     0.00000     0.00000     0.00000     0.00000     0.00000     0.00000     0.00000     0.00000     0.00000     0.00000     0.00000     0.00000     0.00000     0.00000     0.00000     0.00000     0.00000
   -62.15840     0.00000     0.00000     0.00000     0.00000     0.00000     0.00000     0.00000     0.00000     0.00000     0.00000     0.00000     0.00000     0.00000     0.00000     0.00000     0.00000     0.00000
   -62.09540     0.00000     0.00000     0.00000     0.00000     0.00000     0.00000     0.00000     0.00000     0.00000     0.00000     0.00000     0.00000     0.00000     0.00000     0.00000     0.00000     0.00000
   -62.03140     0.00000     0.00000     0.00000     0.00000     0.00000     0.00000     0.00000     0.00000     0.00000     0.00000     0.00000     0.00000     0.00000     0.00000     0.00000     0.00000     0.00000
   -61.96840     0.00000     0.00000     0.00000     0.00000     0.00000     0.00000     0.00000     0.00000     0.00000     0.00000     0.00000     0.00000     0.00000     0.00000     0.00000     0.00000     0.00000
   -61.90440     0.00000     0.00000     0.00000     0.00000     0.00000     0.00000     0.00000     0.00000     0.00000     0.00000     0.00000     0.00000     0.00000     0.00000     0.00000     0.00000     0.00000
   -61.84140     0.00000     0.00000     0.00000     0.00000     0.00000     0.00000     0.00000     0.00000     0.00000     0.00000     0.00000     0.00000     0.00000     0.00000     0.00000     0.00000     0.00000
   -61.77740     0.00000     0.00000     0.00000     0.00000     0.00000     0.00000     0.00000     0.00000     0.00000     0.00000     0.00000     0.00000     0.00000     0.00000     0.00000     0.00000     0.00000
   -61.71440     0.00000     0.00000     0.00000     0.00000     0.00000     0.00000     0.00000     0.00000     0.00000     0.00000     0.00000     0.00000     0.00000     0.00000     0.00000     0.00000     0.00000
   -61.65140     0.00000     0.00000     0.00000     0.00000     0.00000     0.00000     0.00000     0.00000     0.00000     0.00000     0.00000     0.00000     0.00000     0.00000     0.00000     0.00000     0.00000
   -61.58740     0.00000     0.00000     0.00000     0.00000     0.00000     0.00000     0.00000     0.00000     0.00000     0.00000     0.00000     0.00000     0.00000     0.00000     0.00000     0.00000     0.00000
   -61.52440     0.00000     0.00000     0.00000     0.00000     0.00000     0.00000     0.00000     0.00000     0.00000     0.00000     0.00000     0.00000     0.00000     0.00000     0.00000     0.00000     0.00000
   -61.46040     0.00000     0.00000     0.00000     0.00000     0.00000     0.00000     0.00000     0.00000     0.00000     0.00000     0.00000     0.00000     0.00000     0.00000     0.00000     0.00000     0.00000
   -61.39740     0.00000     0.00000     0.00000     0.00000     0.00000     0.00000     0.00000     0.00000     0.00000     0.00000     0.00000     0.00000     0.00000     0.00000     0.00000     0.00000     0.00000
   -61.33440     0.00000     0.00000     0.00000     0.00000     0.00000     0.00000     0.00000     0.00000     0.00000     0.00000     0.00000     0.00000     0.00000     0.00000     0.00000     0.00000     0.00000
   -61.27040     0.00000     0.00000     0.00000     0.00000     0.00000     0.00000     0.00000     0.00000     0.00000     0.00000     0.00000     0.00000     0.00000     0.00000     0.00000     0.00000     0.00000
   -61.20740     0.00000     0.00000     0.00000     0.00000     0.00000     0.00000     0.00000     0.00000     0.00000     0.00000     0.00000     0.00000     0.00000     0.00000     0.00000     0.00000     0.00000
   -61.14340     0.00000     0.00000     0.00000     0.00000     0.00000     0.00000     0.00000     0.00000     0.00000     0.00000     0.00000     0.00000     0.00000     0.00000     0.00000     0.00000     0.00000
   -61.08040     0.00000     0.00000     0.00000     0.00000     0.00000     0.00000     0.00000     0.00000     0.00000     0.00000     0.00000     0.00000     0.00000     0.00000     0.00000     0.00000     0.00000
   -61.01740     0.00000     0.00000     0.00000     0.00000     0.00000     0.00000     0.00000     0.00000     0.00000     0.00000     0.00000     0.00000     0.00000     0.00000     0.00000     0.00000     0.00000
   -60.95340     0.00000     0.00000     0.00000     0.00000     0.00000     0.00000     0.00000     0.00000     0.00000     0.00000     0.00000     0.00000     0.00000     0.00000     0.00000     0.00000     0.00000
   -60.89040     0.00000     0.00000     0.00000     0.00000     0.00000     0.00000     0.00000     0.00000     0.00000     0.00000     0.00000     0.00000     0.00000     0.00000     0.00000     0.00000     0.00000
   -60.82640     0.00000     0.00000     0.00000     0.00000     0.00000     0.00000     0.00000     0.00000     0.00000     0.00000     0.00000     0.00000     0.00000     0.00000     0.00000     0.00000     0.00000
   -60.76340     0.00000     0.00000     0.00000     0.00000     0.00000     0.00000     0.00000     0.00000     0.00000     0.00000     0.00000     0.00000     0.00000     0.00000     0.00000     0.00000     0.00000
   -60.69940     0.00000     0.00000     0.00000     0.00000     0.00000     0.00000     0.00000     0.00000     0.00000     0.00000     0.00000     0.00000     0.00000     0.00000     0.00000     0.00000     0.00000
   -60.63640     0.00000     0.00000     0.00000     0.00000     0.00000     0.00000     0.00000     0.00000     0.00000     0.00000     0.00000     0.00000     0.00000     0.00000     0.00000     0.00000     0.00000
   -60.57340     0.00000     0.00000     0.00000     0.00000     0.00000     0.00000     0.00000     0.00000     0.00000     0.00000     0.00000     0.00000     0.00000     0.00000     0.00000     0.00000     0.00000
   -60.50940     0.00000     0.00000     0.00000     0.00000     0.00000     0.00000     0.00000     0.00000     0.00000     0.00000     0.00000     0.00000     0.00000     0.00000     0.00000     0.00000     0.00000
   -60.44640     0.00000     0.00000     0.00000     0.00000     0.00000     0.00000     0.00000     0.00000     0.00000     0.00000     0.00000     0.00000     0.00000     0.00000     0.00000     0.00000     0.00000
   -60.38240     0.00000     0.00000     0.00000     0.00000     0.00000     0.00000     0.00000     0.00000     0.00000     0.00000     0.00000     0.00000     0.00000     0.00000     0.00000     0.00000     0.00000
   -60.31940     0.00000     0.00000     0.00000     0.00000     0.00000     0.00000     0.00000     0.00000     0.00000     0.00000     0.00000     0.00000     0.00000     0.00000     0.00000     0.00000     0.00000
   -60.25640     0.00000     0.00000     0.00000     0.00000     0.00000     0.00000     0.00000     0.00000     0.00000     0.00000     0.00000     0.00000     0.00000     0.00000     0.00000     0.00000     0.00000
   -60.19240     0.00000     0.00000     0.00000     0.00000     0.00000     0.00000     0.00000     0.00000     0.00000     0.00000     0.00000     0.00000     0.00000     0.00000     0.00000     0.00000     0.00000
   -60.12940     0.00000     0.00000     0.00000     0.00000     0.00000     0.00000     0.00000     0.00000     0.00000     0.00000     0.00000     0.00000     0.00000     0.00000     0.00000     0.00000     0.00000
   -60.06540     0.00000     0.00000     0.00000     0.00000     0.00000     0.00000     0.00000     0.00000     0.00000     0.00000     0.00000     0.00000     0.00000     0.00000     0.00000     0.00000     0.00000
   -60.00240     0.00000     0.00000     0.00000     0.00000     0.00000     0.00000     0.00000     0.00000     0.00000     0.00000     0.00000     0.00000     0.00000     0.00000     0.00000     0.00000     0.00000
   -59.93840     0.00000     0.00000     0.00000     0.00000     0.00000     0.00000     0.00000     0.00000     0.00000     0.00000     0.00000     0.00000     0.00000     0.00000     0.00000     0.00000     0.00000
   -59.87540     0.00000     0.00000     0.00000     0.00000     0.00000     0.00000     0.00000     0.00000     0.00000     0.00000     0.00000     0.00000     0.00000     0.00000     0.00000     0.00000     0.00000
   -59.81240     0.00000     0.00000     0.00000     0.00000     0.00000     0.00000     0.00000     0.00000     0.00000     0.00000     0.00000     0.00000     0.00000     0.00000     0.00000     0.00000     0.00000
   -59.74840     0.00000     0.00000     0.00000     0.00000     0.00000     0.00000     0.00000     0.00000     0.00000     0.00000     0.00000     0.00000     0.00000     0.00000     0.00000     0.00000     0.00000
   -59.68540     0.00000     0.00000     0.00000     0.00000     0.00000     0.00000     0.00000     0.00000     0.00000     0.00000     0.00000     0.00000     0.00000     0.00000     0.00000     0.00000     0.00000
   -59.62140     0.00000     0.00000     0.00000     0.00000     0.00000     0.00000     0.00000     0.00000     0.00000     0.00000     0.00000     0.00000     0.00000     0.00000     0.00000     0.00000     0.00000
   -59.55840     0.00000     0.00000     0.00000     0.00000     0.00000     0.00000     0.00000     0.00000     0.00000     0.00000     0.00000     0.00000     0.00000     0.00000     0.00000     0.00000     0.00000
   -59.49540     0.00000     0.00000     0.00000     0.00000     0.00000     0.00000     0.00000     0.00000     0.00000     0.00000     0.00000     0.00000     0.00000     0.00000     0.00000     0.00000     0.00000
   -59.43140     0.00000     0.00000     0.00000     0.00000     0.00000     0.00000     0.00000     0.00000     0.00000     0.00000     0.00000     0.00000     0.00000     0.00000     0.00000     0.00000     0.00000
   -59.36840     0.00000     0.00000     0.00000     0.00000     0.00000     0.00000     0.00000     0.00000     0.00000     0.00000     0.00000     0.00000     0.00000     0.00000     0.00000     0.00000     0.00000
   -59.30440     0.00000     0.00000     0.00000     0.00000     0.00000     0.00000     0.00000     0.00000     0.00000     0.00000     0.00000     0.00000     0.00000     0.00000     0.00000     0.00000     0.00000
   -59.24140     0.00000     0.00000     0.00000     0.00000     0.00000     0.00000     0.00000     0.00000     0.00000     0.00000     0.00000     0.00000     0.00000     0.00000     0.00000     0.00000     0.00000
   -59.17740     0.00000     0.00000     0.00000     0.00000     0.00000     0.00000     0.00000     0.00000     0.00000     0.00000     0.00000     0.00000     0.00000     0.00000     0.00000     0.00000     0.00000
   -59.11440     0.00000     0.00000     0.00000     0.00000     0.00000     0.00000     0.00000     0.00000     0.00000     0.00000     0.00000     0.00000     0.00000     0.00000     0.00000     0.00000     0.00000
   -59.05140     0.00000     0.00000     0.00000     0.00000     0.00000     0.00000     0.00000     0.00000     0.00000     0.00000     0.00000     0.00000     0.00000     0.00000     0.00000     0.00000     0.00000
   -58.98740     0.00000     0.00000     0.00000     0.00000     0.00000     0.00000     0.00000     0.00000     0.00000     0.00000     0.00000     0.00000     0.00000     0.00000     0.00000     0.00000     0.00000
   -58.92440     0.00000     0.00000     0.00000     0.00000     0.00000     0.00000     0.00000     0.00000     0.00000     0.00000     0.00000     0.00000     0.00000     0.00000     0.00000     0.00000     0.00000
   -58.86040     0.00000     0.00000     0.00000     0.00000     0.00000     0.00000     0.00000     0.00000     0.00000     0.00000     0.00000     0.00000     0.00000     0.00000     0.00000     0.00000     0.00000
   -58.79740     0.00000     0.00000     0.00000     0.00000     0.00000     0.00000     0.00000     0.00000     0.00000     0.00000     0.00000     0.00000     0.00000     0.00000     0.00000     0.00000     0.00000
   -58.73440     0.00000     0.00000     0.00000     0.00000     0.00000     0.00000     0.00000     0.00000     0.00000     0.00000     0.00000     0.00000     0.00000     0.00000     0.00000     0.00000     0.00000
   -58.67040     0.00000     0.00000     0.00000     0.00000     0.00000     0.00000     0.00000     0.00000     0.00000     0.00000     0.00000     0.00000     0.00000     0.00000     0.00000     0.00000     0.00000
   -58.60740     0.00000     0.00000     0.00000     0.00000     0.00000     0.00000     0.00000     0.00000     0.00000     0.00000     0.00000     0.00000     0.00000     0.00000     0.00000     0.00000     0.00000
   -58.54340     0.00000     0.00000     0.00000     0.00000     0.00000     0.00000     0.00000     0.00000     0.00000     0.00000     0.00000     0.00000     0.00000     0.00000     0.00000     0.00000     0.00000
   -58.48040     0.00000     0.00000     0.00000     0.00000     0.00000     0.00000     0.00000     0.00000     0.00000     0.00000     0.00000     0.00000     0.00000     0.00000     0.00000     0.00000     0.00000
   -58.41640     0.00000     0.00000     0.00000     0.00000     0.00000     0.00000     0.00000     0.00000     0.00000     0.00000     0.00000     0.00000     0.00000     0.00000     0.00000     0.00000     0.00000
   -58.35340     0.00000     0.00000     0.00000     0.00000     0.00000     0.00000     0.00000     0.00000     0.00000     0.00000     0.00000     0.00000     0.00000     0.00000     0.00000     0.00000     0.00000
   -58.29040     0.00000     0.00000     0.00000     0.00000     0.00000     0.00000     0.00000     0.00000     0.00000     0.00000     0.00000     0.00000     0.00000     0.00000     0.00000     0.00000     0.00000
   -58.22640     0.00000     0.00000     0.00000     0.00000     0.00000     0.00000     0.00000     0.00000     0.00000     0.00000     0.00000     0.00000     0.00000     0.00000     0.00000     0.00000     0.00000
   -58.16340     0.00000     0.00000     0.00000     0.00000     0.00000     0.00000     0.00000     0.00000     0.00000     0.00000     0.00000     0.00000     0.00000     0.00000     0.00000     0.00000     0.00000
   -58.09940     0.00000     0.00000     0.00000     0.00000     0.00000     0.00000     0.00000     0.00000     0.00000     0.00000     0.00000     0.00000     0.00000     0.00000     0.00000     0.00000     0.00000
   -58.03640     0.00000     0.00000     0.00000     0.00000     0.00000     0.00000     0.00000     0.00000     0.00000     0.00000     0.00000     0.00000     0.00000     0.00000     0.00000     0.00000     0.00000
   -57.97340     0.00000     0.00000     0.00000     0.00000     0.00000     0.00000     0.00000     0.00000     0.00000     0.00000     0.00000     0.00000     0.00000     0.00000     0.00000     0.00000     0.00000
   -57.90940     0.00000     0.00000     0.00000     0.00000     0.00000     0.00000     0.00000     0.00000     0.00000     0.00000     0.00000     0.00000     0.00000     0.00000     0.00000     0.00000     0.00000
   -57.84640     0.00000     0.00000     0.00000     0.00000     0.00000     0.00000     0.00000     0.00000     0.00000     0.00000     0.00000     0.00000     0.00000     0.00000     0.00000     0.00000     0.00000
   -57.78240     0.00000     0.00000     0.00000     0.00000     0.00000     0.00000     0.00000     0.00000     0.00000     0.00000     0.00000     0.00000     0.00000     0.00000     0.00000     0.00000     0.00000
   -57.71940     0.00000     0.00000     0.00000     0.00000     0.00000     0.00000     0.00000     0.00000     0.00000     0.00000     0.00000     0.00000     0.00000     0.00000     0.00000     0.00000     0.00000
   -57.65640     0.00000     0.00000     0.00000     0.00000     0.00000     0.00000     0.00000     0.00000     0.00000     0.00000     0.00000     0.00000     0.00000     0.00000     0.00000     0.00000     0.00000
   -57.59240     0.00000     0.00000     0.00000     0.00000     0.00000     0.00000     0.00000     0.00000     0.00000     0.00000     0.00000     0.00000     0.00000     0.00000     0.00000     0.00000     0.00000
   -57.52940     0.00000     0.00000     0.00000     0.00000     0.00000     0.00000     0.00000     0.00000     0.00000     0.00000     0.00000     0.00000     0.00000     0.00000     0.00000     0.00000     0.00000
   -57.46540     0.00000     0.00000     0.00000     0.00000     0.00000     0.00000     0.00000     0.00000     0.00000     0.00000     0.00000     0.00000     0.00000     0.00000     0.00000     0.00000     0.00000
   -57.40240     0.00000     0.00000     0.00000     0.00000     0.00000     0.00000     0.00000     0.00000     0.00000     0.00000     0.00000     0.00000     0.00000     0.00000     0.00000     0.00000     0.00000
   -57.33840     0.00000     0.00000     0.00000     0.00000     0.00000     0.00000     0.00000     0.00000     0.00000     0.00000     0.00000     0.00000     0.00000     0.00000     0.00000     0.00000     0.00000
   -57.27540     0.00000     0.00000     0.00000     0.00000     0.00000     0.00000     0.00000     0.00000     0.00000     0.00000     0.00000     0.00000     0.00000     0.00000     0.00000     0.00000     0.00000
   -57.21240     0.00000     0.00000     0.00000     0.00000     0.00000     0.00000     0.00000     0.00000     0.00000     0.00000     0.00000     0.00000     0.00000     0.00000     0.00000     0.00000     0.00000
   -57.14840     0.00000     0.00000     0.00000     0.00000     0.00000     0.00000     0.00000     0.00000     0.00000     0.00000     0.00000     0.00000     0.00000     0.00000     0.00000     0.00000     0.00000
   -57.08540     0.00000     0.00000     0.00000     0.00000     0.00000     0.00000     0.00000     0.00000     0.00000     0.00000     0.00000     0.00000     0.00000     0.00000     0.00000     0.00000     0.00000
   -57.02140     0.00000     0.00000     0.00000     0.00000     0.00000     0.00000     0.00000     0.00000     0.00000     0.00000     0.00000     0.00000     0.00000     0.00000     0.00000     0.00000     0.00000
   -56.95840     0.00000     0.00000     0.00000     0.00000     0.00000     0.00000     0.00000     0.00000     0.00000     0.00000     0.00000     0.00000     0.00000     0.00000     0.00000     0.00000     0.00000
   -56.89540     0.00000     0.00000     0.00000     0.00000     0.00000     0.00000     0.00000     0.00000     0.00000     0.00000     0.00000     0.00000     0.00000     0.00000     0.00000     0.00000     0.00000
   -56.83140     0.00000     0.00000     0.00000     0.00000     0.00000     0.00000     0.00000     0.00000     0.00000     0.00000     0.00000     0.00000     0.00000     0.00000     0.00000     0.00000     0.00000
   -56.76840     0.00000     0.00000     0.00000     0.00000     0.00000     0.00000     0.00000     0.00000     0.00000     0.00000     0.00000     0.00000     0.00000     0.00000     0.00000     0.00000     0.00000
   -56.70440     0.00000     0.00000     0.00000     0.00000     0.00000     0.00000     0.00000     0.00000     0.00000     0.00000     0.00000     0.00000     0.00000     0.00000     0.00000     0.00000     0.00000
   -56.64140     0.00000     0.00000     0.00000     0.00000     0.00000     0.00000     0.00000     0.00000     0.00000     0.00000     0.00000     0.00000     0.00000     0.00000     0.00000     0.00000     0.00000
   -56.57740     0.00000     0.00000     0.00000     0.00000     0.00000     0.00000     0.00000     0.00000     0.00000     0.00000     0.00000     0.00000     0.00000     0.00000     0.00000     0.00000     0.00000
   -56.51440     0.00000     0.00000     0.00000     0.00000     0.00000     0.00000     0.00000     0.00000     0.00000     0.00000     0.00000     0.00000     0.00000     0.00000     0.00000     0.00000     0.00000
   -56.45140     0.00000     0.00000     0.00000     0.00000     0.00000     0.00000     0.00000     0.00000     0.00000     0.00000     0.00000     0.00000     0.00000     0.00000     0.00000     0.00000     0.00000
   -56.38740     0.00000     0.00000     0.00000     0.00000     0.00000     0.00000     0.00000     0.00000     0.00000     0.00000     0.00000     0.00000     0.00000     0.00000     0.00000     0.00000     0.00000
   -56.32440     0.00000     0.00000     0.00000     0.00000     0.00000     0.00000     0.00000     0.00000     0.00000     0.00000     0.00000     0.00000     0.00000     0.00000     0.00000     0.00000     0.00000
   -56.26040     0.00000     0.00000     0.00000     0.00000     0.00000     0.00000     0.00000     0.00000     0.00000     0.00000     0.00000     0.00000     0.00000     0.00000     0.00000     0.00000     0.00000
   -56.19740     0.00000     0.00000     0.00000     0.00000     0.00000     0.00000     0.00000     0.00000     0.00000     0.00000     0.00000     0.00000     0.00000     0.00000     0.00000     0.00000     0.00000
   -56.13440     0.00000     0.00000     0.00000     0.00000     0.00000     0.00000     0.00000     0.00000     0.00000     0.00000     0.00000     0.00000     0.00000     0.00000     0.00000     0.00000     0.00000
   -56.07040     0.00000     0.00000     0.00000     0.00000     0.00000     0.00000     0.00000     0.00000     0.00000     0.00000     0.00000     0.00000     0.00000     0.00000     0.00000     0.00000     0.00000
   -56.00740     0.00000     0.00000     0.00000     0.00000     0.00000     0.00000     0.00000     0.00000     0.00000     0.00000     0.00000     0.00000     0.00000     0.00000     0.00000     0.00000     0.00000
   -55.94340     0.00000     0.00000     0.00000     0.00000     0.00000     0.00000     0.00000     0.00000     0.00000     0.00000     0.00000     0.00000     0.00000     0.00000     0.00000     0.00000     0.00000
   -55.88040     0.00000     0.00000     0.00000     0.00000     0.00000     0.00000     0.00000     0.00000     0.00000     0.00000     0.00000     0.00000     0.00000     0.00000     0.00000     0.00000     0.00000
   -55.81640     0.00000     0.00000     0.00000     0.00000     0.00000     0.00000     0.00000     0.00000     0.00000     0.00000     0.00000     0.00000     0.00000     0.00000     0.00000     0.00000     0.00000
   -55.75340     0.00000     0.00000     0.00000     0.00000     0.00000     0.00000     0.00000     0.00000     0.00000     0.00000     0.00000     0.00000     0.00000     0.00000     0.00000     0.00000     0.00000
   -55.69040     0.00000     0.00000     0.00000     0.00000     0.00000     0.00000     0.00000     0.00000     0.00000     0.00000     0.00000     0.00000     0.00000     0.00000     0.00000     0.00000     0.00000
   -55.62640     0.00000     0.00000     0.00000     0.00000     0.00000     0.00000     0.00000     0.00000     0.00000     0.00000     0.00000     0.00000     0.00000     0.00000     0.00000     0.00000     0.00000
   -55.56340     0.00000     0.00000     0.00000     0.00000     0.00000     0.00000     0.00000     0.00000     0.00000     0.00000     0.00000     0.00000     0.00000     0.00000     0.00000     0.00000     0.00000
   -55.49940     0.00000     0.00000     0.00000     0.00000     0.00000     0.00000     0.00000     0.00000     0.00000     0.00000     0.00000     0.00000     0.00000     0.00000     0.00000     0.00000     0.00000
   -55.43640     0.00000     0.00000     0.00000     0.00000     0.00000     0.00000     0.00000     0.00000     0.00000     0.00000     0.00000     0.00000     0.00000     0.00000     0.00000     0.00000     0.00000
   -55.37340     0.00000     0.00000     0.00000     0.00000     0.00000     0.00000     0.00000     0.00000     0.00000     0.00000     0.00000     0.00000     0.00000     0.00000     0.00000     0.00000     0.00000
   -55.30940     0.00000     0.00000     0.00000     0.00000     0.00000     0.00000     0.00000     0.00000     0.00000     0.00000     0.00000     0.00000     0.00000     0.00000     0.00000     0.00000     0.00000
   -55.24640     0.00000     0.00000     0.00000     0.00000     0.00000     0.00000     0.00000     0.00000     0.00000     0.00000     0.00000     0.00000     0.00000     0.00000     0.00000     0.00000     0.00000
   -55.18240     0.00000     0.00000     0.00000     0.00000     0.00000     0.00000     0.00000     0.00000     0.00000     0.00000     0.00000     0.00000     0.00000     0.00000     0.00000     0.00000     0.00000
   -55.11940     0.00000     0.00000     0.00000     0.00000     0.00000     0.00000     0.00000     0.00000     0.00000     0.00000     0.00000     0.00000     0.00000     0.00000     0.00000     0.00000     0.00000
   -55.05640     0.00000     0.00000     0.00000     0.00000     0.00000     0.00000     0.00000     0.00000     0.00000     0.00000     0.00000     0.00000     0.00000     0.00000     0.00000     0.00000     0.00000
   -54.99240     0.00000     0.00000     0.00000     0.00000     0.00000     0.00000     0.00000     0.00000     0.00000     0.00000     0.00000     0.00000     0.00000     0.00000     0.00000     0.00000     0.00000
   -54.92940     0.00000     0.00000     0.00000     0.00000     0.00000     0.00000     0.00000     0.00000     0.00000     0.00000     0.00000     0.00000     0.00000     0.00000     0.00000     0.00000     0.00000
   -54.86540     0.00000     0.00000     0.00000     0.00000     0.00000     0.00000     0.00000     0.00000     0.00000     0.00000     0.00000     0.00000     0.00000     0.00000     0.00000     0.00000     0.00000
   -54.80240     0.00000     0.00000     0.00000     0.00000     0.00000     0.00000     0.00000     0.00000     0.00000     0.00000     0.00000     0.00000     0.00000     0.00000     0.00000     0.00000     0.00000
   -54.73840     0.00000     0.00000     0.00000     0.00000     0.00000     0.00000     0.00000     0.00000     0.00000     0.00000     0.00000     0.00000     0.00000     0.00000     0.00000     0.00000     0.00000
   -54.67540     0.00000     0.00000     0.00000     0.00000     0.00000     0.00000     0.00000     0.00000     0.00000     0.00000     0.00000     0.00000     0.00000     0.00000     0.00000     0.00000     0.00000
   -54.61240     0.00000     0.00000     0.00000     0.00000     0.00000     0.00000     0.00000     0.00000     0.00000     0.00000     0.00000     0.00000     0.00000     0.00000     0.00000     0.00000     0.00000
   -54.54840     0.00000     0.00000     0.00000     0.00000     0.00000     0.00000     0.00000     0.00000     0.00000     0.00000     0.00000     0.00000     0.00000     0.00000     0.00000     0.00000     0.00000
   -54.48540     0.00000     0.00000     0.00000     0.00000     0.00000     0.00000     0.00000     0.00000     0.00000     0.00000     0.00000     0.00000     0.00000     0.00000     0.00000     0.00000     0.00000
   -54.42140     0.00000     0.00000     0.00000     0.00000     0.00000     0.00000     0.00000     0.00000     0.00000     0.00000     0.00000     0.00000     0.00000     0.00000     0.00000     0.00000     0.00000
   -54.35840     0.00000     0.00000     0.00000     0.00000     0.00000     0.00000     0.00000     0.00000     0.00000     0.00000     0.00000     0.00000     0.00000     0.00000     0.00000     0.00000     0.00000
   -54.29540     0.00000     0.00000     0.00000     0.00000     0.00000     0.00000     0.00000     0.00000     0.00000     0.00000     0.00000     0.00000     0.00000     0.00000     0.00000     0.00000     0.00000
   -54.23140     0.00000     0.00000     0.00000     0.00000     0.00000     0.00000     0.00000     0.00000     0.00000     0.00000     0.00000     0.00000     0.00000     0.00000     0.00000     0.00000     0.00000
   -54.16840     0.00000     0.00000     0.00000     0.00000     0.00000     0.00000     0.00000     0.00000     0.00000     0.00000     0.00000     0.00000     0.00000     0.00000     0.00000     0.00000     0.00000
   -54.10440     0.00000     0.00000     0.00000     0.00000     0.00000     0.00000     0.00000     0.00000     0.00000     0.00000     0.00000     0.00000     0.00000     0.00000     0.00000     0.00000     0.00000
   -54.04140     0.00000     0.00000     0.00000     0.00000     0.00000     0.00000     0.00000     0.00000     0.00000     0.00000     0.00000     0.00000     0.00000     0.00000     0.00000     0.00000     0.00000
   -53.97740     0.00000     0.00000     0.00000     0.00000     0.00000     0.00000     0.00000     0.00000     0.00000     0.00000     0.00000     0.00000     0.00000     0.00000     0.00000     0.00000     0.00000
   -53.91440     0.00000     0.00000     0.00000     0.00000     0.00000     0.00000     0.00000     0.00000     0.00000     0.00000     0.00000     0.00000     0.00000     0.00000     0.00000     0.00000     0.00000
   -53.85140     0.00000     0.00000     0.00000     0.00000     0.00000     0.00000     0.00000     0.00000     0.00000     0.00000     0.00000     0.00000     0.00000     0.00000     0.00000     0.00000     0.00000
   -53.78740     0.00000     0.00000     0.00000     0.00000     0.00000     0.00000     0.00000     0.00000     0.00000     0.00000     0.00000     0.00000     0.00000     0.00000     0.00000     0.00000     0.00000
   -53.72440     0.00000     0.00000     0.00000     0.00000     0.00000     0.00000     0.00000     0.00000     0.00000     0.00000     0.00000     0.00000     0.00000     0.00000     0.00000     0.00000     0.00000
   -53.66040     0.00000     0.00000     0.00000     0.00000     0.00000     0.00000     0.00000     0.00000     0.00000     0.00000     0.00000     0.00000     0.00000     0.00000     0.00000     0.00000     0.00000
   -53.59740     0.00000     0.00000     0.00000     0.00000     0.00000     0.00000     0.00000     0.00000     0.00000     0.00000     0.00000     0.00000     0.00000     0.00000     0.00000     0.00000     0.00000
   -53.53440     0.00000     0.00000     0.00000     0.00000     0.00000     0.00000     0.00000     0.00000     0.00000     0.00000     0.00000     0.00000     0.00000     0.00000     0.00000     0.00000     0.00000
   -53.47040     0.00000     0.00000     0.00000     0.00000     0.00000     0.00000     0.00000     0.00000     0.00000     0.00000     0.00000     0.00000     0.00000     0.00000     0.00000     0.00000     0.00000
   -53.40740     0.00000     0.00000     0.00000     0.00000     0.00000     0.00000     0.00000     0.00000     0.00000     0.00000     0.00000     0.00000     0.00000     0.00000     0.00000     0.00000     0.00000
   -53.34340     0.00000     0.00000     0.00000     0.00000     0.00000     0.00000     0.00000     0.00000     0.00000     0.00000     0.00000     0.00000     0.00000     0.00000     0.00000     0.00000     0.00000
   -53.28040     0.00000     0.00000     0.00000     0.00000     0.00000     0.00000     0.00000     0.00000     0.00000     0.00000     0.00000     0.00000     0.00000     0.00000     0.00000     0.00000     0.00000
   -53.21640     0.00000     0.00000     0.00000     0.00000     0.00000     0.00000     0.00000     0.00000     0.00000     0.00000     0.00000     0.00000     0.00000     0.00000     0.00000     0.00000     0.00000
   -53.15340     0.00000     0.00000     0.00000     0.00000     0.00000     0.00000     0.00000     0.00000     0.00000     0.00000     0.00000     0.00000     0.00000     0.00000     0.00000     0.00000     0.00000
   -53.09040     0.00000     0.00000     0.00000     0.00000     0.00000     0.00000     0.00000     0.00000     0.00000     0.00000     0.00000     0.00000     0.00000     0.00000     0.00000     0.00000     0.00000
   -53.02640     0.00000     0.00000     0.00000     0.00000     0.00000     0.00000     0.00000     0.00000     0.00000     0.00000     0.00000     0.00000     0.00000     0.00000     0.00000     0.00000     0.00000
   -52.96340     0.00000     0.00000     0.00000     0.00000     0.00000     0.00000     0.00000     0.00000     0.00000     0.00000     0.00000     0.00000     0.00000     0.00000     0.00000     0.00000     0.00000
   -52.89940     0.00000     0.00000     0.00000     0.00000     0.00000     0.00000     0.00000     0.00000     0.00000     0.00000     0.00000     0.00000     0.00000     0.00000     0.00000     0.00000     0.00000
   -52.83640     0.00000     0.00000     0.00000     0.00000     0.00000     0.00000     0.00000     0.00000     0.00000     0.00000     0.00000     0.00000     0.00000     0.00000     0.00000     0.00000     0.00000
   -52.77340     0.00000     0.00000     0.00000     0.00000     0.00000     0.00000     0.00000     0.00000     0.00000     0.00000     0.00000     0.00000     0.00000     0.00000     0.00000     0.00000     0.00000
   -52.70940     0.00000     0.00000     0.00000     0.00000     0.00000     0.00000     0.00000     0.00000     0.00000     0.00000     0.00000     0.00000     0.00000     0.00000     0.00000     0.00000     0.00000
   -52.64640     0.00000     0.00000     0.00000     0.00000     0.00000     0.00000     0.00000     0.00000     0.00000     0.00000     0.00000     0.00000     0.00000     0.00000     0.00000     0.00000     0.00000
   -52.58240     0.00000     0.00000     0.00000     0.00000     0.00000     0.00000     0.00000     0.00000     0.00000     0.00000     0.00000     0.00000     0.00000     0.00000     0.00000     0.00000     0.00000
   -52.51940     0.00000     0.00000     0.00000     0.00000     0.00000     0.00000     0.00000     0.00000     0.00000     0.00000     0.00000     0.00000     0.00000     0.00000     0.00000     0.00000     0.00000
   -52.45540     0.00000     0.00000     0.00000     0.00000     0.00000     0.00000     0.00000     0.00000     0.00000     0.00000     0.00000     0.00000     0.00000     0.00000     0.00000     0.00000     0.00000
   -52.39240     0.00000     0.00000     0.00000     0.00000     0.00000     0.00000     0.00000     0.00000     0.00000     0.00000     0.00000     0.00000     0.00000     0.00000     0.00000     0.00000     0.00000
   -52.32940     0.00000     0.00000     0.00000     0.00000     0.00000     0.00000     0.00000     0.00000     0.00000     0.00000     0.00000     0.00000     0.00000     0.00000     0.00000     0.00000     0.00000
   -52.26540     0.00000     0.00000     0.00000     0.00000     0.00000     0.00000     0.00000     0.00000     0.00000     0.00000     0.00000     0.00000     0.00000     0.00000     0.00000     0.00000     0.00000
   -52.20240     0.00000     0.00000     0.00000     0.00000     0.00000     0.00000     0.00000     0.00000     0.00000     0.00000     0.00000     0.00000     0.00000     0.00000     0.00000     0.00000     0.00000
   -52.13840     0.00000     0.00000     0.00000     0.00000     0.00000     0.00000     0.00000     0.00000     0.00000     0.00000     0.00000     0.00000     0.00000     0.00000     0.00000     0.00000     0.00000
   -52.07540     0.00000     0.00000     0.00000     0.00000     0.00000     0.00000     0.00000     0.00000     0.00000     0.00000     0.00000     0.00000     0.00000     0.00000     0.00000     0.00000     0.00000
   -52.01240     0.00000     0.00000     0.00000     0.00000     0.00000     0.00000     0.00000     0.00000     0.00000     0.00000     0.00000     0.00000     0.00000     0.00000     0.00000     0.00000     0.00000
   -51.94840     0.00000     0.00000     0.00000     0.00000     0.00000     0.00000     0.00000     0.00000     0.00000     0.00000     0.00000     0.00000     0.00000     0.00000     0.00000     0.00000     0.00000
   -51.88540     0.00000     0.00000     0.00000     0.00000     0.00000     0.00000     0.00000     0.00000     0.00000     0.00000     0.00000     0.00000     0.00000     0.00000     0.00000     0.00000     0.00000
   -51.82140     0.00000     0.00000     0.00000     0.00000     0.00000     0.00000     0.00000     0.00000     0.00000     0.00000     0.00000     0.00000     0.00000     0.00000     0.00000     0.00000     0.00000
   -51.75840     0.00000     0.00000     0.00000     0.00000     0.00000     0.00000     0.00000     0.00000     0.00000     0.00000     0.00000     0.00000     0.00000     0.00000     0.00000     0.00000     0.00000
   -51.69540     0.00000     0.00000     0.00000     0.00000     0.00000     0.00000     0.00000     0.00000     0.00000     0.00000     0.00000     0.00000     0.00000     0.00000     0.00000     0.00000     0.00000
   -51.63140     0.00000     0.00000     0.00000     0.00000     0.00000     0.00000     0.00000     0.00000     0.00000     0.00000     0.00000     0.00000     0.00000     0.00000     0.00000     0.00000     0.00000
   -51.56840     0.00000     0.00000     0.00000     0.00000     0.00000     0.00000     0.00000     0.00000     0.00000     0.00000     0.00000     0.00000     0.00000     0.00000     0.00000     0.00000     0.00000
   -51.50440     0.00000     0.00000     0.00000     0.00000     0.00000     0.00000     0.00000     0.00000     0.00000     0.00000     0.00000     0.00000     0.00000     0.00000     0.00000     0.00000     0.00000
   -51.44140     0.00000     0.00000     0.00000     0.00000     0.00000     0.00000     0.00000     0.00000     0.00000     0.00000     0.00000     0.00000     0.00000     0.00000     0.00000     0.00000     0.00000
   -51.37740     0.00000     0.00000     0.00000     0.00000     0.00000     0.00000     0.00000     0.00000     0.00000     0.00000     0.00000     0.00000     0.00000     0.00000     0.00000     0.00000     0.00000
   -51.31440     0.00000     0.00000     0.00000     0.00000     0.00000     0.00000     0.00000     0.00000     0.00000     0.00000     0.00000     0.00000     0.00000     0.00000     0.00000     0.00000     0.00000
   -51.25140     0.00000     0.00000     0.00000     0.00000     0.00000     0.00000     0.00000     0.00000     0.00000     0.00000     0.00000     0.00000     0.00000     0.00000     0.00000     0.00000     0.00000
   -51.18740     0.00000     0.00000     0.00000     0.00000     0.00000     0.00000     0.00000     0.00000     0.00000     0.00000     0.00000     0.00000     0.00000     0.00000     0.00000     0.00000     0.00000
   -51.12440     0.00000     0.00000     0.00000     0.00000     0.00000     0.00000     0.00000     0.00000     0.00000     0.00000     0.00000     0.00000     0.00000     0.00000     0.00000     0.00000     0.00000
   -51.06040     0.00000     0.00000     0.00000     0.00000     0.00000     0.00000     0.00000     0.00000     0.00000     0.00000     0.00000     0.00000     0.00000     0.00000     0.00000     0.00000     0.00000
   -50.99740     0.00000     0.00000     0.00000     0.00000     0.00000     0.00000     0.00000     0.00000     0.00000     0.00000     0.00000     0.00000     0.00000     0.00000     0.00000     0.00000     0.00000
   -50.93440     0.00000     0.00000     0.00000     0.00000     0.00000     0.00000     0.00000     0.00000     0.00000     0.00000     0.00000     0.00000     0.00000     0.00000     0.00000     0.00000     0.00000
   -50.87040     0.00000     0.00000     0.00000     0.00000     0.00000     0.00000     0.00000     0.00000     0.00000     0.00000     0.00000     0.00000     0.00000     0.00000     0.00000     0.00000     0.00000
   -50.80740     0.00000     0.00000     0.00000     0.00000     0.00000     0.00000     0.00000     0.00000     0.00000     0.00000     0.00000     0.00000     0.00000     0.00000     0.00000     0.00000     0.00000
   -50.74340     0.00000     0.00000     0.00000     0.00000     0.00000     0.00000     0.00000     0.00000     0.00000     0.00000     0.00000     0.00000     0.00000     0.00000     0.00000     0.00000     0.00000
   -50.68040     0.00000     0.00000     0.00000     0.00000     0.00000     0.00000     0.00000     0.00000     0.00000     0.00000     0.00000     0.00000     0.00000     0.00000     0.00000     0.00000     0.00000
   -50.61640     0.00000     0.00000     0.00000     0.00000     0.00000     0.00000     0.00000     0.00000     0.00000     0.00000     0.00000     0.00000     0.00000     0.00000     0.00000     0.00000     0.00000
   -50.55340     0.00000     0.00000     0.00000     0.00000     0.00000     0.00000     0.00000     0.00000     0.00000     0.00000     0.00000     0.00000     0.00000     0.00000     0.00000     0.00000     0.00000
   -50.49040     0.00000     0.00000     0.00000     0.00000     0.00000     0.00000     0.00000     0.00000     0.00000     0.00000     0.00000     0.00000     0.00000     0.00000     0.00000     0.00000     0.00000
   -50.42640     0.00000     0.00000     0.00000     0.00000     0.00000     0.00000     0.00000     0.00000     0.00000     0.00000     0.00000     0.00000     0.00000     0.00000     0.00000     0.00000     0.00000
   -50.36340     0.00000     0.00000     0.00000     0.00000     0.00000     0.00000     0.00000     0.00000     0.00000     0.00000     0.00000     0.00000     0.00000     0.00000     0.00000     0.00000     0.00000
   -50.29940     0.00000     0.00000     0.00000     0.00000     0.00000     0.00000     0.00000     0.00000     0.00000     0.00000     0.00000     0.00000     0.00000     0.00000     0.00000     0.00000     0.00000
   -50.23640     0.00000     0.00000     0.00000     0.00000     0.00000     0.00000     0.00000     0.00000     0.00000     0.00000     0.00000     0.00000     0.00000     0.00000     0.00000     0.00000     0.00000
   -50.17340     0.00000     0.00000     0.00000     0.00000     0.00000     0.00000     0.00000     0.00000     0.00000     0.00000     0.00000     0.00000     0.00000     0.00000     0.00000     0.00000     0.00000
   -50.10940     0.00000     0.00000     0.00000     0.00000     0.00000     0.00000     0.00000     0.00000     0.00000     0.00000     0.00000     0.00000     0.00000     0.00000     0.00000     0.00000     0.00000
   -50.04640     0.00000     0.00000     0.00000     0.00000     0.00000     0.00000     0.00000     0.00000     0.00000     0.00000     0.00000     0.00000     0.00000     0.00000     0.00000     0.00000     0.00000
   -49.98240     0.00000     0.00000     0.00000     0.00000     0.00000     0.00000     0.00000     0.00000     0.00000     0.00000     0.00000     0.00000     0.00000     0.00000     0.00000     0.00000     0.00000
   -49.91940     0.00000     0.00000     0.00000     0.00000     0.00000     0.00000     0.00000     0.00000     0.00000     0.00000     0.00000     0.00000     0.00000     0.00000     0.00000     0.00000     0.00000
   -49.85540     0.00000     0.00000     0.00000     0.00000     0.00000     0.00000     0.00000     0.00000     0.00000     0.00000     0.00000     0.00000     0.00000     0.00000     0.00000     0.00000     0.00000
   -49.79240     0.00000     0.00000     0.00000     0.00000     0.00000     0.00000     0.00000     0.00000     0.00000     0.00000     0.00000     0.00000     0.00000     0.00000     0.00000     0.00000     0.00000
   -49.72940     0.00000     0.00000     0.00000     0.00000     0.00000     0.00000     0.00000     0.00000     0.00000     0.00000     0.00000     0.00000     0.00000     0.00000     0.00000     0.00000     0.00000
   -49.66540     0.00000     0.00000     0.00000     0.00000     0.00000     0.00000     0.00000     0.00000     0.00000     0.00000     0.00000     0.00000     0.00000     0.00000     0.00000     0.00000     0.00000
   -49.60240     0.00000     0.00000     0.00000     0.00000     0.00000     0.00000     0.00000     0.00000     0.00000     0.00000     0.00000     0.00000     0.00000     0.00000     0.00000     0.00000     0.00000
   -49.53840     0.00000     0.00000     0.00000     0.00000     0.00000     0.00000     0.00000     0.00000     0.00000     0.00000     0.00000     0.00000     0.00000     0.00000     0.00000     0.00000     0.00000
   -49.47540     0.00000     0.00000     0.00000     0.00000     0.00000     0.00000     0.00000     0.00000     0.00000     0.00000     0.00000     0.00000     0.00000     0.00000     0.00000     0.00000     0.00000
   -49.41240     0.00000     0.00000     0.00000     0.00000     0.00000     0.00000     0.00000     0.00000     0.00000     0.00000     0.00000     0.00000     0.00000     0.00000     0.00000     0.00000     0.00000
   -49.34840     0.00000     0.00000     0.00000     0.00000     0.00000     0.00000     0.00000     0.00000     0.00000     0.00000     0.00000     0.00000     0.00000     0.00000     0.00000     0.00000     0.00000
   -49.28540   516.52140     0.00960     0.00710     0.00692     0.00158     0.00139     0.00014     0.00169     0.00022     0.00006     0.00031     0.00008     0.00008     0.00004     0.00000     0.00006   516.55067
   -49.22140     0.00000     0.00000     0.00000     0.00000     0.00000     0.00000     0.00000     0.00000     0.00000     0.00000     0.00000     0.00000     0.00000     0.00000     0.00000     0.00000     0.00000
   -49.15840     0.00000     0.00000     0.00000     0.00000     0.00000     0.00000     0.00000     0.00000     0.00000     0.00000     0.00000     0.00000     0.00000     0.00000     0.00000     0.00000     0.00000
   -49.09540     0.00000     0.00000     0.00000     0.00000     0.00000     0.00000     0.00000     0.00000     0.00000     0.00000     0.00000     0.00000     0.00000     0.00000     0.00000     0.00000     0.00000
   -49.03140     0.00000     0.00000     0.00000     0.00000     0.00000     0.00000     0.00000     0.00000     0.00000     0.00000     0.00000     0.00000     0.00000     0.00000     0.00000     0.00000     0.00000
   -48.96840     0.00000     0.00000     0.00000     0.00000     0.00000     0.00000     0.00000     0.00000     0.00000     0.00000     0.00000     0.00000     0.00000     0.00000     0.00000     0.00000     0.00000
   -48.90440     0.00000     0.00000     0.00000     0.00000     0.00000     0.00000     0.00000     0.00000     0.00000     0.00000     0.00000     0.00000     0.00000     0.00000     0.00000     0.00000     0.00000
   -48.84140     0.00000     0.00000     0.00000     0.00000     0.00000     0.00000     0.00000     0.00000     0.00000     0.00000     0.00000     0.00000     0.00000     0.00000     0.00000     0.00000     0.00000
   -48.77740     0.00000     0.00000     0.00000     0.00000     0.00000     0.00000     0.00000     0.00000     0.00000     0.00000     0.00000     0.00000     0.00000     0.00000     0.00000     0.00000     0.00000
   -48.71440     0.00000     0.00000     0.00000     0.00000     0.00000     0.00000     0.00000     0.00000     0.00000     0.00000     0.00000     0.00000     0.00000     0.00000     0.00000     0.00000     0.00000
   -48.65140     0.00000     0.00000     0.00000     0.00000     0.00000     0.00000     0.00000     0.00000     0.00000     0.00000     0.00000     0.00000     0.00000     0.00000     0.00000     0.00000     0.00000
   -48.58740     0.00000     0.00000     0.00000     0.00000     0.00000     0.00000     0.00000     0.00000     0.00000     0.00000     0.00000     0.00000     0.00000     0.00000     0.00000     0.00000     0.00000
   -48.52440     0.00000     0.00000     0.00000     0.00000     0.00000     0.00000     0.00000     0.00000     0.00000     0.00000     0.00000     0.00000     0.00000     0.00000     0.00000     0.00000     0.00000
   -48.46040     0.00000     0.00000     0.00000     0.00000     0.00000     0.00000     0.00000     0.00000     0.00000     0.00000     0.00000     0.00000     0.00000     0.00000     0.00000     0.00000     0.00000
   -48.39740     0.00000     0.00000     0.00000     0.00000     0.00000     0.00000     0.00000     0.00000     0.00000     0.00000     0.00000     0.00000     0.00000     0.00000     0.00000     0.00000     0.00000
   -48.33440     0.00000     0.00000     0.00000     0.00000     0.00000     0.00000     0.00000     0.00000     0.00000     0.00000     0.00000     0.00000     0.00000     0.00000     0.00000     0.00000     0.00000
   -48.27040     0.00000     0.00000     0.00000     0.00000     0.00000     0.00000     0.00000     0.00000     0.00000     0.00000     0.00000     0.00000     0.00000     0.00000     0.00000     0.00000     0.00000
   -48.20740     0.00000     0.00000     0.00000     0.00000     0.00000     0.00000     0.00000     0.00000     0.00000     0.00000     0.00000     0.00000     0.00000     0.00000     0.00000     0.00000     0.00000
   -48.14340     0.00000     0.00000     0.00000     0.00000     0.00000     0.00000     0.00000     0.00000     0.00000     0.00000     0.00000     0.00000     0.00000     0.00000     0.00000     0.00000     0.00000
   -48.08040     0.00000     0.00000     0.00000     0.00000     0.00000     0.00000     0.00000     0.00000     0.00000     0.00000     0.00000     0.00000     0.00000     0.00000     0.00000     0.00000     0.00000
   -48.01640     0.00000     0.00000     0.00000     0.00000     0.00000     0.00000     0.00000     0.00000     0.00000     0.00000     0.00000     0.00000     0.00000     0.00000     0.00000     0.00000     0.00000
   -47.95340     0.00000     0.00000     0.00000     0.00000     0.00000     0.00000     0.00000     0.00000     0.00000     0.00000     0.00000     0.00000     0.00000     0.00000     0.00000     0.00000     0.00000
   -47.89040     0.00000     0.00000     0.00000     0.00000     0.00000     0.00000     0.00000     0.00000     0.00000     0.00000     0.00000     0.00000     0.00000     0.00000     0.00000     0.00000     0.00000
   -47.82640     0.00000     0.00000     0.00000     0.00000     0.00000     0.00000     0.00000     0.00000     0.00000     0.00000     0.00000     0.00000     0.00000     0.00000     0.00000     0.00000     0.00000
   -47.76340     0.00000     0.00000     0.00000     0.00000     0.00000     0.00000     0.00000     0.00000     0.00000     0.00000     0.00000     0.00000     0.00000     0.00000     0.00000     0.00000     0.00000
   -47.69940     0.00000     0.00000     0.00000     0.00000     0.00000     0.00000     0.00000     0.00000     0.00000     0.00000     0.00000     0.00000     0.00000     0.00000     0.00000     0.00000     0.00000
   -47.63640     0.00000     0.00000     0.00000     0.00000     0.00000     0.00000     0.00000     0.00000     0.00000     0.00000     0.00000     0.00000     0.00000     0.00000     0.00000     0.00000     0.00000
   -47.57340     0.00000     0.00000     0.00000     0.00000     0.00000     0.00000     0.00000     0.00000     0.00000     0.00000     0.00000     0.00000     0.00000     0.00000     0.00000     0.00000     0.00000
   -47.50940     0.00000     0.00000     0.00000     0.00000     0.00000     0.00000     0.00000     0.00000     0.00000     0.00000     0.00000     0.00000     0.00000     0.00000     0.00000     0.00000     0.00000
   -47.44640     0.00000     0.00000     0.00000     0.00000     0.00000     0.00000     0.00000     0.00000     0.00000     0.00000     0.00000     0.00000     0.00000     0.00000     0.00000     0.00000     0.00000
   -47.38240     0.00000     0.00000     0.00000     0.00000     0.00000     0.00000     0.00000     0.00000     0.00000     0.00000     0.00000     0.00000     0.00000     0.00000     0.00000     0.00000     0.00000
   -47.31940     0.00000     0.00000     0.00000     0.00000     0.00000     0.00000     0.00000     0.00000     0.00000     0.00000     0.00000     0.00000     0.00000     0.00000     0.00000     0.00000     0.00000
   -47.25540     0.00000     0.00000     0.00000     0.00000     0.00000     0.00000     0.00000     0.00000     0.00000     0.00000     0.00000     0.00000     0.00000     0.00000     0.00000     0.00000     0.00000
   -47.19240     0.00000     0.00000     0.00000     0.00000     0.00000     0.00000     0.00000     0.00000     0.00000     0.00000     0.00000     0.00000     0.00000     0.00000     0.00000     0.00000     0.00000
   -47.12940     0.00000     0.00000     0.00000     0.00000     0.00000     0.00000     0.00000     0.00000     0.00000     0.00000     0.00000     0.00000     0.00000     0.00000     0.00000     0.00000     0.00000
   -47.06540     0.00000     0.00000     0.00000     0.00000     0.00000     0.00000     0.00000     0.00000     0.00000     0.00000     0.00000     0.00000     0.00000     0.00000     0.00000     0.00000     0.00000
   -47.00240     0.00000     0.00000     0.00000     0.00000     0.00000     0.00000     0.00000     0.00000     0.00000     0.00000     0.00000     0.00000     0.00000     0.00000     0.00000     0.00000     0.00000
   -46.93840     0.00000     0.00000     0.00000     0.00000     0.00000     0.00000     0.00000     0.00000     0.00000     0.00000     0.00000     0.00000     0.00000     0.00000     0.00000     0.00000     0.00000
   -46.87540     0.00000     0.00000     0.00000     0.00000     0.00000     0.00000     0.00000     0.00000     0.00000     0.00000     0.00000     0.00000     0.00000     0.00000     0.00000     0.00000     0.00000
   -46.81240     0.00000     0.00000     0.00000     0.00000     0.00000     0.00000     0.00000     0.00000     0.00000     0.00000     0.00000     0.00000     0.00000     0.00000     0.00000     0.00000     0.00000
   -46.74840     0.00000     0.00000     0.00000     0.00000     0.00000     0.00000     0.00000     0.00000     0.00000     0.00000     0.00000     0.00000     0.00000     0.00000     0.00000     0.00000     0.00000
   -46.68540     0.00000     0.00000     0.00000     0.00000     0.00000     0.00000     0.00000     0.00000     0.00000     0.00000     0.00000     0.00000     0.00000     0.00000     0.00000     0.00000     0.00000
   -46.62140     0.00000     0.00000     0.00000     0.00000     0.00000     0.00000     0.00000     0.00000     0.00000     0.00000     0.00000     0.00000     0.00000     0.00000     0.00000     0.00000     0.00000
   -46.55840     0.00000     0.00000     0.00000     0.00000     0.00000     0.00000     0.00000     0.00000     0.00000     0.00000     0.00000     0.00000     0.00000     0.00000     0.00000     0.00000     0.00000
   -46.49440     0.00000     0.00000     0.00000     0.00000     0.00000     0.00000     0.00000     0.00000     0.00000     0.00000     0.00000     0.00000     0.00000     0.00000     0.00000     0.00000     0.00000
   -46.43140     0.00000     0.00000     0.00000     0.00000     0.00000     0.00000     0.00000     0.00000     0.00000     0.00000     0.00000     0.00000     0.00000     0.00000     0.00000     0.00000     0.00000
   -46.36840     0.00000     0.00000     0.00000     0.00000     0.00000     0.00000     0.00000     0.00000     0.00000     0.00000     0.00000     0.00000     0.00000     0.00000     0.00000     0.00000     0.00000
   -46.30440     0.00000     0.00000     0.00000     0.00000     0.00000     0.00000     0.00000     0.00000     0.00000     0.00000     0.00000     0.00000     0.00000     0.00000     0.00000     0.00000     0.00000
   -46.24140     0.00000     0.00000     0.00000     0.00000     0.00000     0.00000     0.00000     0.00000     0.00000     0.00000     0.00000     0.00000     0.00000     0.00000     0.00000     0.00000     0.00000
   -46.17740     0.00000     0.00000     0.00000     0.00000     0.00000     0.00000     0.00000     0.00000     0.00000     0.00000     0.00000     0.00000     0.00000     0.00000     0.00000     0.00000     0.00000
   -46.11440     0.00000     0.00000     0.00000     0.00000     0.00000     0.00000     0.00000     0.00000     0.00000     0.00000     0.00000     0.00000     0.00000     0.00000     0.00000     0.00000     0.00000
   -46.05140     0.00000     0.00000     0.00000     0.00000     0.00000     0.00000     0.00000     0.00000     0.00000     0.00000     0.00000     0.00000     0.00000     0.00000     0.00000     0.00000     0.00000
   -45.98740     0.00000     0.00000     0.00000     0.00000     0.00000     0.00000     0.00000     0.00000     0.00000     0.00000     0.00000     0.00000     0.00000     0.00000     0.00000     0.00000     0.00000
   -45.92440     0.00000     0.00000     0.00000     0.00000     0.00000     0.00000     0.00000     0.00000     0.00000     0.00000     0.00000     0.00000     0.00000     0.00000     0.00000     0.00000     0.00000
   -45.86040     0.00000     0.00000     0.00000     0.00000     0.00000     0.00000     0.00000     0.00000     0.00000     0.00000     0.00000     0.00000     0.00000     0.00000     0.00000     0.00000     0.00000
   -45.79740     0.00000     0.00000     0.00000     0.00000     0.00000     0.00000     0.00000     0.00000     0.00000     0.00000     0.00000     0.00000     0.00000     0.00000     0.00000     0.00000     0.00000
   -45.73440     0.00000     0.00000     0.00000     0.00000     0.00000     0.00000     0.00000     0.00000     0.00000     0.00000     0.00000     0.00000     0.00000     0.00000     0.00000     0.00000     0.00000
   -45.67040     0.00000     0.00000     0.00000     0.00000     0.00000     0.00000     0.00000     0.00000     0.00000     0.00000     0.00000     0.00000     0.00000     0.00000     0.00000     0.00000     0.00000
   -45.60740     0.00000     0.00000     0.00000     0.00000     0.00000     0.00000     0.00000     0.00000     0.00000     0.00000     0.00000     0.00000     0.00000     0.00000     0.00000     0.00000     0.00000
   -45.54340     0.00000     0.00000     0.00000     0.00000     0.00000     0.00000     0.00000     0.00000     0.00000     0.00000     0.00000     0.00000     0.00000     0.00000     0.00000     0.00000     0.00000
   -45.48040     0.00000     0.00000     0.00000     0.00000     0.00000     0.00000     0.00000     0.00000     0.00000     0.00000     0.00000     0.00000     0.00000     0.00000     0.00000     0.00000     0.00000
   -45.41640     0.00000     0.00000     0.00000     0.00000     0.00000     0.00000     0.00000     0.00000     0.00000     0.00000     0.00000     0.00000     0.00000     0.00000     0.00000     0.00000     0.00000
   -45.35340     0.00000     0.00000     0.00000     0.00000     0.00000     0.00000     0.00000     0.00000     0.00000     0.00000     0.00000     0.00000     0.00000     0.00000     0.00000     0.00000     0.00000
   -45.29040     0.00000     0.00000     0.00000     0.00000     0.00000     0.00000     0.00000     0.00000     0.00000     0.00000     0.00000     0.00000     0.00000     0.00000     0.00000     0.00000     0.00000
   -45.22640     0.00000     0.00000     0.00000     0.00000     0.00000     0.00000     0.00000     0.00000     0.00000     0.00000     0.00000     0.00000     0.00000     0.00000     0.00000     0.00000     0.00000
   -45.16340     0.00000     0.00000     0.00000     0.00000     0.00000     0.00000     0.00000     0.00000     0.00000     0.00000     0.00000     0.00000     0.00000     0.00000     0.00000     0.00000     0.00000
   -45.09940     0.00000     0.00000     0.00000     0.00000     0.00000     0.00000     0.00000     0.00000     0.00000     0.00000     0.00000     0.00000     0.00000     0.00000     0.00000     0.00000     0.00000
   -45.03640     0.00000     0.00000     0.00000     0.00000     0.00000     0.00000     0.00000     0.00000     0.00000     0.00000     0.00000     0.00000     0.00000     0.00000     0.00000     0.00000     0.00000
   -44.97340     0.00000     0.00000     0.00000     0.00000     0.00000     0.00000     0.00000     0.00000     0.00000     0.00000     0.00000     0.00000     0.00000     0.00000     0.00000     0.00000     0.00000
   -44.90940     0.00000     0.00000     0.00000     0.00000     0.00000     0.00000     0.00000     0.00000     0.00000     0.00000     0.00000     0.00000     0.00000     0.00000     0.00000     0.00000     0.00000
   -44.84640     0.00000     0.00000     0.00000     0.00000     0.00000     0.00000     0.00000     0.00000     0.00000     0.00000     0.00000     0.00000     0.00000     0.00000     0.00000     0.00000     0.00000
   -44.78240     0.00000     0.00000     0.00000     0.00000     0.00000     0.00000     0.00000     0.00000     0.00000     0.00000     0.00000     0.00000     0.00000     0.00000     0.00000     0.00000     0.00000
   -44.71940     0.00000     0.00000     0.00000     0.00000     0.00000     0.00000     0.00000     0.00000     0.00000     0.00000     0.00000     0.00000     0.00000     0.00000     0.00000     0.00000     0.00000
   -44.65540     0.00000     0.00000     0.00000     0.00000     0.00000     0.00000     0.00000     0.00000     0.00000     0.00000     0.00000     0.00000     0.00000     0.00000     0.00000     0.00000     0.00000
   -44.59240     0.00000     0.00000     0.00000     0.00000     0.00000     0.00000     0.00000     0.00000     0.00000     0.00000     0.00000     0.00000     0.00000     0.00000     0.00000     0.00000     0.00000
   -44.52940     0.00000     0.00000     0.00000     0.00000     0.00000     0.00000     0.00000     0.00000     0.00000     0.00000     0.00000     0.00000     0.00000     0.00000     0.00000     0.00000     0.00000
   -44.46540     0.00000     0.00000     0.00000     0.00000     0.00000     0.00000     0.00000     0.00000     0.00000     0.00000     0.00000     0.00000     0.00000     0.00000     0.00000     0.00000     0.00000
   -44.40240     0.00000     0.00000     0.00000     0.00000     0.00000     0.00000     0.00000     0.00000     0.00000     0.00000     0.00000     0.00000     0.00000     0.00000     0.00000     0.00000     0.00000
   -44.33840     0.00000     0.00000     0.00000     0.00000     0.00000     0.00000     0.00000     0.00000     0.00000     0.00000     0.00000     0.00000     0.00000     0.00000     0.00000     0.00000     0.00000
   -44.27540     0.00000     0.00000     0.00000     0.00000     0.00000     0.00000     0.00000     0.00000     0.00000     0.00000     0.00000     0.00000     0.00000     0.00000     0.00000     0.00000     0.00000
   -44.21240     0.00000     0.00000     0.00000     0.00000     0.00000     0.00000     0.00000     0.00000     0.00000     0.00000     0.00000     0.00000     0.00000     0.00000     0.00000     0.00000     0.00000
   -44.14840     0.00000     0.00000     0.00000     0.00000     0.00000     0.00000     0.00000     0.00000     0.00000     0.00000     0.00000     0.00000     0.00000     0.00000     0.00000     0.00000     0.00000
   -44.08540     0.00000     0.00000     0.00000     0.00000     0.00000     0.00000     0.00000     0.00000     0.00000     0.00000     0.00000     0.00000     0.00000     0.00000     0.00000     0.00000     0.00000
   -44.02140     0.00000     0.00000     0.00000     0.00000     0.00000     0.00000     0.00000     0.00000     0.00000     0.00000     0.00000     0.00000     0.00000     0.00000     0.00000     0.00000     0.00000
   -43.95840     0.00000     0.00000     0.00000     0.00000     0.00000     0.00000     0.00000     0.00000     0.00000     0.00000     0.00000     0.00000     0.00000     0.00000     0.00000     0.00000     0.00000
   -43.89440     0.00000     0.00000     0.00000     0.00000     0.00000     0.00000     0.00000     0.00000     0.00000     0.00000     0.00000     0.00000     0.00000     0.00000     0.00000     0.00000     0.00000
   -43.83140     0.00000     0.00000     0.00000     0.00000     0.00000     0.00000     0.00000     0.00000     0.00000     0.00000     0.00000     0.00000     0.00000     0.00000     0.00000     0.00000     0.00000
   -43.76840     0.00000     0.00000     0.00000     0.00000     0.00000     0.00000     0.00000     0.00000     0.00000     0.00000     0.00000     0.00000     0.00000     0.00000     0.00000     0.00000     0.00000
   -43.70440     0.00000     0.00000     0.00000     0.00000     0.00000     0.00000     0.00000     0.00000     0.00000     0.00000     0.00000     0.00000     0.00000     0.00000     0.00000     0.00000     0.00000
   -43.64140     0.00000     0.00000     0.00000     0.00000     0.00000     0.00000     0.00000     0.00000     0.00000     0.00000     0.00000     0.00000     0.00000     0.00000     0.00000     0.00000     0.00000
   -43.57740     0.00000     0.00000     0.00000     0.00000     0.00000     0.00000     0.00000     0.00000     0.00000     0.00000     0.00000     0.00000     0.00000     0.00000     0.00000     0.00000     0.00000
   -43.51440     0.00000     0.00000     0.00000     0.00000     0.00000     0.00000     0.00000     0.00000     0.00000     0.00000     0.00000     0.00000     0.00000     0.00000     0.00000     0.00000     0.00000
   -43.45140     0.00000     0.00000     0.00000     0.00000     0.00000     0.00000     0.00000     0.00000     0.00000     0.00000     0.00000     0.00000     0.00000     0.00000     0.00000     0.00000     0.00000
   -43.38740     0.00000     0.00000     0.00000     0.00000     0.00000     0.00000     0.00000     0.00000     0.00000     0.00000     0.00000     0.00000     0.00000     0.00000     0.00000     0.00000     0.00000
   -43.32440     0.00000     0.00000     0.00000     0.00000     0.00000     0.00000     0.00000     0.00000     0.00000     0.00000     0.00000     0.00000     0.00000     0.00000     0.00000     0.00000     0.00000
   -43.26040     0.00000     0.00000     0.00000     0.00000     0.00000     0.00000     0.00000     0.00000     0.00000     0.00000     0.00000     0.00000     0.00000     0.00000     0.00000     0.00000     0.00000
   -43.19740     0.00000     0.00000     0.00000     0.00000     0.00000     0.00000     0.00000     0.00000     0.00000     0.00000     0.00000     0.00000     0.00000     0.00000     0.00000     0.00000     0.00000
   -43.13440     0.00000     0.00000     0.00000     0.00000     0.00000     0.00000     0.00000     0.00000     0.00000     0.00000     0.00000     0.00000     0.00000     0.00000     0.00000     0.00000     0.00000
   -43.07040     0.00000     0.00000     0.00000     0.00000     0.00000     0.00000     0.00000     0.00000     0.00000     0.00000     0.00000     0.00000     0.00000     0.00000     0.00000     0.00000     0.00000
   -43.00740     0.00000     0.00000     0.00000     0.00000     0.00000     0.00000     0.00000     0.00000     0.00000     0.00000     0.00000     0.00000     0.00000     0.00000     0.00000     0.00000     0.00000
   -42.94340     0.00000     0.00000     0.00000     0.00000     0.00000     0.00000     0.00000     0.00000     0.00000     0.00000     0.00000     0.00000     0.00000     0.00000     0.00000     0.00000     0.00000
   -42.88040     0.00000     0.00000     0.00000     0.00000     0.00000     0.00000     0.00000     0.00000     0.00000     0.00000     0.00000     0.00000     0.00000     0.00000     0.00000     0.00000     0.00000
   -42.81640     0.00000     0.00000     0.00000     0.00000     0.00000     0.00000     0.00000     0.00000     0.00000     0.00000     0.00000     0.00000     0.00000     0.00000     0.00000     0.00000     0.00000
   -42.75340     0.00000     0.00000     0.00000     0.00000     0.00000     0.00000     0.00000     0.00000     0.00000     0.00000     0.00000     0.00000     0.00000     0.00000     0.00000     0.00000     0.00000
   -42.69040     0.00000     0.00000     0.00000     0.00000     0.00000     0.00000     0.00000     0.00000     0.00000     0.00000     0.00000     0.00000     0.00000     0.00000     0.00000     0.00000     0.00000
   -42.62640     0.00000     0.00000     0.00000     0.00000     0.00000     0.00000     0.00000     0.00000     0.00000     0.00000     0.00000     0.00000     0.00000     0.00000     0.00000     0.00000     0.00000
   -42.56340     0.00000     0.00000     0.00000     0.00000     0.00000     0.00000     0.00000     0.00000     0.00000     0.00000     0.00000     0.00000     0.00000     0.00000     0.00000     0.00000     0.00000
   -42.49940     0.00000     0.00000     0.00000     0.00000     0.00000     0.00000     0.00000     0.00000     0.00000     0.00000     0.00000     0.00000     0.00000     0.00000     0.00000     0.00000     0.00000
   -42.43640     0.00000     0.00000     0.00000     0.00000     0.00000     0.00000     0.00000     0.00000     0.00000     0.00000     0.00000     0.00000     0.00000     0.00000     0.00000     0.00000     0.00000
   -42.37340     0.00000     0.00000     0.00000     0.00000     0.00000     0.00000     0.00000     0.00000     0.00000     0.00000     0.00000     0.00000     0.00000     0.00000     0.00000     0.00000     0.00000
   -42.30940     0.00000     0.00000     0.00000     0.00000     0.00000     0.00000     0.00000     0.00000     0.00000     0.00000     0.00000     0.00000     0.00000     0.00000     0.00000     0.00000     0.00000
   -42.24640     0.00000     0.00000     0.00000     0.00000     0.00000     0.00000     0.00000     0.00000     0.00000     0.00000     0.00000     0.00000     0.00000     0.00000     0.00000     0.00000     0.00000
   -42.18240     0.00000     0.00000     0.00000     0.00000     0.00000     0.00000     0.00000     0.00000     0.00000     0.00000     0.00000     0.00000     0.00000     0.00000     0.00000     0.00000     0.00000
   -42.11940     0.00000     0.00000     0.00000     0.00000     0.00000     0.00000     0.00000     0.00000     0.00000     0.00000     0.00000     0.00000     0.00000     0.00000     0.00000     0.00000     0.00000
   -42.05540     0.00000     0.00000     0.00000     0.00000     0.00000     0.00000     0.00000     0.00000     0.00000     0.00000     0.00000     0.00000     0.00000     0.00000     0.00000     0.00000     0.00000
   -41.99240     0.00000     0.00000     0.00000     0.00000     0.00000     0.00000     0.00000     0.00000     0.00000     0.00000     0.00000     0.00000     0.00000     0.00000     0.00000     0.00000     0.00000
   -41.92940     0.00000     0.00000     0.00000     0.00000     0.00000     0.00000     0.00000     0.00000     0.00000     0.00000     0.00000     0.00000     0.00000     0.00000     0.00000     0.00000     0.00000
   -41.86540     0.00000     0.00000     0.00000     0.00000     0.00000     0.00000     0.00000     0.00000     0.00000     0.00000     0.00000     0.00000     0.00000     0.00000     0.00000     0.00000     0.00000
   -41.80240     0.00000     0.00000     0.00000     0.00000     0.00000     0.00000     0.00000     0.00000     0.00000     0.00000     0.00000     0.00000     0.00000     0.00000     0.00000     0.00000     0.00000
   -41.73840     0.00000     0.00000     0.00000     0.00000     0.00000     0.00000     0.00000     0.00000     0.00000     0.00000     0.00000     0.00000     0.00000     0.00000     0.00000     0.00000     0.00000
   -41.67540     0.00000     0.00000     0.00000     0.00000     0.00000     0.00000     0.00000     0.00000     0.00000     0.00000     0.00000     0.00000     0.00000     0.00000     0.00000     0.00000     0.00000
   -41.61240     0.00000     0.00000     0.00000     0.00000     0.00000     0.00000     0.00000     0.00000     0.00000     0.00000     0.00000     0.00000     0.00000     0.00000     0.00000     0.00000     0.00000
   -41.54840     0.00000     0.00000     0.00000     0.00000     0.00000     0.00000     0.00000     0.00000     0.00000     0.00000     0.00000     0.00000     0.00000     0.00000     0.00000     0.00000     0.00000
   -41.48540     0.00000     0.00000     0.00000     0.00000     0.00000     0.00000     0.00000     0.00000     0.00000     0.00000     0.00000     0.00000     0.00000     0.00000     0.00000     0.00000     0.00000
   -41.42140     0.00000     0.00000     0.00000     0.00000     0.00000     0.00000     0.00000     0.00000     0.00000     0.00000     0.00000     0.00000     0.00000     0.00000     0.00000     0.00000     0.00000
   -41.35840     0.00000     0.00000     0.00000     0.00000     0.00000     0.00000     0.00000     0.00000     0.00000     0.00000     0.00000     0.00000     0.00000     0.00000     0.00000     0.00000     0.00000
   -41.29440     0.00000     0.00000     0.00000     0.00000     0.00000     0.00000     0.00000     0.00000     0.00000     0.00000     0.00000     0.00000     0.00000     0.00000     0.00000     0.00000     0.00000
   -41.23140     0.00000     0.00000     0.00000     0.00000     0.00000     0.00000     0.00000     0.00000     0.00000     0.00000     0.00000     0.00000     0.00000     0.00000     0.00000     0.00000     0.00000
   -41.16840     0.00000     0.00000     0.00000     0.00000     0.00000     0.00000     0.00000     0.00000     0.00000     0.00000     0.00000     0.00000     0.00000     0.00000     0.00000     0.00000     0.00000
   -41.10440     0.00000     0.00000     0.00000     0.00000     0.00000     0.00000     0.00000     0.00000     0.00000     0.00000     0.00000     0.00000     0.00000     0.00000     0.00000     0.00000     0.00000
   -41.04140     0.00000     0.00000     0.00000     0.00000     0.00000     0.00000     0.00000     0.00000     0.00000     0.00000     0.00000     0.00000     0.00000     0.00000     0.00000     0.00000     0.00000
   -40.97740     0.00000     0.00000     0.00000     0.00000     0.00000     0.00000     0.00000     0.00000     0.00000     0.00000     0.00000     0.00000     0.00000     0.00000     0.00000     0.00000     0.00000
   -40.91440     0.00000     0.00000     0.00000     0.00000     0.00000     0.00000     0.00000     0.00000     0.00000     0.00000     0.00000     0.00000     0.00000     0.00000     0.00000     0.00000     0.00000
   -40.85140     0.14556     0.04125     0.04697     0.04176     0.00241     0.00245     0.00041     0.00253     0.00064     0.00008     0.00039     0.00005     0.00012     0.00002     0.00000     0.00003     0.28467
   -40.78740     0.00000     0.00000     0.00000     0.00000     0.00000     0.00000     0.00000     0.00000     0.00000     0.00000     0.00000     0.00000     0.00000     0.00000     0.00000     0.00000     0.00000
   -40.72440     0.00000     0.00000     0.00000     0.00000     0.00000     0.00000     0.00000     0.00000     0.00000     0.00000     0.00000     0.00000     0.00000     0.00000     0.00000     0.00000     0.00000
   -40.66040     0.01689     0.00634     0.00768     0.00554     0.00035     0.00046     0.00014     0.00045     0.00017     0.00001     0.00005     0.00001     0.00002     0.00001     0.00000     0.00001     0.03814
   -40.59740     0.00000     0.00000     0.00000     0.00000     0.00000     0.00000     0.00000     0.00000     0.00000     0.00000     0.00000     0.00000     0.00000     0.00000     0.00000     0.00000     0.00000
   -40.53340     0.00000     0.00000     0.00000     0.00000     0.00000     0.00000     0.00000     0.00000     0.00000     0.00000     0.00000     0.00000     0.00000     0.00000     0.00000     0.00000     0.00000
   -40.47040     0.00000     0.00000     0.00000     0.00000     0.00000     0.00000     0.00000     0.00000     0.00000     0.00000     0.00000     0.00000     0.00000     0.00000     0.00000     0.00000     0.00000
   -40.40740     0.00000     0.00000     0.00000     0.00000     0.00000     0.00000     0.00000     0.00000     0.00000     0.00000     0.00000     0.00000     0.00000     0.00000     0.00000     0.00000     0.00000
   -40.34340     0.00000     0.00000     0.00000     0.00000     0.00000     0.00000     0.00000     0.00000     0.00000     0.00000     0.00000     0.00000     0.00000     0.00000     0.00000     0.00000     0.00000
   -40.28040     0.00000     0.00000     0.00000     0.00000     0.00000     0.00000     0.00000     0.00000     0.00000     0.00000     0.00000     0.00000     0.00000     0.00000     0.00000     0.00000     0.00000
   -40.21640     0.00000     0.00000     0.00000     0.00000     0.00000     0.00000     0.00000     0.00000     0.00000     0.00000     0.00000     0.00000     0.00000     0.00000     0.00000     0.00000     0.00000
   -40.15340     0.00000     0.00000     0.00000     0.00000     0.00000     0.00000     0.00000     0.00000     0.00000     0.00000     0.00000     0.00000     0.00000     0.00000     0.00000     0.00000     0.00000
   -40.09040     0.00000     0.00000     0.00000     0.00000     0.00000     0.00000     0.00000     0.00000     0.00000     0.00000     0.00000     0.00000     0.00000     0.00000     0.00000     0.00000     0.00000
   -40.02640     0.00000     0.00000     0.00000     0.00000     0.00000     0.00000     0.00000     0.00000     0.00000     0.00000     0.00000     0.00000     0.00000     0.00000     0.00000     0.00000     0.00000
   -39.96340     0.00000     0.00000     0.00000     0.00000     0.00000     0.00000     0.00000     0.00000     0.00000     0.00000     0.00000     0.00000     0.00000     0.00000     0.00000     0.00000     0.00000
   -39.89940     0.00000     0.00000     0.00000     0.00000     0.00000     0.00000     0.00000     0.00000     0.00000     0.00000     0.00000     0.00000     0.00000     0.00000     0.00000     0.00000     0.00000
   -39.83640     0.00000     0.00000     0.00000     0.00000     0.00000     0.00000     0.00000     0.00000     0.00000     0.00000     0.00000     0.00000     0.00000     0.00000     0.00000     0.00000     0.00000
   -39.77340     0.00000     0.00000     0.00000     0.00000     0.00000     0.00000     0.00000     0.00000     0.00000     0.00000     0.00000     0.00000     0.00000     0.00000     0.00000     0.00000     0.00000
   -39.70940     0.00000     0.00000     0.00000     0.00000     0.00000     0.00000     0.00000     0.00000     0.00000     0.00000     0.00000     0.00000     0.00000     0.00000     0.00000     0.00000     0.00000
   -39.64640     0.00000     0.00000     0.00000     0.00000     0.00000     0.00000     0.00000     0.00000     0.00000     0.00000     0.00000     0.00000     0.00000     0.00000     0.00000     0.00000     0.00000
   -39.58240     0.00000     0.00000     0.00000     0.00000     0.00000     0.00000     0.00000     0.00000     0.00000     0.00000     0.00000     0.00000     0.00000     0.00000     0.00000     0.00000     0.00000
   -39.51940     0.00000     0.00000     0.00000     0.00000     0.00000     0.00000     0.00000     0.00000     0.00000     0.00000     0.00000     0.00000     0.00000     0.00000     0.00000     0.00000     0.00000
   -39.45540     0.00000     0.00000     0.00000     0.00000     0.00000     0.00000     0.00000     0.00000     0.00000     0.00000     0.00000     0.00000     0.00000     0.00000     0.00000     0.00000     0.00000
   -39.39240     0.00000     0.00000     0.00000     0.00000     0.00000     0.00000     0.00000     0.00000     0.00000     0.00000     0.00000     0.00000     0.00000     0.00000     0.00000     0.00000     0.00000
   -39.32940     0.00000     0.00000     0.00000     0.00000     0.00000     0.00000     0.00000     0.00000     0.00000     0.00000     0.00000     0.00000     0.00000     0.00000     0.00000     0.00000     0.00000
   -39.26540     0.00000     0.00000     0.00000     0.00000     0.00000     0.00000     0.00000     0.00000     0.00000     0.00000     0.00000     0.00000     0.00000     0.00000     0.00000     0.00000     0.00000
   -39.20240     0.00000     0.00000     0.00000     0.00000     0.00000     0.00000     0.00000     0.00000     0.00000     0.00000     0.00000     0.00000     0.00000     0.00000     0.00000     0.00000     0.00000
   -39.13840     0.00000     0.00000     0.00000     0.00000     0.00000     0.00000     0.00000     0.00000     0.00000     0.00000     0.00000     0.00000     0.00000     0.00000     0.00000     0.00000     0.00000
   -39.07540     0.00000     0.00000     0.00000     0.00000     0.00000     0.00000     0.00000     0.00000     0.00000     0.00000     0.00000     0.00000     0.00000     0.00000     0.00000     0.00000     0.00000
   -39.01240     0.00000     0.00000     0.00000     0.00000     0.00000     0.00000     0.00000     0.00000     0.00000     0.00000     0.00000     0.00000     0.00000     0.00000     0.00000     0.00000     0.00000
   -38.94840     0.00000     0.00000     0.00000     0.00000     0.00000     0.00000     0.00000     0.00000     0.00000     0.00000     0.00000     0.00000     0.00000     0.00000     0.00000     0.00000     0.00000
   -38.88540     0.00000     0.00000     0.00000     0.00000     0.00000     0.00000     0.00000     0.00000     0.00000     0.00000     0.00000     0.00000     0.00000     0.00000     0.00000     0.00000     0.00000
   -38.82140     0.00000     0.00000     0.00000     0.00000     0.00000     0.00000     0.00000     0.00000     0.00000     0.00000     0.00000     0.00000     0.00000     0.00000     0.00000     0.00000     0.00000
   -38.75840     0.00000     0.00000     0.00000     0.00000     0.00000     0.00000     0.00000     0.00000     0.00000     0.00000     0.00000     0.00000     0.00000     0.00000     0.00000     0.00000     0.00000
   -38.69440     0.00000     0.00000     0.00000     0.00000     0.00000     0.00000     0.00000     0.00000     0.00000     0.00000     0.00000     0.00000     0.00000     0.00000     0.00000     0.00000     0.00000
   -38.63140     0.00000     0.00000     0.00000     0.00000     0.00000     0.00000     0.00000     0.00000     0.00000     0.00000     0.00000     0.00000     0.00000     0.00000     0.00000     0.00000     0.00000
   -38.56840     0.00000     0.00000     0.00000     0.00000     0.00000     0.00000     0.00000     0.00000     0.00000     0.00000     0.00000     0.00000     0.00000     0.00000     0.00000     0.00000     0.00000
   -38.50440     0.00000     0.00000     0.00000     0.00000     0.00000     0.00000     0.00000     0.00000     0.00000     0.00000     0.00000     0.00000     0.00000     0.00000     0.00000     0.00000     0.00000
   -38.44140     0.00000     0.00000     0.00000     0.00000     0.00000     0.00000     0.00000     0.00000     0.00000     0.00000     0.00000     0.00000     0.00000     0.00000     0.00000     0.00000     0.00000
   -38.37740     0.00000     0.00000     0.00000     0.00000     0.00000     0.00000     0.00000     0.00000     0.00000     0.00000     0.00000     0.00000     0.00000     0.00000     0.00000     0.00000     0.00000
   -38.31440     0.00000     0.00000     0.00000     0.00000     0.00000     0.00000     0.00000     0.00000     0.00000     0.00000     0.00000     0.00000     0.00000     0.00000     0.00000     0.00000     0.00000
   -38.25140     0.00000     0.00000     0.00000     0.00000     0.00000     0.00000     0.00000     0.00000     0.00000     0.00000     0.00000     0.00000     0.00000     0.00000     0.00000     0.00000     0.00000
   -38.18740     0.00000     0.00000     0.00000     0.00000     0.00000     0.00000     0.00000     0.00000     0.00000     0.00000     0.00000     0.00000     0.00000     0.00000     0.00000     0.00000     0.00000
   -38.12440     0.00000     0.00000     0.00000     0.00000     0.00000     0.00000     0.00000     0.00000     0.00000     0.00000     0.00000     0.00000     0.00000     0.00000     0.00000     0.00000     0.00000
   -38.06040     0.00000     0.00000     0.00000     0.00000     0.00000     0.00000     0.00000     0.00000     0.00000     0.00000     0.00000     0.00000     0.00000     0.00000     0.00000     0.00000     0.00000
   -37.99740     0.00000     0.00000     0.00000     0.00000     0.00000     0.00000     0.00000     0.00000     0.00000     0.00000     0.00000     0.00000     0.00000     0.00000     0.00000     0.00000     0.00000
   -37.93340     0.00000     0.00000     0.00000     0.00000     0.00000     0.00000     0.00000     0.00000     0.00000     0.00000     0.00000     0.00000     0.00000     0.00000     0.00000     0.00000     0.00000
   -37.87040     0.00000     0.00000     0.00000     0.00000     0.00000     0.00000     0.00000     0.00000     0.00000     0.00000     0.00000     0.00000     0.00000     0.00000     0.00000     0.00000     0.00000
   -37.80740     0.00000     0.00000     0.00000     0.00000     0.00000     0.00000     0.00000     0.00000     0.00000     0.00000     0.00000     0.00000     0.00000     0.00000     0.00000     0.00000     0.00000
   -37.74340     0.00000     0.00000     0.00000     0.00000     0.00000     0.00000     0.00000     0.00000     0.00000     0.00000     0.00000     0.00000     0.00000     0.00000     0.00000     0.00000     0.00000
   -37.68040     0.00000     0.00000     0.00000     0.00000     0.00000     0.00000     0.00000     0.00000     0.00000     0.00000     0.00000     0.00000     0.00000     0.00000     0.00000     0.00000     0.00000
   -37.61640     0.00000     0.00000     0.00000     0.00000     0.00000     0.00000     0.00000     0.00000     0.00000     0.00000     0.00000     0.00000     0.00000     0.00000     0.00000     0.00000     0.00000
   -37.55340     0.00000     0.00000     0.00000     0.00000     0.00000     0.00000     0.00000     0.00000     0.00000     0.00000     0.00000     0.00000     0.00000     0.00000     0.00000     0.00000     0.00000
   -37.49040     0.00000     0.00000     0.00000     0.00000     0.00000     0.00000     0.00000     0.00000     0.00000     0.00000     0.00000     0.00000     0.00000     0.00000     0.00000     0.00000     0.00000
   -37.42640     0.00000     0.00000     0.00000     0.00000     0.00000     0.00000     0.00000     0.00000     0.00000     0.00000     0.00000     0.00000     0.00000     0.00000     0.00000     0.00000     0.00000
   -37.36340     0.00000     0.00000     0.00000     0.00000     0.00000     0.00000     0.00000     0.00000     0.00000     0.00000     0.00000     0.00000     0.00000     0.00000     0.00000     0.00000     0.00000
   -37.29940     0.00000     0.00000     0.00000     0.00000     0.00000     0.00000     0.00000     0.00000     0.00000     0.00000     0.00000     0.00000     0.00000     0.00000     0.00000     0.00000     0.00000
   -37.23640     0.00000     0.00000     0.00000     0.00000     0.00000     0.00000     0.00000     0.00000     0.00000     0.00000     0.00000     0.00000     0.00000     0.00000     0.00000     0.00000     0.00000
   -37.17340     0.00000     0.00000     0.00000     0.00000     0.00000     0.00000     0.00000     0.00000     0.00000     0.00000     0.00000     0.00000     0.00000     0.00000     0.00000     0.00000     0.00000
   -37.10940     0.00000     0.00000     0.00000     0.00000     0.00000     0.00000     0.00000     0.00000     0.00000     0.00000     0.00000     0.00000     0.00000     0.00000     0.00000     0.00000     0.00000
   -37.04640     0.00000     0.00000     0.00000     0.00000     0.00000     0.00000     0.00000     0.00000     0.00000     0.00000     0.00000     0.00000     0.00000     0.00000     0.00000     0.00000     0.00000
   -36.98240     0.00000     0.00000     0.00000     0.00000     0.00000     0.00000     0.00000     0.00000     0.00000     0.00000     0.00000     0.00000     0.00000     0.00000     0.00000     0.00000     0.00000
   -36.91940     0.00000     0.00000     0.00000     0.00000     0.00000     0.00000     0.00000     0.00000     0.00000     0.00000     0.00000     0.00000     0.00000     0.00000     0.00000     0.00000     0.00000
   -36.85540     0.00000     0.00000     0.00000     0.00000     0.00000     0.00000     0.00000     0.00000     0.00000     0.00000     0.00000     0.00000     0.00000     0.00000     0.00000     0.00000     0.00000
   -36.79240     0.00000     0.00000     0.00000     0.00000     0.00000     0.00000     0.00000     0.00000     0.00000     0.00000     0.00000     0.00000     0.00000     0.00000     0.00000     0.00000     0.00000
   -36.72940     0.00000     0.00000     0.00000     0.00000     0.00000     0.00000     0.00000     0.00000     0.00000     0.00000     0.00000     0.00000     0.00000     0.00000     0.00000     0.00000     0.00000
   -36.66540     0.00000     0.00000     0.00000     0.00000     0.00000     0.00000     0.00000     0.00000     0.00000     0.00000     0.00000     0.00000     0.00000     0.00000     0.00000     0.00000     0.00000
   -36.60240     0.00000     0.00000     0.00000     0.00000     0.00000     0.00000     0.00000     0.00000     0.00000     0.00000     0.00000     0.00000     0.00000     0.00000     0.00000     0.00000     0.00000
   -36.53840     0.00000     0.00000     0.00000     0.00000     0.00000     0.00000     0.00000     0.00000     0.00000     0.00000     0.00000     0.00000     0.00000     0.00000     0.00000     0.00000     0.00000
   -36.47540     0.00000     0.00000     0.00000     0.00000     0.00000     0.00000     0.00000     0.00000     0.00000     0.00000     0.00000     0.00000     0.00000     0.00000     0.00000     0.00000     0.00000
   -36.41240     0.00000     0.00000     0.00000     0.00000     0.00000     0.00000     0.00000     0.00000     0.00000     0.00000     0.00000     0.00000     0.00000     0.00000     0.00000     0.00000     0.00000
   -36.34840     0.00000     0.00000     0.00000     0.00000     0.00000     0.00000     0.00000     0.00000     0.00000     0.00000     0.00000     0.00000     0.00000     0.00000     0.00000     0.00000     0.00000
   -36.28540     0.00000     0.00000     0.00000     0.00000     0.00000     0.00000     0.00000     0.00000     0.00000     0.00000     0.00000     0.00000     0.00000     0.00000     0.00000     0.00000     0.00000
   -36.22140     0.00000     0.00000     0.00000     0.00000     0.00000     0.00000     0.00000     0.00000     0.00000     0.00000     0.00000     0.00000     0.00000     0.00000     0.00000     0.00000     0.00000
   -36.15840     0.00000     0.00000     0.00000     0.00000     0.00000     0.00000     0.00000     0.00000     0.00000     0.00000     0.00000     0.00000     0.00000     0.00000     0.00000     0.00000     0.00000
   -36.09440     0.00000     0.00000     0.00000     0.00000     0.00000     0.00000     0.00000     0.00000     0.00000     0.00000     0.00000     0.00000     0.00000     0.00000     0.00000     0.00000     0.00000
   -36.03140     0.00000     0.00000     0.00000     0.00000     0.00000     0.00000     0.00000     0.00000     0.00000     0.00000     0.00000     0.00000     0.00000     0.00000     0.00000     0.00000     0.00000
   -35.96840     0.00000     0.00000     0.00000     0.00000     0.00000     0.00000     0.00000     0.00000     0.00000     0.00000     0.00000     0.00000     0.00000     0.00000     0.00000     0.00000     0.00000
   -35.90440     0.00000     0.00000     0.00000     0.00000     0.00000     0.00000     0.00000     0.00000     0.00000     0.00000     0.00000     0.00000     0.00000     0.00000     0.00000     0.00000     0.00000
   -35.84140     0.00000     0.00000     0.00000     0.00000     0.00000     0.00000     0.00000     0.00000     0.00000     0.00000     0.00000     0.00000     0.00000     0.00000     0.00000     0.00000     0.00000
   -35.77740     0.00000     0.00000     0.00000     0.00000     0.00000     0.00000     0.00000     0.00000     0.00000     0.00000     0.00000     0.00000     0.00000     0.00000     0.00000     0.00000     0.00000
   -35.71440     0.00000     0.00000     0.00000     0.00000     0.00000     0.00000     0.00000     0.00000     0.00000     0.00000     0.00000     0.00000     0.00000     0.00000     0.00000     0.00000     0.00000
   -35.65140     0.00000     0.00000     0.00000     0.00000     0.00000     0.00000     0.00000     0.00000     0.00000     0.00000     0.00000     0.00000     0.00000     0.00000     0.00000     0.00000     0.00000
   -35.58740     0.00000     0.00000     0.00000     0.00000     0.00000     0.00000     0.00000     0.00000     0.00000     0.00000     0.00000     0.00000     0.00000     0.00000     0.00000     0.00000     0.00000
   -35.52440     0.00000     0.00000     0.00000     0.00000     0.00000     0.00000     0.00000     0.00000     0.00000     0.00000     0.00000     0.00000     0.00000     0.00000     0.00000     0.00000     0.00000
   -35.46040     0.00000     0.00000     0.00000     0.00000     0.00000     0.00000     0.00000     0.00000     0.00000     0.00000     0.00000     0.00000     0.00000     0.00000     0.00000     0.00000     0.00000
   -35.39740     0.00000     0.00000     0.00000     0.00000     0.00000     0.00000     0.00000     0.00000     0.00000     0.00000     0.00000     0.00000     0.00000     0.00000     0.00000     0.00000     0.00000
   -35.33340     0.00000     0.00000     0.00000     0.00000     0.00000     0.00000     0.00000     0.00000     0.00000     0.00000     0.00000     0.00000     0.00000     0.00000     0.00000     0.00000     0.00000
   -35.27040     0.00000     0.00000     0.00000     0.00000     0.00000     0.00000     0.00000     0.00000     0.00000     0.00000     0.00000     0.00000     0.00000     0.00000     0.00000     0.00000     0.00000
   -35.20740     0.00000     0.00000     0.00000     0.00000     0.00000     0.00000     0.00000     0.00000     0.00000     0.00000     0.00000     0.00000     0.00000     0.00000     0.00000     0.00000     0.00000
   -35.14340     0.00000     0.00000     0.00000     0.00000     0.00000     0.00000     0.00000     0.00000     0.00000     0.00000     0.00000     0.00000     0.00000     0.00000     0.00000     0.00000     0.00000
   -35.08040     0.00000     0.00000     0.00000     0.00000     0.00000     0.00000     0.00000     0.00000     0.00000     0.00000     0.00000     0.00000     0.00000     0.00000     0.00000     0.00000     0.00000
   -35.01640     0.00000     0.00000     0.00000     0.00000     0.00000     0.00000     0.00000     0.00000     0.00000     0.00000     0.00000     0.00000     0.00000     0.00000     0.00000     0.00000     0.00000
   -34.95340     0.00000     0.00000     0.00000     0.00000     0.00000     0.00000     0.00000     0.00000     0.00000     0.00000     0.00000     0.00000     0.00000     0.00000     0.00000     0.00000     0.00000
   -34.89040     0.00000     0.00000     0.00000     0.00000     0.00000     0.00000     0.00000     0.00000     0.00000     0.00000     0.00000     0.00000     0.00000     0.00000     0.00000     0.00000     0.00000
   -34.82640     0.00000     0.00000     0.00000     0.00000     0.00000     0.00000     0.00000     0.00000     0.00000     0.00000     0.00000     0.00000     0.00000     0.00000     0.00000     0.00000     0.00000
   -34.76340     0.00000     0.00000     0.00000     0.00000     0.00000     0.00000     0.00000     0.00000     0.00000     0.00000     0.00000     0.00000     0.00000     0.00000     0.00000     0.00000     0.00000
   -34.69940     0.00000     0.00000     0.00000     0.00000     0.00000     0.00000     0.00000     0.00000     0.00000     0.00000     0.00000     0.00000     0.00000     0.00000     0.00000     0.00000     0.00000
   -34.63640     0.00000     0.00000     0.00000     0.00000     0.00000     0.00000     0.00000     0.00000     0.00000     0.00000     0.00000     0.00000     0.00000     0.00000     0.00000     0.00000     0.00000
   -34.57340     0.00000     0.00000     0.00000     0.00000     0.00000     0.00000     0.00000     0.00000     0.00000     0.00000     0.00000     0.00000     0.00000     0.00000     0.00000     0.00000     0.00000
   -34.50940     0.00000     0.00000     0.00000     0.00000     0.00000     0.00000     0.00000     0.00000     0.00000     0.00000     0.00000     0.00000     0.00000     0.00000     0.00000     0.00000     0.00000
   -34.44640     0.00000     0.00000     0.00000     0.00000     0.00000     0.00000     0.00000     0.00000     0.00000     0.00000     0.00000     0.00000     0.00000     0.00000     0.00000     0.00000     0.00000
   -34.38240     0.00000     0.00000     0.00000     0.00000     0.00000     0.00000     0.00000     0.00000     0.00000     0.00000     0.00000     0.00000     0.00000     0.00000     0.00000     0.00000     0.00000
   -34.31940     0.00000     0.00000     0.00000     0.00000     0.00000     0.00000     0.00000     0.00000     0.00000     0.00000     0.00000     0.00000     0.00000     0.00000     0.00000     0.00000     0.00000
   -34.25540     0.00000     0.00000     0.00000     0.00000     0.00000     0.00000     0.00000     0.00000     0.00000     0.00000     0.00000     0.00000     0.00000     0.00000     0.00000     0.00000     0.00000
   -34.19240     0.00000     0.00000     0.00000     0.00000     0.00000     0.00000     0.00000     0.00000     0.00000     0.00000     0.00000     0.00000     0.00000     0.00000     0.00000     0.00000     0.00000
   -34.12940     0.00000     0.00000     0.00000     0.00000     0.00000     0.00000     0.00000     0.00000     0.00000     0.00000     0.00000     0.00000     0.00000     0.00000     0.00000     0.00000     0.00000
   -34.06540     0.00000     0.00000     0.00000     0.00000     0.00000     0.00000     0.00000     0.00000     0.00000     0.00000     0.00000     0.00000     0.00000     0.00000     0.00000     0.00000     0.00000
   -34.00240     0.00000     0.00000     0.00000     0.00000     0.00000     0.00000     0.00000     0.00000     0.00000     0.00000     0.00000     0.00000     0.00000     0.00000     0.00000     0.00000     0.00000
   -33.93840     0.00000     0.00000     0.00000     0.00000     0.00000     0.00000     0.00000     0.00000     0.00000     0.00000     0.00000     0.00000     0.00000     0.00000     0.00000     0.00000     0.00000
   -33.87540     0.00000     0.00000     0.00000     0.00000     0.00000     0.00000     0.00000     0.00000     0.00000     0.00000     0.00000     0.00000     0.00000     0.00000     0.00000     0.00000     0.00000
   -33.81240     0.00000     0.00000     0.00000     0.00000     0.00000     0.00000     0.00000     0.00000     0.00000     0.00000     0.00000     0.00000     0.00000     0.00000     0.00000     0.00000     0.00000
   -33.74840     0.00000     0.00000     0.00000     0.00000     0.00000     0.00000     0.00000     0.00000     0.00000     0.00000     0.00000     0.00000     0.00000     0.00000     0.00000     0.00000     0.00000
   -33.68540     0.00000     0.00000     0.00000     0.00000     0.00000     0.00000     0.00000     0.00000     0.00000     0.00000     0.00000     0.00000     0.00000     0.00000     0.00000     0.00000     0.00000
   -33.62140     0.00000     0.00000     0.00000     0.00000     0.00000     0.00000     0.00000     0.00000     0.00000     0.00000     0.00000     0.00000     0.00000     0.00000     0.00000     0.00000     0.00000
   -33.55840     0.00000     0.00000     0.00000     0.00000     0.00000     0.00000     0.00000     0.00000     0.00000     0.00000     0.00000     0.00000     0.00000     0.00000     0.00000     0.00000     0.00000
   -33.49440     0.00000     0.00000     0.00000     0.00000     0.00000     0.00000     0.00000     0.00000     0.00000     0.00000     0.00000     0.00000     0.00000     0.00000     0.00000     0.00000     0.00000
   -33.43140     0.00000     0.00000     0.00000     0.00000     0.00000     0.00000     0.00000     0.00000     0.00000     0.00000     0.00000     0.00000     0.00000     0.00000     0.00000     0.00000     0.00000
   -33.36840     0.00000     0.00000     0.00000     0.00000     0.00000     0.00000     0.00000     0.00000     0.00000     0.00000     0.00000     0.00000     0.00000     0.00000     0.00000     0.00000     0.00000
   -33.30440     0.00000     0.00000     0.00000     0.00000     0.00000     0.00000     0.00000     0.00000     0.00000     0.00000     0.00000     0.00000     0.00000     0.00000     0.00000     0.00000     0.00000
   -33.24140     0.00000     0.00000     0.00000     0.00000     0.00000     0.00000     0.00000     0.00000     0.00000     0.00000     0.00000     0.00000     0.00000     0.00000     0.00000     0.00000     0.00000
   -33.17740     0.00000     0.00000     0.00000     0.00000     0.00000     0.00000     0.00000     0.00000     0.00000     0.00000     0.00000     0.00000     0.00000     0.00000     0.00000     0.00000     0.00000
   -33.11440     0.00637     0.04705     0.06332     0.01298     0.00014     0.00084     0.00020     0.00021     0.00016     0.00000     0.00002     0.00002     0.00001     0.00001     0.00002     0.00001     0.13136
   -33.05140     0.00125     0.00677     0.00818     0.00266     0.00003     0.00013     0.00007     0.00006     0.00002     0.00000     0.00001     0.00000     0.00000     0.00000     0.00000     0.00000     0.01918
   -32.98740     0.00000     0.00000     0.00000     0.00000     0.00000     0.00000     0.00000     0.00000     0.00000     0.00000     0.00000     0.00000     0.00000     0.00000     0.00000     0.00000     0.00000
   -32.92440     0.00000     0.00000     0.00000     0.00000     0.00000     0.00000     0.00000     0.00000     0.00000     0.00000     0.00000     0.00000     0.00000     0.00000     0.00000     0.00000     0.00000
   -32.86040     0.00008     0.00070     0.00044     0.00084     0.00000     0.00000     0.00001     0.00001     0.00001     0.00000     0.00000     0.00000     0.00000     0.00000     0.00000     0.00000     0.00208
   -32.79740     0.01366     0.10761     0.09429     0.13614     0.00100     0.00135     0.00080     0.00086     0.00110     0.00003     0.00010     0.00004     0.00004     0.00005     0.00006     0.00005     0.35718
   -32.73340     0.00549     0.05792     0.04007     0.03297     0.00031     0.00054     0.00025     0.00026     0.00038     0.00002     0.00003     0.00002     0.00001     0.00001     0.00002     0.00001     0.13832
   -32.67040     0.00271     0.03581     0.01685     0.02082     0.00021     0.00023     0.00013     0.00021     0.00020     0.00001     0.00003     0.00001     0.00001     0.00001     0.00001     0.00001     0.07725
   -32.60740     0.02210     0.19289     0.35934     0.10506     0.00089     0.00262     0.00153     0.00143     0.00072     0.00003     0.00010     0.00009     0.00005     0.00007     0.00002     0.00003     0.68701
   -32.54340     0.01852     0.16526     0.17508     0.11740     0.00101     0.00183     0.00127     0.00121     0.00106     0.00007     0.00012     0.00008     0.00005     0.00004     0.00007     0.00005     0.48314
   -32.48040     0.01064     0.16089     0.14549     0.07791     0.00086     0.00112     0.00156     0.00083     0.00064     0.00003     0.00007     0.00004     0.00006     0.00003     0.00004     0.00004     0.40025
   -32.41640     0.00494     0.07985     0.04433     0.07111     0.00056     0.00031     0.00024     0.00070     0.00025     0.00001     0.00006     0.00001     0.00002     0.00002     0.00001     0.00002     0.20243
   -32.35340     0.00609     0.09617     0.11636     0.09699     0.00075     0.00065     0.00073     0.00069     0.00060     0.00005     0.00009     0.00004     0.00005     0.00003     0.00002     0.00002     0.31934
   -32.29040     0.01995     0.27352     0.19390     0.28613     0.00265     0.00153     0.00160     0.00201     0.00075     0.00012     0.00022     0.00006     0.00016     0.00008     0.00004     0.00006     0.78278
   -32.22640     0.05015     0.29722     0.50759     0.86436     0.00917     0.00318     0.00190     0.00671     0.00119     0.00025     0.00075     0.00008     0.00021     0.00010     0.00012     0.00012     1.74311
   -32.16340     0.03715     0.20119     0.40405     0.53084     0.00414     0.00344     0.00225     0.00502     0.00343     0.00012     0.00047     0.00015     0.00016     0.00025     0.00014     0.00029     1.19306
   -32.09940     0.00729     0.07892     0.05941     0.13508     0.00058     0.00088     0.00026     0.00088     0.00052     0.00001     0.00006     0.00003     0.00002     0.00002     0.00002     0.00003     0.28402
   -32.03640     0.00291     0.03880     0.03567     0.04431     0.00035     0.00038     0.00009     0.00035     0.00015     0.00001     0.00005     0.00001     0.00001     0.00001     0.00001     0.00001     0.12312
   -31.97240     0.00044     0.00736     0.00618     0.00619     0.00007     0.00008     0.00002     0.00008     0.00001     0.00000     0.00001     0.00000     0.00000     0.00000     0.00000     0.00000     0.02046
   -31.90940     0.00437     0.09339     0.07713     0.10039     0.00136     0.00088     0.00033     0.00116     0.00024     0.00006     0.00016     0.00003     0.00003     0.00005     0.00001     0.00007     0.27966
   -31.84640     0.01843     0.22045     0.26587     0.24950     0.00241     0.00222     0.00064     0.00261     0.00067     0.00007     0.00022     0.00007     0.00005     0.00007     0.00003     0.00008     0.76339
   -31.78240     0.00707     0.15585     0.13841     0.13791     0.00221     0.00140     0.00056     0.00163     0.00057     0.00011     0.00022     0.00006     0.00010     0.00007     0.00004     0.00009     0.44628
   -31.71940     0.00000     0.00000     0.00000     0.00000     0.00000     0.00000     0.00000     0.00000     0.00000     0.00000     0.00000     0.00000     0.00000     0.00000     0.00000     0.00000     0.00000
   -31.65540     0.00000     0.00000     0.00000     0.00000     0.00000     0.00000     0.00000     0.00000     0.00000     0.00000     0.00000     0.00000     0.00000     0.00000     0.00000     0.00000     0.00000
   -31.59240     0.00000     0.00000     0.00000     0.00000     0.00000     0.00000     0.00000     0.00000     0.00000     0.00000     0.00000     0.00000     0.00000     0.00000     0.00000     0.00000     0.00000
   -31.52940     0.00000     0.00000     0.00000     0.00000     0.00000     0.00000     0.00000     0.00000     0.00000     0.00000     0.00000     0.00000     0.00000     0.00000     0.00000     0.00000     0.00000
   -31.46540     0.00000     0.00000     0.00000     0.00000     0.00000     0.00000     0.00000     0.00000     0.00000     0.00000     0.00000     0.00000     0.00000     0.00000     0.00000     0.00000     0.00000
   -31.40240     0.00000     0.00000     0.00000     0.00000     0.00000     0.00000     0.00000     0.00000     0.00000     0.00000     0.00000     0.00000     0.00000     0.00000     0.00000     0.00000     0.00000
   -31.33840     0.00000     0.00000     0.00000     0.00000     0.00000     0.00000     0.00000     0.00000     0.00000     0.00000     0.00000     0.00000     0.00000     0.00000     0.00000     0.00000     0.00000
   -31.27540     0.00000     0.00000     0.00000     0.00000     0.00000     0.00000     0.00000     0.00000     0.00000     0.00000     0.00000     0.00000     0.00000     0.00000     0.00000     0.00000     0.00000
   -31.21240     0.00000     0.00000     0.00000     0.00000     0.00000     0.00000     0.00000     0.00000     0.00000     0.00000     0.00000     0.00000     0.00000     0.00000     0.00000     0.00000     0.00000
   -31.14840     0.00000     0.00000     0.00000     0.00000     0.00000     0.00000     0.00000     0.00000     0.00000     0.00000     0.00000     0.00000     0.00000     0.00000     0.00000     0.00000     0.00000
   -31.08540     0.00000     0.00000     0.00000     0.00000     0.00000     0.00000     0.00000     0.00000     0.00000     0.00000     0.00000     0.00000     0.00000     0.00000     0.00000     0.00000     0.00000
   -31.02140     0.00000     0.00000     0.00000     0.00000     0.00000     0.00000     0.00000     0.00000     0.00000     0.00000     0.00000     0.00000     0.00000     0.00000     0.00000     0.00000     0.00000
   -30.95840     0.00000     0.00000     0.00000     0.00000     0.00000     0.00000     0.00000     0.00000     0.00000     0.00000     0.00000     0.00000     0.00000     0.00000     0.00000     0.00000     0.00000
   -30.89440     0.00000     0.00000     0.00000     0.00000     0.00000     0.00000     0.00000     0.00000     0.00000     0.00000     0.00000     0.00000     0.00000     0.00000     0.00000     0.00000     0.00000
   -30.83140     0.00000     0.00000     0.00000     0.00000     0.00000     0.00000     0.00000     0.00000     0.00000     0.00000     0.00000     0.00000     0.00000     0.00000     0.00000     0.00000     0.00000
   -30.76840     0.00000     0.00000     0.00000     0.00000     0.00000     0.00000     0.00000     0.00000     0.00000     0.00000     0.00000     0.00000     0.00000     0.00000     0.00000     0.00000     0.00000
   -30.70440     0.00000     0.00000     0.00000     0.00000     0.00000     0.00000     0.00000     0.00000     0.00000     0.00000     0.00000     0.00000     0.00000     0.00000     0.00000     0.00000     0.00000
   -30.64140     0.00000     0.00000     0.00000     0.00000     0.00000     0.00000     0.00000     0.00000     0.00000     0.00000     0.00000     0.00000     0.00000     0.00000     0.00000     0.00000     0.00000
   -30.57740     0.00000     0.00000     0.00000     0.00000     0.00000     0.00000     0.00000     0.00000     0.00000     0.00000     0.00000     0.00000     0.00000     0.00000     0.00000     0.00000     0.00000
   -30.51440     0.00000     0.00000     0.00000     0.00000     0.00000     0.00000     0.00000     0.00000     0.00000     0.00000     0.00000     0.00000     0.00000     0.00000     0.00000     0.00000     0.00000
   -30.45140     0.00000     0.00000     0.00000     0.00000     0.00000     0.00000     0.00000     0.00000     0.00000     0.00000     0.00000     0.00000     0.00000     0.00000     0.00000     0.00000     0.00000
   -30.38740     0.00000     0.00000     0.00000     0.00000     0.00000     0.00000     0.00000     0.00000     0.00000     0.00000     0.00000     0.00000     0.00000     0.00000     0.00000     0.00000     0.00000
   -30.32440     0.00000     0.00000     0.00000     0.00000     0.00000     0.00000     0.00000     0.00000     0.00000     0.00000     0.00000     0.00000     0.00000     0.00000     0.00000     0.00000     0.00000
   -30.26040     0.00000     0.00000     0.00000     0.00000     0.00000     0.00000     0.00000     0.00000     0.00000     0.00000     0.00000     0.00000     0.00000     0.00000     0.00000     0.00000     0.00000
   -30.19740     0.00000     0.00000     0.00000     0.00000     0.00000     0.00000     0.00000     0.00000     0.00000     0.00000     0.00000     0.00000     0.00000     0.00000     0.00000     0.00000     0.00000
   -30.13340     0.00000     0.00000     0.00000     0.00000     0.00000     0.00000     0.00000     0.00000     0.00000     0.00000     0.00000     0.00000     0.00000     0.00000     0.00000     0.00000     0.00000
   -30.07040     0.00000     0.00000     0.00000     0.00000     0.00000     0.00000     0.00000     0.00000     0.00000     0.00000     0.00000     0.00000     0.00000     0.00000     0.00000     0.00000     0.00000
   -30.00740     0.00000     0.00000     0.00000     0.00000     0.00000     0.00000     0.00000     0.00000     0.00000     0.00000     0.00000     0.00000     0.00000     0.00000     0.00000     0.00000     0.00000
   -29.94340     0.00000     0.00000     0.00000     0.00000     0.00000     0.00000     0.00000     0.00000     0.00000     0.00000     0.00000     0.00000     0.00000     0.00000     0.00000     0.00000     0.00000
   -29.88040     0.00000     0.00000     0.00000     0.00000     0.00000     0.00000     0.00000     0.00000     0.00000     0.00000     0.00000     0.00000     0.00000     0.00000     0.00000     0.00000     0.00000
   -29.81640     0.00000     0.00000     0.00000     0.00000     0.00000     0.00000     0.00000     0.00000     0.00000     0.00000     0.00000     0.00000     0.00000     0.00000     0.00000     0.00000     0.00000
   -29.75340     0.00000     0.00000     0.00000     0.00000     0.00000     0.00000     0.00000     0.00000     0.00000     0.00000     0.00000     0.00000     0.00000     0.00000     0.00000     0.00000     0.00000
   -29.69040     0.00000     0.00000     0.00000     0.00000     0.00000     0.00000     0.00000     0.00000     0.00000     0.00000     0.00000     0.00000     0.00000     0.00000     0.00000     0.00000     0.00000
   -29.62640     0.00000     0.00000     0.00000     0.00000     0.00000     0.00000     0.00000     0.00000     0.00000     0.00000     0.00000     0.00000     0.00000     0.00000     0.00000     0.00000     0.00000
   -29.56340     0.01317     6.55764     4.55620     5.24538     0.00065     0.00103     0.00064     0.00124     0.00075     0.00004     0.00011     0.00002     0.00002     0.00003     0.00002     0.00003    16.37699
   -29.49940     0.00000     0.00000     0.00000     0.00000     0.00000     0.00000     0.00000     0.00000     0.00000     0.00000     0.00000     0.00000     0.00000     0.00000     0.00000     0.00000     0.00000
   -29.43640     0.01470     7.86420    10.29824     8.76266     0.00207     0.00142     0.00097     0.00176     0.00056     0.00004     0.00022     0.00004     0.00010     0.00006     0.00004     0.00006    26.94714
   -29.37240     0.02173    13.94810    15.08629    14.23760     0.00256     0.00227     0.00173     0.00334     0.00069     0.00008     0.00017     0.00008     0.00012     0.00008     0.00009     0.00009    43.30500
   -29.30940     0.02218    10.57600    16.49043    15.11950     0.00492     0.00347     0.00183     0.00291     0.00063     0.00007     0.00025     0.00007     0.00010     0.00009     0.00006     0.00008    42.22259
   -29.24640     0.00000     0.00000     0.00000     0.00000     0.00000     0.00000     0.00000     0.00000     0.00000     0.00000     0.00000     0.00000     0.00000     0.00000     0.00000     0.00000     0.00000
   -29.18240     0.00000     0.00000     0.00000     0.00000     0.00000     0.00000     0.00000     0.00000     0.00000     0.00000     0.00000     0.00000     0.00000     0.00000     0.00000     0.00000     0.00000
   -29.11940     0.00000     0.00000     0.00000     0.00000     0.00000     0.00000     0.00000     0.00000     0.00000     0.00000     0.00000     0.00000     0.00000     0.00000     0.00000     0.00000     0.00000
   -29.05540     0.00623     7.76475     2.90020     5.29978     0.00060     0.00113     0.00050     0.00091     0.00034     0.00007     0.00001     0.00005     0.00001     0.00002     0.00002     0.00004    15.97467
   -28.99240     0.01736    27.57640    37.27030    19.87600     0.00330     0.00200     0.00323     0.00284     0.00352     0.00019     0.00020     0.00013     0.00015     0.00009     0.00007     0.00022    84.75600
   -28.92940     0.02675    30.99390    34.61190    33.68010     0.00350     0.00263     0.00248     0.00354     0.00264     0.00021     0.00011     0.00016     0.00020     0.00020     0.00023     0.00022    99.32877
   -28.86540     0.02040    32.34890    34.80850    15.02850     0.00204     0.00184     0.00221     0.00224     0.00224     0.00018     0.00010     0.00011     0.00030     0.00011     0.00011     0.00011    82.21789
   -28.80240     0.02658    39.54650    22.52700    35.77410     0.00324     0.00164     0.00197     0.00265     0.00367     0.00024     0.00015     0.00012     0.00016     0.00011     0.00021     0.00016    97.88852
   -28.73840     0.02056    20.86440    12.49300    46.61280     0.00222     0.00266     0.00185     0.00171     0.00444     0.00011     0.00011     0.00009     0.00009     0.00008     0.00010     0.00013    80.00434
   -28.67540     0.01826    38.48610    11.08460    47.57100     0.00217     0.00209     0.00244     0.00142     0.00252     0.00011     0.00011     0.00009     0.00017     0.00006     0.00007     0.00007    97.17127
   -28.61240     0.00851     4.87330    13.88863    20.47600     0.00141     0.00063     0.00084     0.00070     0.00059     0.00004     0.00006     0.00012     0.00009     0.00006     0.00008     0.00008    39.25115
   -28.54840     0.00759     4.51367     9.48602     7.82889     0.00098     0.00115     0.00036     0.00170     0.00022     0.00003     0.00011     0.00004     0.00013     0.00002     0.00002     0.00007    21.84101
   -28.48540     0.00368     2.71346    18.20294     4.61548     0.00081     0.00112     0.00032     0.00166     0.00013     0.00002     0.00013     0.00003     0.00013     0.00003     0.00001     0.00005    25.53999
   -28.42140     0.04026    39.29896    20.02318    10.60318     0.00494     0.00546     0.00081     0.00618     0.00156     0.00031     0.00039     0.00014     0.00032     0.00019     0.00006     0.00012    69.98606
   -28.35840     0.00000     0.00000     0.00000     0.00000     0.00000     0.00000     0.00000     0.00000     0.00000     0.00000     0.00000     0.00000     0.00000     0.00000     0.00000     0.00000     0.00000
   -28.29440     0.00000     0.00000     0.00000     0.00000     0.00000     0.00000     0.00000     0.00000     0.00000     0.00000     0.00000     0.00000     0.00000     0.00000     0.00000     0.00000     0.00000
   -28.23140     0.00000     0.00000     0.00000     0.00000     0.00000     0.00000     0.00000     0.00000     0.00000     0.00000     0.00000     0.00000     0.00000     0.00000     0.00000     0.00000     0.00000
   -28.16840     0.00000     0.00000     0.00000     0.00000     0.00000     0.00000     0.00000     0.00000     0.00000     0.00000     0.00000     0.00000     0.00000     0.00000     0.00000     0.00000     0.00000
   -28.10440     0.00000     0.00000     0.00000     0.00000     0.00000     0.00000     0.00000     0.00000     0.00000     0.00000     0.00000     0.00000     0.00000     0.00000     0.00000     0.00000     0.00000
   -28.04140     0.00000     0.00000     0.00000     0.00000     0.00000     0.00000     0.00000     0.00000     0.00000     0.00000     0.00000     0.00000     0.00000     0.00000     0.00000     0.00000     0.00000
   -27.97740     0.00000     0.00000     0.00000     0.00000     0.00000     0.00000     0.00000     0.00000     0.00000     0.00000     0.00000     0.00000     0.00000     0.00000     0.00000     0.00000     0.00000
   -27.91440     0.00000     0.00000     0.00000     0.00000     0.00000     0.00000     0.00000     0.00000     0.00000     0.00000     0.00000     0.00000     0.00000     0.00000     0.00000     0.00000     0.00000
   -27.85140     0.00000     0.00000     0.00000     0.00000     0.00000     0.00000     0.00000     0.00000     0.00000     0.00000     0.00000     0.00000     0.00000     0.00000     0.00000     0.00000     0.00000
   -27.78740     0.00000     0.00000     0.00000     0.00000     0.00000     0.00000     0.00000     0.00000     0.00000     0.00000     0.00000     0.00000     0.00000     0.00000     0.00000     0.00000     0.00000
   -27.72440     0.00000     0.00000     0.00000     0.00000     0.00000     0.00000     0.00000     0.00000     0.00000     0.00000     0.00000     0.00000     0.00000     0.00000     0.00000     0.00000     0.00000
   -27.66040     0.00000     0.00000     0.00000     0.00000     0.00000     0.00000     0.00000     0.00000     0.00000     0.00000     0.00000     0.00000     0.00000     0.00000     0.00000     0.00000     0.00000
   -27.59740     0.00000     0.00000     0.00000     0.00000     0.00000     0.00000     0.00000     0.00000     0.00000     0.00000     0.00000     0.00000     0.00000     0.00000     0.00000     0.00000     0.00000
   -27.53340     0.00000     0.00000     0.00000     0.00000     0.00000     0.00000     0.00000     0.00000     0.00000     0.00000     0.00000     0.00000     0.00000     0.00000     0.00000     0.00000     0.00000
   -27.47040     0.00000     0.00000     0.00000     0.00000     0.00000     0.00000     0.00000     0.00000     0.00000     0.00000     0.00000     0.00000     0.00000     0.00000     0.00000     0.00000     0.00000
   -27.40740     0.00000     0.00000     0.00000     0.00000     0.00000     0.00000     0.00000     0.00000     0.00000     0.00000     0.00000     0.00000     0.00000     0.00000     0.00000     0.00000     0.00000
   -27.34340     0.00000     0.00000     0.00000     0.00000     0.00000     0.00000     0.00000     0.00000     0.00000     0.00000     0.00000     0.00000     0.00000     0.00000     0.00000     0.00000     0.00000
   -27.28040     0.00000     0.00000     0.00000     0.00000     0.00000     0.00000     0.00000     0.00000     0.00000     0.00000     0.00000     0.00000     0.00000     0.00000     0.00000     0.00000     0.00000
   -27.21640     0.00000     0.00000     0.00000     0.00000     0.00000     0.00000     0.00000     0.00000     0.00000     0.00000     0.00000     0.00000     0.00000     0.00000     0.00000     0.00000     0.00000
   -27.15340     0.00000     0.00000     0.00000     0.00000     0.00000     0.00000     0.00000     0.00000     0.00000     0.00000     0.00000     0.00000     0.00000     0.00000     0.00000     0.00000     0.00000
   -27.09040     0.00000     0.00000     0.00000     0.00000     0.00000     0.00000     0.00000     0.00000     0.00000     0.00000     0.00000     0.00000     0.00000     0.00000     0.00000     0.00000     0.00000
   -27.02640     0.00000     0.00000     0.00000     0.00000     0.00000     0.00000     0.00000     0.00000     0.00000     0.00000     0.00000     0.00000     0.00000     0.00000     0.00000     0.00000     0.00000
   -26.96340     0.00000     0.00000     0.00000     0.00000     0.00000     0.00000     0.00000     0.00000     0.00000     0.00000     0.00000     0.00000     0.00000     0.00000     0.00000     0.00000     0.00000
   -26.89940     0.00000     0.00000     0.00000     0.00000     0.00000     0.00000     0.00000     0.00000     0.00000     0.00000     0.00000     0.00000     0.00000     0.00000     0.00000     0.00000     0.00000
   -26.83640     0.00000     0.00000     0.00000     0.00000     0.00000     0.00000     0.00000     0.00000     0.00000     0.00000     0.00000     0.00000     0.00000     0.00000     0.00000     0.00000     0.00000
   -26.77240     0.00000     0.00000     0.00000     0.00000     0.00000     0.00000     0.00000     0.00000     0.00000     0.00000     0.00000     0.00000     0.00000     0.00000     0.00000     0.00000     0.00000
   -26.70940     0.00000     0.00000     0.00000     0.00000     0.00000     0.00000     0.00000     0.00000     0.00000     0.00000     0.00000     0.00000     0.00000     0.00000     0.00000     0.00000     0.00000
   -26.64640     0.00000     0.00000     0.00000     0.00000     0.00000     0.00000     0.00000     0.00000     0.00000     0.00000     0.00000     0.00000     0.00000     0.00000     0.00000     0.00000     0.00000
   -26.58240     0.00000     0.00000     0.00000     0.00000     0.00000     0.00000     0.00000     0.00000     0.00000     0.00000     0.00000     0.00000     0.00000     0.00000     0.00000     0.00000     0.00000
   -26.51940     0.00000     0.00000     0.00000     0.00000     0.00000     0.00000     0.00000     0.00000     0.00000     0.00000     0.00000     0.00000     0.00000     0.00000     0.00000     0.00000     0.00000
   -26.45540     0.00000     0.00000     0.00000     0.00000     0.00000     0.00000     0.00000     0.00000     0.00000     0.00000     0.00000     0.00000     0.00000     0.00000     0.00000     0.00000     0.00000
   -26.39240     0.00000     0.00000     0.00000     0.00000     0.00000     0.00000     0.00000     0.00000     0.00000     0.00000     0.00000     0.00000     0.00000     0.00000     0.00000     0.00000     0.00000
   -26.32940     0.00000     0.00000     0.00000     0.00000     0.00000     0.00000     0.00000     0.00000     0.00000     0.00000     0.00000     0.00000     0.00000     0.00000     0.00000     0.00000     0.00000
   -26.26540     0.00000     0.00000     0.00000     0.00000     0.00000     0.00000     0.00000     0.00000     0.00000     0.00000     0.00000     0.00000     0.00000     0.00000     0.00000     0.00000     0.00000
   -26.20240     0.00000     0.00000     0.00000     0.00000     0.00000     0.00000     0.00000     0.00000     0.00000     0.00000     0.00000     0.00000     0.00000     0.00000     0.00000     0.00000     0.00000
   -26.13840     0.00000     0.00000     0.00000     0.00000     0.00000     0.00000     0.00000     0.00000     0.00000     0.00000     0.00000     0.00000     0.00000     0.00000     0.00000     0.00000     0.00000
   -26.07540     0.00000     0.00000     0.00000     0.00000     0.00000     0.00000     0.00000     0.00000     0.00000     0.00000     0.00000     0.00000     0.00000     0.00000     0.00000     0.00000     0.00000
   -26.01140     0.00000     0.00000     0.00000     0.00000     0.00000     0.00000     0.00000     0.00000     0.00000     0.00000     0.00000     0.00000     0.00000     0.00000     0.00000     0.00000     0.00000
   -25.94840     0.00000     0.00000     0.00000     0.00000     0.00000     0.00000     0.00000     0.00000     0.00000     0.00000     0.00000     0.00000     0.00000     0.00000     0.00000     0.00000     0.00000
   -25.88540     0.00000     0.00000     0.00000     0.00000     0.00000     0.00000     0.00000     0.00000     0.00000     0.00000     0.00000     0.00000     0.00000     0.00000     0.00000     0.00000     0.00000
   -25.82140     0.00000     0.00000     0.00000     0.00000     0.00000     0.00000     0.00000     0.00000     0.00000     0.00000     0.00000     0.00000     0.00000     0.00000     0.00000     0.00000     0.00000
   -25.75840     0.00000     0.00000     0.00000     0.00000     0.00000     0.00000     0.00000     0.00000     0.00000     0.00000     0.00000     0.00000     0.00000     0.00000     0.00000     0.00000     0.00000
   -25.69440     0.00000     0.00000     0.00000     0.00000     0.00000     0.00000     0.00000     0.00000     0.00000     0.00000     0.00000     0.00000     0.00000     0.00000     0.00000     0.00000     0.00000
   -25.63140     0.00000     0.00000     0.00000     0.00000     0.00000     0.00000     0.00000     0.00000     0.00000     0.00000     0.00000     0.00000     0.00000     0.00000     0.00000     0.00000     0.00000
   -25.56840     0.00000     0.00000     0.00000     0.00000     0.00000     0.00000     0.00000     0.00000     0.00000     0.00000     0.00000     0.00000     0.00000     0.00000     0.00000     0.00000     0.00000
   -25.50440     0.00000     0.00000     0.00000     0.00000     0.00000     0.00000     0.00000     0.00000     0.00000     0.00000     0.00000     0.00000     0.00000     0.00000     0.00000     0.00000     0.00000
   -25.44140     0.00000     0.00000     0.00000     0.00000     0.00000     0.00000     0.00000     0.00000     0.00000     0.00000     0.00000     0.00000     0.00000     0.00000     0.00000     0.00000     0.00000
   -25.37740     0.00000     0.00000     0.00000     0.00000     0.00000     0.00000     0.00000     0.00000     0.00000     0.00000     0.00000     0.00000     0.00000     0.00000     0.00000     0.00000     0.00000
   -25.31440     0.00000     0.00000     0.00000     0.00000     0.00000     0.00000     0.00000     0.00000     0.00000     0.00000     0.00000     0.00000     0.00000     0.00000     0.00000     0.00000     0.00000
   -25.25140     0.00000     0.00000     0.00000     0.00000     0.00000     0.00000     0.00000     0.00000     0.00000     0.00000     0.00000     0.00000     0.00000     0.00000     0.00000     0.00000     0.00000
   -25.18740     0.00000     0.00000     0.00000     0.00000     0.00000     0.00000     0.00000     0.00000     0.00000     0.00000     0.00000     0.00000     0.00000     0.00000     0.00000     0.00000     0.00000
   -25.12440     0.00000     0.00000     0.00000     0.00000     0.00000     0.00000     0.00000     0.00000     0.00000     0.00000     0.00000     0.00000     0.00000     0.00000     0.00000     0.00000     0.00000
   -25.06040     0.00000     0.00000     0.00000     0.00000     0.00000     0.00000     0.00000     0.00000     0.00000     0.00000     0.00000     0.00000     0.00000     0.00000     0.00000     0.00000     0.00000
   -24.99740     0.00000     0.00000     0.00000     0.00000     0.00000     0.00000     0.00000     0.00000     0.00000     0.00000     0.00000     0.00000     0.00000     0.00000     0.00000     0.00000     0.00000
   -24.93340     0.00000     0.00000     0.00000     0.00000     0.00000     0.00000     0.00000     0.00000     0.00000     0.00000     0.00000     0.00000     0.00000     0.00000     0.00000     0.00000     0.00000
   -24.87040     0.00000     0.00000     0.00000     0.00000     0.00000     0.00000     0.00000     0.00000     0.00000     0.00000     0.00000     0.00000     0.00000     0.00000     0.00000     0.00000     0.00000
   -24.80740     0.00000     0.00000     0.00000     0.00000     0.00000     0.00000     0.00000     0.00000     0.00000     0.00000     0.00000     0.00000     0.00000     0.00000     0.00000     0.00000     0.00000
   -24.74340     0.00000     0.00000     0.00000     0.00000     0.00000     0.00000     0.00000     0.00000     0.00000     0.00000     0.00000     0.00000     0.00000     0.00000     0.00000     0.00000     0.00000
   -24.68040     0.00000     0.00000     0.00000     0.00000     0.00000     0.00000     0.00000     0.00000     0.00000     0.00000     0.00000     0.00000     0.00000     0.00000     0.00000     0.00000     0.00000
   -24.61640     0.00000     0.00000     0.00000     0.00000     0.00000     0.00000     0.00000     0.00000     0.00000     0.00000     0.00000     0.00000     0.00000     0.00000     0.00000     0.00000     0.00000
   -24.55340     0.00000     0.00000     0.00000     0.00000     0.00000     0.00000     0.00000     0.00000     0.00000     0.00000     0.00000     0.00000     0.00000     0.00000     0.00000     0.00000     0.00000
   -24.49040     0.00000     0.00000     0.00000     0.00000     0.00000     0.00000     0.00000     0.00000     0.00000     0.00000     0.00000     0.00000     0.00000     0.00000     0.00000     0.00000     0.00000
   -24.42640     0.00000     0.00000     0.00000     0.00000     0.00000     0.00000     0.00000     0.00000     0.00000     0.00000     0.00000     0.00000     0.00000     0.00000     0.00000     0.00000     0.00000
   -24.36340     0.00184     0.00426     0.01076     0.00695     0.00014     0.00016     0.00021     0.00032     0.00013     0.00000     0.00000     0.00001     0.00000     0.00002     0.00001     0.00001     0.02483
   -24.29940     0.01422     0.04633     0.07642     0.04626     0.00133     0.00142     0.00228     0.00223     0.00179     0.00005     0.00003     0.00007     0.00003     0.00024     0.00010     0.00014     0.19293
   -24.23640     0.00000     0.00000     0.00000     0.00000     0.00000     0.00000     0.00000     0.00000     0.00000     0.00000     0.00000     0.00000     0.00000     0.00000     0.00000     0.00000     0.00000
   -24.17240     0.03011     0.05754     0.06651     0.05747     0.00104     0.00097     0.00222     0.00103     0.00238     0.00004     0.00002     0.00004     0.00002     0.00003     0.00011     0.00004     0.21956
   -24.10940     0.02898     0.07213     0.12974     0.09379     0.00144     0.00183     0.00266     0.00126     0.00368     0.00007     0.00004     0.00008     0.00003     0.00005     0.00015     0.00006     0.33599
   -24.04640     0.03886     0.11558     0.23198     0.14055     0.00193     0.00298     0.00369     0.00190     0.00463     0.00008     0.00008     0.00013     0.00005     0.00009     0.00018     0.00008     0.54278
   -23.98240     0.03665     0.13833     0.22129     0.11720     0.00149     0.00338     0.00297     0.00143     0.00379     0.00007     0.00010     0.00015     0.00006     0.00009     0.00012     0.00008     0.52720
   -23.91940     0.04052     0.29889     0.13285     0.16083     0.00299     0.00307     0.00342     0.00412     0.00610     0.00016     0.00010     0.00011     0.00004     0.00011     0.00016     0.00013     0.65359
   -23.85540     0.02173     0.16136     0.05088     0.05905     0.00196     0.00241     0.00220     0.00140     0.00255     0.00007     0.00004     0.00007     0.00003     0.00006     0.00008     0.00007     0.30396
   -23.79240     0.05188     0.29975     0.18525     0.20381     0.00378     0.00588     0.00564     0.00440     0.00934     0.00019     0.00017     0.00021     0.00014     0.00020     0.00024     0.00017     0.77105
   -23.72940     0.02862     0.11339     0.08546     0.06889     0.00187     0.00214     0.00491     0.00166     0.00294     0.00008     0.00006     0.00008     0.00006     0.00006     0.00008     0.00009     0.31040
   -23.66540     0.03557     0.08743     0.15684     0.08593     0.00177     0.00295     0.00522     0.00139     0.00204     0.00011     0.00007     0.00011     0.00012     0.00007     0.00009     0.00008     0.37981
   -23.60240     0.02704     0.08071     0.07480     0.06773     0.00202     0.00172     0.00281     0.00154     0.00115     0.00009     0.00008     0.00007     0.00006     0.00006     0.00006     0.00005     0.25999
   -23.53840     0.05645     0.13803     0.15757     0.11890     0.00306     0.00393     0.00367     0.00356     0.00249     0.00011     0.00013     0.00015     0.00014     0.00009     0.00011     0.00007     0.48843
   -23.47540     0.03171     0.10193     0.07664     0.10039     0.00154     0.00180     0.00159     0.00203     0.00106     0.00004     0.00009     0.00006     0.00005     0.00005     0.00005     0.00003     0.31908
   -23.41140     0.06459     0.18484     0.14884     0.15926     0.00326     0.00275     0.00270     0.00333     0.00268     0.00006     0.00016     0.00009     0.00012     0.00009     0.00009     0.00008     0.57294
   -23.34840     0.06416     0.19873     0.20245     0.14513     0.00374     0.00249     0.00297     0.00297     0.00231     0.00008     0.00019     0.00009     0.00016     0.00008     0.00008     0.00013     0.62576
   -23.28540     0.03623     0.13776     0.15477     0.09002     0.00199     0.00216     0.00236     0.00207     0.00146     0.00007     0.00012     0.00006     0.00015     0.00006     0.00005     0.00004     0.42938
   -23.22140     0.04355     0.15239     0.12037     0.13487     0.00267     0.00204     0.00295     0.00272     0.00233     0.00008     0.00014     0.00007     0.00011     0.00007     0.00005     0.00006     0.46448
   -23.15840     0.04400     0.16442     0.15499     0.20163     0.00431     0.00290     0.00421     0.00444     0.00376     0.00011     0.00021     0.00011     0.00016     0.00009     0.00007     0.00009     0.58549
   -23.09440     0.05613     0.19005     0.26503     0.43033     0.00658     0.00664     0.00439     0.01085     0.00797     0.00019     0.00030     0.00022     0.00017     0.00020     0.00014     0.00016     0.97933
   -23.03140     0.00164     0.00836     0.00797     0.01171     0.00024     0.00022     0.00047     0.00032     0.00041     0.00001     0.00001     0.00001     0.00001     0.00001     0.00001     0.00000     0.03140
   -22.96840     0.02790     0.15904     0.15155     0.28482     0.00605     0.00541     0.00576     0.00963     0.00309     0.00016     0.00023     0.00010     0.00034     0.00014     0.00009     0.00012     0.65442
   -22.90440     0.03741     0.22517     0.21056     0.21769     0.00741     0.00614     0.00722     0.00562     0.00874     0.00015     0.00029     0.00016     0.00023     0.00019     0.00010     0.00018     0.72726
   -22.84140     0.00000     0.00000     0.00000     0.00000     0.00000     0.00000     0.00000     0.00000     0.00000     0.00000     0.00000     0.00000     0.00000     0.00000     0.00000     0.00000     0.00000
   -22.77740     0.00000     0.00000     0.00000     0.00000     0.00000     0.00000     0.00000     0.00000     0.00000     0.00000     0.00000     0.00000     0.00000     0.00000     0.00000     0.00000     0.00000
   -22.71440     0.02769     0.15234     0.10973     0.15996     0.00646     0.00528     0.00403     0.00666     0.00494     0.00013     0.00026     0.00012     0.00009     0.00015     0.00008     0.00019     0.47813
   -22.65140     0.00608     0.03974     0.03511     0.04644     0.00172     0.00185     0.00135     0.00227     0.00311     0.00007     0.00009     0.00005     0.00003     0.00006     0.00003     0.00005     0.13803
   -22.58740     0.02265     0.07508     0.07219     0.10176     0.00413     0.00433     0.00194     0.00427     0.00548     0.00029     0.00021     0.00010     0.00010     0.00014     0.00008     0.00009     0.29283
   -22.52440     0.00000     0.00000     0.00000     0.00000     0.00000     0.00000     0.00000     0.00000     0.00000     0.00000     0.00000     0.00000     0.00000     0.00000     0.00000     0.00000     0.00000
   -22.46040     0.05014     0.18653     0.10441     0.15774     0.00758     0.00822     0.00393     0.00510     0.00555     0.00024     0.00038     0.00016     0.00013     0.00014     0.00009     0.00022     0.53056
   -22.39740     0.04657     0.16108     0.09280     0.17592     0.00536     0.00806     0.00326     0.00436     0.00667     0.00015     0.00045     0.00020     0.00012     0.00016     0.00009     0.00021     0.50544
   -22.33340     0.02685     0.07363     0.04175     0.06959     0.00294     0.00420     0.00220     0.00198     0.00290     0.00009     0.00015     0.00010     0.00012     0.00007     0.00006     0.00012     0.22675
   -22.27040     0.01609     0.08388     0.03535     0.07326     0.00444     0.00352     0.00198     0.00176     0.00175     0.00010     0.00017     0.00011     0.00015     0.00009     0.00005     0.00015     0.22286
   -22.20740     0.01405     0.05996     0.02299     0.06406     0.00260     0.00296     0.00150     0.00191     0.00299     0.00016     0.00013     0.00014     0.00007     0.00013     0.00012     0.00015     0.17394
   -22.14340     0.00748     0.04096     0.03001     0.03035     0.00134     0.00203     0.00122     0.00140     0.00304     0.00013     0.00008     0.00006     0.00004     0.00006     0.00014     0.00007     0.11841
   -22.08040     0.00082     0.00136     0.00079     0.00103     0.00008     0.00008     0.00003     0.00006     0.00005     0.00000     0.00001     0.00000     0.00000     0.00000     0.00000     0.00000     0.00432
   -22.01640     0.02573     0.08672     0.06556     0.06202     0.00389     0.00464     0.00245     0.00481     0.00400     0.00020     0.00028     0.00013     0.00021     0.00014     0.00022     0.00015     0.26116
   -21.95340     0.00000     0.00000     0.00000     0.00000     0.00000     0.00000     0.00000     0.00000     0.00000     0.00000     0.00000     0.00000     0.00000     0.00000     0.00000     0.00000     0.00000
   -21.89040     0.00000     0.00000     0.00000     0.00000     0.00000     0.00000     0.00000     0.00000     0.00000     0.00000     0.00000     0.00000     0.00000     0.00000     0.00000     0.00000     0.00000
   -21.82640     0.00983     0.01586     0.01111     0.01084     0.00068     0.00069     0.00048     0.00046     0.00046     0.00002     0.00004     0.00002     0.00001     0.00003     0.00003     0.00005     0.05060
   -21.76340     0.00000     0.00000     0.00000     0.00000     0.00000     0.00000     0.00000     0.00000     0.00000     0.00000     0.00000     0.00000     0.00000     0.00000     0.00000     0.00000     0.00000
   -21.69940     0.00000     0.00000     0.00000     0.00000     0.00000     0.00000     0.00000     0.00000     0.00000     0.00000     0.00000     0.00000     0.00000     0.00000     0.00000     0.00000     0.00000
   -21.63640     0.00000     0.00000     0.00000     0.00000     0.00000     0.00000     0.00000     0.00000     0.00000     0.00000     0.00000     0.00000     0.00000     0.00000     0.00000     0.00000     0.00000
   -21.57240     0.00000     0.00000     0.00000     0.00000     0.00000     0.00000     0.00000     0.00000     0.00000     0.00000     0.00000     0.00000     0.00000     0.00000     0.00000     0.00000     0.00000
   -21.50940     0.00000     0.00000     0.00000     0.00000     0.00000     0.00000     0.00000     0.00000     0.00000     0.00000     0.00000     0.00000     0.00000     0.00000     0.00000     0.00000     0.00000
   -21.44640     0.00000     0.00000     0.00000     0.00000     0.00000     0.00000     0.00000     0.00000     0.00000     0.00000     0.00000     0.00000     0.00000     0.00000     0.00000     0.00000     0.00000
   -21.38240     0.00000     0.00000     0.00000     0.00000     0.00000     0.00000     0.00000     0.00000     0.00000     0.00000     0.00000     0.00000     0.00000     0.00000     0.00000     0.00000     0.00000
   -21.31940     0.00000     0.00000     0.00000     0.00000     0.00000     0.00000     0.00000     0.00000     0.00000     0.00000     0.00000     0.00000     0.00000     0.00000     0.00000     0.00000     0.00000
   -21.25540     0.00145     0.00011     0.00016     0.00016     0.00000     0.00001     0.00000     0.00000     0.00001     0.00000     0.00000     0.00000     0.00000     0.00000     0.00000     0.00000     0.00191
   -21.19240     0.00558     0.00042     0.00063     0.00064     0.00002     0.00002     0.00002     0.00002     0.00002     0.00000     0.00000     0.00000     0.00000     0.00000     0.00000     0.00000     0.00737
   -21.12940     0.01005     0.00105     0.00141     0.00153     0.00003     0.00004     0.00004     0.00004     0.00005     0.00000     0.00000     0.00000     0.00000     0.00000     0.00000     0.00000     0.01423
   -21.06540     0.01140     0.00150     0.00191     0.00220     0.00004     0.00005     0.00005     0.00004     0.00006     0.00000     0.00000     0.00000     0.00000     0.00000     0.00000     0.00000     0.01727
   -21.00240     0.01322     0.00210     0.00255     0.00305     0.00005     0.00007     0.00007     0.00006     0.00008     0.00000     0.00000     0.00000     0.00000     0.00000     0.00000     0.00000     0.02125
   -20.93840     0.01606     0.00290     0.00342     0.00422     0.00007     0.00009     0.00009     0.00007     0.00011     0.00000     0.00000     0.00000     0.00000     0.00000     0.00000     0.00000     0.02704
   -20.87540     0.01903     0.00385     0.00443     0.00578     0.00009     0.00011     0.00012     0.00009     0.00014     0.00000     0.00000     0.00000     0.00000     0.00000     0.00000     0.00000     0.03365
   -20.81140     0.02184     0.00550     0.00569     0.00837     0.00012     0.00014     0.00016     0.00011     0.00019     0.00000     0.00000     0.00000     0.00000     0.00000     0.00000     0.00000     0.04214
   -20.74840     0.02523     0.00782     0.00740     0.01192     0.00015     0.00018     0.00021     0.00015     0.00026     0.00000     0.00000     0.00000     0.00000     0.00000     0.00000     0.00000     0.05334
   -20.68540     0.02813     0.01012     0.00897     0.01521     0.00019     0.00022     0.00026     0.00018     0.00033     0.00000     0.00000     0.00000     0.00000     0.00000     0.00001     0.00000     0.06363
   -20.62140     0.02831     0.01219     0.01000     0.01572     0.00021     0.00024     0.00029     0.00019     0.00035     0.00001     0.00000     0.00000     0.00000     0.00001     0.00001     0.00000     0.06753
   -20.55840     0.02721     0.01283     0.01101     0.01693     0.00024     0.00026     0.00032     0.00020     0.00037     0.00001     0.00000     0.00000     0.00000     0.00001     0.00001     0.00000     0.06940
   -20.49440     0.02543     0.01297     0.01166     0.01676     0.00026     0.00026     0.00034     0.00020     0.00037     0.00001     0.00000     0.00000     0.00000     0.00001     0.00001     0.00000     0.06829
   -20.43140     0.02288     0.01217     0.01206     0.01617     0.00027     0.00026     0.00035     0.00020     0.00036     0.00001     0.00000     0.00000     0.00000     0.00001     0.00001     0.00000     0.06474
   -20.36840     0.01964     0.00952     0.01190     0.01347     0.00024     0.00023     0.00033     0.00019     0.00031     0.00001     0.00000     0.00000     0.00000     0.00001     0.00000     0.00000     0.05587
   -20.30440     0.01800     0.00859     0.01208     0.01253     0.00023     0.00023     0.00033     0.00019     0.00030     0.00001     0.00000     0.00000     0.00000     0.00001     0.00000     0.00000     0.05251
   -20.24140     0.01879     0.00842     0.01269     0.01196     0.00025     0.00024     0.00036     0.00021     0.00030     0.00001     0.00000     0.00000     0.00000     0.00001     0.00000     0.00000     0.05324
   -20.17740     0.02211     0.00926     0.01393     0.01263     0.00029     0.00026     0.00042     0.00026     0.00034     0.00001     0.00000     0.00000     0.00000     0.00001     0.00000     0.00000     0.05953
   -20.11440     0.02705     0.01031     0.01570     0.01414     0.00035     0.00030     0.00051     0.00032     0.00039     0.00001     0.00001     0.00000     0.00000     0.00001     0.00000     0.00000     0.06910
   -20.05040     0.04144     0.01328     0.02339     0.02022     0.00054     0.00046     0.00078     0.00046     0.00056     0.00001     0.00001     0.00001     0.00001     0.00001     0.00001     0.00001     0.10118
   -19.98740     0.05250     0.01687     0.02710     0.02733     0.00070     0.00060     0.00099     0.00061     0.00068     0.00001     0.00001     0.00001     0.00001     0.00001     0.00001     0.00001     0.12746
   -19.92440     0.05951     0.02126     0.02600     0.02907     0.00084     0.00073     0.00107     0.00066     0.00072     0.00002     0.00001     0.00001     0.00001     0.00001     0.00001     0.00001     0.13994
   -19.86040     0.06446     0.02196     0.02469     0.02891     0.00092     0.00076     0.00108     0.00068     0.00067     0.00002     0.00001     0.00001     0.00001     0.00001     0.00001     0.00001     0.14421
   -19.79740     0.04792     0.01521     0.02077     0.01727     0.00068     0.00053     0.00081     0.00052     0.00045     0.00001     0.00001     0.00001     0.00001     0.00001     0.00001     0.00001     0.10422
   -19.73340     0.04819     0.01644     0.02560     0.01781     0.00076     0.00059     0.00092     0.00056     0.00047     0.00001     0.00001     0.00001     0.00001     0.00001     0.00001     0.00001     0.11140
   -19.67040     0.05106     0.01961     0.03287     0.02020     0.00090     0.00069     0.00112     0.00065     0.00051     0.00001     0.00001     0.00001     0.00002     0.00001     0.00001     0.00001     0.12769
   -19.60740     0.07259     0.03129     0.07720     0.02999     0.00161     0.00119     0.00210     0.00110     0.00083     0.00002     0.00001     0.00001     0.00004     0.00002     0.00001     0.00001     0.21805
   -19.54340     0.10723     0.05313     0.15062     0.05093     0.00283     0.00231     0.00369     0.00214     0.00124     0.00003     0.00002     0.00003     0.00009     0.00005     0.00002     0.00003     0.37438
   -19.48040     0.06064     0.03247     0.05289     0.02840     0.00153     0.00112     0.00174     0.00095     0.00074     0.00002     0.00001     0.00001     0.00003     0.00002     0.00001     0.00001     0.18059
   -19.41640     0.04162     0.02566     0.02809     0.02277     0.00114     0.00075     0.00141     0.00070     0.00058     0.00002     0.00001     0.00001     0.00002     0.00001     0.00001     0.00001     0.12281
   -19.35340     0.03412     0.02053     0.01904     0.02083     0.00089     0.00059     0.00130     0.00067     0.00049     0.00001     0.00001     0.00001     0.00001     0.00001     0.00001     0.00001     0.09853
   -19.29040     0.04878     0.02858     0.03404     0.02966     0.00143     0.00088     0.00214     0.00112     0.00078     0.00002     0.00001     0.00002     0.00002     0.00002     0.00001     0.00001     0.14753
   -19.22640     0.05204     0.02354     0.03395     0.02947     0.00105     0.00088     0.00178     0.00116     0.00086     0.00002     0.00001     0.00002     0.00002     0.00001     0.00001     0.00001     0.14483
   -19.16340     0.07708     0.03451     0.06350     0.03798     0.00133     0.00141     0.00276     0.00171     0.00123     0.00002     0.00001     0.00002     0.00004     0.00002     0.00002     0.00002     0.22166
   -19.09940     0.11825     0.05267     0.11708     0.05432     0.00216     0.00221     0.00436     0.00287     0.00183     0.00003     0.00003     0.00004     0.00008     0.00004     0.00002     0.00003     0.35602
   -19.03640     0.08525     0.04155     0.08246     0.04449     0.00160     0.00166     0.00329     0.00217     0.00144     0.00003     0.00002     0.00003     0.00005     0.00003     0.00002     0.00002     0.26412
   -18.97240     0.04310     0.02182     0.02927     0.02249     0.00083     0.00084     0.00168     0.00097     0.00063     0.00002     0.00001     0.00001     0.00002     0.00001     0.00001     0.00001     0.12172
   -18.90940     0.02780     0.01271     0.01191     0.01176     0.00056     0.00044     0.00087     0.00060     0.00030     0.00001     0.00000     0.00001     0.00001     0.00001     0.00001     0.00001     0.06700
   -18.84640     0.04579     0.02031     0.01715     0.02085     0.00085     0.00075     0.00129     0.00121     0.00084     0.00001     0.00001     0.00001     0.00001     0.00001     0.00001     0.00001     0.10909
   -18.78240     0.12605     0.05806     0.07305     0.06051     0.00247     0.00263     0.00454     0.00419     0.00293     0.00005     0.00003     0.00004     0.00006     0.00003     0.00004     0.00004     0.33471
   -18.71940     0.15754     0.07286     0.10589     0.07953     0.00319     0.00392     0.00617     0.00581     0.00445     0.00007     0.00004     0.00006     0.00009     0.00004     0.00005     0.00005     0.43978
   -18.65540     0.14060     0.07419     0.10267     0.07796     0.00354     0.00388     0.00629     0.00595     0.00497     0.00007     0.00004     0.00007     0.00009     0.00005     0.00006     0.00006     0.42048
   -18.59240     0.03679     0.01911     0.02688     0.01964     0.00084     0.00118     0.00153     0.00164     0.00133     0.00002     0.00001     0.00002     0.00002     0.00001     0.00002     0.00001     0.10907
   -18.52940     0.03208     0.01525     0.02212     0.01675     0.00079     0.00078     0.00102     0.00084     0.00089     0.00001     0.00001     0.00001     0.00002     0.00001     0.00001     0.00001     0.09059
   -18.46540     0.08896     0.05059     0.06152     0.05337     0.00231     0.00243     0.00348     0.00247     0.00280     0.00005     0.00003     0.00004     0.00005     0.00003     0.00003     0.00003     0.26818
   -18.40240     0.13902     0.09112     0.09686     0.09635     0.00369     0.00433     0.00611     0.00427     0.00470     0.00008     0.00005     0.00006     0.00009     0.00006     0.00006     0.00006     0.44690
   -18.33840     0.13437     0.08779     0.08732     0.08894     0.00349     0.00416     0.00546     0.00408     0.00441     0.00008     0.00004     0.00005     0.00008     0.00005     0.00005     0.00006     0.42043
   -18.27540     0.08457     0.06061     0.05828     0.05846     0.00253     0.00272     0.00396     0.00273     0.00308     0.00005     0.00002     0.00003     0.00006     0.00004     0.00004     0.00004     0.27723
   -18.21140     0.04055     0.02736     0.03367     0.02427     0.00121     0.00132     0.00178     0.00158     0.00131     0.00002     0.00001     0.00002     0.00004     0.00002     0.00002     0.00002     0.13320
   -18.14840     0.08009     0.03430     0.05811     0.05171     0.00194     0.00265     0.00244     0.00278     0.00305     0.00004     0.00002     0.00003     0.00007     0.00003     0.00003     0.00003     0.23732
   -18.08540     0.15231     0.07305     0.12669     0.11220     0.00399     0.00591     0.00595     0.00537     0.00610     0.00009     0.00005     0.00006     0.00014     0.00006     0.00006     0.00007     0.49209
   -18.02140     0.09637     0.05797     0.06947     0.07148     0.00255     0.00321     0.00518     0.00332     0.00376     0.00006     0.00003     0.00004     0.00007     0.00004     0.00004     0.00004     0.31363
   -17.95840     0.09913     0.06650     0.06242     0.06443     0.00260     0.00303     0.00576     0.00365     0.00386     0.00006     0.00003     0.00004     0.00007     0.00004     0.00004     0.00004     0.31169
   -17.89440     0.15260     0.08656     0.09043     0.09030     0.00398     0.00514     0.00781     0.00560     0.00602     0.00009     0.00004     0.00006     0.00012     0.00006     0.00006     0.00005     0.44893
   -17.83140     0.16255     0.08452     0.10927     0.10064     0.00463     0.00661     0.00859     0.00660     0.00724     0.00010     0.00005     0.00007     0.00015     0.00007     0.00007     0.00007     0.49121
   -17.76840     0.09179     0.05545     0.07357     0.07295     0.00331     0.00384     0.00664     0.00404     0.00521     0.00006     0.00003     0.00005     0.00009     0.00004     0.00005     0.00004     0.31716
   -17.70440     0.09537     0.05961     0.07579     0.07077     0.00351     0.00395     0.00678     0.00420     0.00538     0.00007     0.00003     0.00005     0.00009     0.00005     0.00005     0.00005     0.32573
   -17.64140     0.16101     0.09570     0.11613     0.11366     0.00558     0.00623     0.00978     0.00735     0.00840     0.00011     0.00005     0.00008     0.00015     0.00008     0.00008     0.00008     0.52446
   -17.57740     0.12137     0.07594     0.09355     0.07804     0.00421     0.00465     0.00738     0.00519     0.00680     0.00008     0.00004     0.00006     0.00011     0.00006     0.00006     0.00007     0.39759
   -17.51440     0.12051     0.08471     0.10104     0.07753     0.00500     0.00465     0.00876     0.00543     0.00689     0.00008     0.00004     0.00007     0.00012     0.00006     0.00006     0.00007     0.41503
   -17.45040     0.14679     0.10061     0.12708     0.10573     0.00662     0.00587     0.01088     0.00736     0.00906     0.00011     0.00005     0.00009     0.00015     0.00008     0.00008     0.00010     0.52067
   -17.38740     0.15992     0.11396     0.13633     0.11283     0.00669     0.00684     0.01070     0.00809     0.01046     0.00012     0.00006     0.00010     0.00017     0.00008     0.00009     0.00011     0.56657
   -17.32440     0.15914     0.11243     0.13651     0.10874     0.00722     0.00734     0.01246     0.00752     0.01008     0.00012     0.00006     0.00010     0.00018     0.00009     0.00010     0.00010     0.56220
   -17.26040     0.13522     0.09813     0.12221     0.10133     0.00728     0.00644     0.01345     0.00699     0.00909     0.00011     0.00005     0.00010     0.00016     0.00009     0.00009     0.00009     0.50084
   -17.19740     0.15607     0.12004     0.13298     0.12136     0.00773     0.00747     0.01450     0.00822     0.01094     0.00013     0.00006     0.00012     0.00019     0.00010     0.00010     0.00012     0.58012
   -17.13340     0.12530     0.10396     0.10807     0.11054     0.00616     0.00681     0.01161     0.00690     0.01041     0.00011     0.00006     0.00011     0.00016     0.00009     0.00010     0.00011     0.49051
   -17.07040     0.11231     0.08992     0.09934     0.10393     0.00568     0.00598     0.01067     0.00668     0.00980     0.00011     0.00005     0.00010     0.00016     0.00008     0.00009     0.00010     0.44498
   -17.00740     0.12988     0.10603     0.12387     0.11796     0.00695     0.00698     0.01386     0.00844     0.01195     0.00012     0.00005     0.00011     0.00020     0.00010     0.00010     0.00012     0.52674
   -16.94340     0.15320     0.13362     0.14024     0.13966     0.00865     0.00883     0.01696     0.01015     0.01579     0.00014     0.00007     0.00014     0.00023     0.00012     0.00013     0.00016     0.62808
   -16.88040     0.12566     0.11084     0.11341     0.11633     0.00794     0.00788     0.01357     0.00816     0.01528     0.00011     0.00006     0.00012     0.00018     0.00010     0.00012     0.00014     0.51987
   -16.81640     0.14736     0.13766     0.14303     0.13933     0.00993     0.00924     0.01809     0.01124     0.01702     0.00014     0.00007     0.00016     0.00024     0.00013     0.00013     0.00018     0.63394
   -16.75340     0.16967     0.15793     0.20796     0.15813     0.01214     0.01160     0.02683     0.01297     0.01985     0.00015     0.00009     0.00021     0.00034     0.00017     0.00016     0.00021     0.77842
   -16.69040     0.12128     0.13665     0.13281     0.14663     0.00998     0.00943     0.01871     0.01195     0.01993     0.00016     0.00008     0.00016     0.00023     0.00013     0.00015     0.00020     0.60847
   -16.62640     0.14507     0.15553     0.18584     0.13931     0.01314     0.01109     0.02778     0.01379     0.02426     0.00018     0.00009     0.00020     0.00029     0.00017     0.00017     0.00020     0.71712
   -16.56340     0.11696     0.15610     0.12882     0.11973     0.01072     0.00959     0.02069     0.01298     0.02307     0.00016     0.00009     0.00017     0.00023     0.00013     0.00017     0.00020     0.59980
   -16.49940     0.15468     0.19431     0.19744     0.17443     0.01611     0.01416     0.03470     0.01903     0.03342     0.00023     0.00011     0.00024     0.00031     0.00018     0.00024     0.00028     0.83986
   -16.43640     0.16660     0.19230     0.18453     0.19739     0.01688     0.01538     0.03598     0.02000     0.03653     0.00024     0.00011     0.00025     0.00032     0.00020     0.00028     0.00031     0.86730
   -16.37240     0.18264     0.17802     0.18222     0.21021     0.01525     0.01486     0.03490     0.02171     0.04355     0.00023     0.00010     0.00024     0.00034     0.00019     0.00030     0.00031     0.88507
   -16.30940     0.16894     0.15293     0.19978     0.18161     0.01737     0.01697     0.03901     0.02170     0.04379     0.00021     0.00010     0.00025     0.00037     0.00021     0.00028     0.00030     0.84382
   -16.24640     0.13972     0.14587     0.16061     0.16080     0.01566     0.01494     0.03532     0.01906     0.04478     0.00022     0.00009     0.00022     0.00029     0.00018     0.00027     0.00027     0.73830
   -16.18240     0.12435     0.12206     0.14091     0.15673     0.01610     0.01331     0.03471     0.01724     0.04325     0.00018     0.00007     0.00021     0.00026     0.00020     0.00024     0.00027     0.67008
   -16.11940     0.15946     0.19000     0.14872     0.20619     0.01999     0.01887     0.04352     0.02305     0.05137     0.00028     0.00009     0.00028     0.00036     0.00029     0.00032     0.00037     0.86317
   -16.05540     0.13708     0.16009     0.16780     0.12284     0.01821     0.01722     0.05386     0.01917     0.04539     0.00025     0.00007     0.00025     0.00028     0.00027     0.00024     0.00031     0.74330
   -15.99240     0.18839     0.22658     0.23512     0.23457     0.02336     0.02221     0.07559     0.02948     0.07852     0.00036     0.00013     0.00038     0.00051     0.00036     0.00036     0.00052     1.11644
   -15.92940     0.10736     0.12846     0.14503     0.11177     0.01333     0.01511     0.04888     0.01726     0.04156     0.00022     0.00006     0.00027     0.00029     0.00021     0.00021     0.00029     0.63031
   -15.86540     0.16434     0.18758     0.24188     0.20429     0.02239     0.02856     0.07812     0.02825     0.09087     0.00036     0.00011     0.00039     0.00048     0.00040     0.00038     0.00055     1.04895
   -15.80240     0.14070     0.16548     0.17170     0.16875     0.02174     0.02477     0.05585     0.02491     0.08155     0.00040     0.00009     0.00028     0.00041     0.00034     0.00038     0.00045     0.85780
   -15.73840     0.22206     0.28375     0.26548     0.26619     0.03961     0.05091     0.08333     0.04160     0.14683     0.00063     0.00016     0.00048     0.00061     0.00045     0.00072     0.00075     1.40357
   -15.67540     0.08725     0.11413     0.12433     0.10174     0.01369     0.02085     0.04022     0.01728     0.06535     0.00038     0.00006     0.00022     0.00021     0.00019     0.00033     0.00025     0.58647
   -15.61140     0.12270     0.18391     0.14279     0.18649     0.02020     0.02418     0.06202     0.02714     0.13603     0.00052     0.00009     0.00030     0.00034     0.00032     0.00057     0.00040     0.90800
   -15.54840     0.15999     0.17546     0.18449     0.16597     0.02384     0.03575     0.09887     0.03029     0.11653     0.00057     0.00010     0.00033     0.00036     0.00038     0.00055     0.00045     0.99394
   -15.48540     0.12969     0.17971     0.17183     0.15150     0.02307     0.03150     0.10822     0.03000     0.11362     0.00051     0.00009     0.00038     0.00041     0.00040     0.00056     0.00049     0.94199
   -15.42140     0.15601     0.21262     0.19815     0.18179     0.02964     0.03179     0.12475     0.03431     0.13281     0.00068     0.00012     0.00044     0.00050     0.00048     0.00069     0.00059     1.10537
   -15.35840     0.19922     0.24297     0.26147     0.21544     0.03534     0.04248     0.18712     0.04160     0.18288     0.00074     0.00012     0.00069     0.00055     0.00060     0.00072     0.00070     1.41263
   -15.29440     0.13975     0.19111     0.22909     0.16237     0.02692     0.03258     0.15249     0.03281     0.11413     0.00061     0.00010     0.00062     0.00047     0.00048     0.00059     0.00056     1.08467
   -15.23140     0.15561     0.22616     0.25401     0.20639     0.03429     0.03875     0.18911     0.04213     0.14378     0.00077     0.00012     0.00067     0.00059     0.00063     0.00075     0.00075     1.29451
   -15.16840     0.11846     0.15521     0.18775     0.18930     0.02406     0.03639     0.14738     0.02962     0.12762     0.00059     0.00008     0.00050     0.00042     0.00058     0.00062     0.00060     1.01919
   -15.10440     0.12698     0.17966     0.18639     0.20247     0.02825     0.03908     0.16241     0.03191     0.14735     0.00067     0.00009     0.00057     0.00049     0.00062     0.00071     0.00067     1.10833
   -15.04140     0.12086     0.15000     0.18201     0.19243     0.02828     0.03765     0.15032     0.03438     0.14271     0.00053     0.00009     0.00056     0.00045     0.00074     0.00066     0.00063     1.04229
   -14.97740     0.13052     0.24077     0.20937     0.26398     0.03622     0.04354     0.18375     0.04431     0.19680     0.00083     0.00013     0.00081     0.00060     0.00080     0.00111     0.00092     1.35445
   -14.91440     0.10923     0.17352     0.19553     0.21964     0.03113     0.03421     0.14871     0.03655     0.14547     0.00064     0.00011     0.00066     0.00055     0.00070     0.00080     0.00061     1.09807
   -14.85040     0.10517     0.17817     0.19257     0.20725     0.03238     0.03322     0.14123     0.03584     0.14293     0.00070     0.00011     0.00074     0.00056     0.00072     0.00081     0.00063     1.07301
   -14.78740     0.13421     0.22672     0.23157     0.26352     0.04141     0.04929     0.18973     0.04677     0.19918     0.00106     0.00014     0.00097     0.00066     0.00098     0.00135     0.00085     1.38840
   -14.72440     0.10743     0.19926     0.16935     0.21234     0.03801     0.03938     0.14956     0.04041     0.16442     0.00087     0.00011     0.00077     0.00051     0.00082     0.00105     0.00078     1.12508
   -14.66040     0.10066     0.18711     0.14732     0.16868     0.03533     0.03408     0.15482     0.04167     0.13713     0.00078     0.00010     0.00079     0.00045     0.00079     0.00077     0.00079     1.01129
   -14.59740     0.12289     0.26102     0.23556     0.24703     0.04544     0.04861     0.21002     0.06262     0.18784     0.00116     0.00014     0.00112     0.00072     0.00119     0.00146     0.00118     1.42799
   -14.53340     0.10842     0.23057     0.23890     0.23655     0.03839     0.04258     0.16895     0.04847     0.15956     0.00096     0.00012     0.00097     0.00074     0.00093     0.00143     0.00095     1.27848
   -14.47040     0.08449     0.19495     0.18327     0.18375     0.03071     0.03229     0.15037     0.03670     0.13339     0.00080     0.00009     0.00076     0.00064     0.00084     0.00104     0.00075     1.03486
   -14.40740     0.10522     0.24769     0.19109     0.22627     0.03694     0.04561     0.18801     0.04226     0.20567     0.00120     0.00012     0.00098     0.00069     0.00106     0.00145     0.00090     1.29516
   -14.34340     0.10036     0.23943     0.17693     0.22694     0.03880     0.04736     0.17128     0.04114     0.17823     0.00110     0.00011     0.00093     0.00077     0.00099     0.00142     0.00102     1.22681
   -14.28040     0.08967     0.22155     0.17071     0.19590     0.03800     0.04644     0.16398     0.04577     0.14775     0.00104     0.00010     0.00094     0.00066     0.00094     0.00131     0.00095     1.12571
   -14.21640     0.08884     0.25732     0.19900     0.21848     0.04554     0.05028     0.18571     0.04718     0.16053     0.00122     0.00012     0.00118     0.00080     0.00104     0.00155     0.00114     1.25992
   -14.15340     0.09739     0.29533     0.21145     0.27157     0.05263     0.05633     0.20839     0.05482     0.20293     0.00148     0.00014     0.00126     0.00087     0.00145     0.00231     0.00136     1.45971
   -14.08940     0.07765     0.23300     0.16068     0.20906     0.03950     0.05070     0.16241     0.04240     0.13925     0.00107     0.00011     0.00118     0.00066     0.00118     0.00154     0.00111     1.12149
   -14.02640     0.06281     0.21217     0.13031     0.18526     0.03226     0.04415     0.14700     0.04232     0.13363     0.00099     0.00009     0.00120     0.00054     0.00115     0.00130     0.00096     0.99614
   -13.96340     0.08539     0.24717     0.20042     0.26761     0.04570     0.05698     0.16843     0.05313     0.22300     0.00131     0.00014     0.00126     0.00085     0.00148     0.00253     0.00152     1.35692
   -13.89940     0.09389     0.26853     0.24735     0.28733     0.05366     0.06950     0.20745     0.06179     0.25740     0.00158     0.00015     0.00152     0.00117     0.00177     0.00290     0.00164     1.55763
   -13.83640     0.07518     0.21287     0.15906     0.22848     0.04069     0.05820     0.15696     0.04617     0.17391     0.00131     0.00012     0.00126     0.00084     0.00136     0.00218     0.00114     1.15973
   -13.77240     0.07852     0.22164     0.17023     0.23564     0.04067     0.05563     0.16846     0.05126     0.18065     0.00128     0.00011     0.00132     0.00096     0.00145     0.00230     0.00125     1.21137
   -13.70940     0.07075     0.22431     0.16518     0.21737     0.04193     0.05857     0.16117     0.05320     0.15898     0.00124     0.00011     0.00144     0.00092     0.00155     0.00215     0.00124     1.16011
   -13.64640     0.06965     0.17361     0.14318     0.20813     0.04308     0.05083     0.14203     0.04265     0.13102     0.00107     0.00011     0.00119     0.00086     0.00135     0.00184     0.00108     1.01168
   -13.58240     0.06945     0.19492     0.17797     0.21824     0.04263     0.04796     0.15850     0.04555     0.14008     0.00122     0.00011     0.00146     0.00111     0.00154     0.00201     0.00125     1.10398
   -13.51940     0.06651     0.22353     0.17955     0.22047     0.04514     0.04901     0.18520     0.06201     0.15686     0.00139     0.00013     0.00169     0.00106     0.00199     0.00216     0.00141     1.19810
   -13.45540     0.06254     0.18920     0.17207     0.17745     0.04303     0.04787     0.18073     0.05030     0.14711     0.00131     0.00013     0.00208     0.00110     0.00165     0.00210     0.00112     1.07979
   -13.39240     0.05224     0.17719     0.16514     0.17762     0.03865     0.04327     0.14391     0.05082     0.13046     0.00114     0.00011     0.00141     0.00108     0.00172     0.00242     0.00111     0.98828
   -13.32940     0.05974     0.22254     0.20140     0.22750     0.05024     0.05547     0.16724     0.06702     0.15582     0.00146     0.00013     0.00218     0.00128     0.00202     0.00284     0.00149     1.21835
   -13.26540     0.03599     0.12301     0.11113     0.13837     0.02836     0.03191     0.10098     0.03465     0.09835     0.00092     0.00007     0.00121     0.00067     0.00120     0.00153     0.00094     0.70928
   -13.20240     0.04947     0.17683     0.15607     0.17150     0.04834     0.04337     0.13044     0.04548     0.13885     0.00139     0.00009     0.00195     0.00100     0.00164     0.00258     0.00119     0.97019
   -13.13840     0.06315     0.23785     0.21384     0.24499     0.06504     0.06617     0.15652     0.06818     0.17805     0.00175     0.00012     0.00252     0.00121     0.00233     0.00333     0.00171     1.30676
   -13.07540     0.04034     0.14386     0.14449     0.14285     0.04493     0.04518     0.12154     0.03997     0.12228     0.00112     0.00008     0.00176     0.00083     0.00171     0.00190     0.00117     0.85402
   -13.01140     0.04595     0.16371     0.17415     0.16613     0.05319     0.04817     0.13230     0.04880     0.12865     0.00125     0.00009     0.00191     0.00103     0.00200     0.00223     0.00132     0.97088
   -12.94840     0.05998     0.20915     0.22924     0.19793     0.07104     0.05921     0.15729     0.05844     0.14438     0.00157     0.00013     0.00230     0.00146     0.00217     0.00243     0.00160     1.19832
   -12.88540     0.04907     0.19032     0.18899     0.19387     0.05584     0.05603     0.11847     0.05205     0.13559     0.00143     0.00010     0.00203     0.00119     0.00197     0.00274     0.00141     1.05109
   -12.82140     0.05070     0.21417     0.19200     0.22517     0.06733     0.05837     0.14385     0.05444     0.13290     0.00151     0.00012     0.00237     0.00136     0.00227     0.00292     0.00153     1.15100
   -12.75840     0.05171     0.20274     0.22056     0.18190     0.06718     0.06082     0.15377     0.05443     0.12444     0.00141     0.00011     0.00247     0.00152     0.00229     0.00250     0.00136     1.12922
   -12.69440     0.04377     0.19407     0.19769     0.16610     0.06090     0.05933     0.12617     0.05352     0.13084     0.00157     0.00010     0.00237     0.00135     0.00214     0.00267     0.00142     1.04400
   -12.63140     0.03845     0.17489     0.15872     0.14199     0.04940     0.05761     0.10538     0.04904     0.13304     0.00143     0.00008     0.00210     0.00106     0.00197     0.00262     0.00130     0.91907
   -12.56840     0.04462     0.17947     0.20585     0.16208     0.06689     0.07148     0.13774     0.06412     0.13591     0.00158     0.00011     0.00256     0.00133     0.00243     0.00268     0.00146     1.08032
   -12.50440     0.04723     0.19457     0.22000     0.18968     0.08867     0.07748     0.15880     0.06731     0.15051     0.00186     0.00013     0.00309     0.00161     0.00307     0.00298     0.00196     1.20894
   -12.44140     0.04566     0.18723     0.22073     0.17998     0.07588     0.07164     0.14555     0.06901     0.14936     0.00186     0.00012     0.00283     0.00153     0.00284     0.00350     0.00185     1.15956
   -12.37740     0.03150     0.14306     0.14912     0.13867     0.06020     0.05382     0.10770     0.05268     0.11324     0.00149     0.00008     0.00220     0.00112     0.00233     0.00243     0.00140     0.86102
   -12.31440     0.04100     0.19659     0.20576     0.18309     0.07885     0.07088     0.14325     0.07061     0.15693     0.00191     0.00012     0.00289     0.00160     0.00321     0.00338     0.00203     1.16211
   -12.25040     0.03686     0.16471     0.16868     0.16623     0.07421     0.07144     0.12315     0.06150     0.12091     0.00164     0.00010     0.00247     0.00134     0.00257     0.00302     0.00165     1.00049
   -12.18740     0.04015     0.19823     0.18054     0.18768     0.08660     0.08803     0.13080     0.06773     0.13935     0.00195     0.00012     0.00316     0.00157     0.00277     0.00346     0.00178     1.13391
   -12.12440     0.03132     0.18448     0.16487     0.18044     0.08053     0.08647     0.11157     0.06648     0.13241     0.00193     0.00010     0.00301     0.00154     0.00266     0.00382     0.00181     1.05345
   -12.06040     0.03174     0.17724     0.15706     0.17420     0.07852     0.08518     0.10071     0.06850     0.13508     0.00202     0.00010     0.00313     0.00148     0.00260     0.00374     0.00179     1.02307
   -11.99740     0.03297     0.17323     0.15596     0.16444     0.08065     0.08169     0.10914     0.07089     0.12689     0.00204     0.00010     0.00306     0.00151     0.00286     0.00298     0.00198     1.01039
   -11.93340     0.03161     0.15750     0.14733     0.15623     0.08126     0.07845     0.11196     0.07291     0.13662     0.00205     0.00010     0.00286     0.00142     0.00287     0.00325     0.00194     0.98836
   -11.87040     0.02945     0.15444     0.13497     0.15455     0.08158     0.08205     0.11042     0.07651     0.14081     0.00208     0.00010     0.00296     0.00135     0.00294     0.00382     0.00198     0.98001
   -11.80740     0.02909     0.15412     0.14031     0.16265     0.09272     0.09028     0.11950     0.08637     0.14091     0.00246     0.00010     0.00327     0.00143     0.00310     0.00408     0.00214     1.03252
   -11.74340     0.02587     0.13508     0.12498     0.14072     0.08963     0.08325     0.11223     0.08115     0.12124     0.00229     0.00009     0.00311     0.00133     0.00292     0.00365     0.00205     0.92960
   -11.68040     0.02439     0.12618     0.10889     0.12648     0.08351     0.07928     0.09269     0.08020     0.10764     0.00201     0.00009     0.00283     0.00122     0.00286     0.00348     0.00200     0.84374
   -11.61640     0.02353     0.11802     0.09846     0.11805     0.07877     0.07854     0.08409     0.08188     0.10453     0.00188     0.00008     0.00267     0.00114     0.00288     0.00364     0.00196     0.80014
   -11.55340     0.02529     0.11734     0.10188     0.12165     0.08585     0.08645     0.08243     0.09166     0.11201     0.00203     0.00009     0.00273     0.00125     0.00294     0.00416     0.00206     0.83983
   -11.48940     0.02607     0.11480     0.09628     0.11746     0.09116     0.09092     0.08142     0.09837     0.11525     0.00208     0.00009     0.00276     0.00123     0.00310     0.00434     0.00217     0.84749
   -11.42640     0.02413     0.10648     0.08867     0.10800     0.08936     0.08904     0.07955     0.09781     0.11038     0.00198     0.00009     0.00269     0.00117     0.00319     0.00423     0.00214     0.80892
   -11.36340     0.02727     0.12626     0.10179     0.12067     0.10977     0.09989     0.09146     0.11396     0.12684     0.00251     0.00009     0.00312     0.00142     0.00366     0.00481     0.00257     0.93610
   -11.29940     0.02816     0.12077     0.09633     0.11630     0.11636     0.10618     0.09296     0.11804     0.12211     0.00250     0.00009     0.00312     0.00144     0.00378     0.00471     0.00247     0.93533
   -11.23640     0.02487     0.10622     0.07991     0.10724     0.11196     0.09164     0.08498     0.10201     0.11175     0.00240     0.00007     0.00286     0.00134     0.00321     0.00449     0.00229     0.83724
   -11.17240     0.02433     0.09849     0.07368     0.10562     0.11422     0.09045     0.08920     0.09838     0.11235     0.00243     0.00007     0.00286     0.00136     0.00322     0.00451     0.00240     0.82358
   -11.10940     0.02638     0.09360     0.07138     0.10126     0.12210     0.10481     0.09220     0.10397     0.11387     0.00251     0.00007     0.00318     0.00145     0.00355     0.00457     0.00243     0.84733
   -11.04640     0.02507     0.08716     0.06167     0.08737     0.11115     0.09295     0.08306     0.09272     0.09661     0.00240     0.00006     0.00272     0.00144     0.00323     0.00376     0.00222     0.75359
   -10.98240     0.02924     0.09586     0.06668     0.08922     0.11731     0.11247     0.07993     0.11073     0.09601     0.00245     0.00007     0.00314     0.00159     0.00373     0.00376     0.00226     0.81446
   -10.91940     0.02470     0.07003     0.05303     0.06935     0.10426     0.08876     0.05998     0.08902     0.07709     0.00194     0.00006     0.00242     0.00138     0.00264     0.00340     0.00185     0.64989
   -10.85540     0.02763     0.07169     0.05941     0.07489     0.11875     0.10335     0.06035     0.09765     0.07711     0.00199     0.00006     0.00260     0.00165     0.00275     0.00348     0.00202     0.70540
   -10.79240     0.02739     0.07435     0.05733     0.08056     0.11987     0.11549     0.05771     0.10836     0.07394     0.00197     0.00006     0.00267     0.00168     0.00294     0.00338     0.00202     0.72971
   -10.72940     0.02869     0.07025     0.05728     0.06813     0.13858     0.10924     0.06291     0.10819     0.08140     0.00231     0.00007     0.00259     0.00175     0.00283     0.00380     0.00222     0.74022
   -10.66540     0.02923     0.06706     0.05741     0.06987     0.14215     0.11172     0.07132     0.10875     0.07890     0.00246     0.00007     0.00286     0.00177     0.00312     0.00359     0.00248     0.75276
   -10.60240     0.02732     0.05850     0.05082     0.06132     0.13400     0.10466     0.06805     0.10078     0.07636     0.00238     0.00006     0.00289     0.00167     0.00300     0.00337     0.00247     0.69766
   -10.53840     0.02992     0.06067     0.05487     0.06436     0.15291     0.11339     0.07758     0.11037     0.08641     0.00283     0.00007     0.00340     0.00188     0.00325     0.00378     0.00285     0.76853
   -10.47540     0.02960     0.05606     0.05297     0.05652     0.14515     0.10825     0.06729     0.10824     0.08400     0.00264     0.00007     0.00312     0.00188     0.00298     0.00374     0.00275     0.72526
   -10.41140     0.03240     0.05811     0.05938     0.05550     0.16023     0.11523     0.06561     0.11956     0.08728     0.00277     0.00007     0.00314     0.00215     0.00310     0.00398     0.00300     0.77153
   -10.34840     0.03199     0.05595     0.06271     0.05079     0.15957     0.11401     0.06204     0.12066     0.07831     0.00264     0.00007     0.00293     0.00225     0.00307     0.00379     0.00306     0.75384
   -10.28540     0.03285     0.06018     0.06344     0.05129     0.17143     0.12263     0.06376     0.12836     0.07619     0.00279     0.00007     0.00298     0.00238     0.00322     0.00379     0.00326     0.78863
   -10.22140     0.03050     0.05394     0.05445     0.04621     0.15817     0.11447     0.07005     0.12052     0.07020     0.00277     0.00007     0.00304     0.00219     0.00310     0.00343     0.00304     0.73614
   -10.15840     0.03069     0.05374     0.05370     0.04433     0.15914     0.11634     0.06508     0.12340     0.06710     0.00278     0.00007     0.00301     0.00222     0.00301     0.00337     0.00297     0.73096
   -10.09440     0.03205     0.05412     0.05439     0.04331     0.16282     0.12109     0.06212     0.12937     0.06520     0.00283     0.00007     0.00307     0.00231     0.00298     0.00335     0.00301     0.74209
   -10.03140     0.03279     0.05032     0.05356     0.04221     0.16523     0.12425     0.05894     0.12814     0.06206     0.00276     0.00007     0.00298     0.00238     0.00286     0.00328     0.00306     0.73489
    -9.96840     0.03380     0.04648     0.05295     0.04246     0.16298     0.13013     0.05980     0.12650     0.06289     0.00269     0.00007     0.00301     0.00243     0.00292     0.00331     0.00314     0.73558
    -9.90440     0.03644     0.04572     0.05708     0.04461     0.17081     0.14205     0.06290     0.13918     0.06700     0.00287     0.00008     0.00327     0.00268     0.00309     0.00353     0.00334     0.78463
    -9.84140     0.03492     0.04351     0.05189     0.04333     0.16027     0.14384     0.06028     0.13727     0.06499     0.00264     0.00008     0.00328     0.00255     0.00313     0.00345     0.00319     0.75862
    -9.77740     0.03475     0.04301     0.04878     0.04333     0.15730     0.14397     0.06361     0.14170     0.06555     0.00272     0.00008     0.00346     0.00252     0.00331     0.00350     0.00314     0.76072
    -9.71440     0.03419     0.04220     0.04669     0.04294     0.15500     0.14203     0.06789     0.14431     0.06321     0.00286     0.00008     0.00361     0.00255     0.00343     0.00336     0.00314     0.75751
    -9.65040     0.03638     0.04468     0.04681     0.04567     0.16918     0.15465     0.07223     0.15661     0.06494     0.00311     0.00008     0.00373     0.00279     0.00374     0.00350     0.00355     0.81166
    -9.58740     0.03280     0.04013     0.04257     0.03982     0.15742     0.14384     0.06180     0.14579     0.05815     0.00294     0.00008     0.00341     0.00262     0.00338     0.00327     0.00320     0.74123
    -9.52440     0.03076     0.03436     0.03739     0.03640     0.14533     0.13898     0.05509     0.13829     0.05646     0.00275     0.00007     0.00322     0.00235     0.00321     0.00322     0.00291     0.69080
    -9.46040     0.02890     0.03238     0.03192     0.03513     0.13392     0.13833     0.05157     0.13579     0.05596     0.00259     0.00007     0.00318     0.00213     0.00325     0.00330     0.00271     0.66112
    -9.39740     0.02918     0.03203     0.02845     0.03551     0.13253     0.14271     0.04941     0.14057     0.05659     0.00259     0.00007     0.00331     0.00208     0.00330     0.00336     0.00269     0.66438
    -9.33340     0.03234     0.03309     0.03212     0.03761     0.14881     0.15908     0.05130     0.15393     0.05517     0.00287     0.00008     0.00354     0.00238     0.00348     0.00342     0.00302     0.72225
    -9.27040     0.03371     0.03370     0.03269     0.03639     0.15310     0.15935     0.04898     0.16335     0.05106     0.00304     0.00008     0.00353     0.00247     0.00351     0.00336     0.00299     0.73130
    -9.20740     0.03810     0.03442     0.03502     0.03653     0.16677     0.16756     0.04724     0.17806     0.04836     0.00344     0.00009     0.00359     0.00279     0.00352     0.00344     0.00312     0.77205
    -9.14340     0.03816     0.03376     0.03741     0.03594     0.17290     0.16909     0.04816     0.18586     0.04442     0.00373     0.00010     0.00361     0.00299     0.00359     0.00333     0.00321     0.78626
    -9.08040     0.03965     0.03485     0.04121     0.03901     0.19091     0.18648     0.05266     0.19337     0.04545     0.00401     0.00010     0.00393     0.00333     0.00366     0.00358     0.00365     0.84585
    -9.01640     0.03868     0.03276     0.03949     0.03483     0.18313     0.17843     0.05347     0.18773     0.04224     0.00379     0.00010     0.00375     0.00318     0.00375     0.00312     0.00363     0.81210
    -8.95340     0.03685     0.03231     0.03992     0.03327     0.17806     0.17653     0.05343     0.18346     0.04423     0.00366     0.00010     0.00376     0.00321     0.00371     0.00318     0.00374     0.79943
    -8.88940     0.03823     0.03465     0.04057     0.03367     0.18375     0.18400     0.05245     0.19728     0.04542     0.00391     0.00011     0.00373     0.00336     0.00378     0.00346     0.00389     0.83225
    -8.82640     0.03890     0.03644     0.03943     0.03240     0.18843     0.17945     0.05061     0.19740     0.04928     0.00396     0.00011     0.00372     0.00342     0.00374     0.00398     0.00407     0.83534
    -8.76340     0.03711     0.03238     0.03707     0.03093     0.16986     0.17147     0.04571     0.18934     0.04927     0.00368     0.00011     0.00361     0.00322     0.00354     0.00405     0.00368     0.78503
    -8.69940     0.03921     0.03368     0.03536     0.03175     0.16966     0.17988     0.04501     0.19704     0.05368     0.00379     0.00011     0.00377     0.00325     0.00376     0.00453     0.00370     0.80820
    -8.63640     0.03997     0.03288     0.03467     0.03131     0.17196     0.17897     0.04396     0.19594     0.05121     0.00376     0.00012     0.00373     0.00329     0.00373     0.00450     0.00367     0.80365
    -8.57240     0.04410     0.03542     0.03515     0.03377     0.18533     0.19369     0.04599     0.20842     0.05360     0.00411     0.00013     0.00396     0.00357     0.00393     0.00490     0.00393     0.85998
    -8.50940     0.04328     0.03415     0.03684     0.03293     0.19557     0.20126     0.05043     0.21572     0.04935     0.00430     0.00014     0.00406     0.00362     0.00403     0.00447     0.00402     0.88417
    -8.44640     0.04401     0.03472     0.03657     0.03383     0.20495     0.21700     0.04733     0.22627     0.04678     0.00430     0.00015     0.00408     0.00362     0.00411     0.00438     0.00408     0.91616
    -8.38240     0.04567     0.03625     0.03838     0.03647     0.23178     0.24000     0.05211     0.24385     0.04750     0.00456     0.00016     0.00433     0.00381     0.00437     0.00451     0.00450     0.99826
    -8.31940     0.04594     0.03675     0.03911     0.03737     0.24316     0.26729     0.04669     0.26606     0.04582     0.00454     0.00017     0.00432     0.00388     0.00433     0.00442     0.00448     1.05433
    -8.25540     0.04583     0.03634     0.03731     0.03738     0.24308     0.27526     0.04182     0.27398     0.04467     0.00442     0.00018     0.00428     0.00378     0.00421     0.00437     0.00432     1.06122
    -8.19240     0.04683     0.03583     0.03460     0.03748     0.24349     0.27238     0.04047     0.27062     0.04615     0.00433     0.00018     0.00427     0.00375     0.00421     0.00459     0.00428     1.05347
    -8.12840     0.04695     0.03573     0.03376     0.03774     0.24594     0.27379     0.04145     0.27491     0.04749     0.00444     0.00019     0.00434     0.00381     0.00431     0.00473     0.00437     1.06393
    -8.06540     0.04748     0.03586     0.03393     0.03800     0.24854     0.27587     0.04292     0.28101     0.04834     0.00450     0.00019     0.00442     0.00387     0.00446     0.00488     0.00446     1.07872
    -8.00240     0.04885     0.03593     0.03490     0.03849     0.25309     0.27888     0.04561     0.28924     0.04863     0.00464     0.00020     0.00456     0.00400     0.00464     0.00499     0.00461     1.10125
    -7.93840     0.04930     0.03575     0.03692     0.03857     0.25881     0.29095     0.04766     0.30397     0.04896     0.00478     0.00021     0.00468     0.00415     0.00479     0.00508     0.00474     1.13931
    -7.87540     0.04964     0.03537     0.03758     0.03800     0.25899     0.29214     0.04958     0.30337     0.04893     0.00486     0.00021     0.00478     0.00422     0.00488     0.00511     0.00484     1.14250
    -7.81140     0.05040     0.03543     0.03776     0.03754     0.26080     0.29432     0.04996     0.30060     0.04931     0.00489     0.00022     0.00490     0.00427     0.00496     0.00515     0.00492     1.14543
    -7.74840     0.05118     0.03539     0.03730     0.03724     0.26252     0.29126     0.05105     0.29482     0.04976     0.00492     0.00023     0.00503     0.00427     0.00505     0.00516     0.00502     1.14017
    -7.68540     0.05132     0.03460     0.03518     0.03629     0.25673     0.27303     0.05013     0.27509     0.04996     0.00484     0.00022     0.00501     0.00417     0.00496     0.00512     0.00493     1.09158
    -7.62140     0.05290     0.03461     0.03442     0.03592     0.25247     0.25851     0.05115     0.26165     0.05078     0.00482     0.00022     0.00509     0.00417     0.00499     0.00517     0.00497     1.06184
    -7.55840     0.05401     0.03401     0.03395     0.03549     0.24683     0.24687     0.05229     0.25067     0.05115     0.00489     0.00022     0.00506     0.00421     0.00498     0.00518     0.00506     1.03486
    -7.49440     0.05565     0.03423     0.03434     0.03565     0.24466     0.24283     0.05291     0.24590     0.05308     0.00504     0.00023     0.00508     0.00432     0.00501     0.00532     0.00516     1.02940
    -7.43140     0.05730     0.03466     0.03573     0.03547     0.23999     0.24307     0.05333     0.24242     0.05334     0.00517     0.00023     0.00508     0.00449     0.00500     0.00537     0.00530     1.02594
    -7.36840     0.05821     0.03486     0.03717     0.03548     0.23566     0.24360     0.05301     0.24035     0.05240     0.00532     0.00023     0.00501     0.00465     0.00495     0.00538     0.00538     1.02166
    -7.30440     0.05851     0.03514     0.03866     0.03542     0.23129     0.24491     0.05222     0.24034     0.05124     0.00550     0.00023     0.00487     0.00482     0.00484     0.00540     0.00546     1.01885
    -7.24140     0.05932     0.03569     0.04062     0.03578     0.22811     0.24838     0.05048     0.24485     0.04973     0.00573     0.00024     0.00478     0.00500     0.00469     0.00547     0.00547     1.02433
    -7.17740     0.05731     0.03514     0.04097     0.03497     0.21489     0.24509     0.04763     0.23518     0.04736     0.00573     0.00023     0.00457     0.00496     0.00449     0.00537     0.00529     0.98918
    -7.11440     0.05799     0.03578     0.04097     0.03538     0.21133     0.23788     0.04760     0.22998     0.04735     0.00592     0.00023     0.00454     0.00501     0.00449     0.00538     0.00535     0.97518
    -7.05040     0.05967     0.03654     0.04190     0.03657     0.21008     0.23760     0.04956     0.23260     0.04942     0.00605     0.00023     0.00467     0.00512     0.00462     0.00557     0.00564     0.98585
    -6.98740     0.05908     0.03612     0.04174     0.03690     0.19973     0.22477     0.04839     0.22491     0.04949     0.00598     0.00023     0.00470     0.00499     0.00457     0.00561     0.00576     0.95296
    -6.92440     0.06006     0.03830     0.04550     0.03983     0.20539     0.23387     0.04980     0.24173     0.05115     0.00625     0.00025     0.00507     0.00519     0.00476     0.00589     0.00613     0.99918
    -6.86040     0.05772     0.03857     0.04575     0.03993     0.20019     0.22267     0.04790     0.23113     0.05175     0.00630     0.00024     0.00481     0.00511     0.00447     0.00597     0.00586     0.96836
    -6.79740     0.05584     0.03987     0.04894     0.04411     0.21403     0.23591     0.04849     0.25050     0.05252     0.00641     0.00026     0.00511     0.00509     0.00480     0.00617     0.00619     1.02424
    -6.73340     0.05422     0.03960     0.04862     0.04210     0.20485     0.22437     0.04796     0.23014     0.05201     0.00631     0.00024     0.00522     0.00507     0.00480     0.00603     0.00603     0.97756
    -6.67040     0.05055     0.03776     0.04634     0.03800     0.19560     0.20669     0.04690     0.20106     0.05106     0.00598     0.00022     0.00513     0.00525     0.00455     0.00606     0.00571     0.90685
    -6.60740     0.04646     0.03880     0.04849     0.03716     0.18891     0.20301     0.04593     0.19504     0.04877     0.00592     0.00022     0.00506     0.00499     0.00459     0.00578     0.00541     0.88454
    -6.54340     0.05210     0.04657     0.05993     0.04369     0.20886     0.23274     0.05256     0.21674     0.05223     0.00671     0.00025     0.00553     0.00593     0.00514     0.00613     0.00624     1.00135
    -6.48040     0.04725     0.04429     0.05365     0.03922     0.18388     0.21479     0.04916     0.18976     0.04714     0.00608     0.00022     0.00507     0.00541     0.00468     0.00584     0.00546     0.90191
    -6.41640     0.04738     0.04543     0.06051     0.03906     0.17976     0.22188     0.05134     0.19587     0.04964     0.00648     0.00024     0.00500     0.00579     0.00469     0.00648     0.00559     0.92514
    -6.35340     0.04431     0.04538     0.06508     0.03930     0.17481     0.22465     0.05056     0.19996     0.04938     0.00610     0.00024     0.00506     0.00598     0.00459     0.00677     0.00552     0.92770
    -6.28940     0.03727     0.04381     0.05506     0.03560     0.16386     0.20290     0.04879     0.17216     0.04698     0.00599     0.00022     0.00468     0.00532     0.00422     0.00615     0.00492     0.83793
    -6.22640     0.03911     0.05031     0.07415     0.04419     0.19642     0.22793     0.06170     0.21665     0.05627     0.00667     0.00028     0.00615     0.00617     0.00559     0.00701     0.00576     1.00436
    -6.16340     0.03651     0.05261     0.07191     0.04351     0.21165     0.23919     0.05669     0.19182     0.05495     0.00682     0.00027     0.00577     0.00603     0.00520     0.00709     0.00611     0.99614
    -6.09940     0.04193     0.05758     0.08365     0.05904     0.24681     0.26309     0.06614     0.22064     0.06474     0.00746     0.00033     0.00745     0.00685     0.00720     0.00800     0.00691     1.14782
    -6.03640     0.03959     0.04932     0.07726     0.06333     0.22757     0.22330     0.06748     0.22402     0.06632     0.00660     0.00032     0.00699     0.00677     0.00681     0.00816     0.00723     1.08105
    -5.97240     0.03023     0.03907     0.06212     0.05196     0.18792     0.16787     0.05423     0.18300     0.05308     0.00501     0.00027     0.00600     0.00527     0.00598     0.00680     0.00562     0.86441
    -5.90940     0.03278     0.04634     0.06565     0.06187     0.23934     0.19115     0.06145     0.22586     0.05597     0.00592     0.00032     0.00695     0.00591     0.00738     0.00736     0.00711     1.02136
    -5.84640     0.03460     0.05602     0.06102     0.05832     0.24274     0.21104     0.06792     0.21760     0.05654     0.00695     0.00031     0.00784     0.00605     0.00728     0.00710     0.00701     1.04835
    -5.78240     0.03298     0.05347     0.05363     0.05384     0.21153     0.19727     0.06512     0.18752     0.05033     0.00725     0.00028     0.00692     0.00586     0.00640     0.00643     0.00696     0.94578
    -5.71940     0.03620     0.06104     0.06815     0.06870     0.24578     0.24622     0.06973     0.24008     0.06307     0.00849     0.00035     0.00767     0.00709     0.00785     0.00810     0.00858     1.14711
    -5.65540     0.03804     0.05997     0.06951     0.07873     0.25045     0.24266     0.07744     0.26856     0.06665     0.00853     0.00040     0.00852     0.00765     0.00861     0.00905     0.00971     1.20448
    -5.59240     0.03706     0.06220     0.06643     0.07280     0.23616     0.22263     0.08440     0.26281     0.06735     0.00844     0.00040     0.00848     0.00759     0.00814     0.00902     0.00946     1.16339
    -5.52840     0.03380     0.06177     0.06101     0.06660     0.21306     0.20901     0.08022     0.24182     0.06466     0.00837     0.00038     0.00788     0.00746     0.00792     0.00858     0.00869     1.08123
    -5.46540     0.03721     0.07418     0.06302     0.07421     0.23672     0.23641     0.09102     0.26455     0.07480     0.00979     0.00044     0.00932     0.00826     0.00912     0.01031     0.00985     1.20921
    -5.40240     0.03467     0.07201     0.06581     0.07135     0.24493     0.24073     0.09175     0.26519     0.07972     0.00986     0.00042     0.00969     0.00840     0.00904     0.01089     0.00975     1.22420
    -5.33840     0.03315     0.07475     0.07165     0.07016     0.24270     0.24796     0.09874     0.26915     0.08361     0.01034     0.00044     0.00965     0.00898     0.00909     0.01149     0.00987     1.25172
    -5.27540     0.03336     0.07688     0.07566     0.07272     0.24840     0.26140     0.10436     0.27731     0.08958     0.01090     0.00046     0.01044     0.00972     0.01006     0.01301     0.01033     1.30459
    -5.21140     0.03176     0.07277     0.06958     0.06852     0.23172     0.24898     0.10828     0.25287     0.08655     0.01089     0.00044     0.00998     0.00992     0.00958     0.01261     0.01000     1.23446
    -5.14840     0.03087     0.07406     0.07441     0.07166     0.23870     0.25150     0.11213     0.26163     0.09580     0.01126     0.00045     0.01078     0.01008     0.01078     0.01331     0.01073     1.27816
    -5.08540     0.02914     0.07457     0.07246     0.07201     0.23079     0.24261     0.11360     0.25232     0.09714     0.01100     0.00045     0.01120     0.00978     0.01145     0.01325     0.01092     1.25267
    -5.02140     0.02850     0.07599     0.07347     0.07370     0.22822     0.24372     0.11558     0.25377     0.09878     0.01127     0.00046     0.01158     0.01010     0.01184     0.01340     0.01130     1.26168
    -4.95840     0.02844     0.07690     0.07457     0.07807     0.23151     0.24246     0.11962     0.25721     0.10266     0.01172     0.00048     0.01192     0.01044     0.01228     0.01343     0.01192     1.28364
    -4.89440     0.02818     0.07666     0.07501     0.07941     0.23588     0.23964     0.12294     0.25584     0.10671     0.01175     0.00050     0.01189     0.01074     0.01252     0.01357     0.01253     1.29377
    -4.83140     0.02845     0.07715     0.07703     0.07928     0.23888     0.24723     0.12587     0.25670     0.11403     0.01194     0.00052     0.01198     0.01128     0.01256     0.01422     0.01277     1.31989
    -4.76840     0.02845     0.07521     0.07589     0.07770     0.23476     0.23456     0.13173     0.25084     0.11669     0.01173     0.00052     0.01194     0.01146     0.01235     0.01406     0.01263     1.30053
    -4.70440     0.02834     0.07372     0.07595     0.07658     0.23321     0.23529     0.13854     0.25205     0.12324     0.01172     0.00052     0.01200     0.01173     0.01235     0.01451     0.01269     1.31244
    -4.64140     0.02873     0.07242     0.07515     0.07614     0.23167     0.23586     0.14590     0.24973     0.12850     0.01184     0.00053     0.01234     0.01185     0.01270     0.01486     0.01273     1.32093
    -4.57740     0.02890     0.07144     0.07346     0.07634     0.22965     0.23231     0.14816     0.24420     0.13336     0.01181     0.00053     0.01270     0.01182     0.01335     0.01502     0.01279     1.31585
    -4.51440     0.02882     0.06988     0.07043     0.07449     0.22391     0.22514     0.14918     0.23555     0.13404     0.01158     0.00051     0.01284     0.01166     0.01352     0.01489     0.01274     1.28918
    -4.45040     0.02844     0.06887     0.06845     0.07061     0.21176     0.21581     0.14913     0.22202     0.13086     0.01129     0.00050     0.01267     0.01148     0.01321     0.01452     0.01238     1.24199
    -4.38740     0.02757     0.06555     0.06725     0.06675     0.19986     0.20818     0.14944     0.20865     0.12463     0.01094     0.00049     0.01182     0.01117     0.01237     0.01416     0.01183     1.19066
    -4.32440     0.02750     0.06254     0.06981     0.06431     0.19379     0.20230     0.15152     0.20101     0.12317     0.01085     0.00048     0.01144     0.01107     0.01201     0.01400     0.01154     1.16733
    -4.26040     0.02710     0.06019     0.06825     0.06119     0.18870     0.19174     0.15226     0.19075     0.12091     0.01058     0.00047     0.01122     0.01075     0.01176     0.01356     0.01113     1.13056
    -4.19740     0.02668     0.05946     0.06891     0.05859     0.18883     0.18637     0.15474     0.18469     0.12193     0.01059     0.00047     0.01127     0.01069     0.01177     0.01349     0.01091     1.11939
    -4.13340     0.02636     0.05826     0.06961     0.05623     0.18735     0.18364     0.15758     0.18052     0.12320     0.01067     0.00047     0.01130     0.01061     0.01167     0.01359     0.01069     1.11176
    -4.07040     0.02626     0.05609     0.06921     0.05362     0.18731     0.18284     0.16099     0.17848     0.12409     0.01073     0.00047     0.01159     0.01048     0.01158     0.01382     0.01044     1.10801
    -4.00740     0.02596     0.05384     0.06679     0.05129     0.18454     0.17893     0.16596     0.17412     0.12461     0.01047     0.00047     0.01140     0.01024     0.01116     0.01359     0.01011     1.09347
    -3.94340     0.02642     0.05309     0.06550     0.04897     0.18225     0.17780     0.17134     0.17078     0.12794     0.01026     0.00047     0.01130     0.01002     0.01111     0.01347     0.01005     1.09077
    -3.88040     0.02627     0.05036     0.06145     0.04589     0.17270     0.17097     0.16886     0.16232     0.12903     0.00984     0.00046     0.01094     0.00948     0.01078     0.01271     0.00963     1.05169
    -3.81640     0.02443     0.04643     0.05623     0.04245     0.16341     0.16661     0.16360     0.15714     0.12638     0.00944     0.00044     0.01058     0.00897     0.01040     0.01204     0.00917     1.00772
    -3.75340     0.02405     0.04430     0.05324     0.04086     0.15932     0.16813     0.16568     0.15795     0.12783     0.00939     0.00044     0.01048     0.00897     0.01030     0.01189     0.00914     1.00197
    -3.68940     0.02575     0.04285     0.05197     0.04215     0.16188     0.17245     0.17459     0.15894     0.13587     0.00957     0.00046     0.01051     0.00921     0.01049     0.01196     0.00949     1.02814
    -3.62640     0.02506     0.04064     0.04758     0.04104     0.16320     0.17371     0.17264     0.15657     0.13828     0.00951     0.00046     0.01035     0.00878     0.01042     0.01165     0.00956     1.01945
    -3.56340     0.02502     0.04023     0.04640     0.03771     0.15761     0.17138     0.17409     0.16124     0.13953     0.00915     0.00046     0.01063     0.00873     0.01038     0.01153     0.00962     1.01370
    -3.49940     0.02380     0.03316     0.03957     0.03912     0.15063     0.17137     0.15645     0.15299     0.13725     0.00904     0.00044     0.01002     0.00789     0.01034     0.01113     0.00885     0.96203
    -3.43640     0.02231     0.03285     0.03649     0.03598     0.14320     0.16332     0.14666     0.15143     0.13867     0.00882     0.00043     0.00978     0.00746     0.01013     0.01104     0.00902     0.92758
    -3.37240     0.02671     0.03205     0.03436     0.03512     0.13825     0.15700     0.14781     0.14526     0.15241     0.00925     0.00045     0.01000     0.00722     0.01056     0.01150     0.00963     0.92758
    -3.30940     0.02561     0.03281     0.03662     0.03538     0.14616     0.15577     0.15979     0.14709     0.15171     0.00909     0.00048     0.00961     0.00776     0.01034     0.01174     0.00978     0.94975
    -3.24640     0.02273     0.03023     0.03295     0.03492     0.13382     0.14832     0.14635     0.14011     0.14396     0.00869     0.00045     0.00902     0.00720     0.00969     0.01093     0.00887     0.88824
    -3.18240     0.02159     0.02948     0.03022     0.03288     0.13117     0.14323     0.14296     0.14133     0.14343     0.00863     0.00045     0.00894     0.00692     0.00950     0.01075     0.00852     0.87000
    -3.11940     0.02230     0.02992     0.03121     0.03354     0.13644     0.14192     0.15900     0.14319     0.14739     0.00884     0.00047     0.00908     0.00711     0.00950     0.01085     0.00842     0.89919
    -3.05540     0.02384     0.03034     0.03189     0.03164     0.13991     0.13979     0.17046     0.13967     0.15322     0.00869     0.00048     0.00938     0.00720     0.00939     0.01052     0.00830     0.91471
    -2.99240     0.02473     0.03140     0.03321     0.03270     0.13631     0.13945     0.18094     0.13904     0.15851     0.00867     0.00050     0.00954     0.00737     0.00940     0.01009     0.00810     0.92995
    -2.92840     0.02461     0.02928     0.03063     0.03216     0.12464     0.13114     0.16846     0.12994     0.15601     0.00823     0.00049     0.00901     0.00687     0.00892     0.00928     0.00768     0.87736
    -2.86540     0.02633     0.03076     0.03452     0.03542     0.13248     0.13650     0.18202     0.13425     0.16872     0.00878     0.00054     0.00939     0.00762     0.00927     0.00965     0.00830     0.93454
    -2.80240     0.02698     0.02978     0.03253     0.03318     0.13406     0.13668     0.18654     0.13357     0.16387     0.00836     0.00054     0.00954     0.00748     0.00943     0.00983     0.00813     0.93050
    -2.73840     0.02796     0.02749     0.03185     0.03032     0.13251     0.13344     0.18911     0.13097     0.15750     0.00798     0.00053     0.00950     0.00736     0.00952     0.00943     0.00758     0.91306
    -2.67540     0.02859     0.02650     0.03040     0.02706     0.11992     0.12840     0.18062     0.12528     0.15574     0.00743     0.00050     0.00903     0.00710     0.00906     0.00877     0.00726     0.87167
    -2.61140     0.03417     0.02966     0.03225     0.02979     0.12614     0.14112     0.19784     0.13868     0.18443     0.00838     0.00058     0.00925     0.00807     0.00927     0.00884     0.00810     0.96655
    -2.54840     0.03044     0.02906     0.03165     0.02863     0.12732     0.13700     0.19398     0.13549     0.18307     0.00759     0.00054     0.00864     0.00824     0.00868     0.00834     0.00752     0.94618
    -2.48540     0.03225     0.02968     0.03202     0.02925     0.13017     0.14234     0.20068     0.14046     0.21093     0.00793     0.00059     0.00870     0.00853     0.00886     0.00852     0.00797     0.99887
    -2.42140     0.03206     0.02912     0.03242     0.02842     0.13272     0.14076     0.20531     0.13966     0.21644     0.00770     0.00060     0.00856     0.00855     0.00871     0.00830     0.00795     1.00727
    -2.35840     0.03025     0.02763     0.03000     0.02737     0.13229     0.13800     0.20102     0.13812     0.21613     0.00751     0.00060     0.00838     0.00831     0.00849     0.00830     0.00768     0.99007
    -2.29440     0.02695     0.02567     0.02684     0.02558     0.12731     0.13057     0.18909     0.13261     0.21195     0.00717     0.00058     0.00787     0.00772     0.00799     0.00798     0.00710     0.94296
    -2.23140     0.02895     0.02842     0.02995     0.02776     0.14235     0.14328     0.21081     0.14478     0.23870     0.00785     0.00066     0.00827     0.00844     0.00841     0.00820     0.00741     1.04426
    -2.16840     0.03181     0.02975     0.03095     0.02893     0.16004     0.15209     0.22042     0.15073     0.25810     0.00895     0.00073     0.00841     0.00942     0.00861     0.00888     0.00819     1.11602
    -2.10440     0.03129     0.02902     0.02829     0.02710     0.15544     0.14438     0.21486     0.14272     0.26263     0.00900     0.00070     0.00783     0.00944     0.00802     0.00905     0.00874     1.08851
    -2.04140     0.03032     0.02797     0.02778     0.02580     0.14624     0.13875     0.22044     0.13919     0.25963     0.00859     0.00068     0.00763     0.00879     0.00768     0.00803     0.00766     1.06517
    -1.97740     0.02808     0.02431     0.02418     0.02342     0.12729     0.12289     0.20630     0.12005     0.24134     0.00695     0.00064     0.00639     0.00776     0.00656     0.00667     0.00667     0.95950
    -1.91440     0.02769     0.02341     0.02285     0.02291     0.11924     0.11846     0.20483     0.11302     0.24204     0.00647     0.00064     0.00603     0.00742     0.00623     0.00617     0.00641     0.93380
    -1.85040     0.02742     0.02209     0.02105     0.02239     0.11638     0.11665     0.20462     0.10982     0.24131     0.00641     0.00065     0.00569     0.00715     0.00591     0.00600     0.00634     0.91988
    -1.78740     0.02881     0.02185     0.02004     0.02211     0.11837     0.12033     0.21420     0.11216     0.24972     0.00664     0.00069     0.00562     0.00723     0.00586     0.00602     0.00658     0.94623
    -1.72440     0.03025     0.02202     0.01938     0.02179     0.12442     0.12939     0.22864     0.12083     0.26526     0.00702     0.00074     0.00584     0.00730     0.00613     0.00635     0.00706     1.00244
    -1.66040     0.03053     0.02109     0.01795     0.02110     0.12311     0.13236     0.23090     0.11902     0.27501     0.00711     0.00076     0.00568     0.00701     0.00602     0.00633     0.00709     1.01106
    -1.59740     0.03203     0.02104     0.01767     0.02143     0.12809     0.13555     0.24679     0.11971     0.29079     0.00718     0.00083     0.00564     0.00711     0.00616     0.00621     0.00733     1.05354
    -1.53340     0.03256     0.01958     0.01684     0.01983     0.12735     0.13233     0.23669     0.11466     0.27774     0.00677     0.00086     0.00536     0.00699     0.00597     0.00561     0.00711     1.01625
    -1.47040     0.03179     0.01910     0.01651     0.01978     0.13164     0.13470     0.24175     0.11747     0.28798     0.00694     0.00088     0.00541     0.00685     0.00603     0.00559     0.00713     1.03955
    -1.40740     0.03071     0.01816     0.01672     0.01922     0.13476     0.13518     0.24449     0.11910     0.28813     0.00689     0.00086     0.00549     0.00685     0.00612     0.00566     0.00706     1.04539
    -1.34340     0.03102     0.01783     0.01751     0.01920     0.14244     0.14043     0.25842     0.12359     0.29073     0.00689     0.00089     0.00570     0.00711     0.00634     0.00570     0.00714     1.08092
    -1.28040     0.03171     0.01833     0.01960     0.02032     0.14622     0.15127     0.28622     0.13427     0.30824     0.00694     0.00091     0.00586     0.00752     0.00661     0.00573     0.00727     1.15703
    -1.21640     0.03159     0.01854     0.01927     0.01920     0.14673     0.14600     0.29132     0.13201     0.30364     0.00670     0.00090     0.00553     0.00784     0.00607     0.00543     0.00678     1.14754
    -1.15340     0.03211     0.01976     0.02177     0.02001     0.16483     0.16331     0.32265     0.14700     0.32201     0.00697     0.00097     0.00589     0.00823     0.00629     0.00565     0.00704     1.25451
    -1.08940     0.03597     0.02121     0.02430     0.02033     0.18268     0.18298     0.35877     0.15887     0.34849     0.00751     0.00110     0.00634     0.00888     0.00673     0.00580     0.00754     1.37750
    -1.02640     0.03987     0.02145     0.02374     0.02071     0.21168     0.20009     0.37735     0.17740     0.36882     0.00803     0.00120     0.00656     0.00948     0.00706     0.00618     0.00827     1.48789
    -0.96340     0.04481     0.02365     0.02695     0.02234     0.25537     0.24204     0.41521     0.21594     0.41267     0.00921     0.00139     0.00764     0.01093     0.00810     0.00709     0.00969     1.71302
    -0.89940     0.04198     0.02181     0.02514     0.02020     0.25867     0.25081     0.40494     0.22893     0.39031     0.00873     0.00142     0.00804     0.01057     0.00836     0.00698     0.00920     1.69609
    -0.83640     0.03998     0.02166     0.02625     0.02002     0.25311     0.27629     0.41455     0.24079     0.40574     0.00832     0.00140     0.00768     0.01033     0.00796     0.00651     0.00850     1.74907
    -0.77240     0.04348     0.02176     0.02620     0.02066     0.27965     0.30247     0.43850     0.26452     0.44353     0.00856     0.00150     0.00704     0.01093     0.00730     0.00619     0.00842     1.89070
    -0.70940     0.04182     0.02043     0.02438     0.01962     0.29105     0.29636     0.41808     0.26405     0.43075     0.00795     0.00153     0.00637     0.01011     0.00645     0.00528     0.00756     1.85179
    -0.64640     0.04088     0.01972     0.02526     0.01975     0.31249     0.34211     0.42236     0.29126     0.43932     0.00777     0.00159     0.00648     0.00993     0.00651     0.00509     0.00747     1.95800
    -0.58240     0.04125     0.02040     0.02683     0.02044     0.32487     0.36721     0.44678     0.33244     0.44982     0.00785     0.00172     0.00683     0.01013     0.00679     0.00501     0.00763     2.07599
    -0.51940     0.04159     0.01977     0.02513     0.02101     0.34748     0.38803     0.46605     0.34997     0.45346     0.00746     0.00183     0.00661     0.01012     0.00676     0.00476     0.00758     2.15762
    -0.45540     0.04760     0.02222     0.02654     0.02263     0.39963     0.41875     0.54104     0.47831     0.52464     0.00799     0.00209     0.00714     0.01093     0.00738     0.00496     0.00835     2.53022
    -0.39240     0.03981     0.02031     0.02534     0.02039     0.37786     0.38350     0.51649     0.40363     0.51720     0.00769     0.00197     0.00711     0.00958     0.00674     0.00481     0.00737     2.34981
    -0.32840     0.04112     0.01929     0.02170     0.01980     0.40300     0.33420     0.49797     0.38450     0.50819     0.00763     0.00196     0.00653     0.00941     0.00612     0.00433     0.00689     2.27266
    -0.26540     0.04489     0.02171     0.02587     0.02244     0.49174     0.36645     0.56788     0.46729     0.57037     0.00825     0.00234     0.00775     0.01146     0.00706     0.00500     0.00751     2.62801
    -0.20240     0.04785     0.02277     0.02673     0.02435     0.53534     0.40595     0.61972     0.49751     0.62229     0.00839     0.00264     0.00775     0.01197     0.00716     0.00497     0.00774     2.85313
    -0.13840     0.05203     0.02385     0.02607     0.02581     0.53810     0.43365     0.63479     0.53065     0.63861     0.00871     0.00286     0.00787     0.01185     0.00752     0.00526     0.00848     2.95612
    -0.07540     0.05072     0.02299     0.02453     0.02486     0.54214     0.43688     0.61738     0.51520     0.60691     0.00851     0.00300     0.00748     0.01117     0.00744     0.00518     0.00817     2.89254
    -0.01140     0.05189     0.02378     0.02582     0.02613     0.59155     0.51104     0.63314     0.55273     0.63587     0.00905     0.00344     0.00800     0.01079     0.00776     0.00574     0.00864     3.10536
     0.05160     0.05255     0.02309     0.02502     0.02560     0.58879     0.52356     0.61640     0.51941     0.61604     0.00871     0.00349     0.00782     0.01064     0.00751     0.00545     0.00838     3.04245
     0.11460     0.05688     0.02374     0.02515     0.02595     0.58514     0.54586     0.64125     0.53095     0.62904     0.00886     0.00367     0.00796     0.01143     0.00745     0.00558     0.00836     3.11728
     0.17860     0.06169     0.02572     0.02818     0.02770     0.63610     0.60424     0.69665     0.58037     0.72272     0.00953     0.00405     0.00881     0.01147     0.00820     0.00617     0.00900     3.44060
     0.24160     0.05468     0.02334     0.02410     0.02399     0.56066     0.56419     0.62204     0.53740     0.62355     0.00807     0.00384     0.00707     0.01005     0.00668     0.00554     0.00802     3.08323
     0.30560     0.05977     0.02591     0.02699     0.02618     0.63978     0.66225     0.68448     0.66087     0.69989     0.00874     0.00461     0.00768     0.01103     0.00739     0.00635     0.00874     3.54066
     0.36860     0.06273     0.02856     0.02855     0.02921     0.73116     0.73677     0.77911     0.71924     0.80176     0.00944     0.00518     0.00893     0.01197     0.00822     0.00695     0.00938     3.97716
     0.43260     0.06139     0.02785     0.02589     0.02900     0.68881     0.69700     0.79257     0.65680     0.76856     0.00918     0.00491     0.00823     0.01182     0.00792     0.00693     0.00886     3.80571
     0.49560     0.06631     0.02930     0.02638     0.02916     0.68918     0.73028     0.80673     0.70484     0.82400     0.00930     0.00517     0.00884     0.01217     0.00860     0.00724     0.00954     3.96704
     0.55860     0.06003     0.02636     0.02423     0.02563     0.57903     0.69188     0.74908     0.64767     0.79751     0.00854     0.00485     0.00821     0.01078     0.00786     0.00697     0.00877     3.65741
     0.62260     0.06085     0.02603     0.02322     0.02565     0.57899     0.66021     0.79759     0.62015     0.80081     0.00851     0.00481     0.00839     0.00997     0.00803     0.00678     0.00847     3.64846
     0.68560     0.06852     0.03041     0.02544     0.02842     0.61336     0.64455     0.90237     0.63299     0.83293     0.00927     0.00524     0.00853     0.01048     0.00782     0.00705     0.00884     3.83622
     0.74960     0.07881     0.03006     0.02618     0.03039     0.63767     0.66154     1.02263     0.65317     0.92291     0.00942     0.00563     0.00885     0.01076     0.00838     0.00745     0.00852     4.12235
     0.81260     0.07967     0.02951     0.02552     0.03053     0.62030     0.65229     1.05911     0.64706     0.94897     0.00938     0.00569     0.00888     0.01015     0.00853     0.00738     0.00816     4.15113
     0.87560     0.08658     0.03171     0.02702     0.03245     0.69766     0.67833     1.18589     0.73039     1.03714     0.00944     0.00658     0.00879     0.01021     0.00858     0.00770     0.00855     4.56703
     0.93960     0.08459     0.02925     0.02532     0.02937     0.67055     0.68471     1.15307     0.66660     1.01531     0.00788     0.00665     0.00787     0.00921     0.00763     0.00689     0.00780     4.41270
     1.00260     0.08935     0.02782     0.02727     0.03111     0.69984     0.71720     1.19209     0.67935     1.07080     0.00808     0.00725     0.00817     0.00891     0.00775     0.00701     0.00807     4.59007
     1.06660     0.10178     0.02920     0.02849     0.03136     0.68748     0.77305     1.47232     0.65847     1.14599     0.00802     0.00776     0.00781     0.00941     0.00748     0.00686     0.00803     4.98351
     1.12960     0.10372     0.03059     0.03102     0.03270     0.78716     0.79370     1.60030     0.71926     1.22679     0.00809     0.00853     0.00817     0.00953     0.00782     0.00699     0.00833     5.38269
     1.19260     0.09703     0.03098     0.03116     0.03095     0.78622     0.89433     1.48420     0.73539     1.21750     0.00825     0.00902     0.00829     0.00978     0.00789     0.00683     0.00815     5.36599
     1.25660     0.10307     0.03011     0.03126     0.03032     0.81540     0.89099     1.53793     0.78276     1.25219     0.00798     0.00993     0.00853     0.00971     0.00854     0.00666     0.00836     5.53374
     1.31960     0.11167     0.03262     0.03451     0.03367     0.89158     0.97480     1.57003     0.92283     1.41850     0.00898     0.01110     0.00906     0.00919     0.00928     0.00739     0.00868     6.05389
     1.38360     0.10849     0.03149     0.03209     0.03299     0.89544     0.90968     1.46530     0.88264     1.40757     0.00839     0.01058     0.00869     0.00878     0.00838     0.00698     0.00835     5.82583
     1.44660     0.11176     0.03172     0.03155     0.03369     0.89445     0.84101     1.43078     0.92773     1.35935     0.00835     0.01114     0.00827     0.00859     0.00799     0.00715     0.00834     5.72187
     1.51060     0.10903     0.03231     0.03259     0.03429     0.95526     0.89756     1.32835     0.91462     1.40701     0.00818     0.01177     0.00799     0.00852     0.00825     0.00701     0.00809     5.77082
     1.57360     0.10596     0.03428     0.03289     0.03420     1.01329     0.90633     1.29209     0.87335     1.39470     0.00820     0.01188     0.00840     0.00889     0.00833     0.00751     0.00873     5.74904
     1.63660     0.10493     0.03281     0.03378     0.03531     1.01548     0.93150     1.20796     0.91031     1.33640     0.00761     0.01232     0.00824     0.00823     0.00840     0.00716     0.00842     5.66886
     1.70060     0.11121     0.03780     0.03830     0.03929     1.07477     0.99463     1.30907     0.98761     1.46580     0.00842     0.01380     0.00872     0.00889     0.00959     0.00802     0.00937     6.12529
     1.76360     0.11625     0.03561     0.03786     0.03945     1.06241     1.02247     1.26800     0.94543     1.33730     0.00836     0.01413     0.00875     0.00856     0.00899     0.00853     0.00910     5.93120
     1.82760     0.10817     0.03458     0.03477     0.03443     0.95940     0.94814     1.20395     0.82434     1.23750     0.00797     0.01325     0.00808     0.00812     0.00825     0.00806     0.00886     5.44787
     1.89060     0.13476     0.04031     0.03791     0.04194     1.07482     1.07120     1.39240     0.99355     1.35880     0.00924     0.01516     0.00914     0.00933     0.00956     0.00946     0.00961     6.21718
     1.95360     0.12721     0.03873     0.03790     0.03861     0.98574     1.03149     1.19160     0.94357     1.29310     0.00848     0.01493     0.00856     0.00838     0.00915     0.00884     0.00871     5.75500
     2.01760     0.13738     0.04144     0.04183     0.04214     1.14990     1.11997     1.31740     0.98215     1.35530     0.00896     0.01641     0.00907     0.00923     0.00916     0.00942     0.00880     6.25857
     2.08060     0.17683     0.04614     0.04396     0.04491     1.14092     1.22870     1.71580     1.06891     1.70240     0.01017     0.01858     0.00970     0.01090     0.01044     0.01033     0.01065     7.24934
     2.14460     0.14913     0.04251     0.03922     0.03638     1.06157     1.10554     1.44395     0.95793     1.50500     0.00894     0.01728     0.00893     0.01011     0.00947     0.00908     0.00979     6.41482
     2.20760     0.14832     0.04492     0.04266     0.04106     1.14793     1.09984     1.40310     1.01619     1.51200     0.00927     0.01800     0.00924     0.00989     0.00963     0.00938     0.00946     6.53088
     2.27160     0.16999     0.05013     0.04621     0.04491     1.21136     1.25410     1.54960     1.09979     1.66240     0.01022     0.02025     0.00968     0.01056     0.00991     0.00985     0.01068     7.16964
     2.33460     0.15809     0.05138     0.04600     0.04754     1.21181     1.17252     1.51090     1.07139     1.71250     0.00999     0.01999     0.00962     0.00964     0.00997     0.01033     0.01021     7.06187
     2.39760     0.15299     0.04997     0.04661     0.04599     1.19196     1.08103     1.52780     1.02702     1.59950     0.00966     0.01943     0.00958     0.00996     0.00979     0.00990     0.01020     6.80138
     2.46160     0.14750     0.04905     0.04500     0.04397     1.16513     1.05373     1.59830     1.13990     1.60110     0.00976     0.01883     0.00962     0.01016     0.00971     0.00991     0.01013     6.92181
     2.52460     0.14548     0.04522     0.04387     0.04318     1.14972     1.07848     1.53480     1.07932     1.59540     0.00922     0.01901     0.00896     0.00941     0.00950     0.00950     0.00974     6.79080
     2.58860     0.14938     0.04623     0.04580     0.04409     1.17076     1.14846     1.53360     1.12779     1.60280     0.00970     0.01930     0.00925     0.00993     0.00987     0.00987     0.01018     6.94702
     2.65160     0.14227     0.04509     0.04479     0.04246     1.13104     1.12755     1.45680     1.11008     1.55410     0.00881     0.01903     0.00876     0.00956     0.00930     0.00930     0.00941     6.72835
     2.71460     0.14742     0.04891     0.04627     0.04389     1.21106     1.15621     1.46580     1.22550     1.57680     0.00923     0.01992     0.00909     0.00970     0.00943     0.00983     0.00980     6.99886
     2.77860     0.14922     0.04979     0.04654     0.04331     1.20180     1.19586     1.43130     1.23060     1.60740     0.00943     0.01989     0.00906     0.00924     0.00951     0.01032     0.00967     7.03293
     2.84160     0.15428     0.05059     0.04739     0.04559     1.24110     1.25710     1.51240     1.26960     1.71620     0.00977     0.02111     0.00951     0.00928     0.01010     0.01137     0.01039     7.37577
     2.90560     0.14733     0.04899     0.04433     0.04373     1.20154     1.19240     1.48517     1.24000     1.61290     0.00965     0.02006     0.00945     0.00922     0.00927     0.01088     0.00990     7.09481
     2.96860     0.14901     0.04958     0.04643     0.04335     1.20883     1.24380     1.52502     1.26920     1.61360     0.00975     0.01981     0.00924     0.00902     0.00939     0.01097     0.00985     7.22684
     3.03260     0.15004     0.04892     0.04542     0.04426     1.19099     1.23470     1.41773     1.33780     1.54560     0.00961     0.01961     0.00915     0.00896     0.00961     0.01066     0.00978     7.09284
     3.09560     0.15578     0.05031     0.04569     0.04561     1.24480     1.27960     1.41480     1.33330     1.54370     0.00973     0.02067     0.00920     0.00918     0.00948     0.01069     0.00990     7.19243
     3.15860     0.16107     0.05361     0.04956     0.04844     1.32140     1.30230     1.48300     1.41630     1.55450     0.01000     0.02110     0.00966     0.00960     0.00989     0.01077     0.01026     7.47148
     3.22260     0.15612     0.05189     0.04718     0.04581     1.24820     1.24700     1.41390     1.37300     1.46560     0.00992     0.02048     0.00913     0.00920     0.00958     0.01122     0.00986     7.12810
     3.28560     0.16294     0.05324     0.04833     0.04678     1.28200     1.21090     1.39260     1.35130     1.40910     0.00999     0.02128     0.00926     0.00906     0.00945     0.01111     0.00974     7.03707
     3.34960     0.18457     0.06055     0.05307     0.05386     1.46590     1.40610     1.59050     1.52530     1.52870     0.01066     0.02438     0.01040     0.01002     0.01054     0.01169     0.01056     7.95679
     3.41260     0.16692     0.05329     0.04892     0.04922     1.35010     1.27920     1.39652     1.41190     1.37720     0.00922     0.02207     0.00968     0.00933     0.00987     0.01130     0.00994     7.21469
     3.47560     0.18094     0.05540     0.05351     0.05230     1.44070     1.39200     1.44660     1.51860     1.44530     0.01013     0.02344     0.01026     0.00987     0.01027     0.01265     0.01045     7.67241
     3.53960     0.18903     0.05614     0.05514     0.05515     1.39730     1.41070     1.47810     1.55910     1.41630     0.01042     0.02368     0.01052     0.00997     0.01055     0.01319     0.01035     7.70565
     3.60260     0.19628     0.05883     0.05539     0.05651     1.51140     1.47780     1.42664     1.51360     1.41750     0.01033     0.02519     0.01067     0.00997     0.01133     0.01274     0.01070     7.80487
     3.66660     0.18313     0.05480     0.05326     0.05498     1.43550     1.41270     1.31549     1.45150     1.31390     0.00978     0.02286     0.01044     0.00939     0.01089     0.01270     0.01049     7.36180
     3.72960     0.19197     0.05831     0.05727     0.05945     1.55850     1.47260     1.40120     1.59500     1.32250     0.01053     0.02360     0.01105     0.01070     0.01122     0.01315     0.01132     7.80835
     3.79260     0.18720     0.05756     0.05789     0.05922     1.50840     1.49010     1.35220     1.57900     1.27510     0.00986     0.02346     0.01078     0.01015     0.01122     0.01247     0.01082     7.65542
     3.85660     0.18973     0.06217     0.05807     0.05868     1.51630     1.49380     1.33040     1.58490     1.31710     0.01016     0.02404     0.01095     0.01046     0.01081     0.01264     0.01081     7.70102
     3.91960     0.19904     0.05836     0.05741     0.05714     1.46670     1.53720     1.29145     1.48870     1.28250     0.00994     0.02285     0.01072     0.01011     0.01091     0.01248     0.01067     7.52616
     3.98360     0.22111     0.06363     0.06750     0.06615     1.77380     1.73150     1.47120     1.75480     1.44740     0.01110     0.02692     0.01201     0.01115     0.01247     0.01476     0.01259     8.69810
     4.04660     0.20107     0.06004     0.05796     0.06116     1.71770     1.64760     1.34970     1.59700     1.20450     0.00995     0.02550     0.01063     0.01069     0.01155     0.01322     0.01081     7.98909
     4.11060     0.21125     0.06373     0.05720     0.06108     1.70470     1.62200     1.30360     1.58310     1.26140     0.01038     0.02544     0.01139     0.01061     0.01208     0.01318     0.01106     7.96221
     4.17360     0.22323     0.06374     0.05781     0.06074     1.71180     1.69170     1.31093     1.63160     1.20990     0.01059     0.02540     0.01134     0.01024     0.01245     0.01402     0.01114     8.05664
     4.23660     0.22984     0.06428     0.05995     0.05884     1.64680     1.64140     1.28054     1.65200     1.13920     0.01056     0.02497     0.01107     0.00999     0.01182     0.01278     0.01099     7.86504
     4.30060     0.23083     0.07085     0.06464     0.06581     1.84340     1.77620     1.38280     1.83270     1.19220     0.01121     0.02721     0.01190     0.01084     0.01242     0.01394     0.01185     8.55880
     4.36360     0.23917     0.07210     0.06596     0.06755     1.80400     1.90150     1.41490     1.86290     1.27070     0.01129     0.02790     0.01248     0.01100     0.01290     0.01517     0.01222     8.80174
     4.42760     0.24704     0.07392     0.06963     0.07300     1.97920     2.04710     1.38430     2.05420     1.34740     0.01176     0.02955     0.01231     0.01102     0.01267     0.01528     0.01332     9.38169
     4.49060     0.23312     0.06674     0.06371     0.06911     1.80740     1.80370     1.24875     1.83750     1.19470     0.01110     0.02572     0.01150     0.01062     0.01138     0.01371     0.01258     8.42133
     4.55360     0.21804     0.06390     0.06227     0.06526     1.79570     1.67990     1.19682     1.76870     1.16080     0.01116     0.02541     0.01105     0.01013     0.01165     0.01415     0.01143     8.10635
     4.61760     0.22960     0.06826     0.06611     0.06909     1.85320     1.76740     1.26000     1.79690     1.22150     0.01173     0.02399     0.01159     0.01059     0.01158     0.01412     0.01232     8.42798
     4.68060     0.24573     0.06568     0.07099     0.06910     1.82530     1.85280     1.25510     1.87980     1.24110     0.01185     0.02495     0.01206     0.01041     0.01227     0.01457     0.01205     8.60374
     4.74460     0.25416     0.06989     0.06896     0.07333     1.82180     1.84040     1.26350     1.87280     1.27830     0.01225     0.02595     0.01343     0.01023     0.01334     0.01512     0.01284     8.64630
     4.80760     0.25337     0.06979     0.06788     0.07472     1.73860     1.89980     1.28270     1.84040     1.21510     0.01167     0.02427     0.01255     0.01042     0.01306     0.01451     0.01260     8.54144
     4.87160     0.25160     0.06809     0.06799     0.07202     1.73710     1.80800     1.26900     1.83550     1.20320     0.01241     0.02379     0.01230     0.01017     0.01222     0.01376     0.01224     8.40938
     4.93460     0.25511     0.06901     0.06891     0.07224     1.73790     1.86480     1.27100     1.80100     1.15070     0.01197     0.02307     0.01229     0.00979     0.01257     0.01433     0.01190     8.38659
     4.99760     0.27432     0.07707     0.07254     0.08017     1.99930     2.08780     1.39850     1.99350     1.30630     0.01352     0.02408     0.01368     0.01069     0.01402     0.01630     0.01382     9.39561
     5.06160     0.24342     0.06959     0.06957     0.07283     1.83830     1.89690     1.25560     1.82940     1.14600     0.01224     0.02131     0.01252     0.01012     0.01268     0.01456     0.01243     8.51746
     5.12460     0.25059     0.07239     0.07259     0.07257     1.87300     1.92040     1.31730     1.79680     1.15793     0.01277     0.02214     0.01279     0.00994     0.01305     0.01512     0.01296     8.63234
     5.18860     0.22969     0.06695     0.06677     0.06674     1.70080     1.74070     1.15620     1.63880     1.07491     0.01126     0.02064     0.01176     0.00921     0.01217     0.01398     0.01141     7.83200
     5.25160     0.22324     0.06759     0.06659     0.06681     1.65170     1.67520     1.14260     1.64390     1.05796     0.01208     0.02049     0.01188     0.00932     0.01204     0.01372     0.01215     7.68729
     5.31460     0.22258     0.06852     0.06520     0.06858     1.79840     1.70060     1.19270     1.64150     1.09770     0.01225     0.02052     0.01252     0.00960     0.01254     0.01468     0.01242     7.95032
     5.37860     0.22198     0.06737     0.06404     0.06773     1.77270     1.64110     1.17720     1.60000     1.07149     0.01215     0.01986     0.01223     0.00937     0.01192     0.01470     0.01200     7.77584
     5.44160     0.24331     0.07073     0.07151     0.07253     1.95010     1.73440     1.30180     1.74830     1.17499     0.01311     0.02112     0.01316     0.01004     0.01279     0.01599     0.01272     8.46660
     5.50560     0.22897     0.06828     0.06964     0.07068     1.82320     1.60110     1.25850     1.56410     1.03281     0.01217     0.02023     0.01225     0.00919     0.01252     0.01447     0.01199     7.81009
     5.56860     0.23720     0.06868     0.06990     0.07224     1.83550     1.63000     1.22020     1.57140     1.03181     0.01237     0.01979     0.01214     0.00911     0.01267     0.01507     0.01155     7.82963
     5.63260     0.25815     0.07512     0.07345     0.07569     1.90350     1.67140     1.29850     1.66530     1.10550     0.01283     0.02029     0.01289     0.00993     0.01296     0.01586     0.01290     8.22426
     5.69560     0.25874     0.07450     0.07644     0.07885     1.88630     1.64040     1.32840     1.67520     1.18080     0.01350     0.02022     0.01314     0.01052     0.01354     0.01675     0.01296     8.30025
     5.75860     0.26469     0.07545     0.07625     0.08215     1.84570     1.59260     1.29320     1.65070     1.12402     0.01259     0.02040     0.01327     0.01051     0.01371     0.01703     0.01278     8.10504
     5.82260     0.26069     0.07594     0.07426     0.07860     1.75050     1.57100     1.18790     1.67940     1.12580     0.01211     0.02057     0.01341     0.01005     0.01346     0.01685     0.01214     7.90269
     5.88560     0.25232     0.07757     0.07621     0.07859     1.61330     1.57690     1.20060     1.65010     1.15910     0.01215     0.02000     0.01335     0.00981     0.01338     0.01685     0.01237     7.78261
     5.94960     0.25159     0.07805     0.07834     0.07915     1.66130     1.60250     1.21470     1.64350     1.16940     0.01252     0.02060     0.01370     0.01026     0.01382     0.01657     0.01241     7.87841
     6.01260     0.23713     0.07583     0.07888     0.07609     1.58040     1.54510     1.26970     1.56090     1.17510     0.01290     0.02007     0.01408     0.01041     0.01394     0.01646     0.01221     7.69919
     6.07560     0.23139     0.07465     0.07932     0.07474     1.59100     1.49550     1.20060     1.52120     1.15220     0.01233     0.01954     0.01365     0.01041     0.01356     0.01581     0.01220     7.51809
     6.13960     0.22385     0.07420     0.08021     0.07279     1.52600     1.41420     1.15920     1.49780     1.13850     0.01202     0.01881     0.01317     0.01029     0.01328     0.01520     0.01227     7.28181
     6.20260     0.22787     0.07463     0.08196     0.07406     1.52760     1.47540     1.15940     1.53970     1.14848     0.01230     0.01915     0.01353     0.01048     0.01359     0.01538     0.01259     7.40613
     6.26660     0.21244     0.07309     0.08137     0.07294     1.41570     1.42900     1.11910     1.48920     1.13170     0.01221     0.01827     0.01341     0.01014     0.01313     0.01508     0.01240     7.11918
     6.32960     0.21133     0.07483     0.08186     0.07672     1.41490     1.37510     1.11880     1.51330     1.17280     0.01239     0.01863     0.01406     0.01030     0.01325     0.01566     0.01257     7.13650
     6.39360     0.20757     0.07403     0.08009     0.07590     1.41590     1.35900     1.16830     1.45680     1.17730     0.01224     0.01803     0.01397     0.01064     0.01319     0.01561     0.01252     7.11108
     6.45660     0.20282     0.07497     0.07824     0.07415     1.38890     1.36650     1.11110     1.44810     1.15810     0.01215     0.01725     0.01392     0.01036     0.01287     0.01592     0.01233     6.99768
     6.51960     0.21181     0.08043     0.08213     0.07770     1.38550     1.48780     1.15120     1.49400     1.23180     0.01287     0.01769     0.01457     0.01099     0.01358     0.01672     0.01299     7.30179
     6.58360     0.19996     0.07691     0.07946     0.07351     1.34740     1.42840     1.09980     1.38480     1.16660     0.01243     0.01653     0.01389     0.01061     0.01298     0.01611     0.01256     6.95194
     6.64660     0.19935     0.07467     0.07811     0.07143     1.29580     1.35880     1.06480     1.36380     1.17980     0.01229     0.01647     0.01334     0.01048     0.01260     0.01537     0.01259     6.77970
     6.71060     0.20693     0.07340     0.07955     0.07188     1.26930     1.32590     1.06397     1.37820     1.20200     0.01226     0.01681     0.01351     0.01045     0.01279     0.01541     0.01265     6.76502
     6.77360     0.20427     0.07319     0.08010     0.07031     1.21890     1.29600     1.04479     1.34710     1.19860     0.01231     0.01684     0.01359     0.01031     0.01293     0.01541     0.01253     6.62718
     6.83660     0.20561     0.07329     0.08208     0.07213     1.19160     1.28060     1.05074     1.31030     1.19730     0.01263     0.01685     0.01348     0.01068     0.01278     0.01545     0.01273     6.55825
     6.90060     0.20248     0.07253     0.08194     0.07218     1.18000     1.23740     0.99604     1.24790     1.16550     0.01250     0.01679     0.01312     0.01039     0.01258     0.01510     0.01268     6.34915
     6.96360     0.20566     0.07031     0.08162     0.07093     1.14830     1.21456     0.99185     1.22817     1.11370     0.01222     0.01618     0.01302     0.01051     0.01258     0.01493     0.01272     6.21726
     7.02760     0.20679     0.06904     0.07701     0.07067     1.10620     1.15941     0.95645     1.19121     1.08427     0.01214     0.01567     0.01318     0.01017     0.01231     0.01501     0.01277     6.01232
     7.09060     0.20569     0.06973     0.07496     0.06962     1.05335     1.12594     0.94564     1.12047     1.09730     0.01223     0.01556     0.01290     0.01029     0.01208     0.01486     0.01282     5.85343
     7.15360     0.19341     0.06833     0.07030     0.06446     0.98744     1.05730     0.89230     1.02552     1.01381     0.01128     0.01456     0.01201     0.00973     0.01149     0.01409     0.01205     5.45808
     7.21760     0.18631     0.06399     0.06597     0.06052     0.90593     0.94069     0.81137     0.94036     0.96177     0.01067     0.01368     0.01113     0.00920     0.01111     0.01328     0.01143     5.01740
     7.28060     0.18927     0.06395     0.06640     0.06106     0.88759     0.91007     0.79389     0.91033     0.93147     0.01082     0.01372     0.01111     0.00924     0.01118     0.01334     0.01151     4.89494
     7.34460     0.19289     0.06716     0.06790     0.06430     0.90561     0.88501     0.79564     0.91353     0.91875     0.01103     0.01402     0.01142     0.00929     0.01126     0.01353     0.01148     4.89283
     7.40760     0.18813     0.06654     0.06801     0.06300     0.85578     0.83300     0.75959     0.88359     0.89129     0.01044     0.01414     0.01132     0.00889     0.01123     0.01297     0.01118     4.68913
     7.47160     0.18058     0.06317     0.06523     0.05939     0.77371     0.77991     0.73177     0.83092     0.84299     0.01023     0.01370     0.01093     0.00824     0.01077     0.01237     0.01066     4.40457
     7.53460     0.16032     0.05747     0.06070     0.05284     0.66708     0.68570     0.66711     0.73813     0.72900     0.00953     0.01214     0.00959     0.00737     0.00965     0.01099     0.00980     3.88742
     7.59760     0.15396     0.05351     0.05970     0.05131     0.61177     0.63457     0.62470     0.70039     0.71800     0.00912     0.01124     0.00906     0.00735     0.00894     0.01081     0.00945     3.67388
     7.66160     0.14509     0.05087     0.05464     0.04915     0.56307     0.58162     0.57617     0.65202     0.69726     0.00855     0.01039     0.00843     0.00697     0.00864     0.01044     0.00887     3.43217
     7.72460     0.13077     0.04861     0.04808     0.04300     0.49562     0.50758     0.51644     0.58308     0.64775     0.00800     0.00945     0.00803     0.00632     0.00789     0.00961     0.00779     3.07801
     7.78860     0.10930     0.04073     0.04126     0.03772     0.41668     0.43559     0.43121     0.47568     0.54137     0.00688     0.00831     0.00694     0.00525     0.00696     0.00808     0.00644     2.57841
     7.85160     0.08636     0.03291     0.03268     0.03091     0.31657     0.35309     0.36213     0.37525     0.44412     0.00552     0.00676     0.00584     0.00402     0.00554     0.00691     0.00520     2.07379
     7.91460     0.06433     0.02479     0.02428     0.02394     0.22856     0.25902     0.28529     0.28258     0.35298     0.00406     0.00523     0.00448     0.00292     0.00435     0.00532     0.00401     1.57615
     7.97860     0.03862     0.01459     0.01394     0.01462     0.12971     0.15099     0.17139     0.17842     0.20942     0.00234     0.00306     0.00263     0.00170     0.00252     0.00307     0.00230     0.93932
     8.04160     0.02636     0.00978     0.00960     0.00988     0.08697     0.10390     0.11577     0.12774     0.13693     0.00158     0.00208     0.00187     0.00118     0.00182     0.00198     0.00153     0.63897
     8.10560     0.01963     0.00714     0.00717     0.00729     0.06304     0.08061     0.08471     0.09935     0.09421     0.00125     0.00154     0.00141     0.00086     0.00150     0.00150     0.00120     0.47241
     8.16860     0.01024     0.00471     0.00374     0.00397     0.03616     0.04573     0.05768     0.05676     0.05981     0.00084     0.00082     0.00084     0.00050     0.00102     0.00102     0.00080     0.28465
     8.23260     0.00000     0.00000     0.00000     0.00000     0.00000     0.00000     0.00000     0.00000     0.00000     0.00000     0.00000     0.00000     0.00000     0.00000     0.00000     0.00000     0.00000
     8.29560     0.00000     0.00000     0.00000     0.00000     0.00000     0.00000     0.00000     0.00000     0.00000     0.00000     0.00000     0.00000     0.00000     0.00000     0.00000     0.00000     0.00000
     8.35860     0.00000     0.00000     0.00000     0.00000     0.00000     0.00000     0.00000     0.00000     0.00000     0.00000     0.00000     0.00000     0.00000     0.00000     0.00000     0.00000     0.00000
     8.42260     0.00000     0.00000     0.00000     0.00000     0.00000     0.00000     0.00000     0.00000     0.00000     0.00000     0.00000     0.00000     0.00000     0.00000     0.00000     0.00000     0.00000
     8.48560     0.00000     0.00000     0.00000     0.00000     0.00000     0.00000     0.00000     0.00000     0.00000     0.00000     0.00000     0.00000     0.00000     0.00000     0.00000     0.00000     0.00000
     8.54960     0.00000     0.00000     0.00000     0.00000     0.00000     0.00000     0.00000     0.00000     0.00000     0.00000     0.00000     0.00000     0.00000     0.00000     0.00000     0.00000     0.00000
     8.61260     0.00000     0.00000     0.00000     0.00000     0.00000     0.00000     0.00000     0.00000     0.00000     0.00000     0.00000     0.00000     0.00000     0.00000     0.00000     0.00000     0.00000
     8.67560     0.00000     0.00000     0.00000     0.00000     0.00000     0.00000     0.00000     0.00000     0.00000     0.00000     0.00000     0.00000     0.00000     0.00000     0.00000     0.00000     0.00000
     8.73960     0.00000     0.00000     0.00000     0.00000     0.00000     0.00000     0.00000     0.00000     0.00000     0.00000     0.00000     0.00000     0.00000     0.00000     0.00000     0.00000     0.00000
     8.80260     0.00000     0.00000     0.00000     0.00000     0.00000     0.00000     0.00000     0.00000     0.00000     0.00000     0.00000     0.00000     0.00000     0.00000     0.00000     0.00000     0.00000
     8.86660     0.00000     0.00000     0.00000     0.00000     0.00000     0.00000     0.00000     0.00000     0.00000     0.00000     0.00000     0.00000     0.00000     0.00000     0.00000     0.00000     0.00000
     8.92960     0.00000     0.00000     0.00000     0.00000     0.00000     0.00000     0.00000     0.00000     0.00000     0.00000     0.00000     0.00000     0.00000     0.00000     0.00000     0.00000     0.00000
     8.99360     0.00000     0.00000     0.00000     0.00000     0.00000     0.00000     0.00000     0.00000     0.00000     0.00000     0.00000     0.00000     0.00000     0.00000     0.00000     0.00000     0.00000
     9.05660     0.00000     0.00000     0.00000     0.00000     0.00000     0.00000     0.00000     0.00000     0.00000     0.00000     0.00000     0.00000     0.00000     0.00000     0.00000     0.00000     0.00000
     9.11960     0.00000     0.00000     0.00000     0.00000     0.00000     0.00000     0.00000     0.00000     0.00000     0.00000     0.00000     0.00000     0.00000     0.00000     0.00000     0.00000     0.00000
     9.18360     0.00000     0.00000     0.00000     0.00000     0.00000     0.00000     0.00000     0.00000     0.00000     0.00000     0.00000     0.00000     0.00000     0.00000     0.00000     0.00000     0.00000
     9.24660     0.00000     0.00000     0.00000     0.00000     0.00000     0.00000     0.00000     0.00000     0.00000     0.00000     0.00000     0.00000     0.00000     0.00000     0.00000     0.00000     0.00000
     9.31060     0.00000     0.00000     0.00000     0.00000     0.00000     0.00000     0.00000     0.00000     0.00000     0.00000     0.00000     0.00000     0.00000     0.00000     0.00000     0.00000     0.00000
     9.37360     0.00000     0.00000     0.00000     0.00000     0.00000     0.00000     0.00000     0.00000     0.00000     0.00000     0.00000     0.00000     0.00000     0.00000     0.00000     0.00000     0.00000
     9.43660     0.00000     0.00000     0.00000     0.00000     0.00000     0.00000     0.00000     0.00000     0.00000     0.00000     0.00000     0.00000     0.00000     0.00000     0.00000     0.00000     0.00000
     9.50060     0.00000     0.00000     0.00000     0.00000     0.00000     0.00000     0.00000     0.00000     0.00000     0.00000     0.00000     0.00000     0.00000     0.00000     0.00000     0.00000     0.00000
     9.56360     0.00000     0.00000     0.00000     0.00000     0.00000     0.00000     0.00000     0.00000     0.00000     0.00000     0.00000     0.00000     0.00000     0.00000     0.00000     0.00000     0.00000
     9.62760     0.00000     0.00000     0.00000     0.00000     0.00000     0.00000     0.00000     0.00000     0.00000     0.00000     0.00000     0.00000     0.00000     0.00000     0.00000     0.00000     0.00000
     9.69060     0.00000     0.00000     0.00000     0.00000     0.00000     0.00000     0.00000     0.00000     0.00000     0.00000     0.00000     0.00000     0.00000     0.00000     0.00000     0.00000     0.00000
     9.75360     0.00000     0.00000     0.00000     0.00000     0.00000     0.00000     0.00000     0.00000     0.00000     0.00000     0.00000     0.00000     0.00000     0.00000     0.00000     0.00000     0.00000
     9.81760     0.00000     0.00000     0.00000     0.00000     0.00000     0.00000     0.00000     0.00000     0.00000     0.00000     0.00000     0.00000     0.00000     0.00000     0.00000     0.00000     0.00000
     9.88060     0.00000     0.00000     0.00000     0.00000     0.00000     0.00000     0.00000     0.00000     0.00000     0.00000     0.00000     0.00000     0.00000     0.00000     0.00000     0.00000     0.00000
     9.94460     0.00000     0.00000     0.00000     0.00000     0.00000     0.00000     0.00000     0.00000     0.00000     0.00000     0.00000     0.00000     0.00000     0.00000     0.00000     0.00000     0.00000
    10.00760     0.00000     0.00000     0.00000     0.00000     0.00000     0.00000     0.00000     0.00000     0.00000     0.00000     0.00000     0.00000     0.00000     0.00000     0.00000     0.00000     0.00000
    10.07160     0.00000     0.00000     0.00000     0.00000     0.00000     0.00000     0.00000     0.00000     0.00000     0.00000     0.00000     0.00000     0.00000     0.00000     0.00000     0.00000     0.00000
    10.13460     0.00000     0.00000     0.00000     0.00000     0.00000     0.00000     0.00000     0.00000     0.00000     0.00000     0.00000     0.00000     0.00000     0.00000     0.00000     0.00000     0.00000
    10.19760     0.00000     0.00000     0.00000     0.00000     0.00000     0.00000     0.00000     0.00000     0.00000     0.00000     0.00000     0.00000     0.00000     0.00000     0.00000     0.00000     0.00000
    10.26160     0.00000     0.00000     0.00000     0.00000     0.00000     0.00000     0.00000     0.00000     0.00000     0.00000     0.00000     0.00000     0.00000     0.00000     0.00000     0.00000     0.00000
    10.32460     0.00000     0.00000     0.00000     0.00000     0.00000     0.00000     0.00000     0.00000     0.00000     0.00000     0.00000     0.00000     0.00000     0.00000     0.00000     0.00000     0.00000
    10.38860     0.00000     0.00000     0.00000     0.00000     0.00000     0.00000     0.00000     0.00000     0.00000     0.00000     0.00000     0.00000     0.00000     0.00000     0.00000     0.00000     0.00000
    10.45160     0.00000     0.00000     0.00000     0.00000     0.00000     0.00000     0.00000     0.00000     0.00000     0.00000     0.00000     0.00000     0.00000     0.00000     0.00000     0.00000     0.00000
    10.51460     0.00000     0.00000     0.00000     0.00000     0.00000     0.00000     0.00000     0.00000     0.00000     0.00000     0.00000     0.00000     0.00000     0.00000     0.00000     0.00000     0.00000
    10.57860     0.00000     0.00000     0.00000     0.00000     0.00000     0.00000     0.00000     0.00000     0.00000     0.00000     0.00000     0.00000     0.00000     0.00000     0.00000     0.00000     0.00000
    10.64160     0.00000     0.00000     0.00000     0.00000     0.00000     0.00000     0.00000     0.00000     0.00000     0.00000     0.00000     0.00000     0.00000     0.00000     0.00000     0.00000     0.00000
    10.70560     0.00000     0.00000     0.00000     0.00000     0.00000     0.00000     0.00000     0.00000     0.00000     0.00000     0.00000     0.00000     0.00000     0.00000     0.00000     0.00000     0.00000
    10.76860     0.00000     0.00000     0.00000     0.00000     0.00000     0.00000     0.00000     0.00000     0.00000     0.00000     0.00000     0.00000     0.00000     0.00000     0.00000     0.00000     0.00000
    10.83260     0.00000     0.00000     0.00000     0.00000     0.00000     0.00000     0.00000     0.00000     0.00000     0.00000     0.00000     0.00000     0.00000     0.00000     0.00000     0.00000     0.00000
    10.89560     0.00000     0.00000     0.00000     0.00000     0.00000     0.00000     0.00000     0.00000     0.00000     0.00000     0.00000     0.00000     0.00000     0.00000     0.00000     0.00000     0.00000
    10.95860     0.00000     0.00000     0.00000     0.00000     0.00000     0.00000     0.00000     0.00000     0.00000     0.00000     0.00000     0.00000     0.00000     0.00000     0.00000     0.00000     0.00000
    11.02260     0.00000     0.00000     0.00000     0.00000     0.00000     0.00000     0.00000     0.00000     0.00000     0.00000     0.00000     0.00000     0.00000     0.00000     0.00000     0.00000     0.00000
    11.08560     0.00000     0.00000     0.00000     0.00000     0.00000     0.00000     0.00000     0.00000     0.00000     0.00000     0.00000     0.00000     0.00000     0.00000     0.00000     0.00000     0.00000
    11.14960     0.00000     0.00000     0.00000     0.00000     0.00000     0.00000     0.00000     0.00000     0.00000     0.00000     0.00000     0.00000     0.00000     0.00000     0.00000     0.00000     0.00000
    11.21260     0.00000     0.00000     0.00000     0.00000     0.00000     0.00000     0.00000     0.00000     0.00000     0.00000     0.00000     0.00000     0.00000     0.00000     0.00000     0.00000     0.00000
    11.27560     0.00000     0.00000     0.00000     0.00000     0.00000     0.00000     0.00000     0.00000     0.00000     0.00000     0.00000     0.00000     0.00000     0.00000     0.00000     0.00000     0.00000
    11.33960     0.00000     0.00000     0.00000     0.00000     0.00000     0.00000     0.00000     0.00000     0.00000     0.00000     0.00000     0.00000     0.00000     0.00000     0.00000     0.00000     0.00000
    11.40260     0.00000     0.00000     0.00000     0.00000     0.00000     0.00000     0.00000     0.00000     0.00000     0.00000     0.00000     0.00000     0.00000     0.00000     0.00000     0.00000     0.00000
    11.46660     0.00000     0.00000     0.00000     0.00000     0.00000     0.00000     0.00000     0.00000     0.00000     0.00000     0.00000     0.00000     0.00000     0.00000     0.00000     0.00000     0.00000
    11.52960     0.00000     0.00000     0.00000     0.00000     0.00000     0.00000     0.00000     0.00000     0.00000     0.00000     0.00000     0.00000     0.00000     0.00000     0.00000     0.00000     0.00000
    11.59360     0.00000     0.00000     0.00000     0.00000     0.00000     0.00000     0.00000     0.00000     0.00000     0.00000     0.00000     0.00000     0.00000     0.00000     0.00000     0.00000     0.00000
    11.65660     0.00000     0.00000     0.00000     0.00000     0.00000     0.00000     0.00000     0.00000     0.00000     0.00000     0.00000     0.00000     0.00000     0.00000     0.00000     0.00000     0.00000
    11.71960     0.00000     0.00000     0.00000     0.00000     0.00000     0.00000     0.00000     0.00000     0.00000     0.00000     0.00000     0.00000     0.00000     0.00000     0.00000     0.00000     0.00000
    11.78360     0.00000     0.00000     0.00000     0.00000     0.00000     0.00000     0.00000     0.00000     0.00000     0.00000     0.00000     0.00000     0.00000     0.00000     0.00000     0.00000     0.00000
    11.84660     0.00000     0.00000     0.00000     0.00000     0.00000     0.00000     0.00000     0.00000     0.00000     0.00000     0.00000     0.00000     0.00000     0.00000     0.00000     0.00000     0.00000
    11.91060     0.00000     0.00000     0.00000     0.00000     0.00000     0.00000     0.00000     0.00000     0.00000     0.00000     0.00000     0.00000     0.00000     0.00000     0.00000     0.00000     0.00000
    11.97360     0.00000     0.00000     0.00000     0.00000     0.00000     0.00000     0.00000     0.00000     0.00000     0.00000     0.00000     0.00000     0.00000     0.00000     0.00000     0.00000     0.00000
    12.03660     0.00000     0.00000     0.00000     0.00000     0.00000     0.00000     0.00000     0.00000     0.00000     0.00000     0.00000     0.00000     0.00000     0.00000     0.00000     0.00000     0.00000
    12.10060     0.00000     0.00000     0.00000     0.00000     0.00000     0.00000     0.00000     0.00000     0.00000     0.00000     0.00000     0.00000     0.00000     0.00000     0.00000     0.00000     0.00000
    12.16360     0.00000     0.00000     0.00000     0.00000     0.00000     0.00000     0.00000     0.00000     0.00000     0.00000     0.00000     0.00000     0.00000     0.00000     0.00000     0.00000     0.00000
    12.22760     0.00000     0.00000     0.00000     0.00000     0.00000     0.00000     0.00000     0.00000     0.00000     0.00000     0.00000     0.00000     0.00000     0.00000     0.00000     0.00000     0.00000
    12.29060     0.00000     0.00000     0.00000     0.00000     0.00000     0.00000     0.00000     0.00000     0.00000     0.00000     0.00000     0.00000     0.00000     0.00000     0.00000     0.00000     0.00000
    12.35460     0.00000     0.00000     0.00000     0.00000     0.00000     0.00000     0.00000     0.00000     0.00000     0.00000     0.00000     0.00000     0.00000     0.00000     0.00000     0.00000     0.00000
    12.41760     0.00000     0.00000     0.00000     0.00000     0.00000     0.00000     0.00000     0.00000     0.00000     0.00000     0.00000     0.00000     0.00000     0.00000     0.00000     0.00000     0.00000
    12.48060     0.00000     0.00000     0.00000     0.00000     0.00000     0.00000     0.00000     0.00000     0.00000     0.00000     0.00000     0.00000     0.00000     0.00000     0.00000     0.00000     0.00000
    12.54460     0.00000     0.00000     0.00000     0.00000     0.00000     0.00000     0.00000     0.00000     0.00000     0.00000     0.00000     0.00000     0.00000     0.00000     0.00000     0.00000     0.00000
